product_id,product_name,category_id,price,stock_quantity,description,platform
PRD-00001,Smartphone (Model A45),CAT-0001,23366.89,71,High-quality smartphone suitable for Indian conditions.,Amazon
PRD-00002,Smartphone (Model V79),CAT-0001,11520.41,216,High-quality smartphone suitable for Indian conditions.,Amazon
PRD-00003,Smartphone (Model A21),CAT-0001,21397.85,258,High-quality smartphone suitable for Indian conditions.,Amazon
PRD-00004,Smartphone (Model R35),CAT-0001,58701.47,359,High-quality smartphone suitable for Indian conditions.,Amazon
PRD-00005,Smartwatch (Model H67),CAT-0001,49194.93,414,High-quality smartwatch suitable for Indian conditions.,Amazon
PRD-00006,Smartphone (Model Y30),CAT-0002,57360.45,174,High-quality smartphone suitable for Indian conditions.,Amazon
PRD-00007,Tablet (Model E37),CAT-0002,76790.98,172,High-quality tablet suitable for Indian conditions.,Amazon
PRD-00008,Smartphone (Model C58),CAT-0002,12253.73,433,High-quality smartphone suitable for Indian conditions.,Amazon
PRD-00009,Tablet (Model T43),CAT-0002,65534.62,373,High-quality tablet suitable for Indian conditions.,Amazon
PRD-00010,Smartwatch (Model R25),CAT-0002,77983.68,193,High-quality smartwatch suitable for Indian conditions.,Amazon
PRD-00011,Smartphone (Model R47),CAT-0003,67205.35,316,High-quality smartphone suitable for Indian conditions.,Amazon
PRD-00012,Tablet (Model S34),CAT-0003,57842.89,23,High-quality tablet suitable for Indian conditions.,Amazon
PRD-00013,Laptop (Model Y47),CAT-0003,78891.61,437,High-quality laptop suitable for Indian conditions.,Amazon
PRD-00014,Laptop (Model D58),CAT-0003,25848.02,325,High-quality laptop suitable for Indian conditions.,Amazon
PRD-00015,Tablet (Model F57),CAT-0003,31645.3,343,High-quality tablet suitable for Indian conditions.,Amazon
PRD-00016,Tablet (Model W97),CAT-0004,53602.65,311,High-quality tablet suitable for Indian conditions.,Amazon
PRD-00017,Laptop (Model R41),CAT-0004,17255.19,194,High-quality laptop suitable for Indian conditions.,Amazon
PRD-00018,Tablet (Model U98),CAT-0004,46771.23,350,High-quality tablet suitable for Indian conditions.,Amazon
PRD-00019,Tablet (Model Y17),CAT-0004,22178.61,16,High-quality tablet suitable for Indian conditions.,Amazon
PRD-00020,Tablet (Model M44),CAT-0004,9964.15,467,High-quality tablet suitable for Indian conditions.,Amazon
PRD-00021,Tablet (Model G93),CAT-0005,42442.34,452,High-quality tablet suitable for Indian conditions.,Amazon
PRD-00022,Smartwatch (Model E43),CAT-0005,15472.27,381,High-quality smartwatch suitable for Indian conditions.,Amazon
PRD-00023,Tablet (Model X84),CAT-0005,37132.54,298,High-quality tablet suitable for Indian conditions.,Amazon
PRD-00024,Smartwatch (Model L38),CAT-0005,79799.43,70,High-quality smartwatch suitable for Indian conditions.,Amazon
PRD-00025,Smartwatch (Model C16),CAT-0005,69582.72,78,High-quality smartwatch suitable for Indian conditions.,Amazon
PRD-00026,Laptop (Model Z97),CAT-0006,36662.0,32,High-quality laptop suitable for Indian conditions.,Amazon
PRD-00027,Smartwatch (Model M86),CAT-0006,79709.1,270,High-quality smartwatch suitable for Indian conditions.,Amazon
PRD-00028,Tablet (Model R11),CAT-0006,56021.26,58,High-quality tablet suitable for Indian conditions.,Amazon
PRD-00029,Tablet (Model Y92),CAT-0006,30513.16,150,High-quality tablet suitable for Indian conditions.,Amazon
PRD-00030,Smartwatch (Model F68),CAT-0006,5243.4,369,High-quality smartwatch suitable for Indian conditions.,Amazon
PRD-00031,Tablet (Model Q32),CAT-0007,43076.13,54,High-quality tablet suitable for Indian conditions.,Amazon
PRD-00032,Tablet (Model U74),CAT-0007,50672.77,78,High-quality tablet suitable for Indian conditions.,Amazon
PRD-00033,Tablet (Model Y30),CAT-0007,45453.43,398,High-quality tablet suitable for Indian conditions.,Amazon
PRD-00034,Smartphone (Model T51),CAT-0007,41645.43,57,High-quality smartphone suitable for Indian conditions.,Amazon
PRD-00035,Tablet (Model Z49),CAT-0007,22958.92,123,High-quality tablet suitable for Indian conditions.,Amazon
PRD-00036,Smartphone (Model C72),CAT-0008,66201.74,500,High-quality smartphone suitable for Indian conditions.,Amazon
PRD-00037,Laptop (Model E94),CAT-0008,40646.18,281,High-quality laptop suitable for Indian conditions.,Amazon
PRD-00038,Laptop (Model I77),CAT-0008,70432.48,216,High-quality laptop suitable for Indian conditions.,Amazon
PRD-00039,Laptop (Model R98),CAT-0008,20086.33,159,High-quality laptop suitable for Indian conditions.,Amazon
PRD-00040,Smartwatch (Model V93),CAT-0008,33006.54,460,High-quality smartwatch suitable for Indian conditions.,Amazon
PRD-00041,Smartwatch (Model D41),CAT-0009,21852.3,173,High-quality smartwatch suitable for Indian conditions.,Amazon
PRD-00042,Smartphone (Model S80),CAT-0009,22258.6,112,High-quality smartphone suitable for Indian conditions.,Amazon
PRD-00043,Smartphone (Model C90),CAT-0009,9415.53,34,High-quality smartphone suitable for Indian conditions.,Amazon
PRD-00044,Smartphone (Model K19),CAT-0009,43561.71,142,High-quality smartphone suitable for Indian conditions.,Amazon
PRD-00045,Smartwatch (Model G79),CAT-0009,14923.39,478,High-quality smartwatch suitable for Indian conditions.,Amazon
PRD-00046,Smartwatch (Model H70),CAT-0010,65562.27,97,High-quality smartwatch suitable for Indian conditions.,Amazon
PRD-00047,Smartphone (Model D94),CAT-0010,37328.84,216,High-quality smartphone suitable for Indian conditions.,Amazon
PRD-00048,Smartwatch (Model O16),CAT-0010,55502.34,330,High-quality smartwatch suitable for Indian conditions.,Amazon
PRD-00049,Smartphone (Model B61),CAT-0010,59616.02,409,High-quality smartphone suitable for Indian conditions.,Amazon
PRD-00050,Smartphone (Model H34),CAT-0010,19265.67,229,High-quality smartphone suitable for Indian conditions.,Amazon
PRD-00051,Laptop (Model N33),CAT-0011,25890.89,127,High-quality laptop suitable for Indian conditions.,Amazon
PRD-00052,Smartphone (Model O80),CAT-0011,12343.15,333,High-quality smartphone suitable for Indian conditions.,Amazon
PRD-00053,Smartphone (Model C40),CAT-0011,17473.33,248,High-quality smartphone suitable for Indian conditions.,Amazon
PRD-00054,Smartwatch (Model G61),CAT-0011,72683.21,84,High-quality smartwatch suitable for Indian conditions.,Amazon
PRD-00055,Smartwatch (Model A59),CAT-0011,24890.23,401,High-quality smartwatch suitable for Indian conditions.,Amazon
PRD-00056,Smartwatch (Model J64),CAT-0012,57244.36,374,High-quality smartwatch suitable for Indian conditions.,Amazon
PRD-00057,Smartwatch (Model E34),CAT-0012,27253.09,495,High-quality smartwatch suitable for Indian conditions.,Amazon
PRD-00058,Smartphone (Model S79),CAT-0012,9571.82,160,High-quality smartphone suitable for Indian conditions.,Amazon
PRD-00059,Smartphone (Model B84),CAT-0012,40759.14,470,High-quality smartphone suitable for Indian conditions.,Amazon
PRD-00060,Laptop (Model B75),CAT-0012,11008.36,95,High-quality laptop suitable for Indian conditions.,Amazon
PRD-00061,Smartphone (Model T18),CAT-0013,55640.94,120,High-quality smartphone suitable for Indian conditions.,Amazon
PRD-00062,Smartwatch (Model D82),CAT-0013,23466.15,304,High-quality smartwatch suitable for Indian conditions.,Amazon
PRD-00063,Smartphone (Model T20),CAT-0013,36441.87,298,High-quality smartphone suitable for Indian conditions.,Amazon
PRD-00064,Tablet (Model I36),CAT-0013,55229.45,160,High-quality tablet suitable for Indian conditions.,Amazon
PRD-00065,Laptop (Model I60),CAT-0013,14815.87,330,High-quality laptop suitable for Indian conditions.,Amazon
PRD-00066,Tablet (Model O50),CAT-0014,74676.37,479,High-quality tablet suitable for Indian conditions.,Amazon
PRD-00067,Smartphone (Model A68),CAT-0014,51586.94,288,High-quality smartphone suitable for Indian conditions.,Amazon
PRD-00068,Smartphone (Model C78),CAT-0014,20986.57,135,High-quality smartphone suitable for Indian conditions.,Amazon
PRD-00069,Laptop (Model L18),CAT-0014,70945.27,189,High-quality laptop suitable for Indian conditions.,Amazon
PRD-00070,Tablet (Model F66),CAT-0014,67530.87,360,High-quality tablet suitable for Indian conditions.,Amazon
PRD-00071,Tablet (Model T93),CAT-0015,44670.55,341,High-quality tablet suitable for Indian conditions.,Amazon
PRD-00072,Tablet (Model V23),CAT-0015,75419.75,68,High-quality tablet suitable for Indian conditions.,Amazon
PRD-00073,Tablet (Model D23),CAT-0015,60681.25,79,High-quality tablet suitable for Indian conditions.,Amazon
PRD-00074,Tablet (Model J87),CAT-0015,20797.22,175,High-quality tablet suitable for Indian conditions.,Amazon
PRD-00075,Laptop (Model V91),CAT-0015,68968.46,258,High-quality laptop suitable for Indian conditions.,Amazon
PRD-00076,Smartwatch (Model I16),CAT-0016,11922.39,216,High-quality smartwatch suitable for Indian conditions.,Amazon
PRD-00077,Tablet (Model B10),CAT-0016,30016.74,66,High-quality tablet suitable for Indian conditions.,Amazon
PRD-00078,Tablet (Model F66),CAT-0016,46376.03,218,High-quality tablet suitable for Indian conditions.,Amazon
PRD-00079,Smartphone (Model D19),CAT-0016,75878.82,353,High-quality smartphone suitable for Indian conditions.,Amazon
PRD-00080,Laptop (Model R14),CAT-0016,67594.63,298,High-quality laptop suitable for Indian conditions.,Amazon
PRD-00081,Laptop (Model N26),CAT-0017,8137.16,186,High-quality laptop suitable for Indian conditions.,Amazon
PRD-00082,Smartphone (Model L36),CAT-0017,56155.0,341,High-quality smartphone suitable for Indian conditions.,Amazon
PRD-00083,Smartphone (Model L81),CAT-0017,71310.1,208,High-quality smartphone suitable for Indian conditions.,Amazon
PRD-00084,Laptop (Model H30),CAT-0017,78215.45,415,High-quality laptop suitable for Indian conditions.,Amazon
PRD-00085,Laptop (Model N13),CAT-0017,18452.05,473,High-quality laptop suitable for Indian conditions.,Amazon
PRD-00086,Tablet (Model Z62),CAT-0018,65167.64,442,High-quality tablet suitable for Indian conditions.,Amazon
PRD-00087,Laptop (Model I30),CAT-0018,64053.09,55,High-quality laptop suitable for Indian conditions.,Amazon
PRD-00088,Smartwatch (Model B70),CAT-0018,21682.53,418,High-quality smartwatch suitable for Indian conditions.,Amazon
PRD-00089,Smartwatch (Model L49),CAT-0018,66540.23,446,High-quality smartwatch suitable for Indian conditions.,Amazon
PRD-00090,Laptop (Model H13),CAT-0018,54502.49,204,High-quality laptop suitable for Indian conditions.,Amazon
PRD-00091,Tablet (Model I18),CAT-0019,77516.68,142,High-quality tablet suitable for Indian conditions.,Amazon
PRD-00092,Tablet (Model U75),CAT-0019,34975.88,431,High-quality tablet suitable for Indian conditions.,Amazon
PRD-00093,Tablet (Model A24),CAT-0019,70777.88,133,High-quality tablet suitable for Indian conditions.,Amazon
PRD-00094,Laptop (Model S43),CAT-0019,7869.29,305,High-quality laptop suitable for Indian conditions.,Amazon
PRD-00095,Smartwatch (Model L50),CAT-0019,37729.54,261,High-quality smartwatch suitable for Indian conditions.,Amazon
PRD-00096,Smartphone (Model M83),CAT-0020,19255.91,22,High-quality smartphone suitable for Indian conditions.,Amazon
PRD-00097,Smartwatch (Model A76),CAT-0020,74418.14,275,High-quality smartwatch suitable for Indian conditions.,Amazon
PRD-00098,Laptop (Model L65),CAT-0020,10248.04,340,High-quality laptop suitable for Indian conditions.,Amazon
PRD-00099,Tablet (Model T50),CAT-0020,54754.06,63,High-quality tablet suitable for Indian conditions.,Amazon
PRD-00100,Tablet (Model Q49),CAT-0020,55016.97,167,High-quality tablet suitable for Indian conditions.,Amazon
PRD-00101,Smartwatch (Model W47),CAT-0021,46580.94,98,High-quality smartwatch suitable for Indian conditions.,Amazon
PRD-00102,Smartwatch (Model V58),CAT-0021,55798.85,462,High-quality smartwatch suitable for Indian conditions.,Amazon
PRD-00103,Laptop (Model T82),CAT-0021,27571.24,280,High-quality laptop suitable for Indian conditions.,Amazon
PRD-00104,Smartphone (Model J46),CAT-0021,20763.7,402,High-quality smartphone suitable for Indian conditions.,Amazon
PRD-00105,Tablet (Model O66),CAT-0021,38161.98,109,High-quality tablet suitable for Indian conditions.,Amazon
PRD-00106,Smartwatch (Model Z31),CAT-0022,54413.81,145,High-quality smartwatch suitable for Indian conditions.,Amazon
PRD-00107,Tablet (Model C40),CAT-0022,55459.68,115,High-quality tablet suitable for Indian conditions.,Amazon
PRD-00108,Laptop (Model E13),CAT-0022,8466.03,243,High-quality laptop suitable for Indian conditions.,Amazon
PRD-00109,Smartphone (Model O63),CAT-0022,71460.27,294,High-quality smartphone suitable for Indian conditions.,Amazon
PRD-00110,Laptop (Model W99),CAT-0022,33798.39,204,High-quality laptop suitable for Indian conditions.,Amazon
PRD-00111,Laptop (Model E93),CAT-0023,56571.68,457,High-quality laptop suitable for Indian conditions.,Amazon
PRD-00112,Smartphone (Model Y64),CAT-0023,21413.09,411,High-quality smartphone suitable for Indian conditions.,Amazon
PRD-00113,Smartwatch (Model B81),CAT-0023,23689.87,434,High-quality smartwatch suitable for Indian conditions.,Amazon
PRD-00114,Smartphone (Model O27),CAT-0023,65106.25,341,High-quality smartphone suitable for Indian conditions.,Amazon
PRD-00115,Tablet (Model Y66),CAT-0023,50948.92,368,High-quality tablet suitable for Indian conditions.,Amazon
PRD-00116,Smartwatch (Model R67),CAT-0024,72290.61,380,High-quality smartwatch suitable for Indian conditions.,Amazon
PRD-00117,Smartwatch (Model O43),CAT-0024,61383.26,430,High-quality smartwatch suitable for Indian conditions.,Amazon
PRD-00118,Tablet (Model Y76),CAT-0024,41344.78,122,High-quality tablet suitable for Indian conditions.,Amazon
PRD-00119,Tablet (Model O19),CAT-0024,58515.86,120,High-quality tablet suitable for Indian conditions.,Amazon
PRD-00120,Tablet (Model K50),CAT-0024,71977.01,41,High-quality tablet suitable for Indian conditions.,Amazon
PRD-00121,Laptop (Model E39),CAT-0025,33727.65,78,High-quality laptop suitable for Indian conditions.,Amazon
PRD-00122,Laptop (Model C63),CAT-0025,35569.95,277,High-quality laptop suitable for Indian conditions.,Amazon
PRD-00123,Smartwatch (Model N17),CAT-0025,20512.58,215,High-quality smartwatch suitable for Indian conditions.,Amazon
PRD-00124,Smartwatch (Model Y84),CAT-0025,75954.65,10,High-quality smartwatch suitable for Indian conditions.,Amazon
PRD-00125,Smartwatch (Model P10),CAT-0025,75705.62,152,High-quality smartwatch suitable for Indian conditions.,Amazon
PRD-00126,Smartwatch (Model N78),CAT-0026,61063.68,279,High-quality smartwatch suitable for Indian conditions.,Amazon
PRD-00127,Laptop (Model P38),CAT-0026,25470.15,248,High-quality laptop suitable for Indian conditions.,Amazon
PRD-00128,Smartphone (Model M53),CAT-0026,55165.52,408,High-quality smartphone suitable for Indian conditions.,Amazon
PRD-00129,Smartwatch (Model X31),CAT-0026,68037.92,470,High-quality smartwatch suitable for Indian conditions.,Amazon
PRD-00130,Laptop (Model T78),CAT-0026,7022.48,201,High-quality laptop suitable for Indian conditions.,Amazon
PRD-00131,Smartphone (Model C92),CAT-0027,37145.96,443,High-quality smartphone suitable for Indian conditions.,Amazon
PRD-00132,Smartwatch (Model F16),CAT-0027,24511.72,167,High-quality smartwatch suitable for Indian conditions.,Amazon
PRD-00133,Laptop (Model O51),CAT-0027,30312.54,450,High-quality laptop suitable for Indian conditions.,Amazon
PRD-00134,Smartwatch (Model I63),CAT-0027,23920.36,41,High-quality smartwatch suitable for Indian conditions.,Amazon
PRD-00135,Smartwatch (Model A79),CAT-0027,8906.42,487,High-quality smartwatch suitable for Indian conditions.,Amazon
PRD-00136,Tablet (Model H93),CAT-0028,10146.38,490,High-quality tablet suitable for Indian conditions.,Amazon
PRD-00137,Smartphone (Model Y13),CAT-0028,76220.88,102,High-quality smartphone suitable for Indian conditions.,Amazon
PRD-00138,Smartphone (Model T29),CAT-0028,22890.87,242,High-quality smartphone suitable for Indian conditions.,Amazon
PRD-00139,Smartphone (Model S37),CAT-0028,39877.55,131,High-quality smartphone suitable for Indian conditions.,Amazon
PRD-00140,Tablet (Model F87),CAT-0028,50543.56,382,High-quality tablet suitable for Indian conditions.,Amazon
PRD-00141,Smartphone (Model Y30),CAT-0029,77354.06,55,High-quality smartphone suitable for Indian conditions.,Amazon
PRD-00142,Smartphone (Model J83),CAT-0029,55801.05,490,High-quality smartphone suitable for Indian conditions.,Amazon
PRD-00143,Smartwatch (Model M35),CAT-0029,10699.74,353,High-quality smartwatch suitable for Indian conditions.,Amazon
PRD-00144,Laptop (Model D99),CAT-0029,62936.07,435,High-quality laptop suitable for Indian conditions.,Amazon
PRD-00145,Smartphone (Model Z82),CAT-0029,63697.65,177,High-quality smartphone suitable for Indian conditions.,Amazon
PRD-00146,Smartwatch (Model V57),CAT-0030,10171.76,331,High-quality smartwatch suitable for Indian conditions.,Amazon
PRD-00147,Tablet (Model A63),CAT-0030,66674.82,54,High-quality tablet suitable for Indian conditions.,Amazon
PRD-00148,Smartwatch (Model L91),CAT-0030,71868.13,235,High-quality smartwatch suitable for Indian conditions.,Amazon
PRD-00149,Laptop (Model N32),CAT-0030,60034.65,494,High-quality laptop suitable for Indian conditions.,Amazon
PRD-00150,Tablet (Model T78),CAT-0030,63098.11,238,High-quality tablet suitable for Indian conditions.,Amazon
PRD-00151,Smartwatch (Model X85),CAT-0031,25129.67,436,High-quality smartwatch suitable for Indian conditions.,Amazon
PRD-00152,Laptop (Model C45),CAT-0031,71122.34,124,High-quality laptop suitable for Indian conditions.,Amazon
PRD-00153,Smartwatch (Model S88),CAT-0031,55114.14,172,High-quality smartwatch suitable for Indian conditions.,Amazon
PRD-00154,Smartphone (Model P51),CAT-0031,18637.99,108,High-quality smartphone suitable for Indian conditions.,Amazon
PRD-00155,Tablet (Model Z43),CAT-0031,30525.41,450,High-quality tablet suitable for Indian conditions.,Amazon
PRD-00156,Tablet (Model R11),CAT-0032,43747.04,97,High-quality tablet suitable for Indian conditions.,Amazon
PRD-00157,Smartphone (Model H62),CAT-0032,41643.34,388,High-quality smartphone suitable for Indian conditions.,Amazon
PRD-00158,Laptop (Model W70),CAT-0032,53442.72,251,High-quality laptop suitable for Indian conditions.,Amazon
PRD-00159,Smartwatch (Model Z12),CAT-0032,11979.0,113,High-quality smartwatch suitable for Indian conditions.,Amazon
PRD-00160,Smartwatch (Model W41),CAT-0032,27965.45,297,High-quality smartwatch suitable for Indian conditions.,Amazon
PRD-00161,Tablet (Model P80),CAT-0033,44819.14,217,High-quality tablet suitable for Indian conditions.,Amazon
PRD-00162,Tablet (Model L99),CAT-0033,39030.89,156,High-quality tablet suitable for Indian conditions.,Amazon
PRD-00163,Tablet (Model H25),CAT-0033,59096.32,161,High-quality tablet suitable for Indian conditions.,Amazon
PRD-00164,Smartphone (Model X78),CAT-0033,76315.82,353,High-quality smartphone suitable for Indian conditions.,Amazon
PRD-00165,Laptop (Model G37),CAT-0033,60395.35,141,High-quality laptop suitable for Indian conditions.,Amazon
PRD-00166,Tablet (Model D34),CAT-0034,27218.48,184,High-quality tablet suitable for Indian conditions.,Amazon
PRD-00167,Laptop (Model J11),CAT-0034,58101.39,64,High-quality laptop suitable for Indian conditions.,Amazon
PRD-00168,Tablet (Model B16),CAT-0034,46501.92,357,High-quality tablet suitable for Indian conditions.,Amazon
PRD-00169,Laptop (Model U72),CAT-0034,12694.07,6,High-quality laptop suitable for Indian conditions.,Amazon
PRD-00170,Tablet (Model P71),CAT-0034,38035.16,94,High-quality tablet suitable for Indian conditions.,Amazon
PRD-00171,Smartphone (Model I71),CAT-0035,13556.54,33,High-quality smartphone suitable for Indian conditions.,Amazon
PRD-00172,Smartwatch (Model P19),CAT-0035,48276.59,351,High-quality smartwatch suitable for Indian conditions.,Amazon
PRD-00173,Smartphone (Model E29),CAT-0035,65835.66,485,High-quality smartphone suitable for Indian conditions.,Amazon
PRD-00174,Tablet (Model C41),CAT-0035,13883.87,391,High-quality tablet suitable for Indian conditions.,Amazon
PRD-00175,Smartwatch (Model T86),CAT-0035,64305.56,115,High-quality smartwatch suitable for Indian conditions.,Amazon
PRD-00176,Smartwatch (Model O66),CAT-0036,27301.48,301,High-quality smartwatch suitable for Indian conditions.,Amazon
PRD-00177,Smartwatch (Model J82),CAT-0036,51577.05,312,High-quality smartwatch suitable for Indian conditions.,Amazon
PRD-00178,Smartphone (Model Y36),CAT-0036,51913.63,135,High-quality smartphone suitable for Indian conditions.,Amazon
PRD-00179,Smartphone (Model F40),CAT-0036,18036.02,38,High-quality smartphone suitable for Indian conditions.,Amazon
PRD-00180,Laptop (Model A62),CAT-0036,38787.78,304,High-quality laptop suitable for Indian conditions.,Amazon
PRD-00181,Smartwatch (Model J14),CAT-0037,22360.72,361,High-quality smartwatch suitable for Indian conditions.,Amazon
PRD-00182,Tablet (Model W68),CAT-0037,10338.48,119,High-quality tablet suitable for Indian conditions.,Amazon
PRD-00183,Tablet (Model Z90),CAT-0037,49234.22,411,High-quality tablet suitable for Indian conditions.,Amazon
PRD-00184,Laptop (Model N24),CAT-0037,45842.18,331,High-quality laptop suitable for Indian conditions.,Amazon
PRD-00185,Laptop (Model I28),CAT-0037,10355.74,84,High-quality laptop suitable for Indian conditions.,Amazon
PRD-00186,Tablet (Model T82),CAT-0038,74089.44,224,High-quality tablet suitable for Indian conditions.,Amazon
PRD-00187,Smartphone (Model O98),CAT-0038,27806.84,206,High-quality smartphone suitable for Indian conditions.,Amazon
PRD-00188,Tablet (Model Q79),CAT-0038,42034.64,41,High-quality tablet suitable for Indian conditions.,Amazon
PRD-00189,Smartphone (Model N51),CAT-0038,50278.52,13,High-quality smartphone suitable for Indian conditions.,Amazon
PRD-00190,Smartphone (Model H96),CAT-0038,67696.9,294,High-quality smartphone suitable for Indian conditions.,Amazon
PRD-00191,Smartphone (Model Y96),CAT-0039,66606.59,295,High-quality smartphone suitable for Indian conditions.,Amazon
PRD-00192,Smartphone (Model Y32),CAT-0039,40287.56,333,High-quality smartphone suitable for Indian conditions.,Amazon
PRD-00193,Smartwatch (Model I33),CAT-0039,79770.91,223,High-quality smartwatch suitable for Indian conditions.,Amazon
PRD-00194,Smartwatch (Model C70),CAT-0039,31097.08,170,High-quality smartwatch suitable for Indian conditions.,Amazon
PRD-00195,Tablet (Model V23),CAT-0039,69329.98,168,High-quality tablet suitable for Indian conditions.,Amazon
PRD-00196,Smartwatch (Model W73),CAT-0040,26616.33,483,High-quality smartwatch suitable for Indian conditions.,Amazon
PRD-00197,Smartwatch (Model Y80),CAT-0040,7752.28,45,High-quality smartwatch suitable for Indian conditions.,Amazon
PRD-00198,Tablet (Model I51),CAT-0040,13694.12,395,High-quality tablet suitable for Indian conditions.,Amazon
PRD-00199,Smartwatch (Model Q10),CAT-0040,54324.53,277,High-quality smartwatch suitable for Indian conditions.,Amazon
PRD-00200,Smartwatch (Model N16),CAT-0040,19068.69,185,High-quality smartwatch suitable for Indian conditions.,Amazon
PRD-00201,Smartwatch (Model U66),CAT-0041,61999.29,104,High-quality smartwatch suitable for Indian conditions.,Amazon
PRD-00202,Tablet (Model R26),CAT-0041,74575.46,224,High-quality tablet suitable for Indian conditions.,Amazon
PRD-00203,Smartwatch (Model D13),CAT-0041,77986.01,311,High-quality smartwatch suitable for Indian conditions.,Amazon
PRD-00204,Laptop (Model W30),CAT-0041,28306.26,7,High-quality laptop suitable for Indian conditions.,Amazon
PRD-00205,Smartwatch (Model C38),CAT-0041,79419.29,467,High-quality smartwatch suitable for Indian conditions.,Amazon
PRD-00206,Smartphone (Model O25),CAT-0042,53578.23,78,High-quality smartphone suitable for Indian conditions.,Amazon
PRD-00207,Smartwatch (Model W47),CAT-0042,43165.4,139,High-quality smartwatch suitable for Indian conditions.,Amazon
PRD-00208,Smartwatch (Model P70),CAT-0042,23279.82,282,High-quality smartwatch suitable for Indian conditions.,Amazon
PRD-00209,Laptop (Model M34),CAT-0042,74140.11,260,High-quality laptop suitable for Indian conditions.,Amazon
PRD-00210,Laptop (Model C45),CAT-0042,62950.63,437,High-quality laptop suitable for Indian conditions.,Amazon
PRD-00211,Smartwatch (Model K74),CAT-0043,25037.95,1,High-quality smartwatch suitable for Indian conditions.,Amazon
PRD-00212,Tablet (Model X48),CAT-0043,67810.69,296,High-quality tablet suitable for Indian conditions.,Amazon
PRD-00213,Smartwatch (Model E67),CAT-0043,45393.54,176,High-quality smartwatch suitable for Indian conditions.,Amazon
PRD-00214,Tablet (Model R79),CAT-0043,33290.75,477,High-quality tablet suitable for Indian conditions.,Amazon
PRD-00215,Tablet (Model G99),CAT-0043,22910.42,196,High-quality tablet suitable for Indian conditions.,Amazon
PRD-00216,Laptop (Model Y62),CAT-0044,8273.55,381,High-quality laptop suitable for Indian conditions.,Amazon
PRD-00217,Smartwatch (Model W58),CAT-0044,33955.91,339,High-quality smartwatch suitable for Indian conditions.,Amazon
PRD-00218,Laptop (Model P14),CAT-0044,14468.47,494,High-quality laptop suitable for Indian conditions.,Amazon
PRD-00219,Tablet (Model D66),CAT-0044,12478.38,466,High-quality tablet suitable for Indian conditions.,Amazon
PRD-00220,Smartwatch (Model A28),CAT-0044,35748.4,335,High-quality smartwatch suitable for Indian conditions.,Amazon
PRD-00221,Laptop (Model C70),CAT-0045,63614.4,135,High-quality laptop suitable for Indian conditions.,Amazon
PRD-00222,Tablet (Model T98),CAT-0045,34811.25,41,High-quality tablet suitable for Indian conditions.,Amazon
PRD-00223,Tablet (Model V78),CAT-0045,33500.7,162,High-quality tablet suitable for Indian conditions.,Amazon
PRD-00224,Smartwatch (Model R14),CAT-0045,51309.46,120,High-quality smartwatch suitable for Indian conditions.,Amazon
PRD-00225,Tablet (Model H21),CAT-0045,37547.86,50,High-quality tablet suitable for Indian conditions.,Amazon
PRD-00226,Smartphone (Model O31),CAT-0046,57050.09,462,High-quality smartphone suitable for Indian conditions.,Amazon
PRD-00227,Smartphone (Model B51),CAT-0046,64710.76,150,High-quality smartphone suitable for Indian conditions.,Amazon
PRD-00228,Tablet (Model L65),CAT-0046,15917.73,271,High-quality tablet suitable for Indian conditions.,Amazon
PRD-00229,Smartwatch (Model S97),CAT-0046,64438.96,87,High-quality smartwatch suitable for Indian conditions.,Amazon
PRD-00230,Laptop (Model C88),CAT-0046,70312.97,317,High-quality laptop suitable for Indian conditions.,Amazon
PRD-00231,Laptop (Model P84),CAT-0047,15733.83,236,High-quality laptop suitable for Indian conditions.,Amazon
PRD-00232,Tablet (Model O42),CAT-0047,55013.05,460,High-quality tablet suitable for Indian conditions.,Amazon
PRD-00233,Smartwatch (Model J96),CAT-0047,45994.86,37,High-quality smartwatch suitable for Indian conditions.,Amazon
PRD-00234,Smartwatch (Model L85),CAT-0047,27436.57,492,High-quality smartwatch suitable for Indian conditions.,Amazon
PRD-00235,Smartwatch (Model W42),CAT-0047,39262.69,154,High-quality smartwatch suitable for Indian conditions.,Amazon
PRD-00236,Laptop (Model M71),CAT-0048,12999.0,195,High-quality laptop suitable for Indian conditions.,Amazon
PRD-00237,Tablet (Model S47),CAT-0048,79451.9,151,High-quality tablet suitable for Indian conditions.,Amazon
PRD-00238,Smartphone (Model V60),CAT-0048,25586.03,289,High-quality smartphone suitable for Indian conditions.,Amazon
PRD-00239,Smartphone (Model T73),CAT-0048,67462.92,462,High-quality smartphone suitable for Indian conditions.,Amazon
PRD-00240,Tablet (Model Y39),CAT-0048,50529.87,180,High-quality tablet suitable for Indian conditions.,Amazon
PRD-00241,Laptop (Model U34),CAT-0049,51566.84,347,High-quality laptop suitable for Indian conditions.,Amazon
PRD-00242,Laptop (Model U22),CAT-0049,72755.28,330,High-quality laptop suitable for Indian conditions.,Amazon
PRD-00243,Smartphone (Model J66),CAT-0049,7502.34,186,High-quality smartphone suitable for Indian conditions.,Amazon
PRD-00244,Laptop (Model C47),CAT-0049,29503.93,212,High-quality laptop suitable for Indian conditions.,Amazon
PRD-00245,Laptop (Model G26),CAT-0049,63988.46,448,High-quality laptop suitable for Indian conditions.,Amazon
PRD-00246,Tablet (Model Q74),CAT-0050,73511.52,425,High-quality tablet suitable for Indian conditions.,Amazon
PRD-00247,Laptop (Model I71),CAT-0050,77553.81,151,High-quality laptop suitable for Indian conditions.,Amazon
PRD-00248,Tablet (Model Z24),CAT-0050,40124.85,38,High-quality tablet suitable for Indian conditions.,Amazon
PRD-00249,Laptop (Model Y38),CAT-0050,69510.54,370,High-quality laptop suitable for Indian conditions.,Amazon
PRD-00250,Smartwatch (Model Z81),CAT-0050,32433.13,404,High-quality smartwatch suitable for Indian conditions.,Amazon
PRD-00251,Kurta (Model A43),CAT-0051,1748.75,232,High-quality kurta suitable for Indian conditions.,Amazon
PRD-00252,Saree (Model V96),CAT-0051,1007.84,195,High-quality saree suitable for Indian conditions.,Amazon
PRD-00253,Saree (Model D96),CAT-0051,931.32,12,High-quality saree suitable for Indian conditions.,Amazon
PRD-00254,Saree (Model T38),CAT-0051,2048.66,325,High-quality saree suitable for Indian conditions.,Amazon
PRD-00255,Kurta (Model W48),CAT-0051,2052.95,59,High-quality kurta suitable for Indian conditions.,Amazon
PRD-00256,Jeans (Model B14),CAT-0052,1121.78,252,High-quality jeans suitable for Indian conditions.,Amazon
PRD-00257,T-Shirt (Model D40),CAT-0052,2695.6,69,High-quality t-shirt suitable for Indian conditions.,Amazon
PRD-00258,Kurta (Model O57),CAT-0052,2110.31,380,High-quality kurta suitable for Indian conditions.,Amazon
PRD-00259,Kurta (Model S29),CAT-0052,2690.62,335,High-quality kurta suitable for Indian conditions.,Amazon
PRD-00260,T-Shirt (Model P88),CAT-0052,1401.91,487,High-quality t-shirt suitable for Indian conditions.,Amazon
PRD-00261,Saree (Model B98),CAT-0053,1300.43,227,High-quality saree suitable for Indian conditions.,Amazon
PRD-00262,Kurta (Model H56),CAT-0053,568.26,351,High-quality kurta suitable for Indian conditions.,Amazon
PRD-00263,Saree (Model R92),CAT-0053,1268.42,203,High-quality saree suitable for Indian conditions.,Amazon
PRD-00264,Saree (Model G25),CAT-0053,2862.33,421,High-quality saree suitable for Indian conditions.,Amazon
PRD-00265,Kurta (Model C94),CAT-0053,872.69,327,High-quality kurta suitable for Indian conditions.,Amazon
PRD-00266,T-Shirt (Model B52),CAT-0054,957.64,64,High-quality t-shirt suitable for Indian conditions.,Amazon
PRD-00267,Jeans (Model C80),CAT-0054,859.32,110,High-quality jeans suitable for Indian conditions.,Amazon
PRD-00268,Jeans (Model K28),CAT-0054,2429.34,305,High-quality jeans suitable for Indian conditions.,Amazon
PRD-00269,T-Shirt (Model I28),CAT-0054,2966.32,276,High-quality t-shirt suitable for Indian conditions.,Amazon
PRD-00270,Saree (Model Z32),CAT-0054,596.8,443,High-quality saree suitable for Indian conditions.,Amazon
PRD-00271,T-Shirt (Model E11),CAT-0055,1267.25,403,High-quality t-shirt suitable for Indian conditions.,Amazon
PRD-00272,Jeans (Model S51),CAT-0055,342.61,135,High-quality jeans suitable for Indian conditions.,Amazon
PRD-00273,T-Shirt (Model E63),CAT-0055,1720.43,381,High-quality t-shirt suitable for Indian conditions.,Amazon
PRD-00274,T-Shirt (Model P67),CAT-0055,2400.65,262,High-quality t-shirt suitable for Indian conditions.,Amazon
PRD-00275,T-Shirt (Model O74),CAT-0055,898.18,314,High-quality t-shirt suitable for Indian conditions.,Amazon
PRD-00276,T-Shirt (Model X94),CAT-0056,1707.92,234,High-quality t-shirt suitable for Indian conditions.,Amazon
PRD-00277,T-Shirt (Model B71),CAT-0056,2587.71,218,High-quality t-shirt suitable for Indian conditions.,Amazon
PRD-00278,T-Shirt (Model P66),CAT-0056,498.42,41,High-quality t-shirt suitable for Indian conditions.,Amazon
PRD-00279,Saree (Model T28),CAT-0056,477.34,140,High-quality saree suitable for Indian conditions.,Amazon
PRD-00280,Saree (Model M86),CAT-0056,1732.5,232,High-quality saree suitable for Indian conditions.,Amazon
PRD-00281,Kurta (Model D99),CAT-0057,608.92,335,High-quality kurta suitable for Indian conditions.,Amazon
PRD-00282,Jeans (Model N67),CAT-0057,2697.85,211,High-quality jeans suitable for Indian conditions.,Amazon
PRD-00283,Saree (Model O61),CAT-0057,1423.17,48,High-quality saree suitable for Indian conditions.,Amazon
PRD-00284,Saree (Model N50),CAT-0057,2095.79,191,High-quality saree suitable for Indian conditions.,Amazon
PRD-00285,Jeans (Model V70),CAT-0057,481.26,425,High-quality jeans suitable for Indian conditions.,Amazon
PRD-00286,T-Shirt (Model C65),CAT-0058,560.72,378,High-quality t-shirt suitable for Indian conditions.,Amazon
PRD-00287,Saree (Model Z26),CAT-0058,1802.2,300,High-quality saree suitable for Indian conditions.,Amazon
PRD-00288,Saree (Model V25),CAT-0058,1409.18,447,High-quality saree suitable for Indian conditions.,Amazon
PRD-00289,Kurta (Model X16),CAT-0058,2914.68,307,High-quality kurta suitable for Indian conditions.,Amazon
PRD-00290,Saree (Model L23),CAT-0058,1860.38,108,High-quality saree suitable for Indian conditions.,Amazon
PRD-00291,Jeans (Model V71),CAT-0059,905.46,55,High-quality jeans suitable for Indian conditions.,Amazon
PRD-00292,Saree (Model R57),CAT-0059,610.19,142,High-quality saree suitable for Indian conditions.,Amazon
PRD-00293,Jeans (Model Z64),CAT-0059,2581.92,498,High-quality jeans suitable for Indian conditions.,Amazon
PRD-00294,T-Shirt (Model T94),CAT-0059,2539.54,136,High-quality t-shirt suitable for Indian conditions.,Amazon
PRD-00295,T-Shirt (Model F44),CAT-0059,2197.29,158,High-quality t-shirt suitable for Indian conditions.,Amazon
PRD-00296,Saree (Model L10),CAT-0060,789.8,73,High-quality saree suitable for Indian conditions.,Amazon
PRD-00297,Kurta (Model C28),CAT-0060,2300.62,497,High-quality kurta suitable for Indian conditions.,Amazon
PRD-00298,T-Shirt (Model C77),CAT-0060,880.86,214,High-quality t-shirt suitable for Indian conditions.,Amazon
PRD-00299,Kurta (Model K30),CAT-0060,1299.14,369,High-quality kurta suitable for Indian conditions.,Amazon
PRD-00300,Saree (Model Y82),CAT-0060,1909.8,452,High-quality saree suitable for Indian conditions.,Amazon
PRD-00301,T-Shirt (Model E30),CAT-0061,2336.98,25,High-quality t-shirt suitable for Indian conditions.,Amazon
PRD-00302,T-Shirt (Model I66),CAT-0061,2087.23,248,High-quality t-shirt suitable for Indian conditions.,Amazon
PRD-00303,Kurta (Model N44),CAT-0061,882.04,262,High-quality kurta suitable for Indian conditions.,Amazon
PRD-00304,T-Shirt (Model L65),CAT-0061,599.4,347,High-quality t-shirt suitable for Indian conditions.,Amazon
PRD-00305,Kurta (Model Q95),CAT-0061,1132.73,112,High-quality kurta suitable for Indian conditions.,Amazon
PRD-00306,Kurta (Model T17),CAT-0062,320.76,154,High-quality kurta suitable for Indian conditions.,Amazon
PRD-00307,Jeans (Model Y27),CAT-0062,2363.23,148,High-quality jeans suitable for Indian conditions.,Amazon
PRD-00308,Saree (Model D10),CAT-0062,1642.94,220,High-quality saree suitable for Indian conditions.,Amazon
PRD-00309,Jeans (Model E58),CAT-0062,1737.97,117,High-quality jeans suitable for Indian conditions.,Amazon
PRD-00310,Saree (Model C60),CAT-0062,2626.76,21,High-quality saree suitable for Indian conditions.,Amazon
PRD-00311,Kurta (Model A68),CAT-0063,2787.14,441,High-quality kurta suitable for Indian conditions.,Amazon
PRD-00312,Saree (Model S64),CAT-0063,1848.18,363,High-quality saree suitable for Indian conditions.,Amazon
PRD-00313,Kurta (Model J24),CAT-0063,1393.59,494,High-quality kurta suitable for Indian conditions.,Amazon
PRD-00314,Saree (Model F89),CAT-0063,1542.26,353,High-quality saree suitable for Indian conditions.,Amazon
PRD-00315,Saree (Model C65),CAT-0063,2580.11,124,High-quality saree suitable for Indian conditions.,Amazon
PRD-00316,Kurta (Model S61),CAT-0064,1714.7,202,High-quality kurta suitable for Indian conditions.,Amazon
PRD-00317,Saree (Model X53),CAT-0064,898.24,398,High-quality saree suitable for Indian conditions.,Amazon
PRD-00318,Jeans (Model C75),CAT-0064,2009.71,271,High-quality jeans suitable for Indian conditions.,Amazon
PRD-00319,Jeans (Model Y54),CAT-0064,1247.97,490,High-quality jeans suitable for Indian conditions.,Amazon
PRD-00320,Jeans (Model H23),CAT-0064,695.4,101,High-quality jeans suitable for Indian conditions.,Amazon
PRD-00321,Jeans (Model T29),CAT-0065,2352.58,335,High-quality jeans suitable for Indian conditions.,Amazon
PRD-00322,T-Shirt (Model F90),CAT-0065,1634.12,386,High-quality t-shirt suitable for Indian conditions.,Amazon
PRD-00323,Kurta (Model V82),CAT-0065,2036.08,319,High-quality kurta suitable for Indian conditions.,Amazon
PRD-00324,Saree (Model U50),CAT-0065,707.58,34,High-quality saree suitable for Indian conditions.,Amazon
PRD-00325,Kurta (Model O90),CAT-0065,1117.62,140,High-quality kurta suitable for Indian conditions.,Amazon
PRD-00326,T-Shirt (Model L74),CAT-0066,500.31,236,High-quality t-shirt suitable for Indian conditions.,Amazon
PRD-00327,Kurta (Model B17),CAT-0066,1295.59,146,High-quality kurta suitable for Indian conditions.,Amazon
PRD-00328,T-Shirt (Model U21),CAT-0066,1960.52,259,High-quality t-shirt suitable for Indian conditions.,Amazon
PRD-00329,Kurta (Model O84),CAT-0066,1796.65,405,High-quality kurta suitable for Indian conditions.,Amazon
PRD-00330,T-Shirt (Model O83),CAT-0066,2059.96,164,High-quality t-shirt suitable for Indian conditions.,Amazon
PRD-00331,Kurta (Model Q29),CAT-0067,2885.85,230,High-quality kurta suitable for Indian conditions.,Amazon
PRD-00332,T-Shirt (Model Z53),CAT-0067,2952.44,43,High-quality t-shirt suitable for Indian conditions.,Amazon
PRD-00333,Jeans (Model B41),CAT-0067,2210.58,224,High-quality jeans suitable for Indian conditions.,Amazon
PRD-00334,Jeans (Model L57),CAT-0067,2778.43,198,High-quality jeans suitable for Indian conditions.,Amazon
PRD-00335,Kurta (Model Y53),CAT-0067,2133.02,26,High-quality kurta suitable for Indian conditions.,Amazon
PRD-00336,Saree (Model C52),CAT-0068,555.17,347,High-quality saree suitable for Indian conditions.,Amazon
PRD-00337,Kurta (Model J42),CAT-0068,2254.08,336,High-quality kurta suitable for Indian conditions.,Amazon
PRD-00338,Jeans (Model K20),CAT-0068,1873.4,72,High-quality jeans suitable for Indian conditions.,Amazon
PRD-00339,Saree (Model J93),CAT-0068,2185.9,200,High-quality saree suitable for Indian conditions.,Amazon
PRD-00340,Jeans (Model T20),CAT-0068,1135.87,192,High-quality jeans suitable for Indian conditions.,Amazon
PRD-00341,Saree (Model E95),CAT-0069,2197.64,484,High-quality saree suitable for Indian conditions.,Amazon
PRD-00342,T-Shirt (Model U95),CAT-0069,1443.2,185,High-quality t-shirt suitable for Indian conditions.,Amazon
PRD-00343,T-Shirt (Model L49),CAT-0069,786.71,109,High-quality t-shirt suitable for Indian conditions.,Amazon
PRD-00344,Saree (Model Y72),CAT-0069,818.41,70,High-quality saree suitable for Indian conditions.,Amazon
PRD-00345,Jeans (Model C47),CAT-0069,2579.96,51,High-quality jeans suitable for Indian conditions.,Amazon
PRD-00346,T-Shirt (Model V53),CAT-0070,2666.26,316,High-quality t-shirt suitable for Indian conditions.,Amazon
PRD-00347,Jeans (Model T58),CAT-0070,716.48,92,High-quality jeans suitable for Indian conditions.,Amazon
PRD-00348,Jeans (Model X66),CAT-0070,417.97,186,High-quality jeans suitable for Indian conditions.,Amazon
PRD-00349,Jeans (Model O88),CAT-0070,1069.31,383,High-quality jeans suitable for Indian conditions.,Amazon
PRD-00350,Kurta (Model H78),CAT-0070,945.75,494,High-quality kurta suitable for Indian conditions.,Amazon
PRD-00351,Kurta (Model G57),CAT-0071,2131.43,292,High-quality kurta suitable for Indian conditions.,Amazon
PRD-00352,Kurta (Model O46),CAT-0071,2400.93,257,High-quality kurta suitable for Indian conditions.,Amazon
PRD-00353,Kurta (Model F35),CAT-0071,2463.4,70,High-quality kurta suitable for Indian conditions.,Amazon
PRD-00354,Saree (Model B92),CAT-0071,1597.59,190,High-quality saree suitable for Indian conditions.,Amazon
PRD-00355,T-Shirt (Model W76),CAT-0071,2598.15,145,High-quality t-shirt suitable for Indian conditions.,Amazon
PRD-00356,T-Shirt (Model Y30),CAT-0072,1036.54,463,High-quality t-shirt suitable for Indian conditions.,Amazon
PRD-00357,Jeans (Model N21),CAT-0072,2855.32,113,High-quality jeans suitable for Indian conditions.,Amazon
PRD-00358,Kurta (Model L13),CAT-0072,1420.22,202,High-quality kurta suitable for Indian conditions.,Amazon
PRD-00359,Saree (Model H59),CAT-0072,2985.22,191,High-quality saree suitable for Indian conditions.,Amazon
PRD-00360,Jeans (Model A50),CAT-0072,2813.23,429,High-quality jeans suitable for Indian conditions.,Amazon
PRD-00361,Saree (Model Z28),CAT-0073,671.52,146,High-quality saree suitable for Indian conditions.,Amazon
PRD-00362,Kurta (Model W27),CAT-0073,2348.87,240,High-quality kurta suitable for Indian conditions.,Amazon
PRD-00363,Kurta (Model T10),CAT-0073,2745.82,9,High-quality kurta suitable for Indian conditions.,Amazon
PRD-00364,Saree (Model G29),CAT-0073,1781.77,372,High-quality saree suitable for Indian conditions.,Amazon
PRD-00365,Kurta (Model D46),CAT-0073,941.63,62,High-quality kurta suitable for Indian conditions.,Amazon
PRD-00366,T-Shirt (Model H63),CAT-0074,2025.17,318,High-quality t-shirt suitable for Indian conditions.,Amazon
PRD-00367,Kurta (Model C24),CAT-0074,2559.06,255,High-quality kurta suitable for Indian conditions.,Amazon
PRD-00368,T-Shirt (Model U75),CAT-0074,1852.63,367,High-quality t-shirt suitable for Indian conditions.,Amazon
PRD-00369,Jeans (Model J64),CAT-0074,304.22,180,High-quality jeans suitable for Indian conditions.,Amazon
PRD-00370,Jeans (Model S63),CAT-0074,805.75,342,High-quality jeans suitable for Indian conditions.,Amazon
PRD-00371,T-Shirt (Model Q56),CAT-0075,482.73,269,High-quality t-shirt suitable for Indian conditions.,Amazon
PRD-00372,T-Shirt (Model M70),CAT-0075,417.54,198,High-quality t-shirt suitable for Indian conditions.,Amazon
PRD-00373,Saree (Model I12),CAT-0075,1264.15,34,High-quality saree suitable for Indian conditions.,Amazon
PRD-00374,Saree (Model H94),CAT-0075,1996.29,395,High-quality saree suitable for Indian conditions.,Amazon
PRD-00375,Saree (Model E15),CAT-0075,1251.21,173,High-quality saree suitable for Indian conditions.,Amazon
PRD-00376,Jeans (Model Y97),CAT-0076,1554.48,356,High-quality jeans suitable for Indian conditions.,Amazon
PRD-00377,Kurta (Model U33),CAT-0076,2491.04,32,High-quality kurta suitable for Indian conditions.,Amazon
PRD-00378,Kurta (Model B47),CAT-0076,844.3,405,High-quality kurta suitable for Indian conditions.,Amazon
PRD-00379,Jeans (Model B50),CAT-0076,2820.1,263,High-quality jeans suitable for Indian conditions.,Amazon
PRD-00380,Kurta (Model R70),CAT-0076,983.95,385,High-quality kurta suitable for Indian conditions.,Amazon
PRD-00381,Jeans (Model J55),CAT-0077,2627.77,24,High-quality jeans suitable for Indian conditions.,Amazon
PRD-00382,Saree (Model I25),CAT-0077,2458.22,223,High-quality saree suitable for Indian conditions.,Amazon
PRD-00383,Kurta (Model X66),CAT-0077,2715.52,197,High-quality kurta suitable for Indian conditions.,Amazon
PRD-00384,Saree (Model F73),CAT-0077,2168.58,188,High-quality saree suitable for Indian conditions.,Amazon
PRD-00385,Saree (Model Z20),CAT-0077,2263.12,40,High-quality saree suitable for Indian conditions.,Amazon
PRD-00386,Kurta (Model T33),CAT-0078,1772.78,164,High-quality kurta suitable for Indian conditions.,Amazon
PRD-00387,T-Shirt (Model C51),CAT-0078,2084.48,156,High-quality t-shirt suitable for Indian conditions.,Amazon
PRD-00388,Kurta (Model T64),CAT-0078,749.94,227,High-quality kurta suitable for Indian conditions.,Amazon
PRD-00389,Saree (Model O15),CAT-0078,2262.4,466,High-quality saree suitable for Indian conditions.,Amazon
PRD-00390,Saree (Model T65),CAT-0078,1041.3,405,High-quality saree suitable for Indian conditions.,Amazon
PRD-00391,T-Shirt (Model C95),CAT-0079,2021.28,186,High-quality t-shirt suitable for Indian conditions.,Amazon
PRD-00392,Jeans (Model A28),CAT-0079,2591.41,347,High-quality jeans suitable for Indian conditions.,Amazon
PRD-00393,Kurta (Model B26),CAT-0079,481.53,398,High-quality kurta suitable for Indian conditions.,Amazon
PRD-00394,Saree (Model L59),CAT-0079,2863.56,16,High-quality saree suitable for Indian conditions.,Amazon
PRD-00395,Jeans (Model V67),CAT-0079,2861.82,190,High-quality jeans suitable for Indian conditions.,Amazon
PRD-00396,Kurta (Model Y19),CAT-0080,1849.59,271,High-quality kurta suitable for Indian conditions.,Amazon
PRD-00397,Saree (Model M50),CAT-0080,2053.81,127,High-quality saree suitable for Indian conditions.,Amazon
PRD-00398,T-Shirt (Model A33),CAT-0080,1647.42,198,High-quality t-shirt suitable for Indian conditions.,Amazon
PRD-00399,T-Shirt (Model I43),CAT-0080,2200.9,109,High-quality t-shirt suitable for Indian conditions.,Amazon
PRD-00400,Saree (Model W72),CAT-0080,840.48,69,High-quality saree suitable for Indian conditions.,Amazon
PRD-00401,T-Shirt (Model O32),CAT-0081,2726.43,227,High-quality t-shirt suitable for Indian conditions.,Amazon
PRD-00402,T-Shirt (Model Z97),CAT-0081,2912.42,163,High-quality t-shirt suitable for Indian conditions.,Amazon
PRD-00403,Saree (Model W18),CAT-0081,1784.99,148,High-quality saree suitable for Indian conditions.,Amazon
PRD-00404,Saree (Model F99),CAT-0081,2021.79,406,High-quality saree suitable for Indian conditions.,Amazon
PRD-00405,Saree (Model Q38),CAT-0081,627.68,102,High-quality saree suitable for Indian conditions.,Amazon
PRD-00406,Jeans (Model H73),CAT-0082,370.97,283,High-quality jeans suitable for Indian conditions.,Amazon
PRD-00407,Saree (Model O80),CAT-0082,650.38,452,High-quality saree suitable for Indian conditions.,Amazon
PRD-00408,T-Shirt (Model C49),CAT-0082,1375.03,367,High-quality t-shirt suitable for Indian conditions.,Amazon
PRD-00409,Kurta (Model Q62),CAT-0082,2376.74,421,High-quality kurta suitable for Indian conditions.,Amazon
PRD-00410,T-Shirt (Model E50),CAT-0082,2034.31,230,High-quality t-shirt suitable for Indian conditions.,Amazon
PRD-00411,Kurta (Model V76),CAT-0083,1230.19,449,High-quality kurta suitable for Indian conditions.,Amazon
PRD-00412,Jeans (Model Y26),CAT-0083,1468.07,466,High-quality jeans suitable for Indian conditions.,Amazon
PRD-00413,T-Shirt (Model D76),CAT-0083,713.14,84,High-quality t-shirt suitable for Indian conditions.,Amazon
PRD-00414,Jeans (Model K38),CAT-0083,1234.26,481,High-quality jeans suitable for Indian conditions.,Amazon
PRD-00415,Saree (Model C42),CAT-0083,830.02,489,High-quality saree suitable for Indian conditions.,Amazon
PRD-00416,Saree (Model E90),CAT-0084,1117.63,273,High-quality saree suitable for Indian conditions.,Amazon
PRD-00417,T-Shirt (Model Q92),CAT-0084,755.32,482,High-quality t-shirt suitable for Indian conditions.,Amazon
PRD-00418,Jeans (Model F94),CAT-0084,1986.09,461,High-quality jeans suitable for Indian conditions.,Amazon
PRD-00419,Saree (Model S15),CAT-0084,2528.14,14,High-quality saree suitable for Indian conditions.,Amazon
PRD-00420,T-Shirt (Model B92),CAT-0084,2381.76,135,High-quality t-shirt suitable for Indian conditions.,Amazon
PRD-00421,Jeans (Model Y83),CAT-0085,1424.78,327,High-quality jeans suitable for Indian conditions.,Amazon
PRD-00422,T-Shirt (Model P90),CAT-0085,1773.06,328,High-quality t-shirt suitable for Indian conditions.,Amazon
PRD-00423,Saree (Model P41),CAT-0085,2472.66,350,High-quality saree suitable for Indian conditions.,Amazon
PRD-00424,Kurta (Model J68),CAT-0085,497.03,30,High-quality kurta suitable for Indian conditions.,Amazon
PRD-00425,Jeans (Model O63),CAT-0085,1607.48,104,High-quality jeans suitable for Indian conditions.,Amazon
PRD-00426,Saree (Model T28),CAT-0086,1143.97,367,High-quality saree suitable for Indian conditions.,Amazon
PRD-00427,Saree (Model X54),CAT-0086,2933.51,66,High-quality saree suitable for Indian conditions.,Amazon
PRD-00428,Saree (Model Q81),CAT-0086,586.7,123,High-quality saree suitable for Indian conditions.,Amazon
PRD-00429,Kurta (Model D44),CAT-0086,1513.91,72,High-quality kurta suitable for Indian conditions.,Amazon
PRD-00430,T-Shirt (Model B47),CAT-0086,2852.54,442,High-quality t-shirt suitable for Indian conditions.,Amazon
PRD-00431,Kurta (Model H30),CAT-0087,2496.39,478,High-quality kurta suitable for Indian conditions.,Amazon
PRD-00432,Saree (Model G30),CAT-0087,1645.32,263,High-quality saree suitable for Indian conditions.,Amazon
PRD-00433,Kurta (Model P49),CAT-0087,1642.9,46,High-quality kurta suitable for Indian conditions.,Amazon
PRD-00434,Kurta (Model Q68),CAT-0087,2910.05,110,High-quality kurta suitable for Indian conditions.,Amazon
PRD-00435,Saree (Model B16),CAT-0087,1059.66,305,High-quality saree suitable for Indian conditions.,Amazon
PRD-00436,Kurta (Model J78),CAT-0088,322.08,55,High-quality kurta suitable for Indian conditions.,Amazon
PRD-00437,Kurta (Model E43),CAT-0088,2264.27,391,High-quality kurta suitable for Indian conditions.,Amazon
PRD-00438,Kurta (Model L15),CAT-0088,1381.57,291,High-quality kurta suitable for Indian conditions.,Amazon
PRD-00439,Jeans (Model L80),CAT-0088,1079.22,197,High-quality jeans suitable for Indian conditions.,Amazon
PRD-00440,Kurta (Model Y80),CAT-0088,1055.25,319,High-quality kurta suitable for Indian conditions.,Amazon
PRD-00441,T-Shirt (Model E22),CAT-0089,1363.54,406,High-quality t-shirt suitable for Indian conditions.,Amazon
PRD-00442,Saree (Model R56),CAT-0089,2338.41,101,High-quality saree suitable for Indian conditions.,Amazon
PRD-00443,Kurta (Model Q15),CAT-0089,422.32,70,High-quality kurta suitable for Indian conditions.,Amazon
PRD-00444,Saree (Model Z70),CAT-0089,1702.2,76,High-quality saree suitable for Indian conditions.,Amazon
PRD-00445,Jeans (Model K88),CAT-0089,1160.03,201,High-quality jeans suitable for Indian conditions.,Amazon
PRD-00446,Saree (Model S53),CAT-0090,1669.75,260,High-quality saree suitable for Indian conditions.,Amazon
PRD-00447,Kurta (Model W82),CAT-0090,1109.43,417,High-quality kurta suitable for Indian conditions.,Amazon
PRD-00448,T-Shirt (Model L52),CAT-0090,2119.28,213,High-quality t-shirt suitable for Indian conditions.,Amazon
PRD-00449,Saree (Model Z98),CAT-0090,1999.0,305,High-quality saree suitable for Indian conditions.,Amazon
PRD-00450,Kurta (Model I93),CAT-0090,2413.84,397,High-quality kurta suitable for Indian conditions.,Amazon
PRD-00451,Jeans (Model X16),CAT-0091,1875.51,87,High-quality jeans suitable for Indian conditions.,Amazon
PRD-00452,Kurta (Model E97),CAT-0091,953.93,293,High-quality kurta suitable for Indian conditions.,Amazon
PRD-00453,T-Shirt (Model G12),CAT-0091,1490.8,214,High-quality t-shirt suitable for Indian conditions.,Amazon
PRD-00454,Jeans (Model N98),CAT-0091,850.51,256,High-quality jeans suitable for Indian conditions.,Amazon
PRD-00455,Kurta (Model X17),CAT-0091,2205.59,265,High-quality kurta suitable for Indian conditions.,Amazon
PRD-00456,Jeans (Model R51),CAT-0092,2994.93,244,High-quality jeans suitable for Indian conditions.,Amazon
PRD-00457,Kurta (Model K32),CAT-0092,1541.09,272,High-quality kurta suitable for Indian conditions.,Amazon
PRD-00458,Saree (Model R55),CAT-0092,2124.85,444,High-quality saree suitable for Indian conditions.,Amazon
PRD-00459,Saree (Model T71),CAT-0092,819.11,126,High-quality saree suitable for Indian conditions.,Amazon
PRD-00460,Saree (Model R48),CAT-0092,907.14,498,High-quality saree suitable for Indian conditions.,Amazon
PRD-00461,Saree (Model Y46),CAT-0093,2203.23,353,High-quality saree suitable for Indian conditions.,Amazon
PRD-00462,Kurta (Model K71),CAT-0093,1241.77,478,High-quality kurta suitable for Indian conditions.,Amazon
PRD-00463,Saree (Model J25),CAT-0093,1848.39,278,High-quality saree suitable for Indian conditions.,Amazon
PRD-00464,Kurta (Model M54),CAT-0093,2877.44,411,High-quality kurta suitable for Indian conditions.,Amazon
PRD-00465,Jeans (Model J15),CAT-0093,1076.6,365,High-quality jeans suitable for Indian conditions.,Amazon
PRD-00466,T-Shirt (Model L66),CAT-0094,2071.12,382,High-quality t-shirt suitable for Indian conditions.,Amazon
PRD-00467,Kurta (Model G35),CAT-0094,2535.47,138,High-quality kurta suitable for Indian conditions.,Amazon
PRD-00468,Saree (Model E23),CAT-0094,1962.33,300,High-quality saree suitable for Indian conditions.,Amazon
PRD-00469,Jeans (Model H16),CAT-0094,2108.55,271,High-quality jeans suitable for Indian conditions.,Amazon
PRD-00470,Jeans (Model U39),CAT-0094,441.73,211,High-quality jeans suitable for Indian conditions.,Amazon
PRD-00471,Saree (Model W70),CAT-0095,571.47,394,High-quality saree suitable for Indian conditions.,Amazon
PRD-00472,Jeans (Model A80),CAT-0095,2940.36,80,High-quality jeans suitable for Indian conditions.,Amazon
PRD-00473,Kurta (Model U70),CAT-0095,1589.11,102,High-quality kurta suitable for Indian conditions.,Amazon
PRD-00474,Saree (Model K46),CAT-0095,2043.92,464,High-quality saree suitable for Indian conditions.,Amazon
PRD-00475,T-Shirt (Model U83),CAT-0095,926.99,378,High-quality t-shirt suitable for Indian conditions.,Amazon
PRD-00476,T-Shirt (Model F63),CAT-0096,2682.06,90,High-quality t-shirt suitable for Indian conditions.,Amazon
PRD-00477,T-Shirt (Model M73),CAT-0096,803.04,383,High-quality t-shirt suitable for Indian conditions.,Amazon
PRD-00478,Saree (Model B11),CAT-0096,1105.66,308,High-quality saree suitable for Indian conditions.,Amazon
PRD-00479,T-Shirt (Model K46),CAT-0096,1526.74,328,High-quality t-shirt suitable for Indian conditions.,Amazon
PRD-00480,Kurta (Model E74),CAT-0096,1563.66,98,High-quality kurta suitable for Indian conditions.,Amazon
PRD-00481,T-Shirt (Model K30),CAT-0097,2274.02,331,High-quality t-shirt suitable for Indian conditions.,Amazon
PRD-00482,Saree (Model W33),CAT-0097,338.03,172,High-quality saree suitable for Indian conditions.,Amazon
PRD-00483,Saree (Model S96),CAT-0097,2344.66,89,High-quality saree suitable for Indian conditions.,Amazon
PRD-00484,Kurta (Model N75),CAT-0097,1185.4,205,High-quality kurta suitable for Indian conditions.,Amazon
PRD-00485,T-Shirt (Model F27),CAT-0097,1589.13,479,High-quality t-shirt suitable for Indian conditions.,Amazon
PRD-00486,Jeans (Model A43),CAT-0098,1335.65,228,High-quality jeans suitable for Indian conditions.,Amazon
PRD-00487,Saree (Model K48),CAT-0098,1872.64,293,High-quality saree suitable for Indian conditions.,Amazon
PRD-00488,T-Shirt (Model I93),CAT-0098,1270.79,120,High-quality t-shirt suitable for Indian conditions.,Amazon
PRD-00489,T-Shirt (Model V25),CAT-0098,1556.57,81,High-quality t-shirt suitable for Indian conditions.,Amazon
PRD-00490,Kurta (Model V74),CAT-0098,2792.39,454,High-quality kurta suitable for Indian conditions.,Amazon
PRD-00491,Saree (Model W25),CAT-0099,2024.52,481,High-quality saree suitable for Indian conditions.,Amazon
PRD-00492,Saree (Model L88),CAT-0099,896.29,490,High-quality saree suitable for Indian conditions.,Amazon
PRD-00493,Jeans (Model P29),CAT-0099,1528.44,310,High-quality jeans suitable for Indian conditions.,Amazon
PRD-00494,Saree (Model N99),CAT-0099,1782.93,241,High-quality saree suitable for Indian conditions.,Amazon
PRD-00495,Jeans (Model Y41),CAT-0099,2136.92,305,High-quality jeans suitable for Indian conditions.,Amazon
PRD-00496,T-Shirt (Model Q67),CAT-0100,1726.07,185,High-quality t-shirt suitable for Indian conditions.,Amazon
PRD-00497,T-Shirt (Model S24),CAT-0100,466.75,280,High-quality t-shirt suitable for Indian conditions.,Amazon
PRD-00498,Jeans (Model S78),CAT-0100,704.6,167,High-quality jeans suitable for Indian conditions.,Amazon
PRD-00499,Kurta (Model D97),CAT-0100,854.58,298,High-quality kurta suitable for Indian conditions.,Amazon
PRD-00500,Kurta (Model C75),CAT-0100,1502.8,28,High-quality kurta suitable for Indian conditions.,Amazon
PRD-00501,Watch (Model E75),CAT-0101,472.88,288,High-quality watch suitable for Indian conditions.,Amazon
PRD-00502,Belt (Model R69),CAT-0101,704.49,157,High-quality belt suitable for Indian conditions.,Amazon
PRD-00503,Belt (Model M42),CAT-0101,833.81,381,High-quality belt suitable for Indian conditions.,Amazon
PRD-00504,Wallet (Model S19),CAT-0101,139.76,176,High-quality wallet suitable for Indian conditions.,Amazon
PRD-00505,Belt (Model R17),CAT-0101,940.12,35,High-quality belt suitable for Indian conditions.,Amazon
PRD-00506,Watch (Model B46),CAT-0102,466.98,393,High-quality watch suitable for Indian conditions.,Amazon
PRD-00507,Wallet (Model Y92),CAT-0102,979.5,330,High-quality wallet suitable for Indian conditions.,Amazon
PRD-00508,Watch (Model L58),CAT-0102,502.68,469,High-quality watch suitable for Indian conditions.,Amazon
PRD-00509,Watch (Model M20),CAT-0102,713.46,338,High-quality watch suitable for Indian conditions.,Amazon
PRD-00510,Wallet (Model U54),CAT-0102,205.77,275,High-quality wallet suitable for Indian conditions.,Amazon
PRD-00511,Watch (Model Q26),CAT-0103,754.07,114,High-quality watch suitable for Indian conditions.,Amazon
PRD-00512,Belt (Model Y12),CAT-0103,979.64,237,High-quality belt suitable for Indian conditions.,Amazon
PRD-00513,Watch (Model R58),CAT-0103,840.02,126,High-quality watch suitable for Indian conditions.,Amazon
PRD-00514,Watch (Model L29),CAT-0103,347.08,479,High-quality watch suitable for Indian conditions.,Amazon
PRD-00515,Belt (Model B94),CAT-0103,476.32,392,High-quality belt suitable for Indian conditions.,Amazon
PRD-00516,Belt (Model H36),CAT-0104,159.56,304,High-quality belt suitable for Indian conditions.,Amazon
PRD-00517,Belt (Model O86),CAT-0104,703.82,446,High-quality belt suitable for Indian conditions.,Amazon
PRD-00518,Belt (Model H15),CAT-0104,461.04,119,High-quality belt suitable for Indian conditions.,Amazon
PRD-00519,Wallet (Model Y17),CAT-0104,225.12,148,High-quality wallet suitable for Indian conditions.,Amazon
PRD-00520,Wallet (Model X83),CAT-0104,386.01,306,High-quality wallet suitable for Indian conditions.,Amazon
PRD-00521,Sunglasses (Model H48),CAT-0105,887.63,338,High-quality sunglasses suitable for Indian conditions.,Amazon
PRD-00522,Wallet (Model N48),CAT-0105,346.64,285,High-quality wallet suitable for Indian conditions.,Amazon
PRD-00523,Wallet (Model U96),CAT-0105,483.48,253,High-quality wallet suitable for Indian conditions.,Amazon
PRD-00524,Belt (Model L92),CAT-0105,703.21,402,High-quality belt suitable for Indian conditions.,Amazon
PRD-00525,Sunglasses (Model W63),CAT-0105,466.43,153,High-quality sunglasses suitable for Indian conditions.,Amazon
PRD-00526,Watch (Model F78),CAT-0106,525.17,434,High-quality watch suitable for Indian conditions.,Amazon
PRD-00527,Wallet (Model J28),CAT-0106,824.2,468,High-quality wallet suitable for Indian conditions.,Amazon
PRD-00528,Belt (Model R62),CAT-0106,970.01,285,High-quality belt suitable for Indian conditions.,Amazon
PRD-00529,Wallet (Model M41),CAT-0106,328.5,169,High-quality wallet suitable for Indian conditions.,Amazon
PRD-00530,Belt (Model O57),CAT-0106,182.22,370,High-quality belt suitable for Indian conditions.,Amazon
PRD-00531,Wallet (Model B44),CAT-0107,438.45,309,High-quality wallet suitable for Indian conditions.,Amazon
PRD-00532,Belt (Model C34),CAT-0107,823.19,300,High-quality belt suitable for Indian conditions.,Amazon
PRD-00533,Wallet (Model P36),CAT-0107,881.53,170,High-quality wallet suitable for Indian conditions.,Amazon
PRD-00534,Sunglasses (Model A37),CAT-0107,942.44,492,High-quality sunglasses suitable for Indian conditions.,Amazon
PRD-00535,Belt (Model X71),CAT-0107,922.0,356,High-quality belt suitable for Indian conditions.,Amazon
PRD-00536,Wallet (Model M40),CAT-0108,595.87,397,High-quality wallet suitable for Indian conditions.,Amazon
PRD-00537,Sunglasses (Model M69),CAT-0108,579.29,183,High-quality sunglasses suitable for Indian conditions.,Amazon
PRD-00538,Sunglasses (Model I56),CAT-0108,560.53,254,High-quality sunglasses suitable for Indian conditions.,Amazon
PRD-00539,Watch (Model D70),CAT-0108,784.47,163,High-quality watch suitable for Indian conditions.,Amazon
PRD-00540,Wallet (Model L50),CAT-0108,471.54,288,High-quality wallet suitable for Indian conditions.,Amazon
PRD-00541,Wallet (Model X28),CAT-0109,113.6,283,High-quality wallet suitable for Indian conditions.,Amazon
PRD-00542,Watch (Model J29),CAT-0109,275.57,117,High-quality watch suitable for Indian conditions.,Amazon
PRD-00543,Watch (Model S41),CAT-0109,548.37,335,High-quality watch suitable for Indian conditions.,Amazon
PRD-00544,Sunglasses (Model I72),CAT-0109,968.86,328,High-quality sunglasses suitable for Indian conditions.,Amazon
PRD-00545,Watch (Model O31),CAT-0109,758.5,180,High-quality watch suitable for Indian conditions.,Amazon
PRD-00546,Wallet (Model E79),CAT-0110,538.48,469,High-quality wallet suitable for Indian conditions.,Amazon
PRD-00547,Belt (Model Q14),CAT-0110,854.16,38,High-quality belt suitable for Indian conditions.,Amazon
PRD-00548,Belt (Model Y10),CAT-0110,470.15,431,High-quality belt suitable for Indian conditions.,Amazon
PRD-00549,Wallet (Model C29),CAT-0110,107.23,258,High-quality wallet suitable for Indian conditions.,Amazon
PRD-00550,Watch (Model L17),CAT-0110,655.05,341,High-quality watch suitable for Indian conditions.,Amazon
PRD-00551,Watch (Model V72),CAT-0111,113.16,272,High-quality watch suitable for Indian conditions.,Amazon
PRD-00552,Watch (Model A12),CAT-0111,575.48,140,High-quality watch suitable for Indian conditions.,Amazon
PRD-00553,Sunglasses (Model A74),CAT-0111,830.84,345,High-quality sunglasses suitable for Indian conditions.,Amazon
PRD-00554,Watch (Model Z32),CAT-0111,195.31,49,High-quality watch suitable for Indian conditions.,Amazon
PRD-00555,Wallet (Model H34),CAT-0111,656.8,129,High-quality wallet suitable for Indian conditions.,Amazon
PRD-00556,Sunglasses (Model I60),CAT-0112,170.12,491,High-quality sunglasses suitable for Indian conditions.,Amazon
PRD-00557,Watch (Model O82),CAT-0112,317.89,356,High-quality watch suitable for Indian conditions.,Amazon
PRD-00558,Wallet (Model J97),CAT-0112,844.26,41,High-quality wallet suitable for Indian conditions.,Amazon
PRD-00559,Belt (Model C61),CAT-0112,440.34,282,High-quality belt suitable for Indian conditions.,Amazon
PRD-00560,Watch (Model B91),CAT-0112,107.51,87,High-quality watch suitable for Indian conditions.,Amazon
PRD-00561,Belt (Model P65),CAT-0113,679.42,169,High-quality belt suitable for Indian conditions.,Amazon
PRD-00562,Belt (Model Q15),CAT-0113,305.79,461,High-quality belt suitable for Indian conditions.,Amazon
PRD-00563,Watch (Model I15),CAT-0113,930.74,350,High-quality watch suitable for Indian conditions.,Amazon
PRD-00564,Sunglasses (Model R82),CAT-0113,691.3,91,High-quality sunglasses suitable for Indian conditions.,Amazon
PRD-00565,Sunglasses (Model A36),CAT-0113,627.33,385,High-quality sunglasses suitable for Indian conditions.,Amazon
PRD-00566,Watch (Model C48),CAT-0114,245.21,123,High-quality watch suitable for Indian conditions.,Amazon
PRD-00567,Watch (Model V79),CAT-0114,397.56,386,High-quality watch suitable for Indian conditions.,Amazon
PRD-00568,Wallet (Model Z98),CAT-0114,750.75,256,High-quality wallet suitable for Indian conditions.,Amazon
PRD-00569,Sunglasses (Model B22),CAT-0114,492.38,429,High-quality sunglasses suitable for Indian conditions.,Amazon
PRD-00570,Belt (Model K87),CAT-0114,791.11,488,High-quality belt suitable for Indian conditions.,Amazon
PRD-00571,Watch (Model Y51),CAT-0115,125.66,139,High-quality watch suitable for Indian conditions.,Amazon
PRD-00572,Watch (Model P39),CAT-0115,419.23,481,High-quality watch suitable for Indian conditions.,Amazon
PRD-00573,Watch (Model N33),CAT-0115,710.73,338,High-quality watch suitable for Indian conditions.,Amazon
PRD-00574,Watch (Model C89),CAT-0115,364.84,126,High-quality watch suitable for Indian conditions.,Amazon
PRD-00575,Belt (Model C44),CAT-0115,237.8,364,High-quality belt suitable for Indian conditions.,Amazon
PRD-00576,Wallet (Model X59),CAT-0116,384.01,54,High-quality wallet suitable for Indian conditions.,Amazon
PRD-00577,Belt (Model A49),CAT-0116,499.26,389,High-quality belt suitable for Indian conditions.,Amazon
PRD-00578,Sunglasses (Model D26),CAT-0116,177.57,220,High-quality sunglasses suitable for Indian conditions.,Amazon
PRD-00579,Watch (Model R81),CAT-0116,560.2,52,High-quality watch suitable for Indian conditions.,Amazon
PRD-00580,Belt (Model C55),CAT-0116,597.8,305,High-quality belt suitable for Indian conditions.,Amazon
PRD-00581,Sunglasses (Model M11),CAT-0117,361.66,198,High-quality sunglasses suitable for Indian conditions.,Amazon
PRD-00582,Belt (Model X81),CAT-0117,913.69,500,High-quality belt suitable for Indian conditions.,Amazon
PRD-00583,Wallet (Model S76),CAT-0117,251.62,194,High-quality wallet suitable for Indian conditions.,Amazon
PRD-00584,Wallet (Model E44),CAT-0117,370.02,252,High-quality wallet suitable for Indian conditions.,Amazon
PRD-00585,Wallet (Model C31),CAT-0117,490.21,215,High-quality wallet suitable for Indian conditions.,Amazon
PRD-00586,Sunglasses (Model P19),CAT-0118,424.01,483,High-quality sunglasses suitable for Indian conditions.,Amazon
PRD-00587,Wallet (Model X90),CAT-0118,545.22,315,High-quality wallet suitable for Indian conditions.,Amazon
PRD-00588,Wallet (Model O23),CAT-0118,220.94,3,High-quality wallet suitable for Indian conditions.,Amazon
PRD-00589,Watch (Model K89),CAT-0118,440.9,441,High-quality watch suitable for Indian conditions.,Amazon
PRD-00590,Sunglasses (Model O52),CAT-0118,486.55,421,High-quality sunglasses suitable for Indian conditions.,Amazon
PRD-00591,Wallet (Model J51),CAT-0119,641.89,355,High-quality wallet suitable for Indian conditions.,Amazon
PRD-00592,Wallet (Model P50),CAT-0119,258.87,203,High-quality wallet suitable for Indian conditions.,Amazon
PRD-00593,Sunglasses (Model J98),CAT-0119,668.61,495,High-quality sunglasses suitable for Indian conditions.,Amazon
PRD-00594,Wallet (Model K58),CAT-0119,351.27,402,High-quality wallet suitable for Indian conditions.,Amazon
PRD-00595,Watch (Model L24),CAT-0119,937.86,102,High-quality watch suitable for Indian conditions.,Amazon
PRD-00596,Wallet (Model V80),CAT-0120,123.22,372,High-quality wallet suitable for Indian conditions.,Amazon
PRD-00597,Watch (Model W36),CAT-0120,493.61,149,High-quality watch suitable for Indian conditions.,Amazon
PRD-00598,Belt (Model Z62),CAT-0120,704.68,71,High-quality belt suitable for Indian conditions.,Amazon
PRD-00599,Sunglasses (Model H42),CAT-0120,691.8,366,High-quality sunglasses suitable for Indian conditions.,Amazon
PRD-00600,Watch (Model Z58),CAT-0120,165.57,306,High-quality watch suitable for Indian conditions.,Amazon
PRD-00601,Watch (Model S61),CAT-0121,579.93,472,High-quality watch suitable for Indian conditions.,Amazon
PRD-00602,Watch (Model R14),CAT-0121,810.65,184,High-quality watch suitable for Indian conditions.,Amazon
PRD-00603,Belt (Model D41),CAT-0121,690.84,181,High-quality belt suitable for Indian conditions.,Amazon
PRD-00604,Wallet (Model U88),CAT-0121,138.87,330,High-quality wallet suitable for Indian conditions.,Amazon
PRD-00605,Watch (Model Y52),CAT-0121,968.15,220,High-quality watch suitable for Indian conditions.,Amazon
PRD-00606,Belt (Model A22),CAT-0122,331.86,261,High-quality belt suitable for Indian conditions.,Amazon
PRD-00607,Wallet (Model O57),CAT-0122,451.02,395,High-quality wallet suitable for Indian conditions.,Amazon
PRD-00608,Wallet (Model L13),CAT-0122,533.49,151,High-quality wallet suitable for Indian conditions.,Amazon
PRD-00609,Watch (Model C24),CAT-0122,847.19,373,High-quality watch suitable for Indian conditions.,Amazon
PRD-00610,Wallet (Model L49),CAT-0122,407.76,401,High-quality wallet suitable for Indian conditions.,Amazon
PRD-00611,Wallet (Model Q71),CAT-0123,412.47,49,High-quality wallet suitable for Indian conditions.,Amazon
PRD-00612,Watch (Model X99),CAT-0123,506.2,34,High-quality watch suitable for Indian conditions.,Amazon
PRD-00613,Sunglasses (Model B24),CAT-0123,119.33,175,High-quality sunglasses suitable for Indian conditions.,Amazon
PRD-00614,Belt (Model V31),CAT-0123,935.93,379,High-quality belt suitable for Indian conditions.,Amazon
PRD-00615,Wallet (Model Q32),CAT-0123,595.72,169,High-quality wallet suitable for Indian conditions.,Amazon
PRD-00616,Watch (Model O39),CAT-0124,816.98,322,High-quality watch suitable for Indian conditions.,Amazon
PRD-00617,Wallet (Model F91),CAT-0124,690.58,202,High-quality wallet suitable for Indian conditions.,Amazon
PRD-00618,Belt (Model X88),CAT-0124,893.79,230,High-quality belt suitable for Indian conditions.,Amazon
PRD-00619,Watch (Model M10),CAT-0124,733.26,105,High-quality watch suitable for Indian conditions.,Amazon
PRD-00620,Sunglasses (Model Y18),CAT-0124,618.61,409,High-quality sunglasses suitable for Indian conditions.,Amazon
PRD-00621,Wallet (Model L51),CAT-0125,276.37,58,High-quality wallet suitable for Indian conditions.,Amazon
PRD-00622,Sunglasses (Model V72),CAT-0125,573.94,327,High-quality sunglasses suitable for Indian conditions.,Amazon
PRD-00623,Sunglasses (Model T59),CAT-0125,649.18,300,High-quality sunglasses suitable for Indian conditions.,Amazon
PRD-00624,Belt (Model L55),CAT-0125,859.97,316,High-quality belt suitable for Indian conditions.,Amazon
PRD-00625,Wallet (Model V48),CAT-0125,925.81,302,High-quality wallet suitable for Indian conditions.,Amazon
PRD-00626,Belt (Model V27),CAT-0126,380.87,122,High-quality belt suitable for Indian conditions.,Amazon
PRD-00627,Sunglasses (Model D33),CAT-0126,434.98,72,High-quality sunglasses suitable for Indian conditions.,Amazon
PRD-00628,Watch (Model N86),CAT-0126,223.08,196,High-quality watch suitable for Indian conditions.,Amazon
PRD-00629,Watch (Model F72),CAT-0126,670.95,355,High-quality watch suitable for Indian conditions.,Amazon
PRD-00630,Wallet (Model R31),CAT-0126,539.68,71,High-quality wallet suitable for Indian conditions.,Amazon
PRD-00631,Wallet (Model K67),CAT-0127,656.47,443,High-quality wallet suitable for Indian conditions.,Amazon
PRD-00632,Sunglasses (Model A72),CAT-0127,221.88,417,High-quality sunglasses suitable for Indian conditions.,Amazon
PRD-00633,Watch (Model R74),CAT-0127,686.76,209,High-quality watch suitable for Indian conditions.,Amazon
PRD-00634,Watch (Model N66),CAT-0127,538.83,42,High-quality watch suitable for Indian conditions.,Amazon
PRD-00635,Belt (Model Z38),CAT-0127,361.88,140,High-quality belt suitable for Indian conditions.,Amazon
PRD-00636,Wallet (Model R46),CAT-0128,250.39,234,High-quality wallet suitable for Indian conditions.,Amazon
PRD-00637,Watch (Model R75),CAT-0128,200.89,58,High-quality watch suitable for Indian conditions.,Amazon
PRD-00638,Sunglasses (Model Y79),CAT-0128,839.95,187,High-quality sunglasses suitable for Indian conditions.,Amazon
PRD-00639,Belt (Model Y66),CAT-0128,590.72,217,High-quality belt suitable for Indian conditions.,Amazon
PRD-00640,Belt (Model X93),CAT-0128,775.21,152,High-quality belt suitable for Indian conditions.,Amazon
PRD-00641,Belt (Model O43),CAT-0129,412.72,418,High-quality belt suitable for Indian conditions.,Amazon
PRD-00642,Belt (Model O25),CAT-0129,797.07,121,High-quality belt suitable for Indian conditions.,Amazon
PRD-00643,Wallet (Model Z85),CAT-0129,719.22,440,High-quality wallet suitable for Indian conditions.,Amazon
PRD-00644,Watch (Model F88),CAT-0129,224.31,105,High-quality watch suitable for Indian conditions.,Amazon
PRD-00645,Wallet (Model Z17),CAT-0129,612.07,272,High-quality wallet suitable for Indian conditions.,Amazon
PRD-00646,Sunglasses (Model T78),CAT-0130,250.54,360,High-quality sunglasses suitable for Indian conditions.,Amazon
PRD-00647,Sunglasses (Model J83),CAT-0130,339.61,439,High-quality sunglasses suitable for Indian conditions.,Amazon
PRD-00648,Belt (Model E62),CAT-0130,925.89,141,High-quality belt suitable for Indian conditions.,Amazon
PRD-00649,Wallet (Model W26),CAT-0130,323.71,364,High-quality wallet suitable for Indian conditions.,Amazon
PRD-00650,Sunglasses (Model H96),CAT-0130,452.43,72,High-quality sunglasses suitable for Indian conditions.,Amazon
PRD-00651,Sunglasses (Model U63),CAT-0131,436.66,38,High-quality sunglasses suitable for Indian conditions.,Amazon
PRD-00652,Belt (Model M75),CAT-0131,773.82,355,High-quality belt suitable for Indian conditions.,Amazon
PRD-00653,Sunglasses (Model O72),CAT-0131,393.56,1,High-quality sunglasses suitable for Indian conditions.,Amazon
PRD-00654,Belt (Model X68),CAT-0131,670.36,357,High-quality belt suitable for Indian conditions.,Amazon
PRD-00655,Sunglasses (Model C78),CAT-0131,456.94,495,High-quality sunglasses suitable for Indian conditions.,Amazon
PRD-00656,Watch (Model G73),CAT-0132,340.68,424,High-quality watch suitable for Indian conditions.,Amazon
PRD-00657,Sunglasses (Model K80),CAT-0132,619.14,289,High-quality sunglasses suitable for Indian conditions.,Amazon
PRD-00658,Watch (Model Z53),CAT-0132,903.74,390,High-quality watch suitable for Indian conditions.,Amazon
PRD-00659,Belt (Model B22),CAT-0132,662.56,428,High-quality belt suitable for Indian conditions.,Amazon
PRD-00660,Watch (Model A25),CAT-0132,935.49,80,High-quality watch suitable for Indian conditions.,Amazon
PRD-00661,Watch (Model O10),CAT-0133,991.65,219,High-quality watch suitable for Indian conditions.,Amazon
PRD-00662,Wallet (Model W26),CAT-0133,892.93,154,High-quality wallet suitable for Indian conditions.,Amazon
PRD-00663,Wallet (Model I21),CAT-0133,688.13,128,High-quality wallet suitable for Indian conditions.,Amazon
PRD-00664,Belt (Model L95),CAT-0133,912.42,84,High-quality belt suitable for Indian conditions.,Amazon
PRD-00665,Belt (Model M90),CAT-0133,373.96,358,High-quality belt suitable for Indian conditions.,Amazon
PRD-00666,Wallet (Model N93),CAT-0134,181.08,48,High-quality wallet suitable for Indian conditions.,Amazon
PRD-00667,Belt (Model G71),CAT-0134,169.14,303,High-quality belt suitable for Indian conditions.,Amazon
PRD-00668,Wallet (Model Q97),CAT-0134,499.56,4,High-quality wallet suitable for Indian conditions.,Amazon
PRD-00669,Sunglasses (Model D64),CAT-0134,723.63,244,High-quality sunglasses suitable for Indian conditions.,Amazon
PRD-00670,Belt (Model H59),CAT-0134,179.4,412,High-quality belt suitable for Indian conditions.,Amazon
PRD-00671,Belt (Model D50),CAT-0135,429.81,153,High-quality belt suitable for Indian conditions.,Amazon
PRD-00672,Wallet (Model M27),CAT-0135,676.42,346,High-quality wallet suitable for Indian conditions.,Amazon
PRD-00673,Wallet (Model C77),CAT-0135,605.96,312,High-quality wallet suitable for Indian conditions.,Amazon
PRD-00674,Wallet (Model O54),CAT-0135,749.19,321,High-quality wallet suitable for Indian conditions.,Amazon
PRD-00675,Wallet (Model N88),CAT-0135,716.91,440,High-quality wallet suitable for Indian conditions.,Amazon
PRD-00676,Wallet (Model C22),CAT-0136,225.01,63,High-quality wallet suitable for Indian conditions.,Amazon
PRD-00677,Watch (Model L64),CAT-0136,382.05,71,High-quality watch suitable for Indian conditions.,Amazon
PRD-00678,Wallet (Model I92),CAT-0136,174.82,283,High-quality wallet suitable for Indian conditions.,Amazon
PRD-00679,Sunglasses (Model Y98),CAT-0136,123.14,433,High-quality sunglasses suitable for Indian conditions.,Amazon
PRD-00680,Sunglasses (Model G76),CAT-0136,645.23,96,High-quality sunglasses suitable for Indian conditions.,Amazon
PRD-00681,Watch (Model J92),CAT-0137,148.11,459,High-quality watch suitable for Indian conditions.,Amazon
PRD-00682,Wallet (Model P59),CAT-0137,200.47,255,High-quality wallet suitable for Indian conditions.,Amazon
PRD-00683,Belt (Model Q11),CAT-0137,987.19,478,High-quality belt suitable for Indian conditions.,Amazon
PRD-00684,Sunglasses (Model E59),CAT-0137,873.73,291,High-quality sunglasses suitable for Indian conditions.,Amazon
PRD-00685,Watch (Model L79),CAT-0137,713.65,390,High-quality watch suitable for Indian conditions.,Amazon
PRD-00686,Watch (Model Y19),CAT-0138,114.02,34,High-quality watch suitable for Indian conditions.,Amazon
PRD-00687,Belt (Model I37),CAT-0138,134.84,30,High-quality belt suitable for Indian conditions.,Amazon
PRD-00688,Watch (Model Q46),CAT-0138,664.71,256,High-quality watch suitable for Indian conditions.,Amazon
PRD-00689,Watch (Model N99),CAT-0138,461.05,327,High-quality watch suitable for Indian conditions.,Amazon
PRD-00690,Wallet (Model I20),CAT-0138,377.92,261,High-quality wallet suitable for Indian conditions.,Amazon
PRD-00691,Wallet (Model Z29),CAT-0139,581.75,200,High-quality wallet suitable for Indian conditions.,Amazon
PRD-00692,Belt (Model J99),CAT-0139,492.74,488,High-quality belt suitable for Indian conditions.,Amazon
PRD-00693,Wallet (Model B41),CAT-0139,176.59,222,High-quality wallet suitable for Indian conditions.,Amazon
PRD-00694,Belt (Model O88),CAT-0139,646.95,158,High-quality belt suitable for Indian conditions.,Amazon
PRD-00695,Wallet (Model D11),CAT-0139,736.11,359,High-quality wallet suitable for Indian conditions.,Amazon
PRD-00696,Belt (Model F73),CAT-0140,956.71,267,High-quality belt suitable for Indian conditions.,Amazon
PRD-00697,Sunglasses (Model F57),CAT-0140,213.24,399,High-quality sunglasses suitable for Indian conditions.,Amazon
PRD-00698,Sunglasses (Model X25),CAT-0140,793.29,15,High-quality sunglasses suitable for Indian conditions.,Amazon
PRD-00699,Sunglasses (Model Z64),CAT-0140,343.78,32,High-quality sunglasses suitable for Indian conditions.,Amazon
PRD-00700,Sunglasses (Model W83),CAT-0140,663.78,254,High-quality sunglasses suitable for Indian conditions.,Amazon
PRD-00701,Watch (Model Q56),CAT-0141,148.9,439,High-quality watch suitable for Indian conditions.,Amazon
PRD-00702,Wallet (Model L30),CAT-0141,328.6,52,High-quality wallet suitable for Indian conditions.,Amazon
PRD-00703,Belt (Model H75),CAT-0141,101.31,439,High-quality belt suitable for Indian conditions.,Amazon
PRD-00704,Belt (Model H15),CAT-0141,523.59,196,High-quality belt suitable for Indian conditions.,Amazon
PRD-00705,Wallet (Model F14),CAT-0141,596.58,467,High-quality wallet suitable for Indian conditions.,Amazon
PRD-00706,Watch (Model H51),CAT-0142,322.44,468,High-quality watch suitable for Indian conditions.,Amazon
PRD-00707,Sunglasses (Model I19),CAT-0142,613.38,61,High-quality sunglasses suitable for Indian conditions.,Amazon
PRD-00708,Belt (Model F38),CAT-0142,822.9,23,High-quality belt suitable for Indian conditions.,Amazon
PRD-00709,Watch (Model C69),CAT-0142,878.43,396,High-quality watch suitable for Indian conditions.,Amazon
PRD-00710,Sunglasses (Model K21),CAT-0142,596.78,4,High-quality sunglasses suitable for Indian conditions.,Amazon
PRD-00711,Sunglasses (Model G47),CAT-0143,606.43,155,High-quality sunglasses suitable for Indian conditions.,Amazon
PRD-00712,Wallet (Model O57),CAT-0143,631.52,252,High-quality wallet suitable for Indian conditions.,Amazon
PRD-00713,Wallet (Model X79),CAT-0143,783.43,125,High-quality wallet suitable for Indian conditions.,Amazon
PRD-00714,Wallet (Model A62),CAT-0143,120.52,277,High-quality wallet suitable for Indian conditions.,Amazon
PRD-00715,Sunglasses (Model U98),CAT-0143,888.48,486,High-quality sunglasses suitable for Indian conditions.,Amazon
PRD-00716,Sunglasses (Model A94),CAT-0144,437.65,377,High-quality sunglasses suitable for Indian conditions.,Amazon
PRD-00717,Sunglasses (Model D36),CAT-0144,575.83,121,High-quality sunglasses suitable for Indian conditions.,Amazon
PRD-00718,Watch (Model P17),CAT-0144,974.3,72,High-quality watch suitable for Indian conditions.,Amazon
PRD-00719,Sunglasses (Model C15),CAT-0144,928.15,459,High-quality sunglasses suitable for Indian conditions.,Amazon
PRD-00720,Watch (Model W57),CAT-0144,511.61,382,High-quality watch suitable for Indian conditions.,Amazon
PRD-00721,Belt (Model S22),CAT-0145,553.88,326,High-quality belt suitable for Indian conditions.,Amazon
PRD-00722,Watch (Model C85),CAT-0145,610.04,222,High-quality watch suitable for Indian conditions.,Amazon
PRD-00723,Wallet (Model H47),CAT-0145,333.89,161,High-quality wallet suitable for Indian conditions.,Amazon
PRD-00724,Watch (Model W51),CAT-0145,385.25,139,High-quality watch suitable for Indian conditions.,Amazon
PRD-00725,Wallet (Model C35),CAT-0145,221.5,394,High-quality wallet suitable for Indian conditions.,Amazon
PRD-00726,Belt (Model E23),CAT-0146,246.94,238,High-quality belt suitable for Indian conditions.,Amazon
PRD-00727,Sunglasses (Model N25),CAT-0146,581.33,493,High-quality sunglasses suitable for Indian conditions.,Amazon
PRD-00728,Wallet (Model O49),CAT-0146,516.01,436,High-quality wallet suitable for Indian conditions.,Amazon
PRD-00729,Belt (Model C30),CAT-0146,825.84,155,High-quality belt suitable for Indian conditions.,Amazon
PRD-00730,Belt (Model G51),CAT-0146,232.49,364,High-quality belt suitable for Indian conditions.,Amazon
PRD-00731,Wallet (Model L60),CAT-0147,561.11,346,High-quality wallet suitable for Indian conditions.,Amazon
PRD-00732,Sunglasses (Model I32),CAT-0147,126.97,207,High-quality sunglasses suitable for Indian conditions.,Amazon
PRD-00733,Watch (Model R80),CAT-0147,323.87,236,High-quality watch suitable for Indian conditions.,Amazon
PRD-00734,Belt (Model Z27),CAT-0147,208.31,31,High-quality belt suitable for Indian conditions.,Amazon
PRD-00735,Wallet (Model E35),CAT-0147,840.31,190,High-quality wallet suitable for Indian conditions.,Amazon
PRD-00736,Belt (Model S85),CAT-0148,331.94,416,High-quality belt suitable for Indian conditions.,Amazon
PRD-00737,Belt (Model A18),CAT-0148,276.98,330,High-quality belt suitable for Indian conditions.,Amazon
PRD-00738,Watch (Model Z26),CAT-0148,181.78,433,High-quality watch suitable for Indian conditions.,Amazon
PRD-00739,Sunglasses (Model D15),CAT-0148,947.05,25,High-quality sunglasses suitable for Indian conditions.,Amazon
PRD-00740,Wallet (Model S65),CAT-0148,838.52,202,High-quality wallet suitable for Indian conditions.,Amazon
PRD-00741,Watch (Model A58),CAT-0149,713.89,88,High-quality watch suitable for Indian conditions.,Amazon
PRD-00742,Sunglasses (Model G33),CAT-0149,346.48,228,High-quality sunglasses suitable for Indian conditions.,Amazon
PRD-00743,Wallet (Model B88),CAT-0149,656.26,125,High-quality wallet suitable for Indian conditions.,Amazon
PRD-00744,Sunglasses (Model P62),CAT-0149,893.5,245,High-quality sunglasses suitable for Indian conditions.,Amazon
PRD-00745,Belt (Model C45),CAT-0149,443.71,214,High-quality belt suitable for Indian conditions.,Amazon
PRD-00746,Wallet (Model U77),CAT-0150,323.23,410,High-quality wallet suitable for Indian conditions.,Amazon
PRD-00747,Belt (Model M55),CAT-0150,530.72,400,High-quality belt suitable for Indian conditions.,Amazon
PRD-00748,Watch (Model L82),CAT-0150,551.15,198,High-quality watch suitable for Indian conditions.,Amazon
PRD-00749,Sunglasses (Model F13),CAT-0150,385.99,112,High-quality sunglasses suitable for Indian conditions.,Amazon
PRD-00750,Belt (Model Z45),CAT-0150,151.73,241,High-quality belt suitable for Indian conditions.,Amazon
PRD-00751,Bedsheet (Model Y84),CAT-0151,14994.28,498,High-quality bedsheet suitable for Indian conditions.,Amazon
PRD-00752,Cookware Set (Model D41),CAT-0151,10024.53,136,High-quality cookware set suitable for Indian conditions.,Amazon
PRD-00753,Blender (Model Y38),CAT-0151,8847.54,408,High-quality blender suitable for Indian conditions.,Amazon
PRD-00754,Vacuum Cleaner (Model L32),CAT-0151,3053.46,303,High-quality vacuum cleaner suitable for Indian conditions.,Amazon
PRD-00755,Bedsheet (Model Z99),CAT-0151,5702.36,302,High-quality bedsheet suitable for Indian conditions.,Amazon
PRD-00756,Blender (Model W99),CAT-0152,5599.39,290,High-quality blender suitable for Indian conditions.,Amazon
PRD-00757,Cookware Set (Model S34),CAT-0152,12632.1,414,High-quality cookware set suitable for Indian conditions.,Amazon
PRD-00758,Vacuum Cleaner (Model R49),CAT-0152,3045.57,19,High-quality vacuum cleaner suitable for Indian conditions.,Amazon
PRD-00759,Blender (Model B39),CAT-0152,9224.11,10,High-quality blender suitable for Indian conditions.,Amazon
PRD-00760,Vacuum Cleaner (Model A52),CAT-0152,13809.49,103,High-quality vacuum cleaner suitable for Indian conditions.,Amazon
PRD-00761,Cookware Set (Model K32),CAT-0153,13822.32,432,High-quality cookware set suitable for Indian conditions.,Amazon
PRD-00762,Bedsheet (Model B12),CAT-0153,2641.82,360,High-quality bedsheet suitable for Indian conditions.,Amazon
PRD-00763,Cookware Set (Model Y24),CAT-0153,12773.97,440,High-quality cookware set suitable for Indian conditions.,Amazon
PRD-00764,Bedsheet (Model C57),CAT-0153,10715.8,339,High-quality bedsheet suitable for Indian conditions.,Amazon
PRD-00765,Vacuum Cleaner (Model S22),CAT-0153,5380.14,165,High-quality vacuum cleaner suitable for Indian conditions.,Amazon
PRD-00766,Cookware Set (Model F65),CAT-0154,11981.72,491,High-quality cookware set suitable for Indian conditions.,Amazon
PRD-00767,Vacuum Cleaner (Model U50),CAT-0154,3025.94,495,High-quality vacuum cleaner suitable for Indian conditions.,Amazon
PRD-00768,Bedsheet (Model H95),CAT-0154,9039.78,89,High-quality bedsheet suitable for Indian conditions.,Amazon
PRD-00769,Vacuum Cleaner (Model J98),CAT-0154,4770.5,90,High-quality vacuum cleaner suitable for Indian conditions.,Amazon
PRD-00770,Blender (Model W83),CAT-0154,6178.22,394,High-quality blender suitable for Indian conditions.,Amazon
PRD-00771,Blender (Model F87),CAT-0155,5114.15,414,High-quality blender suitable for Indian conditions.,Amazon
PRD-00772,Cookware Set (Model U82),CAT-0155,2009.6,254,High-quality cookware set suitable for Indian conditions.,Amazon
PRD-00773,Cookware Set (Model K19),CAT-0155,3950.94,163,High-quality cookware set suitable for Indian conditions.,Amazon
PRD-00774,Cookware Set (Model U21),CAT-0155,12414.1,343,High-quality cookware set suitable for Indian conditions.,Amazon
PRD-00775,Bedsheet (Model O11),CAT-0155,4345.58,127,High-quality bedsheet suitable for Indian conditions.,Amazon
PRD-00776,Blender (Model L42),CAT-0156,11911.79,368,High-quality blender suitable for Indian conditions.,Amazon
PRD-00777,Blender (Model B59),CAT-0156,6854.19,214,High-quality blender suitable for Indian conditions.,Amazon
PRD-00778,Cookware Set (Model N73),CAT-0156,13285.67,179,High-quality cookware set suitable for Indian conditions.,Amazon
PRD-00779,Vacuum Cleaner (Model D71),CAT-0156,11936.58,295,High-quality vacuum cleaner suitable for Indian conditions.,Amazon
PRD-00780,Cookware Set (Model F67),CAT-0156,1568.79,433,High-quality cookware set suitable for Indian conditions.,Amazon
PRD-00781,Blender (Model J12),CAT-0157,5121.4,487,High-quality blender suitable for Indian conditions.,Amazon
PRD-00782,Blender (Model C53),CAT-0157,2966.53,192,High-quality blender suitable for Indian conditions.,Amazon
PRD-00783,Cookware Set (Model X19),CAT-0157,8432.17,459,High-quality cookware set suitable for Indian conditions.,Amazon
PRD-00784,Blender (Model K86),CAT-0157,14786.5,457,High-quality blender suitable for Indian conditions.,Amazon
PRD-00785,Vacuum Cleaner (Model W13),CAT-0157,6754.19,334,High-quality vacuum cleaner suitable for Indian conditions.,Amazon
PRD-00786,Cookware Set (Model T65),CAT-0158,2778.0,51,High-quality cookware set suitable for Indian conditions.,Amazon
PRD-00787,Bedsheet (Model G34),CAT-0158,6434.56,283,High-quality bedsheet suitable for Indian conditions.,Amazon
PRD-00788,Bedsheet (Model V46),CAT-0158,4812.31,49,High-quality bedsheet suitable for Indian conditions.,Amazon
PRD-00789,Blender (Model M83),CAT-0158,8470.11,251,High-quality blender suitable for Indian conditions.,Amazon
PRD-00790,Cookware Set (Model B56),CAT-0158,555.33,44,High-quality cookware set suitable for Indian conditions.,Amazon
PRD-00791,Bedsheet (Model V90),CAT-0159,9203.13,102,High-quality bedsheet suitable for Indian conditions.,Amazon
PRD-00792,Blender (Model A36),CAT-0159,2977.07,149,High-quality blender suitable for Indian conditions.,Amazon
PRD-00793,Blender (Model P24),CAT-0159,4971.12,203,High-quality blender suitable for Indian conditions.,Amazon
PRD-00794,Vacuum Cleaner (Model P94),CAT-0159,4342.56,328,High-quality vacuum cleaner suitable for Indian conditions.,Amazon
PRD-00795,Vacuum Cleaner (Model F57),CAT-0159,13339.64,189,High-quality vacuum cleaner suitable for Indian conditions.,Amazon
PRD-00796,Cookware Set (Model O15),CAT-0160,4317.79,238,High-quality cookware set suitable for Indian conditions.,Amazon
PRD-00797,Bedsheet (Model H44),CAT-0160,8681.58,77,High-quality bedsheet suitable for Indian conditions.,Amazon
PRD-00798,Blender (Model C95),CAT-0160,5484.98,277,High-quality blender suitable for Indian conditions.,Amazon
PRD-00799,Vacuum Cleaner (Model Y85),CAT-0160,3798.94,31,High-quality vacuum cleaner suitable for Indian conditions.,Amazon
PRD-00800,Vacuum Cleaner (Model Q63),CAT-0160,14501.6,351,High-quality vacuum cleaner suitable for Indian conditions.,Amazon
PRD-00801,Vacuum Cleaner (Model S40),CAT-0161,7405.8,40,High-quality vacuum cleaner suitable for Indian conditions.,Amazon
PRD-00802,Vacuum Cleaner (Model W14),CAT-0161,7780.47,461,High-quality vacuum cleaner suitable for Indian conditions.,Amazon
PRD-00803,Cookware Set (Model D67),CAT-0161,3006.75,85,High-quality cookware set suitable for Indian conditions.,Amazon
PRD-00804,Cookware Set (Model Z34),CAT-0161,2329.7,216,High-quality cookware set suitable for Indian conditions.,Amazon
PRD-00805,Blender (Model V65),CAT-0161,3427.83,421,High-quality blender suitable for Indian conditions.,Amazon
PRD-00806,Cookware Set (Model T43),CAT-0162,5136.37,372,High-quality cookware set suitable for Indian conditions.,Amazon
PRD-00807,Blender (Model C59),CAT-0162,8567.28,282,High-quality blender suitable for Indian conditions.,Amazon
PRD-00808,Bedsheet (Model I76),CAT-0162,7143.28,447,High-quality bedsheet suitable for Indian conditions.,Amazon
PRD-00809,Blender (Model Z99),CAT-0162,9534.34,267,High-quality blender suitable for Indian conditions.,Amazon
PRD-00810,Vacuum Cleaner (Model D63),CAT-0162,2669.81,290,High-quality vacuum cleaner suitable for Indian conditions.,Amazon
PRD-00811,Blender (Model D82),CAT-0163,11803.4,402,High-quality blender suitable for Indian conditions.,Amazon
PRD-00812,Bedsheet (Model R54),CAT-0163,13229.46,135,High-quality bedsheet suitable for Indian conditions.,Amazon
PRD-00813,Vacuum Cleaner (Model U72),CAT-0163,8794.34,242,High-quality vacuum cleaner suitable for Indian conditions.,Amazon
PRD-00814,Blender (Model F45),CAT-0163,6343.12,316,High-quality blender suitable for Indian conditions.,Amazon
PRD-00815,Vacuum Cleaner (Model B60),CAT-0163,13398.83,169,High-quality vacuum cleaner suitable for Indian conditions.,Amazon
PRD-00816,Cookware Set (Model B70),CAT-0164,13852.11,459,High-quality cookware set suitable for Indian conditions.,Amazon
PRD-00817,Bedsheet (Model A53),CAT-0164,12352.1,155,High-quality bedsheet suitable for Indian conditions.,Amazon
PRD-00818,Bedsheet (Model I72),CAT-0164,12944.4,350,High-quality bedsheet suitable for Indian conditions.,Amazon
PRD-00819,Blender (Model H27),CAT-0164,4856.97,380,High-quality blender suitable for Indian conditions.,Amazon
PRD-00820,Vacuum Cleaner (Model Y51),CAT-0164,4406.59,213,High-quality vacuum cleaner suitable for Indian conditions.,Amazon
PRD-00821,Blender (Model G66),CAT-0165,3565.16,421,High-quality blender suitable for Indian conditions.,Amazon
PRD-00822,Vacuum Cleaner (Model X72),CAT-0165,11512.65,444,High-quality vacuum cleaner suitable for Indian conditions.,Amazon
PRD-00823,Bedsheet (Model B75),CAT-0165,11976.61,33,High-quality bedsheet suitable for Indian conditions.,Amazon
PRD-00824,Bedsheet (Model W74),CAT-0165,6349.08,399,High-quality bedsheet suitable for Indian conditions.,Amazon
PRD-00825,Blender (Model F34),CAT-0165,13190.12,102,High-quality blender suitable for Indian conditions.,Amazon
PRD-00826,Blender (Model H14),CAT-0166,7118.51,470,High-quality blender suitable for Indian conditions.,Amazon
PRD-00827,Bedsheet (Model W35),CAT-0166,4472.67,421,High-quality bedsheet suitable for Indian conditions.,Amazon
PRD-00828,Vacuum Cleaner (Model Q60),CAT-0166,9713.44,63,High-quality vacuum cleaner suitable for Indian conditions.,Amazon
PRD-00829,Blender (Model H57),CAT-0166,7587.41,228,High-quality blender suitable for Indian conditions.,Amazon
PRD-00830,Cookware Set (Model P85),CAT-0166,8494.34,176,High-quality cookware set suitable for Indian conditions.,Amazon
PRD-00831,Cookware Set (Model I98),CAT-0167,1810.68,14,High-quality cookware set suitable for Indian conditions.,Amazon
PRD-00832,Vacuum Cleaner (Model B30),CAT-0167,12880.41,399,High-quality vacuum cleaner suitable for Indian conditions.,Amazon
PRD-00833,Cookware Set (Model H92),CAT-0167,3764.12,105,High-quality cookware set suitable for Indian conditions.,Amazon
PRD-00834,Bedsheet (Model U62),CAT-0167,7942.58,442,High-quality bedsheet suitable for Indian conditions.,Amazon
PRD-00835,Blender (Model P26),CAT-0167,9886.89,307,High-quality blender suitable for Indian conditions.,Amazon
PRD-00836,Blender (Model H42),CAT-0168,9320.99,482,High-quality blender suitable for Indian conditions.,Amazon
PRD-00837,Bedsheet (Model W92),CAT-0168,4492.99,458,High-quality bedsheet suitable for Indian conditions.,Amazon
PRD-00838,Vacuum Cleaner (Model L68),CAT-0168,4153.98,238,High-quality vacuum cleaner suitable for Indian conditions.,Amazon
PRD-00839,Bedsheet (Model V76),CAT-0168,12452.51,203,High-quality bedsheet suitable for Indian conditions.,Amazon
PRD-00840,Blender (Model A75),CAT-0168,14991.73,494,High-quality blender suitable for Indian conditions.,Amazon
PRD-00841,Bedsheet (Model R92),CAT-0169,9109.7,144,High-quality bedsheet suitable for Indian conditions.,Amazon
PRD-00842,Bedsheet (Model V23),CAT-0169,7485.21,172,High-quality bedsheet suitable for Indian conditions.,Amazon
PRD-00843,Bedsheet (Model U51),CAT-0169,12991.63,133,High-quality bedsheet suitable for Indian conditions.,Amazon
PRD-00844,Bedsheet (Model G29),CAT-0169,8000.76,123,High-quality bedsheet suitable for Indian conditions.,Amazon
PRD-00845,Blender (Model Z86),CAT-0169,6359.43,163,High-quality blender suitable for Indian conditions.,Amazon
PRD-00846,Cookware Set (Model X13),CAT-0170,10003.31,151,High-quality cookware set suitable for Indian conditions.,Amazon
PRD-00847,Bedsheet (Model N61),CAT-0170,6129.99,18,High-quality bedsheet suitable for Indian conditions.,Amazon
PRD-00848,Cookware Set (Model K38),CAT-0170,10451.61,326,High-quality cookware set suitable for Indian conditions.,Amazon
PRD-00849,Vacuum Cleaner (Model V55),CAT-0170,7856.07,432,High-quality vacuum cleaner suitable for Indian conditions.,Amazon
PRD-00850,Cookware Set (Model V81),CAT-0170,3126.47,49,High-quality cookware set suitable for Indian conditions.,Amazon
PRD-00851,Vacuum Cleaner (Model E43),CAT-0171,11015.21,286,High-quality vacuum cleaner suitable for Indian conditions.,Amazon
PRD-00852,Cookware Set (Model V52),CAT-0171,9989.3,113,High-quality cookware set suitable for Indian conditions.,Amazon
PRD-00853,Bedsheet (Model H49),CAT-0171,6596.85,454,High-quality bedsheet suitable for Indian conditions.,Amazon
PRD-00854,Bedsheet (Model L43),CAT-0171,8990.78,237,High-quality bedsheet suitable for Indian conditions.,Amazon
PRD-00855,Blender (Model P16),CAT-0171,13062.7,298,High-quality blender suitable for Indian conditions.,Amazon
PRD-00856,Blender (Model P34),CAT-0172,7756.92,444,High-quality blender suitable for Indian conditions.,Amazon
PRD-00857,Vacuum Cleaner (Model Q48),CAT-0172,6490.06,445,High-quality vacuum cleaner suitable for Indian conditions.,Amazon
PRD-00858,Cookware Set (Model E35),CAT-0172,5468.71,291,High-quality cookware set suitable for Indian conditions.,Amazon
PRD-00859,Vacuum Cleaner (Model E50),CAT-0172,13004.71,92,High-quality vacuum cleaner suitable for Indian conditions.,Amazon
PRD-00860,Blender (Model P52),CAT-0172,9649.98,90,High-quality blender suitable for Indian conditions.,Amazon
PRD-00861,Bedsheet (Model U17),CAT-0173,568.35,140,High-quality bedsheet suitable for Indian conditions.,Amazon
PRD-00862,Cookware Set (Model Y31),CAT-0173,8856.04,81,High-quality cookware set suitable for Indian conditions.,Amazon
PRD-00863,Vacuum Cleaner (Model Z21),CAT-0173,2376.39,222,High-quality vacuum cleaner suitable for Indian conditions.,Amazon
PRD-00864,Vacuum Cleaner (Model M64),CAT-0173,14497.25,196,High-quality vacuum cleaner suitable for Indian conditions.,Amazon
PRD-00865,Blender (Model B78),CAT-0173,3391.51,191,High-quality blender suitable for Indian conditions.,Amazon
PRD-00866,Blender (Model K77),CAT-0174,3263.36,346,High-quality blender suitable for Indian conditions.,Amazon
PRD-00867,Blender (Model U41),CAT-0174,3780.85,449,High-quality blender suitable for Indian conditions.,Amazon
PRD-00868,Bedsheet (Model J26),CAT-0174,1989.27,257,High-quality bedsheet suitable for Indian conditions.,Amazon
PRD-00869,Bedsheet (Model F18),CAT-0174,12445.74,152,High-quality bedsheet suitable for Indian conditions.,Amazon
PRD-00870,Bedsheet (Model O76),CAT-0174,9147.36,172,High-quality bedsheet suitable for Indian conditions.,Amazon
PRD-00871,Vacuum Cleaner (Model V27),CAT-0175,5469.63,461,High-quality vacuum cleaner suitable for Indian conditions.,Amazon
PRD-00872,Vacuum Cleaner (Model L34),CAT-0175,2890.81,464,High-quality vacuum cleaner suitable for Indian conditions.,Amazon
PRD-00873,Vacuum Cleaner (Model A39),CAT-0175,3752.66,67,High-quality vacuum cleaner suitable for Indian conditions.,Amazon
PRD-00874,Cookware Set (Model X12),CAT-0175,9050.55,86,High-quality cookware set suitable for Indian conditions.,Amazon
PRD-00875,Blender (Model L93),CAT-0175,11985.84,192,High-quality blender suitable for Indian conditions.,Amazon
PRD-00876,Bedsheet (Model Y78),CAT-0176,9535.45,304,High-quality bedsheet suitable for Indian conditions.,Amazon
PRD-00877,Blender (Model V23),CAT-0176,9976.73,10,High-quality blender suitable for Indian conditions.,Amazon
PRD-00878,Blender (Model W24),CAT-0176,6543.25,194,High-quality blender suitable for Indian conditions.,Amazon
PRD-00879,Blender (Model R42),CAT-0176,7378.75,78,High-quality blender suitable for Indian conditions.,Amazon
PRD-00880,Cookware Set (Model W97),CAT-0176,9639.51,154,High-quality cookware set suitable for Indian conditions.,Amazon
PRD-00881,Vacuum Cleaner (Model V22),CAT-0177,10106.0,138,High-quality vacuum cleaner suitable for Indian conditions.,Amazon
PRD-00882,Cookware Set (Model N23),CAT-0177,7917.98,316,High-quality cookware set suitable for Indian conditions.,Amazon
PRD-00883,Blender (Model J24),CAT-0177,11879.02,254,High-quality blender suitable for Indian conditions.,Amazon
PRD-00884,Cookware Set (Model T35),CAT-0177,11780.4,425,High-quality cookware set suitable for Indian conditions.,Amazon
PRD-00885,Cookware Set (Model L62),CAT-0177,4782.59,20,High-quality cookware set suitable for Indian conditions.,Amazon
PRD-00886,Vacuum Cleaner (Model G98),CAT-0178,14030.3,169,High-quality vacuum cleaner suitable for Indian conditions.,Amazon
PRD-00887,Cookware Set (Model A11),CAT-0178,10238.68,464,High-quality cookware set suitable for Indian conditions.,Amazon
PRD-00888,Blender (Model S95),CAT-0178,7664.51,486,High-quality blender suitable for Indian conditions.,Amazon
PRD-00889,Blender (Model Y75),CAT-0178,1588.2,370,High-quality blender suitable for Indian conditions.,Amazon
PRD-00890,Blender (Model I92),CAT-0178,3851.82,500,High-quality blender suitable for Indian conditions.,Amazon
PRD-00891,Bedsheet (Model I69),CAT-0179,1226.16,416,High-quality bedsheet suitable for Indian conditions.,Amazon
PRD-00892,Cookware Set (Model B47),CAT-0179,5723.11,346,High-quality cookware set suitable for Indian conditions.,Amazon
PRD-00893,Bedsheet (Model N24),CAT-0179,1877.48,388,High-quality bedsheet suitable for Indian conditions.,Amazon
PRD-00894,Blender (Model A27),CAT-0179,10118.65,87,High-quality blender suitable for Indian conditions.,Amazon
PRD-00895,Bedsheet (Model L66),CAT-0179,14348.79,137,High-quality bedsheet suitable for Indian conditions.,Amazon
PRD-00896,Blender (Model L53),CAT-0180,3151.61,205,High-quality blender suitable for Indian conditions.,Amazon
PRD-00897,Vacuum Cleaner (Model O44),CAT-0180,12617.77,353,High-quality vacuum cleaner suitable for Indian conditions.,Amazon
PRD-00898,Vacuum Cleaner (Model Z63),CAT-0180,9908.27,408,High-quality vacuum cleaner suitable for Indian conditions.,Amazon
PRD-00899,Cookware Set (Model D26),CAT-0180,10594.46,30,High-quality cookware set suitable for Indian conditions.,Amazon
PRD-00900,Cookware Set (Model D63),CAT-0180,13712.79,247,High-quality cookware set suitable for Indian conditions.,Amazon
PRD-00901,Vacuum Cleaner (Model F88),CAT-0181,6006.39,183,High-quality vacuum cleaner suitable for Indian conditions.,Amazon
PRD-00902,Blender (Model V26),CAT-0181,7504.66,249,High-quality blender suitable for Indian conditions.,Amazon
PRD-00903,Blender (Model N66),CAT-0181,1166.6,133,High-quality blender suitable for Indian conditions.,Amazon
PRD-00904,Bedsheet (Model A96),CAT-0181,8109.86,380,High-quality bedsheet suitable for Indian conditions.,Amazon
PRD-00905,Cookware Set (Model V53),CAT-0181,8026.95,352,High-quality cookware set suitable for Indian conditions.,Amazon
PRD-00906,Blender (Model N94),CAT-0182,11036.45,246,High-quality blender suitable for Indian conditions.,Amazon
PRD-00907,Bedsheet (Model V96),CAT-0182,9800.36,76,High-quality bedsheet suitable for Indian conditions.,Amazon
PRD-00908,Blender (Model A92),CAT-0182,14048.39,258,High-quality blender suitable for Indian conditions.,Amazon
PRD-00909,Vacuum Cleaner (Model P31),CAT-0182,1585.55,251,High-quality vacuum cleaner suitable for Indian conditions.,Amazon
PRD-00910,Bedsheet (Model H52),CAT-0182,14567.1,25,High-quality bedsheet suitable for Indian conditions.,Amazon
PRD-00911,Cookware Set (Model R92),CAT-0183,5990.25,418,High-quality cookware set suitable for Indian conditions.,Amazon
PRD-00912,Cookware Set (Model C68),CAT-0183,6940.74,293,High-quality cookware set suitable for Indian conditions.,Amazon
PRD-00913,Vacuum Cleaner (Model C73),CAT-0183,6982.49,60,High-quality vacuum cleaner suitable for Indian conditions.,Amazon
PRD-00914,Vacuum Cleaner (Model X93),CAT-0183,757.65,206,High-quality vacuum cleaner suitable for Indian conditions.,Amazon
PRD-00915,Vacuum Cleaner (Model B81),CAT-0183,8461.93,422,High-quality vacuum cleaner suitable for Indian conditions.,Amazon
PRD-00916,Blender (Model Z87),CAT-0184,14465.98,326,High-quality blender suitable for Indian conditions.,Amazon
PRD-00917,Bedsheet (Model Q81),CAT-0184,3499.34,343,High-quality bedsheet suitable for Indian conditions.,Amazon
PRD-00918,Vacuum Cleaner (Model K56),CAT-0184,12467.01,418,High-quality vacuum cleaner suitable for Indian conditions.,Amazon
PRD-00919,Cookware Set (Model O52),CAT-0184,8622.19,317,High-quality cookware set suitable for Indian conditions.,Amazon
PRD-00920,Vacuum Cleaner (Model W94),CAT-0184,5767.77,231,High-quality vacuum cleaner suitable for Indian conditions.,Amazon
PRD-00921,Blender (Model D94),CAT-0185,3715.33,174,High-quality blender suitable for Indian conditions.,Amazon
PRD-00922,Bedsheet (Model U47),CAT-0185,8441.51,191,High-quality bedsheet suitable for Indian conditions.,Amazon
PRD-00923,Blender (Model B31),CAT-0185,7640.12,420,High-quality blender suitable for Indian conditions.,Amazon
PRD-00924,Vacuum Cleaner (Model D42),CAT-0185,9357.35,96,High-quality vacuum cleaner suitable for Indian conditions.,Amazon
PRD-00925,Blender (Model M37),CAT-0185,7127.17,400,High-quality blender suitable for Indian conditions.,Amazon
PRD-00926,Cookware Set (Model W53),CAT-0186,2062.6,212,High-quality cookware set suitable for Indian conditions.,Amazon
PRD-00927,Blender (Model U96),CAT-0186,9037.76,395,High-quality blender suitable for Indian conditions.,Amazon
PRD-00928,Vacuum Cleaner (Model O94),CAT-0186,9045.08,258,High-quality vacuum cleaner suitable for Indian conditions.,Amazon
PRD-00929,Cookware Set (Model P10),CAT-0186,8190.28,24,High-quality cookware set suitable for Indian conditions.,Amazon
PRD-00930,Vacuum Cleaner (Model S71),CAT-0186,13903.38,399,High-quality vacuum cleaner suitable for Indian conditions.,Amazon
PRD-00931,Cookware Set (Model W84),CAT-0187,3017.93,417,High-quality cookware set suitable for Indian conditions.,Amazon
PRD-00932,Cookware Set (Model D59),CAT-0187,10034.07,310,High-quality cookware set suitable for Indian conditions.,Amazon
PRD-00933,Bedsheet (Model Q59),CAT-0187,6570.64,311,High-quality bedsheet suitable for Indian conditions.,Amazon
PRD-00934,Cookware Set (Model I60),CAT-0187,14472.11,496,High-quality cookware set suitable for Indian conditions.,Amazon
PRD-00935,Bedsheet (Model O27),CAT-0187,2503.61,308,High-quality bedsheet suitable for Indian conditions.,Amazon
PRD-00936,Bedsheet (Model W80),CAT-0188,12980.26,364,High-quality bedsheet suitable for Indian conditions.,Amazon
PRD-00937,Cookware Set (Model G36),CAT-0188,9550.43,148,High-quality cookware set suitable for Indian conditions.,Amazon
PRD-00938,Bedsheet (Model V26),CAT-0188,14729.36,332,High-quality bedsheet suitable for Indian conditions.,Amazon
PRD-00939,Cookware Set (Model Q79),CAT-0188,10567.52,165,High-quality cookware set suitable for Indian conditions.,Amazon
PRD-00940,Blender (Model Y55),CAT-0188,8653.06,298,High-quality blender suitable for Indian conditions.,Amazon
PRD-00941,Vacuum Cleaner (Model V78),CAT-0189,4645.96,433,High-quality vacuum cleaner suitable for Indian conditions.,Amazon
PRD-00942,Vacuum Cleaner (Model Z11),CAT-0189,8079.58,12,High-quality vacuum cleaner suitable for Indian conditions.,Amazon
PRD-00943,Vacuum Cleaner (Model E16),CAT-0189,10218.69,102,High-quality vacuum cleaner suitable for Indian conditions.,Amazon
PRD-00944,Bedsheet (Model Y30),CAT-0189,14761.22,349,High-quality bedsheet suitable for Indian conditions.,Amazon
PRD-00945,Bedsheet (Model E17),CAT-0189,10513.63,151,High-quality bedsheet suitable for Indian conditions.,Amazon
PRD-00946,Cookware Set (Model Y79),CAT-0190,968.44,416,High-quality cookware set suitable for Indian conditions.,Amazon
PRD-00947,Vacuum Cleaner (Model D88),CAT-0190,13086.51,378,High-quality vacuum cleaner suitable for Indian conditions.,Amazon
PRD-00948,Cookware Set (Model X92),CAT-0190,8638.42,121,High-quality cookware set suitable for Indian conditions.,Amazon
PRD-00949,Bedsheet (Model W95),CAT-0190,1181.21,195,High-quality bedsheet suitable for Indian conditions.,Amazon
PRD-00950,Vacuum Cleaner (Model N97),CAT-0190,5033.48,282,High-quality vacuum cleaner suitable for Indian conditions.,Amazon
PRD-00951,Blender (Model A42),CAT-0191,3444.76,444,High-quality blender suitable for Indian conditions.,Amazon
PRD-00952,Vacuum Cleaner (Model H91),CAT-0191,10717.12,331,High-quality vacuum cleaner suitable for Indian conditions.,Amazon
PRD-00953,Bedsheet (Model Y85),CAT-0191,8425.92,308,High-quality bedsheet suitable for Indian conditions.,Amazon
PRD-00954,Cookware Set (Model Y34),CAT-0191,4765.58,90,High-quality cookware set suitable for Indian conditions.,Amazon
PRD-00955,Blender (Model F32),CAT-0191,11158.65,61,High-quality blender suitable for Indian conditions.,Amazon
PRD-00956,Vacuum Cleaner (Model B64),CAT-0192,4547.13,135,High-quality vacuum cleaner suitable for Indian conditions.,Amazon
PRD-00957,Cookware Set (Model F84),CAT-0192,12767.21,2,High-quality cookware set suitable for Indian conditions.,Amazon
PRD-00958,Bedsheet (Model O29),CAT-0192,1079.14,475,High-quality bedsheet suitable for Indian conditions.,Amazon
PRD-00959,Bedsheet (Model T16),CAT-0192,11718.08,320,High-quality bedsheet suitable for Indian conditions.,Amazon
PRD-00960,Bedsheet (Model P83),CAT-0192,8477.32,37,High-quality bedsheet suitable for Indian conditions.,Amazon
PRD-00961,Bedsheet (Model Q38),CAT-0193,14376.32,266,High-quality bedsheet suitable for Indian conditions.,Amazon
PRD-00962,Blender (Model Z74),CAT-0193,2810.87,278,High-quality blender suitable for Indian conditions.,Amazon
PRD-00963,Vacuum Cleaner (Model C54),CAT-0193,3707.37,109,High-quality vacuum cleaner suitable for Indian conditions.,Amazon
PRD-00964,Bedsheet (Model K56),CAT-0193,4756.83,486,High-quality bedsheet suitable for Indian conditions.,Amazon
PRD-00965,Vacuum Cleaner (Model R93),CAT-0193,627.65,342,High-quality vacuum cleaner suitable for Indian conditions.,Amazon
PRD-00966,Bedsheet (Model O40),CAT-0194,13615.2,314,High-quality bedsheet suitable for Indian conditions.,Amazon
PRD-00967,Cookware Set (Model B97),CAT-0194,13342.07,195,High-quality cookware set suitable for Indian conditions.,Amazon
PRD-00968,Blender (Model M42),CAT-0194,8333.44,144,High-quality blender suitable for Indian conditions.,Amazon
PRD-00969,Blender (Model Q57),CAT-0194,7957.48,260,High-quality blender suitable for Indian conditions.,Amazon
PRD-00970,Vacuum Cleaner (Model P15),CAT-0194,4798.29,333,High-quality vacuum cleaner suitable for Indian conditions.,Amazon
PRD-00971,Cookware Set (Model K75),CAT-0195,1694.01,49,High-quality cookware set suitable for Indian conditions.,Amazon
PRD-00972,Cookware Set (Model Y78),CAT-0195,8231.48,320,High-quality cookware set suitable for Indian conditions.,Amazon
PRD-00973,Blender (Model G95),CAT-0195,9627.96,109,High-quality blender suitable for Indian conditions.,Amazon
PRD-00974,Vacuum Cleaner (Model D36),CAT-0195,8297.44,359,High-quality vacuum cleaner suitable for Indian conditions.,Amazon
PRD-00975,Vacuum Cleaner (Model U19),CAT-0195,11329.92,78,High-quality vacuum cleaner suitable for Indian conditions.,Amazon
PRD-00976,Blender (Model O52),CAT-0196,1049.35,37,High-quality blender suitable for Indian conditions.,Amazon
PRD-00977,Blender (Model F42),CAT-0196,8592.22,294,High-quality blender suitable for Indian conditions.,Amazon
PRD-00978,Cookware Set (Model I62),CAT-0196,6126.47,322,High-quality cookware set suitable for Indian conditions.,Amazon
PRD-00979,Vacuum Cleaner (Model N50),CAT-0196,744.92,344,High-quality vacuum cleaner suitable for Indian conditions.,Amazon
PRD-00980,Blender (Model R10),CAT-0196,9800.63,316,High-quality blender suitable for Indian conditions.,Amazon
PRD-00981,Blender (Model Y84),CAT-0197,1159.99,434,High-quality blender suitable for Indian conditions.,Amazon
PRD-00982,Blender (Model L74),CAT-0197,2038.97,402,High-quality blender suitable for Indian conditions.,Amazon
PRD-00983,Bedsheet (Model T21),CAT-0197,4582.0,474,High-quality bedsheet suitable for Indian conditions.,Amazon
PRD-00984,Vacuum Cleaner (Model M60),CAT-0197,12420.77,15,High-quality vacuum cleaner suitable for Indian conditions.,Amazon
PRD-00985,Vacuum Cleaner (Model F78),CAT-0197,3688.05,382,High-quality vacuum cleaner suitable for Indian conditions.,Amazon
PRD-00986,Vacuum Cleaner (Model Z79),CAT-0198,4777.19,324,High-quality vacuum cleaner suitable for Indian conditions.,Amazon
PRD-00987,Cookware Set (Model J96),CAT-0198,13361.18,494,High-quality cookware set suitable for Indian conditions.,Amazon
PRD-00988,Bedsheet (Model A80),CAT-0198,13184.12,72,High-quality bedsheet suitable for Indian conditions.,Amazon
PRD-00989,Blender (Model B10),CAT-0198,8804.42,201,High-quality blender suitable for Indian conditions.,Amazon
PRD-00990,Blender (Model J36),CAT-0198,11350.3,462,High-quality blender suitable for Indian conditions.,Amazon
PRD-00991,Bedsheet (Model G62),CAT-0199,13631.61,435,High-quality bedsheet suitable for Indian conditions.,Amazon
PRD-00992,Cookware Set (Model F33),CAT-0199,3701.43,427,High-quality cookware set suitable for Indian conditions.,Amazon
PRD-00993,Bedsheet (Model G24),CAT-0199,3129.69,409,High-quality bedsheet suitable for Indian conditions.,Amazon
PRD-00994,Blender (Model Y80),CAT-0199,7188.35,281,High-quality blender suitable for Indian conditions.,Amazon
PRD-00995,Blender (Model J95),CAT-0199,1476.76,50,High-quality blender suitable for Indian conditions.,Amazon
PRD-00996,Cookware Set (Model X84),CAT-0200,7564.26,169,High-quality cookware set suitable for Indian conditions.,Amazon
PRD-00997,Bedsheet (Model E95),CAT-0200,10004.36,51,High-quality bedsheet suitable for Indian conditions.,Amazon
PRD-00998,Bedsheet (Model T18),CAT-0200,13551.72,162,High-quality bedsheet suitable for Indian conditions.,Amazon
PRD-00999,Vacuum Cleaner (Model O52),CAT-0200,9436.97,156,High-quality vacuum cleaner suitable for Indian conditions.,Amazon
PRD-01000,Cookware Set (Model S82),CAT-0200,5785.15,161,High-quality cookware set suitable for Indian conditions.,Amazon
PRD-01001,Shampoo (Model F10),CAT-0201,886.05,402,High-quality shampoo suitable for Indian conditions.,Amazon
PRD-01002,Perfume (Model W92),CAT-0201,1174.89,430,High-quality perfume suitable for Indian conditions.,Amazon
PRD-01003,Lipstick (Model E96),CAT-0201,1872.49,449,High-quality lipstick suitable for Indian conditions.,Amazon
PRD-01004,Shampoo (Model O67),CAT-0201,993.04,156,High-quality shampoo suitable for Indian conditions.,Amazon
PRD-01005,Shampoo (Model R23),CAT-0201,563.06,310,High-quality shampoo suitable for Indian conditions.,Amazon
PRD-01006,Face Wash (Model I27),CAT-0202,2244.55,100,High-quality face wash suitable for Indian conditions.,Amazon
PRD-01007,Lipstick (Model X90),CAT-0202,329.69,38,High-quality lipstick suitable for Indian conditions.,Amazon
PRD-01008,Face Wash (Model Q90),CAT-0202,223.31,297,High-quality face wash suitable for Indian conditions.,Amazon
PRD-01009,Shampoo (Model Y85),CAT-0202,649.99,18,High-quality shampoo suitable for Indian conditions.,Amazon
PRD-01010,Lipstick (Model R79),CAT-0202,1259.44,396,High-quality lipstick suitable for Indian conditions.,Amazon
PRD-01011,Perfume (Model L60),CAT-0203,674.77,395,High-quality perfume suitable for Indian conditions.,Amazon
PRD-01012,Lipstick (Model E69),CAT-0203,1327.64,46,High-quality lipstick suitable for Indian conditions.,Amazon
PRD-01013,Shampoo (Model L74),CAT-0203,174.89,122,High-quality shampoo suitable for Indian conditions.,Amazon
PRD-01014,Perfume (Model Y75),CAT-0203,479.87,81,High-quality perfume suitable for Indian conditions.,Amazon
PRD-01015,Perfume (Model S82),CAT-0203,1699.62,495,High-quality perfume suitable for Indian conditions.,Amazon
PRD-01016,Perfume (Model X71),CAT-0204,2357.06,20,High-quality perfume suitable for Indian conditions.,Amazon
PRD-01017,Perfume (Model Y72),CAT-0204,694.61,135,High-quality perfume suitable for Indian conditions.,Amazon
PRD-01018,Lipstick (Model H15),CAT-0204,1721.18,265,High-quality lipstick suitable for Indian conditions.,Amazon
PRD-01019,Lipstick (Model M70),CAT-0204,2307.07,451,High-quality lipstick suitable for Indian conditions.,Amazon
PRD-01020,Face Wash (Model B93),CAT-0204,911.57,360,High-quality face wash suitable for Indian conditions.,Amazon
PRD-01021,Lipstick (Model X43),CAT-0205,1509.78,291,High-quality lipstick suitable for Indian conditions.,Amazon
PRD-01022,Perfume (Model M93),CAT-0205,1039.52,300,High-quality perfume suitable for Indian conditions.,Amazon
PRD-01023,Face Wash (Model Q42),CAT-0205,1034.37,464,High-quality face wash suitable for Indian conditions.,Amazon
PRD-01024,Perfume (Model Q61),CAT-0205,979.31,444,High-quality perfume suitable for Indian conditions.,Amazon
PRD-01025,Lipstick (Model P71),CAT-0205,2234.85,3,High-quality lipstick suitable for Indian conditions.,Amazon
PRD-01026,Perfume (Model O31),CAT-0206,690.48,263,High-quality perfume suitable for Indian conditions.,Amazon
PRD-01027,Lipstick (Model G29),CAT-0206,589.23,185,High-quality lipstick suitable for Indian conditions.,Amazon
PRD-01028,Face Wash (Model V39),CAT-0206,1124.34,169,High-quality face wash suitable for Indian conditions.,Amazon
PRD-01029,Face Wash (Model P96),CAT-0206,1275.21,107,High-quality face wash suitable for Indian conditions.,Amazon
PRD-01030,Perfume (Model U62),CAT-0206,202.75,22,High-quality perfume suitable for Indian conditions.,Amazon
PRD-01031,Perfume (Model S85),CAT-0207,528.65,322,High-quality perfume suitable for Indian conditions.,Amazon
PRD-01032,Face Wash (Model S28),CAT-0207,281.39,132,High-quality face wash suitable for Indian conditions.,Amazon
PRD-01033,Perfume (Model Q61),CAT-0207,1558.49,288,High-quality perfume suitable for Indian conditions.,Amazon
PRD-01034,Face Wash (Model X94),CAT-0207,2080.06,484,High-quality face wash suitable for Indian conditions.,Amazon
PRD-01035,Face Wash (Model G67),CAT-0207,1575.34,241,High-quality face wash suitable for Indian conditions.,Amazon
PRD-01036,Shampoo (Model F38),CAT-0208,2101.35,307,High-quality shampoo suitable for Indian conditions.,Amazon
PRD-01037,Perfume (Model Z84),CAT-0208,2078.06,93,High-quality perfume suitable for Indian conditions.,Amazon
PRD-01038,Lipstick (Model F97),CAT-0208,955.28,232,High-quality lipstick suitable for Indian conditions.,Amazon
PRD-01039,Face Wash (Model H58),CAT-0208,1055.84,55,High-quality face wash suitable for Indian conditions.,Amazon
PRD-01040,Face Wash (Model G76),CAT-0208,2170.04,258,High-quality face wash suitable for Indian conditions.,Amazon
PRD-01041,Shampoo (Model E87),CAT-0209,376.3,243,High-quality shampoo suitable for Indian conditions.,Amazon
PRD-01042,Face Wash (Model Z78),CAT-0209,1332.82,60,High-quality face wash suitable for Indian conditions.,Amazon
PRD-01043,Face Wash (Model P94),CAT-0209,456.27,308,High-quality face wash suitable for Indian conditions.,Amazon
PRD-01044,Face Wash (Model Y96),CAT-0209,1675.69,267,High-quality face wash suitable for Indian conditions.,Amazon
PRD-01045,Shampoo (Model L15),CAT-0209,1789.46,219,High-quality shampoo suitable for Indian conditions.,Amazon
PRD-01046,Perfume (Model Z71),CAT-0210,2005.46,195,High-quality perfume suitable for Indian conditions.,Amazon
PRD-01047,Lipstick (Model S99),CAT-0210,1503.88,217,High-quality lipstick suitable for Indian conditions.,Amazon
PRD-01048,Perfume (Model I71),CAT-0210,1949.77,465,High-quality perfume suitable for Indian conditions.,Amazon
PRD-01049,Face Wash (Model J86),CAT-0210,2210.4,209,High-quality face wash suitable for Indian conditions.,Amazon
PRD-01050,Lipstick (Model G10),CAT-0210,1816.5,404,High-quality lipstick suitable for Indian conditions.,Amazon
PRD-01051,Face Wash (Model S76),CAT-0211,426.9,3,High-quality face wash suitable for Indian conditions.,Amazon
PRD-01052,Shampoo (Model U36),CAT-0211,1766.25,161,High-quality shampoo suitable for Indian conditions.,Amazon
PRD-01053,Shampoo (Model L23),CAT-0211,513.73,333,High-quality shampoo suitable for Indian conditions.,Amazon
PRD-01054,Lipstick (Model I78),CAT-0211,1145.37,187,High-quality lipstick suitable for Indian conditions.,Amazon
PRD-01055,Lipstick (Model V60),CAT-0211,1924.18,211,High-quality lipstick suitable for Indian conditions.,Amazon
PRD-01056,Shampoo (Model F57),CAT-0212,1463.87,247,High-quality shampoo suitable for Indian conditions.,Amazon
PRD-01057,Lipstick (Model J83),CAT-0212,959.24,361,High-quality lipstick suitable for Indian conditions.,Amazon
PRD-01058,Shampoo (Model X27),CAT-0212,2159.25,337,High-quality shampoo suitable for Indian conditions.,Amazon
PRD-01059,Face Wash (Model X39),CAT-0212,1199.5,358,High-quality face wash suitable for Indian conditions.,Amazon
PRD-01060,Perfume (Model D37),CAT-0212,1344.61,402,High-quality perfume suitable for Indian conditions.,Amazon
PRD-01061,Lipstick (Model Z80),CAT-0213,1592.96,350,High-quality lipstick suitable for Indian conditions.,Amazon
PRD-01062,Face Wash (Model F59),CAT-0213,2416.74,2,High-quality face wash suitable for Indian conditions.,Amazon
PRD-01063,Face Wash (Model E70),CAT-0213,2325.78,222,High-quality face wash suitable for Indian conditions.,Amazon
PRD-01064,Face Wash (Model C43),CAT-0213,671.16,40,High-quality face wash suitable for Indian conditions.,Amazon
PRD-01065,Face Wash (Model X59),CAT-0213,2337.11,205,High-quality face wash suitable for Indian conditions.,Amazon
PRD-01066,Lipstick (Model W86),CAT-0214,285.04,396,High-quality lipstick suitable for Indian conditions.,Amazon
PRD-01067,Perfume (Model U73),CAT-0214,1181.58,103,High-quality perfume suitable for Indian conditions.,Amazon
PRD-01068,Lipstick (Model G14),CAT-0214,1992.3,261,High-quality lipstick suitable for Indian conditions.,Amazon
PRD-01069,Perfume (Model T31),CAT-0214,1733.96,184,High-quality perfume suitable for Indian conditions.,Amazon
PRD-01070,Perfume (Model U10),CAT-0214,2442.77,44,High-quality perfume suitable for Indian conditions.,Amazon
PRD-01071,Lipstick (Model Y61),CAT-0215,979.85,202,High-quality lipstick suitable for Indian conditions.,Amazon
PRD-01072,Shampoo (Model S35),CAT-0215,1366.7,377,High-quality shampoo suitable for Indian conditions.,Amazon
PRD-01073,Face Wash (Model C80),CAT-0215,818.56,424,High-quality face wash suitable for Indian conditions.,Amazon
PRD-01074,Lipstick (Model L45),CAT-0215,681.79,493,High-quality lipstick suitable for Indian conditions.,Amazon
PRD-01075,Perfume (Model O61),CAT-0215,1501.03,133,High-quality perfume suitable for Indian conditions.,Amazon
PRD-01076,Perfume (Model N74),CAT-0216,400.19,37,High-quality perfume suitable for Indian conditions.,Amazon
PRD-01077,Lipstick (Model K24),CAT-0216,2036.91,489,High-quality lipstick suitable for Indian conditions.,Amazon
PRD-01078,Lipstick (Model R83),CAT-0216,737.83,226,High-quality lipstick suitable for Indian conditions.,Amazon
PRD-01079,Shampoo (Model S71),CAT-0216,1959.42,387,High-quality shampoo suitable for Indian conditions.,Amazon
PRD-01080,Lipstick (Model Y68),CAT-0216,1751.75,459,High-quality lipstick suitable for Indian conditions.,Amazon
PRD-01081,Face Wash (Model P24),CAT-0217,755.88,195,High-quality face wash suitable for Indian conditions.,Amazon
PRD-01082,Perfume (Model V99),CAT-0217,690.34,161,High-quality perfume suitable for Indian conditions.,Amazon
PRD-01083,Shampoo (Model L76),CAT-0217,1408.78,358,High-quality shampoo suitable for Indian conditions.,Amazon
PRD-01084,Lipstick (Model H46),CAT-0217,368.57,344,High-quality lipstick suitable for Indian conditions.,Amazon
PRD-01085,Lipstick (Model C80),CAT-0217,2338.78,243,High-quality lipstick suitable for Indian conditions.,Amazon
PRD-01086,Lipstick (Model L37),CAT-0218,2251.64,137,High-quality lipstick suitable for Indian conditions.,Amazon
PRD-01087,Perfume (Model X97),CAT-0218,2336.1,97,High-quality perfume suitable for Indian conditions.,Amazon
PRD-01088,Shampoo (Model X35),CAT-0218,701.92,123,High-quality shampoo suitable for Indian conditions.,Amazon
PRD-01089,Lipstick (Model G39),CAT-0218,626.5,127,High-quality lipstick suitable for Indian conditions.,Amazon
PRD-01090,Lipstick (Model E23),CAT-0218,431.71,40,High-quality lipstick suitable for Indian conditions.,Amazon
PRD-01091,Shampoo (Model T10),CAT-0219,1945.97,277,High-quality shampoo suitable for Indian conditions.,Amazon
PRD-01092,Face Wash (Model P57),CAT-0219,1608.57,252,High-quality face wash suitable for Indian conditions.,Amazon
PRD-01093,Lipstick (Model P33),CAT-0219,2463.33,468,High-quality lipstick suitable for Indian conditions.,Amazon
PRD-01094,Lipstick (Model M38),CAT-0219,1912.9,65,High-quality lipstick suitable for Indian conditions.,Amazon
PRD-01095,Face Wash (Model Q64),CAT-0219,1274.05,276,High-quality face wash suitable for Indian conditions.,Amazon
PRD-01096,Face Wash (Model Q54),CAT-0220,1075.23,351,High-quality face wash suitable for Indian conditions.,Amazon
PRD-01097,Perfume (Model O25),CAT-0220,1790.87,235,High-quality perfume suitable for Indian conditions.,Amazon
PRD-01098,Lipstick (Model W11),CAT-0220,177.78,107,High-quality lipstick suitable for Indian conditions.,Amazon
PRD-01099,Shampoo (Model S22),CAT-0220,914.78,313,High-quality shampoo suitable for Indian conditions.,Amazon
PRD-01100,Lipstick (Model F80),CAT-0220,767.7,137,High-quality lipstick suitable for Indian conditions.,Amazon
PRD-01101,Shampoo (Model T53),CAT-0221,1009.92,255,High-quality shampoo suitable for Indian conditions.,Amazon
PRD-01102,Shampoo (Model G63),CAT-0221,1796.67,190,High-quality shampoo suitable for Indian conditions.,Amazon
PRD-01103,Lipstick (Model M45),CAT-0221,1209.21,292,High-quality lipstick suitable for Indian conditions.,Amazon
PRD-01104,Perfume (Model S97),CAT-0221,687.13,51,High-quality perfume suitable for Indian conditions.,Amazon
PRD-01105,Lipstick (Model Z40),CAT-0221,1455.05,438,High-quality lipstick suitable for Indian conditions.,Amazon
PRD-01106,Shampoo (Model G28),CAT-0222,2030.09,378,High-quality shampoo suitable for Indian conditions.,Amazon
PRD-01107,Perfume (Model P11),CAT-0222,565.03,255,High-quality perfume suitable for Indian conditions.,Amazon
PRD-01108,Perfume (Model U76),CAT-0222,1404.86,161,High-quality perfume suitable for Indian conditions.,Amazon
PRD-01109,Shampoo (Model J42),CAT-0222,1471.03,290,High-quality shampoo suitable for Indian conditions.,Amazon
PRD-01110,Face Wash (Model M22),CAT-0222,1772.78,30,High-quality face wash suitable for Indian conditions.,Amazon
PRD-01111,Perfume (Model I70),CAT-0223,2121.58,49,High-quality perfume suitable for Indian conditions.,Amazon
PRD-01112,Shampoo (Model X52),CAT-0223,760.46,184,High-quality shampoo suitable for Indian conditions.,Amazon
PRD-01113,Lipstick (Model L12),CAT-0223,1117.64,179,High-quality lipstick suitable for Indian conditions.,Amazon
PRD-01114,Perfume (Model S83),CAT-0223,1677.18,275,High-quality perfume suitable for Indian conditions.,Amazon
PRD-01115,Perfume (Model Y46),CAT-0223,984.51,344,High-quality perfume suitable for Indian conditions.,Amazon
PRD-01116,Shampoo (Model Y67),CAT-0224,2240.64,195,High-quality shampoo suitable for Indian conditions.,Amazon
PRD-01117,Lipstick (Model O90),CAT-0224,2398.0,444,High-quality lipstick suitable for Indian conditions.,Amazon
PRD-01118,Perfume (Model U53),CAT-0224,1141.27,313,High-quality perfume suitable for Indian conditions.,Amazon
PRD-01119,Shampoo (Model C20),CAT-0224,530.7,116,High-quality shampoo suitable for Indian conditions.,Amazon
PRD-01120,Lipstick (Model K93),CAT-0224,834.69,136,High-quality lipstick suitable for Indian conditions.,Amazon
PRD-01121,Shampoo (Model I66),CAT-0225,1985.29,480,High-quality shampoo suitable for Indian conditions.,Amazon
PRD-01122,Lipstick (Model X85),CAT-0225,1374.2,230,High-quality lipstick suitable for Indian conditions.,Amazon
PRD-01123,Shampoo (Model F33),CAT-0225,2157.4,64,High-quality shampoo suitable for Indian conditions.,Amazon
PRD-01124,Perfume (Model V42),CAT-0225,2360.03,358,High-quality perfume suitable for Indian conditions.,Amazon
PRD-01125,Face Wash (Model G31),CAT-0225,1083.06,48,High-quality face wash suitable for Indian conditions.,Amazon
PRD-01126,Face Wash (Model P80),CAT-0226,276.49,394,High-quality face wash suitable for Indian conditions.,Amazon
PRD-01127,Shampoo (Model Q20),CAT-0226,394.23,316,High-quality shampoo suitable for Indian conditions.,Amazon
PRD-01128,Perfume (Model C93),CAT-0226,2339.24,199,High-quality perfume suitable for Indian conditions.,Amazon
PRD-01129,Lipstick (Model H41),CAT-0226,1883.34,226,High-quality lipstick suitable for Indian conditions.,Amazon
PRD-01130,Perfume (Model E77),CAT-0226,2120.52,14,High-quality perfume suitable for Indian conditions.,Amazon
PRD-01131,Face Wash (Model V55),CAT-0227,2171.87,166,High-quality face wash suitable for Indian conditions.,Amazon
PRD-01132,Shampoo (Model O79),CAT-0227,2346.92,280,High-quality shampoo suitable for Indian conditions.,Amazon
PRD-01133,Shampoo (Model E99),CAT-0227,1417.33,302,High-quality shampoo suitable for Indian conditions.,Amazon
PRD-01134,Shampoo (Model U91),CAT-0227,2211.64,222,High-quality shampoo suitable for Indian conditions.,Amazon
PRD-01135,Lipstick (Model L71),CAT-0227,1418.22,412,High-quality lipstick suitable for Indian conditions.,Amazon
PRD-01136,Face Wash (Model O49),CAT-0228,1009.59,133,High-quality face wash suitable for Indian conditions.,Amazon
PRD-01137,Perfume (Model J11),CAT-0228,150.22,417,High-quality perfume suitable for Indian conditions.,Amazon
PRD-01138,Perfume (Model L46),CAT-0228,1252.62,4,High-quality perfume suitable for Indian conditions.,Amazon
PRD-01139,Shampoo (Model Y71),CAT-0228,854.08,392,High-quality shampoo suitable for Indian conditions.,Amazon
PRD-01140,Shampoo (Model Z47),CAT-0228,1552.96,407,High-quality shampoo suitable for Indian conditions.,Amazon
PRD-01141,Face Wash (Model R57),CAT-0229,593.14,451,High-quality face wash suitable for Indian conditions.,Amazon
PRD-01142,Shampoo (Model M41),CAT-0229,533.68,377,High-quality shampoo suitable for Indian conditions.,Amazon
PRD-01143,Shampoo (Model M38),CAT-0229,768.0,216,High-quality shampoo suitable for Indian conditions.,Amazon
PRD-01144,Perfume (Model Q88),CAT-0229,2047.8,350,High-quality perfume suitable for Indian conditions.,Amazon
PRD-01145,Lipstick (Model J93),CAT-0229,1895.88,414,High-quality lipstick suitable for Indian conditions.,Amazon
PRD-01146,Lipstick (Model N34),CAT-0230,2155.68,93,High-quality lipstick suitable for Indian conditions.,Amazon
PRD-01147,Perfume (Model J24),CAT-0230,1646.7,316,High-quality perfume suitable for Indian conditions.,Amazon
PRD-01148,Shampoo (Model I99),CAT-0230,1613.47,96,High-quality shampoo suitable for Indian conditions.,Amazon
PRD-01149,Lipstick (Model A29),CAT-0230,266.64,273,High-quality lipstick suitable for Indian conditions.,Amazon
PRD-01150,Face Wash (Model F23),CAT-0230,812.97,64,High-quality face wash suitable for Indian conditions.,Amazon
PRD-01151,Shampoo (Model X11),CAT-0231,697.1,77,High-quality shampoo suitable for Indian conditions.,Amazon
PRD-01152,Face Wash (Model P37),CAT-0231,953.5,159,High-quality face wash suitable for Indian conditions.,Amazon
PRD-01153,Shampoo (Model L69),CAT-0231,1787.8,16,High-quality shampoo suitable for Indian conditions.,Amazon
PRD-01154,Lipstick (Model C28),CAT-0231,281.69,397,High-quality lipstick suitable for Indian conditions.,Amazon
PRD-01155,Shampoo (Model C79),CAT-0231,1254.84,98,High-quality shampoo suitable for Indian conditions.,Amazon
PRD-01156,Lipstick (Model M11),CAT-0232,436.61,393,High-quality lipstick suitable for Indian conditions.,Amazon
PRD-01157,Perfume (Model M66),CAT-0232,730.83,17,High-quality perfume suitable for Indian conditions.,Amazon
PRD-01158,Perfume (Model O22),CAT-0232,1374.68,106,High-quality perfume suitable for Indian conditions.,Amazon
PRD-01159,Shampoo (Model M97),CAT-0232,2408.85,479,High-quality shampoo suitable for Indian conditions.,Amazon
PRD-01160,Lipstick (Model F90),CAT-0232,1861.36,381,High-quality lipstick suitable for Indian conditions.,Amazon
PRD-01161,Face Wash (Model I71),CAT-0233,1650.52,101,High-quality face wash suitable for Indian conditions.,Amazon
PRD-01162,Lipstick (Model B95),CAT-0233,661.8,57,High-quality lipstick suitable for Indian conditions.,Amazon
PRD-01163,Perfume (Model U65),CAT-0233,912.61,85,High-quality perfume suitable for Indian conditions.,Amazon
PRD-01164,Lipstick (Model S25),CAT-0233,1080.15,124,High-quality lipstick suitable for Indian conditions.,Amazon
PRD-01165,Face Wash (Model B84),CAT-0233,1991.17,243,High-quality face wash suitable for Indian conditions.,Amazon
PRD-01166,Perfume (Model L21),CAT-0234,734.5,255,High-quality perfume suitable for Indian conditions.,Amazon
PRD-01167,Face Wash (Model V89),CAT-0234,945.29,496,High-quality face wash suitable for Indian conditions.,Amazon
PRD-01168,Face Wash (Model B55),CAT-0234,1664.75,359,High-quality face wash suitable for Indian conditions.,Amazon
PRD-01169,Face Wash (Model E72),CAT-0234,696.79,285,High-quality face wash suitable for Indian conditions.,Amazon
PRD-01170,Lipstick (Model Z66),CAT-0234,1872.99,10,High-quality lipstick suitable for Indian conditions.,Amazon
PRD-01171,Shampoo (Model L27),CAT-0235,739.14,20,High-quality shampoo suitable for Indian conditions.,Amazon
PRD-01172,Shampoo (Model W66),CAT-0235,1463.71,277,High-quality shampoo suitable for Indian conditions.,Amazon
PRD-01173,Shampoo (Model G82),CAT-0235,588.57,178,High-quality shampoo suitable for Indian conditions.,Amazon
PRD-01174,Lipstick (Model X69),CAT-0235,797.01,425,High-quality lipstick suitable for Indian conditions.,Amazon
PRD-01175,Perfume (Model C77),CAT-0235,514.31,151,High-quality perfume suitable for Indian conditions.,Amazon
PRD-01176,Lipstick (Model R56),CAT-0236,1217.09,397,High-quality lipstick suitable for Indian conditions.,Amazon
PRD-01177,Shampoo (Model X33),CAT-0236,2224.89,317,High-quality shampoo suitable for Indian conditions.,Amazon
PRD-01178,Lipstick (Model Y89),CAT-0236,711.15,369,High-quality lipstick suitable for Indian conditions.,Amazon
PRD-01179,Face Wash (Model V78),CAT-0236,2074.77,97,High-quality face wash suitable for Indian conditions.,Amazon
PRD-01180,Shampoo (Model Y80),CAT-0236,512.21,144,High-quality shampoo suitable for Indian conditions.,Amazon
PRD-01181,Lipstick (Model N92),CAT-0237,906.76,49,High-quality lipstick suitable for Indian conditions.,Amazon
PRD-01182,Face Wash (Model B26),CAT-0237,569.8,16,High-quality face wash suitable for Indian conditions.,Amazon
PRD-01183,Perfume (Model D72),CAT-0237,600.3,16,High-quality perfume suitable for Indian conditions.,Amazon
PRD-01184,Shampoo (Model V72),CAT-0237,1385.68,359,High-quality shampoo suitable for Indian conditions.,Amazon
PRD-01185,Lipstick (Model B56),CAT-0237,668.7,367,High-quality lipstick suitable for Indian conditions.,Amazon
PRD-01186,Face Wash (Model A36),CAT-0238,1691.01,475,High-quality face wash suitable for Indian conditions.,Amazon
PRD-01187,Face Wash (Model O91),CAT-0238,292.65,285,High-quality face wash suitable for Indian conditions.,Amazon
PRD-01188,Shampoo (Model L17),CAT-0238,2085.56,136,High-quality shampoo suitable for Indian conditions.,Amazon
PRD-01189,Face Wash (Model X19),CAT-0238,2110.97,39,High-quality face wash suitable for Indian conditions.,Amazon
PRD-01190,Perfume (Model Q22),CAT-0238,387.88,118,High-quality perfume suitable for Indian conditions.,Amazon
PRD-01191,Shampoo (Model G34),CAT-0239,1386.55,127,High-quality shampoo suitable for Indian conditions.,Amazon
PRD-01192,Perfume (Model R81),CAT-0239,1125.68,54,High-quality perfume suitable for Indian conditions.,Amazon
PRD-01193,Lipstick (Model V68),CAT-0239,1800.99,218,High-quality lipstick suitable for Indian conditions.,Amazon
PRD-01194,Face Wash (Model F33),CAT-0239,1442.42,258,High-quality face wash suitable for Indian conditions.,Amazon
PRD-01195,Lipstick (Model V30),CAT-0239,1404.67,307,High-quality lipstick suitable for Indian conditions.,Amazon
PRD-01196,Shampoo (Model L50),CAT-0240,1442.69,166,High-quality shampoo suitable for Indian conditions.,Amazon
PRD-01197,Lipstick (Model N91),CAT-0240,1161.88,371,High-quality lipstick suitable for Indian conditions.,Amazon
PRD-01198,Lipstick (Model T40),CAT-0240,1473.39,109,High-quality lipstick suitable for Indian conditions.,Amazon
PRD-01199,Shampoo (Model Y80),CAT-0240,2326.45,130,High-quality shampoo suitable for Indian conditions.,Amazon
PRD-01200,Lipstick (Model O67),CAT-0240,2405.59,0,High-quality lipstick suitable for Indian conditions.,Amazon
PRD-01201,Face Wash (Model J86),CAT-0241,188.31,69,High-quality face wash suitable for Indian conditions.,Amazon
PRD-01202,Lipstick (Model A48),CAT-0241,2463.33,109,High-quality lipstick suitable for Indian conditions.,Amazon
PRD-01203,Lipstick (Model A98),CAT-0241,2082.49,470,High-quality lipstick suitable for Indian conditions.,Amazon
PRD-01204,Perfume (Model D14),CAT-0241,1231.87,79,High-quality perfume suitable for Indian conditions.,Amazon
PRD-01205,Perfume (Model I56),CAT-0241,2240.62,127,High-quality perfume suitable for Indian conditions.,Amazon
PRD-01206,Perfume (Model I48),CAT-0242,365.98,204,High-quality perfume suitable for Indian conditions.,Amazon
PRD-01207,Perfume (Model X19),CAT-0242,1850.41,405,High-quality perfume suitable for Indian conditions.,Amazon
PRD-01208,Shampoo (Model F72),CAT-0242,2090.41,353,High-quality shampoo suitable for Indian conditions.,Amazon
PRD-01209,Face Wash (Model T92),CAT-0242,855.92,374,High-quality face wash suitable for Indian conditions.,Amazon
PRD-01210,Shampoo (Model C17),CAT-0242,2316.4,171,High-quality shampoo suitable for Indian conditions.,Amazon
PRD-01211,Lipstick (Model N63),CAT-0243,2336.08,61,High-quality lipstick suitable for Indian conditions.,Amazon
PRD-01212,Perfume (Model X93),CAT-0243,2146.27,475,High-quality perfume suitable for Indian conditions.,Amazon
PRD-01213,Face Wash (Model U90),CAT-0243,1048.84,156,High-quality face wash suitable for Indian conditions.,Amazon
PRD-01214,Face Wash (Model K79),CAT-0243,1477.55,167,High-quality face wash suitable for Indian conditions.,Amazon
PRD-01215,Perfume (Model E16),CAT-0243,1733.04,201,High-quality perfume suitable for Indian conditions.,Amazon
PRD-01216,Shampoo (Model Y86),CAT-0244,1501.85,46,High-quality shampoo suitable for Indian conditions.,Amazon
PRD-01217,Perfume (Model N47),CAT-0244,1997.97,75,High-quality perfume suitable for Indian conditions.,Amazon
PRD-01218,Perfume (Model K20),CAT-0244,1268.26,381,High-quality perfume suitable for Indian conditions.,Amazon
PRD-01219,Face Wash (Model R61),CAT-0244,767.01,204,High-quality face wash suitable for Indian conditions.,Amazon
PRD-01220,Shampoo (Model Y99),CAT-0244,456.38,69,High-quality shampoo suitable for Indian conditions.,Amazon
PRD-01221,Shampoo (Model R35),CAT-0245,1296.47,333,High-quality shampoo suitable for Indian conditions.,Amazon
PRD-01222,Perfume (Model R88),CAT-0245,2493.14,268,High-quality perfume suitable for Indian conditions.,Amazon
PRD-01223,Perfume (Model H19),CAT-0245,775.7,220,High-quality perfume suitable for Indian conditions.,Amazon
PRD-01224,Lipstick (Model V83),CAT-0245,360.55,343,High-quality lipstick suitable for Indian conditions.,Amazon
PRD-01225,Shampoo (Model N56),CAT-0245,968.52,164,High-quality shampoo suitable for Indian conditions.,Amazon
PRD-01226,Lipstick (Model T93),CAT-0246,206.89,156,High-quality lipstick suitable for Indian conditions.,Amazon
PRD-01227,Perfume (Model L88),CAT-0246,2080.72,411,High-quality perfume suitable for Indian conditions.,Amazon
PRD-01228,Shampoo (Model T28),CAT-0246,1185.09,473,High-quality shampoo suitable for Indian conditions.,Amazon
PRD-01229,Perfume (Model G97),CAT-0246,1028.48,387,High-quality perfume suitable for Indian conditions.,Amazon
PRD-01230,Face Wash (Model D16),CAT-0246,721.16,317,High-quality face wash suitable for Indian conditions.,Amazon
PRD-01231,Perfume (Model J11),CAT-0247,956.69,411,High-quality perfume suitable for Indian conditions.,Amazon
PRD-01232,Face Wash (Model J67),CAT-0247,1257.3,169,High-quality face wash suitable for Indian conditions.,Amazon
PRD-01233,Perfume (Model X78),CAT-0247,647.91,279,High-quality perfume suitable for Indian conditions.,Amazon
PRD-01234,Lipstick (Model R71),CAT-0247,1614.15,72,High-quality lipstick suitable for Indian conditions.,Amazon
PRD-01235,Face Wash (Model M84),CAT-0247,2279.19,269,High-quality face wash suitable for Indian conditions.,Amazon
PRD-01236,Face Wash (Model I31),CAT-0248,291.26,102,High-quality face wash suitable for Indian conditions.,Amazon
PRD-01237,Lipstick (Model B69),CAT-0248,1688.68,4,High-quality lipstick suitable for Indian conditions.,Amazon
PRD-01238,Face Wash (Model M94),CAT-0248,787.58,436,High-quality face wash suitable for Indian conditions.,Amazon
PRD-01239,Lipstick (Model D12),CAT-0248,837.36,452,High-quality lipstick suitable for Indian conditions.,Amazon
PRD-01240,Shampoo (Model H58),CAT-0248,1345.07,363,High-quality shampoo suitable for Indian conditions.,Amazon
PRD-01241,Face Wash (Model K72),CAT-0249,2186.92,272,High-quality face wash suitable for Indian conditions.,Amazon
PRD-01242,Face Wash (Model F35),CAT-0249,1326.53,234,High-quality face wash suitable for Indian conditions.,Amazon
PRD-01243,Face Wash (Model B41),CAT-0249,2317.33,156,High-quality face wash suitable for Indian conditions.,Amazon
PRD-01244,Lipstick (Model P60),CAT-0249,1899.32,9,High-quality lipstick suitable for Indian conditions.,Amazon
PRD-01245,Lipstick (Model V55),CAT-0249,985.14,154,High-quality lipstick suitable for Indian conditions.,Amazon
PRD-01246,Perfume (Model Q45),CAT-0250,2057.95,320,High-quality perfume suitable for Indian conditions.,Amazon
PRD-01247,Lipstick (Model M13),CAT-0250,2368.72,485,High-quality lipstick suitable for Indian conditions.,Amazon
PRD-01248,Lipstick (Model H29),CAT-0250,953.2,201,High-quality lipstick suitable for Indian conditions.,Amazon
PRD-01249,Perfume (Model C58),CAT-0250,1373.69,347,High-quality perfume suitable for Indian conditions.,Amazon
PRD-01250,Perfume (Model N40),CAT-0250,1496.31,218,High-quality perfume suitable for Indian conditions.,Amazon
PRD-01251,Dumbbells (Model T52),CAT-0251,4712.02,67,High-quality dumbbells suitable for Indian conditions.,Amazon
PRD-01252,Yoga Mat (Model U27),CAT-0251,5977.89,350,High-quality yoga mat suitable for Indian conditions.,Amazon
PRD-01253,Yoga Mat (Model E49),CAT-0251,7009.91,460,High-quality yoga mat suitable for Indian conditions.,Amazon
PRD-01254,Badminton Racket (Model E65),CAT-0251,9958.58,499,High-quality badminton racket suitable for Indian conditions.,Amazon
PRD-01255,Yoga Mat (Model U82),CAT-0251,9204.28,162,High-quality yoga mat suitable for Indian conditions.,Amazon
PRD-01256,Yoga Mat (Model R78),CAT-0252,9506.58,60,High-quality yoga mat suitable for Indian conditions.,Amazon
PRD-01257,Yoga Mat (Model K28),CAT-0252,7379.96,391,High-quality yoga mat suitable for Indian conditions.,Amazon
PRD-01258,Dumbbells (Model N62),CAT-0252,3312.14,381,High-quality dumbbells suitable for Indian conditions.,Amazon
PRD-01259,Badminton Racket (Model X45),CAT-0252,1858.79,96,High-quality badminton racket suitable for Indian conditions.,Amazon
PRD-01260,Yoga Mat (Model E33),CAT-0252,651.5,313,High-quality yoga mat suitable for Indian conditions.,Amazon
PRD-01261,Badminton Racket (Model I87),CAT-0253,5843.61,118,High-quality badminton racket suitable for Indian conditions.,Amazon
PRD-01262,Badminton Racket (Model H39),CAT-0253,6998.83,183,High-quality badminton racket suitable for Indian conditions.,Amazon
PRD-01263,Yoga Mat (Model W71),CAT-0253,1687.23,433,High-quality yoga mat suitable for Indian conditions.,Amazon
PRD-01264,Badminton Racket (Model P93),CAT-0253,3990.01,436,High-quality badminton racket suitable for Indian conditions.,Amazon
PRD-01265,Dumbbells (Model P70),CAT-0253,1720.12,98,High-quality dumbbells suitable for Indian conditions.,Amazon
PRD-01266,Yoga Mat (Model B62),CAT-0254,7739.57,7,High-quality yoga mat suitable for Indian conditions.,Amazon
PRD-01267,Dumbbells (Model N38),CAT-0254,7526.72,103,High-quality dumbbells suitable for Indian conditions.,Amazon
PRD-01268,Yoga Mat (Model C32),CAT-0254,9300.19,224,High-quality yoga mat suitable for Indian conditions.,Amazon
PRD-01269,Badminton Racket (Model P98),CAT-0254,3519.0,234,High-quality badminton racket suitable for Indian conditions.,Amazon
PRD-01270,Yoga Mat (Model N61),CAT-0254,7851.66,311,High-quality yoga mat suitable for Indian conditions.,Amazon
PRD-01271,Badminton Racket (Model M50),CAT-0255,4183.85,480,High-quality badminton racket suitable for Indian conditions.,Amazon
PRD-01272,Badminton Racket (Model S86),CAT-0255,5547.13,328,High-quality badminton racket suitable for Indian conditions.,Amazon
PRD-01273,Badminton Racket (Model Z14),CAT-0255,5398.23,231,High-quality badminton racket suitable for Indian conditions.,Amazon
PRD-01274,Dumbbells (Model B41),CAT-0255,5379.55,202,High-quality dumbbells suitable for Indian conditions.,Amazon
PRD-01275,Badminton Racket (Model B81),CAT-0255,4119.02,391,High-quality badminton racket suitable for Indian conditions.,Amazon
PRD-01276,Badminton Racket (Model B34),CAT-0256,3195.32,203,High-quality badminton racket suitable for Indian conditions.,Amazon
PRD-01277,Dumbbells (Model Y46),CAT-0256,4828.93,216,High-quality dumbbells suitable for Indian conditions.,Amazon
PRD-01278,Dumbbells (Model T16),CAT-0256,7023.55,462,High-quality dumbbells suitable for Indian conditions.,Amazon
PRD-01279,Yoga Mat (Model O92),CAT-0256,4736.3,369,High-quality yoga mat suitable for Indian conditions.,Amazon
PRD-01280,Badminton Racket (Model D33),CAT-0256,7875.82,480,High-quality badminton racket suitable for Indian conditions.,Amazon
PRD-01281,Badminton Racket (Model R27),CAT-0257,4173.44,165,High-quality badminton racket suitable for Indian conditions.,Amazon
PRD-01282,Dumbbells (Model A32),CAT-0257,4755.34,459,High-quality dumbbells suitable for Indian conditions.,Amazon
PRD-01283,Badminton Racket (Model G68),CAT-0257,1265.72,165,High-quality badminton racket suitable for Indian conditions.,Amazon
PRD-01284,Badminton Racket (Model U30),CAT-0257,7296.4,63,High-quality badminton racket suitable for Indian conditions.,Amazon
PRD-01285,Yoga Mat (Model D67),CAT-0257,6487.1,43,High-quality yoga mat suitable for Indian conditions.,Amazon
PRD-01286,Badminton Racket (Model W59),CAT-0258,7377.99,499,High-quality badminton racket suitable for Indian conditions.,Amazon
PRD-01287,Badminton Racket (Model T30),CAT-0258,4035.31,194,High-quality badminton racket suitable for Indian conditions.,Amazon
PRD-01288,Yoga Mat (Model Y31),CAT-0258,9157.63,289,High-quality yoga mat suitable for Indian conditions.,Amazon
PRD-01289,Badminton Racket (Model E30),CAT-0258,8740.66,91,High-quality badminton racket suitable for Indian conditions.,Amazon
PRD-01290,Badminton Racket (Model B63),CAT-0258,3357.4,373,High-quality badminton racket suitable for Indian conditions.,Amazon
PRD-01291,Dumbbells (Model J90),CAT-0259,2134.68,460,High-quality dumbbells suitable for Indian conditions.,Amazon
PRD-01292,Yoga Mat (Model G10),CAT-0259,6376.58,129,High-quality yoga mat suitable for Indian conditions.,Amazon
PRD-01293,Yoga Mat (Model O73),CAT-0259,8611.95,278,High-quality yoga mat suitable for Indian conditions.,Amazon
PRD-01294,Yoga Mat (Model T73),CAT-0259,2683.63,301,High-quality yoga mat suitable for Indian conditions.,Amazon
PRD-01295,Badminton Racket (Model P68),CAT-0259,4337.45,40,High-quality badminton racket suitable for Indian conditions.,Amazon
PRD-01296,Badminton Racket (Model T10),CAT-0260,2749.25,280,High-quality badminton racket suitable for Indian conditions.,Amazon
PRD-01297,Dumbbells (Model T90),CAT-0260,5752.47,422,High-quality dumbbells suitable for Indian conditions.,Amazon
PRD-01298,Yoga Mat (Model B33),CAT-0260,1823.26,334,High-quality yoga mat suitable for Indian conditions.,Amazon
PRD-01299,Dumbbells (Model B28),CAT-0260,8596.76,341,High-quality dumbbells suitable for Indian conditions.,Amazon
PRD-01300,Badminton Racket (Model T48),CAT-0260,3578.67,44,High-quality badminton racket suitable for Indian conditions.,Amazon
PRD-01301,Yoga Mat (Model D63),CAT-0261,9939.86,82,High-quality yoga mat suitable for Indian conditions.,Amazon
PRD-01302,Badminton Racket (Model J88),CAT-0261,6744.88,358,High-quality badminton racket suitable for Indian conditions.,Amazon
PRD-01303,Badminton Racket (Model S81),CAT-0261,2103.22,233,High-quality badminton racket suitable for Indian conditions.,Amazon
PRD-01304,Badminton Racket (Model S56),CAT-0261,9342.21,47,High-quality badminton racket suitable for Indian conditions.,Amazon
PRD-01305,Dumbbells (Model K57),CAT-0261,9016.29,419,High-quality dumbbells suitable for Indian conditions.,Amazon
PRD-01306,Yoga Mat (Model Y64),CAT-0262,8495.77,33,High-quality yoga mat suitable for Indian conditions.,Amazon
PRD-01307,Dumbbells (Model P27),CAT-0262,1571.42,440,High-quality dumbbells suitable for Indian conditions.,Amazon
PRD-01308,Dumbbells (Model K77),CAT-0262,4372.08,107,High-quality dumbbells suitable for Indian conditions.,Amazon
PRD-01309,Badminton Racket (Model G88),CAT-0262,958.57,292,High-quality badminton racket suitable for Indian conditions.,Amazon
PRD-01310,Badminton Racket (Model U77),CAT-0262,9877.02,247,High-quality badminton racket suitable for Indian conditions.,Amazon
PRD-01311,Badminton Racket (Model W87),CAT-0263,9365.36,361,High-quality badminton racket suitable for Indian conditions.,Amazon
PRD-01312,Dumbbells (Model N87),CAT-0263,8538.86,132,High-quality dumbbells suitable for Indian conditions.,Amazon
PRD-01313,Badminton Racket (Model S89),CAT-0263,3796.99,66,High-quality badminton racket suitable for Indian conditions.,Amazon
PRD-01314,Badminton Racket (Model S73),CAT-0263,5389.18,323,High-quality badminton racket suitable for Indian conditions.,Amazon
PRD-01315,Dumbbells (Model P33),CAT-0263,8883.17,119,High-quality dumbbells suitable for Indian conditions.,Amazon
PRD-01316,Badminton Racket (Model J34),CAT-0264,415.18,12,High-quality badminton racket suitable for Indian conditions.,Amazon
PRD-01317,Dumbbells (Model U25),CAT-0264,7479.7,106,High-quality dumbbells suitable for Indian conditions.,Amazon
PRD-01318,Badminton Racket (Model N62),CAT-0264,836.73,179,High-quality badminton racket suitable for Indian conditions.,Amazon
PRD-01319,Badminton Racket (Model Z91),CAT-0264,2438.44,327,High-quality badminton racket suitable for Indian conditions.,Amazon
PRD-01320,Yoga Mat (Model W46),CAT-0264,2842.41,34,High-quality yoga mat suitable for Indian conditions.,Amazon
PRD-01321,Dumbbells (Model J74),CAT-0265,5679.94,392,High-quality dumbbells suitable for Indian conditions.,Amazon
PRD-01322,Yoga Mat (Model D97),CAT-0265,3599.52,202,High-quality yoga mat suitable for Indian conditions.,Amazon
PRD-01323,Badminton Racket (Model S88),CAT-0265,9617.08,426,High-quality badminton racket suitable for Indian conditions.,Amazon
PRD-01324,Yoga Mat (Model G52),CAT-0265,8404.72,472,High-quality yoga mat suitable for Indian conditions.,Amazon
PRD-01325,Badminton Racket (Model P70),CAT-0265,8053.64,330,High-quality badminton racket suitable for Indian conditions.,Amazon
PRD-01326,Yoga Mat (Model P29),CAT-0266,6421.12,456,High-quality yoga mat suitable for Indian conditions.,Amazon
PRD-01327,Badminton Racket (Model K69),CAT-0266,7926.29,211,High-quality badminton racket suitable for Indian conditions.,Amazon
PRD-01328,Badminton Racket (Model B76),CAT-0266,3273.7,371,High-quality badminton racket suitable for Indian conditions.,Amazon
PRD-01329,Badminton Racket (Model K81),CAT-0266,5544.5,106,High-quality badminton racket suitable for Indian conditions.,Amazon
PRD-01330,Badminton Racket (Model V52),CAT-0266,8075.54,454,High-quality badminton racket suitable for Indian conditions.,Amazon
PRD-01331,Dumbbells (Model C29),CAT-0267,3092.42,15,High-quality dumbbells suitable for Indian conditions.,Amazon
PRD-01332,Dumbbells (Model M90),CAT-0267,5529.02,84,High-quality dumbbells suitable for Indian conditions.,Amazon
PRD-01333,Badminton Racket (Model T59),CAT-0267,2198.84,59,High-quality badminton racket suitable for Indian conditions.,Amazon
PRD-01334,Dumbbells (Model W50),CAT-0267,7214.46,139,High-quality dumbbells suitable for Indian conditions.,Amazon
PRD-01335,Dumbbells (Model C73),CAT-0267,8819.67,190,High-quality dumbbells suitable for Indian conditions.,Amazon
PRD-01336,Dumbbells (Model J37),CAT-0268,5440.96,89,High-quality dumbbells suitable for Indian conditions.,Amazon
PRD-01337,Yoga Mat (Model L14),CAT-0268,7866.79,467,High-quality yoga mat suitable for Indian conditions.,Amazon
PRD-01338,Yoga Mat (Model O74),CAT-0268,639.37,247,High-quality yoga mat suitable for Indian conditions.,Amazon
PRD-01339,Badminton Racket (Model E34),CAT-0268,3665.11,247,High-quality badminton racket suitable for Indian conditions.,Amazon
PRD-01340,Badminton Racket (Model Q49),CAT-0268,7845.12,73,High-quality badminton racket suitable for Indian conditions.,Amazon
PRD-01341,Yoga Mat (Model Q96),CAT-0269,9930.12,105,High-quality yoga mat suitable for Indian conditions.,Amazon
PRD-01342,Badminton Racket (Model B68),CAT-0269,4120.85,442,High-quality badminton racket suitable for Indian conditions.,Amazon
PRD-01343,Badminton Racket (Model D10),CAT-0269,3385.42,22,High-quality badminton racket suitable for Indian conditions.,Amazon
PRD-01344,Badminton Racket (Model T21),CAT-0269,3599.58,455,High-quality badminton racket suitable for Indian conditions.,Amazon
PRD-01345,Yoga Mat (Model D76),CAT-0269,7755.33,381,High-quality yoga mat suitable for Indian conditions.,Amazon
PRD-01346,Dumbbells (Model A83),CAT-0270,7681.54,327,High-quality dumbbells suitable for Indian conditions.,Amazon
PRD-01347,Yoga Mat (Model K35),CAT-0270,2248.44,141,High-quality yoga mat suitable for Indian conditions.,Amazon
PRD-01348,Badminton Racket (Model K66),CAT-0270,6842.79,139,High-quality badminton racket suitable for Indian conditions.,Amazon
PRD-01349,Yoga Mat (Model F45),CAT-0270,1498.82,490,High-quality yoga mat suitable for Indian conditions.,Amazon
PRD-01350,Badminton Racket (Model R75),CAT-0270,1382.8,277,High-quality badminton racket suitable for Indian conditions.,Amazon
PRD-01351,Dumbbells (Model R50),CAT-0271,3002.1,482,High-quality dumbbells suitable for Indian conditions.,Amazon
PRD-01352,Badminton Racket (Model Z46),CAT-0271,5911.2,87,High-quality badminton racket suitable for Indian conditions.,Amazon
PRD-01353,Yoga Mat (Model J88),CAT-0271,8965.53,276,High-quality yoga mat suitable for Indian conditions.,Amazon
PRD-01354,Dumbbells (Model B26),CAT-0271,678.33,462,High-quality dumbbells suitable for Indian conditions.,Amazon
PRD-01355,Badminton Racket (Model B23),CAT-0271,4082.56,44,High-quality badminton racket suitable for Indian conditions.,Amazon
PRD-01356,Dumbbells (Model M32),CAT-0272,7164.9,456,High-quality dumbbells suitable for Indian conditions.,Amazon
PRD-01357,Badminton Racket (Model U98),CAT-0272,7113.91,315,High-quality badminton racket suitable for Indian conditions.,Amazon
PRD-01358,Dumbbells (Model J52),CAT-0272,8247.44,365,High-quality dumbbells suitable for Indian conditions.,Amazon
PRD-01359,Badminton Racket (Model Z78),CAT-0272,1154.04,472,High-quality badminton racket suitable for Indian conditions.,Amazon
PRD-01360,Dumbbells (Model S26),CAT-0272,1292.0,410,High-quality dumbbells suitable for Indian conditions.,Amazon
PRD-01361,Badminton Racket (Model O22),CAT-0273,4773.61,350,High-quality badminton racket suitable for Indian conditions.,Amazon
PRD-01362,Badminton Racket (Model W69),CAT-0273,4917.24,485,High-quality badminton racket suitable for Indian conditions.,Amazon
PRD-01363,Yoga Mat (Model E88),CAT-0273,2877.31,186,High-quality yoga mat suitable for Indian conditions.,Amazon
PRD-01364,Dumbbells (Model F99),CAT-0273,9205.74,169,High-quality dumbbells suitable for Indian conditions.,Amazon
PRD-01365,Dumbbells (Model O72),CAT-0273,690.54,243,High-quality dumbbells suitable for Indian conditions.,Amazon
PRD-01366,Yoga Mat (Model L71),CAT-0274,4827.92,87,High-quality yoga mat suitable for Indian conditions.,Amazon
PRD-01367,Dumbbells (Model Y54),CAT-0274,6202.63,65,High-quality dumbbells suitable for Indian conditions.,Amazon
PRD-01368,Badminton Racket (Model D61),CAT-0274,8248.51,407,High-quality badminton racket suitable for Indian conditions.,Amazon
PRD-01369,Yoga Mat (Model K81),CAT-0274,6634.73,405,High-quality yoga mat suitable for Indian conditions.,Amazon
PRD-01370,Dumbbells (Model R69),CAT-0274,4247.84,211,High-quality dumbbells suitable for Indian conditions.,Amazon
PRD-01371,Yoga Mat (Model T41),CAT-0275,5660.31,498,High-quality yoga mat suitable for Indian conditions.,Amazon
PRD-01372,Dumbbells (Model M18),CAT-0275,3670.86,416,High-quality dumbbells suitable for Indian conditions.,Amazon
PRD-01373,Badminton Racket (Model S65),CAT-0275,7929.41,222,High-quality badminton racket suitable for Indian conditions.,Amazon
PRD-01374,Badminton Racket (Model Z53),CAT-0275,5627.46,120,High-quality badminton racket suitable for Indian conditions.,Amazon
PRD-01375,Yoga Mat (Model V95),CAT-0275,1147.79,476,High-quality yoga mat suitable for Indian conditions.,Amazon
PRD-01376,Badminton Racket (Model S72),CAT-0276,1497.5,305,High-quality badminton racket suitable for Indian conditions.,Amazon
PRD-01377,Dumbbells (Model K81),CAT-0276,1337.48,227,High-quality dumbbells suitable for Indian conditions.,Amazon
PRD-01378,Yoga Mat (Model J61),CAT-0276,1068.23,55,High-quality yoga mat suitable for Indian conditions.,Amazon
PRD-01379,Badminton Racket (Model T58),CAT-0276,3543.12,330,High-quality badminton racket suitable for Indian conditions.,Amazon
PRD-01380,Badminton Racket (Model B21),CAT-0276,2489.07,71,High-quality badminton racket suitable for Indian conditions.,Amazon
PRD-01381,Badminton Racket (Model Y91),CAT-0277,8174.46,387,High-quality badminton racket suitable for Indian conditions.,Amazon
PRD-01382,Yoga Mat (Model V29),CAT-0277,4748.55,149,High-quality yoga mat suitable for Indian conditions.,Amazon
PRD-01383,Dumbbells (Model T83),CAT-0277,4692.73,105,High-quality dumbbells suitable for Indian conditions.,Amazon
PRD-01384,Badminton Racket (Model K48),CAT-0277,5874.65,467,High-quality badminton racket suitable for Indian conditions.,Amazon
PRD-01385,Badminton Racket (Model J65),CAT-0277,7290.8,468,High-quality badminton racket suitable for Indian conditions.,Amazon
PRD-01386,Dumbbells (Model C84),CAT-0278,477.94,261,High-quality dumbbells suitable for Indian conditions.,Amazon
PRD-01387,Dumbbells (Model E47),CAT-0278,999.14,461,High-quality dumbbells suitable for Indian conditions.,Amazon
PRD-01388,Badminton Racket (Model B10),CAT-0278,7152.2,420,High-quality badminton racket suitable for Indian conditions.,Amazon
PRD-01389,Dumbbells (Model D46),CAT-0278,8710.52,120,High-quality dumbbells suitable for Indian conditions.,Amazon
PRD-01390,Dumbbells (Model W85),CAT-0278,4184.98,162,High-quality dumbbells suitable for Indian conditions.,Amazon
PRD-01391,Badminton Racket (Model M61),CAT-0279,4063.02,279,High-quality badminton racket suitable for Indian conditions.,Amazon
PRD-01392,Yoga Mat (Model V32),CAT-0279,4958.77,96,High-quality yoga mat suitable for Indian conditions.,Amazon
PRD-01393,Badminton Racket (Model M56),CAT-0279,8463.64,78,High-quality badminton racket suitable for Indian conditions.,Amazon
PRD-01394,Dumbbells (Model V26),CAT-0279,1689.06,36,High-quality dumbbells suitable for Indian conditions.,Amazon
PRD-01395,Badminton Racket (Model A28),CAT-0279,7324.86,249,High-quality badminton racket suitable for Indian conditions.,Amazon
PRD-01396,Badminton Racket (Model N27),CAT-0280,1212.77,328,High-quality badminton racket suitable for Indian conditions.,Amazon
PRD-01397,Dumbbells (Model O99),CAT-0280,6202.52,217,High-quality dumbbells suitable for Indian conditions.,Amazon
PRD-01398,Badminton Racket (Model F68),CAT-0280,5290.38,282,High-quality badminton racket suitable for Indian conditions.,Amazon
PRD-01399,Dumbbells (Model M55),CAT-0280,2567.11,217,High-quality dumbbells suitable for Indian conditions.,Amazon
PRD-01400,Badminton Racket (Model A83),CAT-0280,5182.31,374,High-quality badminton racket suitable for Indian conditions.,Amazon
PRD-01401,Yoga Mat (Model W74),CAT-0281,2984.8,474,High-quality yoga mat suitable for Indian conditions.,Amazon
PRD-01402,Badminton Racket (Model S56),CAT-0281,721.23,19,High-quality badminton racket suitable for Indian conditions.,Amazon
PRD-01403,Badminton Racket (Model P57),CAT-0281,1486.38,246,High-quality badminton racket suitable for Indian conditions.,Amazon
PRD-01404,Badminton Racket (Model C28),CAT-0281,7409.78,269,High-quality badminton racket suitable for Indian conditions.,Amazon
PRD-01405,Dumbbells (Model O76),CAT-0281,1151.05,455,High-quality dumbbells suitable for Indian conditions.,Amazon
PRD-01406,Badminton Racket (Model C41),CAT-0282,4935.54,379,High-quality badminton racket suitable for Indian conditions.,Amazon
PRD-01407,Badminton Racket (Model V19),CAT-0282,6967.11,276,High-quality badminton racket suitable for Indian conditions.,Amazon
PRD-01408,Badminton Racket (Model J88),CAT-0282,906.63,175,High-quality badminton racket suitable for Indian conditions.,Amazon
PRD-01409,Badminton Racket (Model Y11),CAT-0282,4901.14,262,High-quality badminton racket suitable for Indian conditions.,Amazon
PRD-01410,Dumbbells (Model S52),CAT-0282,4441.75,491,High-quality dumbbells suitable for Indian conditions.,Amazon
PRD-01411,Dumbbells (Model J31),CAT-0283,739.13,472,High-quality dumbbells suitable for Indian conditions.,Amazon
PRD-01412,Badminton Racket (Model X48),CAT-0283,7378.93,288,High-quality badminton racket suitable for Indian conditions.,Amazon
PRD-01413,Dumbbells (Model B90),CAT-0283,4942.34,86,High-quality dumbbells suitable for Indian conditions.,Amazon
PRD-01414,Badminton Racket (Model B94),CAT-0283,9907.5,414,High-quality badminton racket suitable for Indian conditions.,Amazon
PRD-01415,Badminton Racket (Model T13),CAT-0283,3153.43,42,High-quality badminton racket suitable for Indian conditions.,Amazon
PRD-01416,Yoga Mat (Model Q19),CAT-0284,8573.87,142,High-quality yoga mat suitable for Indian conditions.,Amazon
PRD-01417,Dumbbells (Model E88),CAT-0284,3097.33,439,High-quality dumbbells suitable for Indian conditions.,Amazon
PRD-01418,Dumbbells (Model A24),CAT-0284,6196.69,465,High-quality dumbbells suitable for Indian conditions.,Amazon
PRD-01419,Badminton Racket (Model X29),CAT-0284,6727.89,189,High-quality badminton racket suitable for Indian conditions.,Amazon
PRD-01420,Yoga Mat (Model I99),CAT-0284,2667.48,92,High-quality yoga mat suitable for Indian conditions.,Amazon
PRD-01421,Badminton Racket (Model B53),CAT-0285,9847.09,495,High-quality badminton racket suitable for Indian conditions.,Amazon
PRD-01422,Yoga Mat (Model T29),CAT-0285,8441.1,385,High-quality yoga mat suitable for Indian conditions.,Amazon
PRD-01423,Dumbbells (Model Y59),CAT-0285,2684.3,225,High-quality dumbbells suitable for Indian conditions.,Amazon
PRD-01424,Badminton Racket (Model U31),CAT-0285,2424.22,375,High-quality badminton racket suitable for Indian conditions.,Amazon
PRD-01425,Dumbbells (Model B92),CAT-0285,2938.2,419,High-quality dumbbells suitable for Indian conditions.,Amazon
PRD-01426,Yoga Mat (Model B31),CAT-0286,4854.54,243,High-quality yoga mat suitable for Indian conditions.,Amazon
PRD-01427,Dumbbells (Model P78),CAT-0286,2643.15,349,High-quality dumbbells suitable for Indian conditions.,Amazon
PRD-01428,Badminton Racket (Model M70),CAT-0286,2921.2,271,High-quality badminton racket suitable for Indian conditions.,Amazon
PRD-01429,Dumbbells (Model A46),CAT-0286,9301.34,229,High-quality dumbbells suitable for Indian conditions.,Amazon
PRD-01430,Dumbbells (Model V50),CAT-0286,9632.92,349,High-quality dumbbells suitable for Indian conditions.,Amazon
PRD-01431,Yoga Mat (Model D78),CAT-0287,6519.27,489,High-quality yoga mat suitable for Indian conditions.,Amazon
PRD-01432,Dumbbells (Model T93),CAT-0287,8640.21,171,High-quality dumbbells suitable for Indian conditions.,Amazon
PRD-01433,Dumbbells (Model I22),CAT-0287,2851.3,299,High-quality dumbbells suitable for Indian conditions.,Amazon
PRD-01434,Dumbbells (Model O96),CAT-0287,7591.27,375,High-quality dumbbells suitable for Indian conditions.,Amazon
PRD-01435,Badminton Racket (Model S34),CAT-0287,5391.54,346,High-quality badminton racket suitable for Indian conditions.,Amazon
PRD-01436,Badminton Racket (Model F50),CAT-0288,5657.08,344,High-quality badminton racket suitable for Indian conditions.,Amazon
PRD-01437,Yoga Mat (Model C11),CAT-0288,4347.99,268,High-quality yoga mat suitable for Indian conditions.,Amazon
PRD-01438,Yoga Mat (Model V67),CAT-0288,3774.56,371,High-quality yoga mat suitable for Indian conditions.,Amazon
PRD-01439,Dumbbells (Model I34),CAT-0288,726.8,317,High-quality dumbbells suitable for Indian conditions.,Amazon
PRD-01440,Yoga Mat (Model B86),CAT-0288,6703.41,427,High-quality yoga mat suitable for Indian conditions.,Amazon
PRD-01441,Yoga Mat (Model T91),CAT-0289,1569.19,490,High-quality yoga mat suitable for Indian conditions.,Amazon
PRD-01442,Yoga Mat (Model C87),CAT-0289,1647.11,336,High-quality yoga mat suitable for Indian conditions.,Amazon
PRD-01443,Badminton Racket (Model S33),CAT-0289,9001.62,356,High-quality badminton racket suitable for Indian conditions.,Amazon
PRD-01444,Yoga Mat (Model I47),CAT-0289,4882.77,479,High-quality yoga mat suitable for Indian conditions.,Amazon
PRD-01445,Yoga Mat (Model U68),CAT-0289,9257.88,141,High-quality yoga mat suitable for Indian conditions.,Amazon
PRD-01446,Dumbbells (Model W95),CAT-0290,7790.85,165,High-quality dumbbells suitable for Indian conditions.,Amazon
PRD-01447,Dumbbells (Model F19),CAT-0290,3061.96,31,High-quality dumbbells suitable for Indian conditions.,Amazon
PRD-01448,Dumbbells (Model M52),CAT-0290,9961.2,132,High-quality dumbbells suitable for Indian conditions.,Amazon
PRD-01449,Dumbbells (Model F66),CAT-0290,1066.23,475,High-quality dumbbells suitable for Indian conditions.,Amazon
PRD-01450,Yoga Mat (Model T60),CAT-0290,2113.04,251,High-quality yoga mat suitable for Indian conditions.,Amazon
PRD-01451,Yoga Mat (Model E79),CAT-0291,7779.59,111,High-quality yoga mat suitable for Indian conditions.,Amazon
PRD-01452,Badminton Racket (Model U23),CAT-0291,9161.05,366,High-quality badminton racket suitable for Indian conditions.,Amazon
PRD-01453,Dumbbells (Model D14),CAT-0291,1100.03,292,High-quality dumbbells suitable for Indian conditions.,Amazon
PRD-01454,Badminton Racket (Model I67),CAT-0291,580.14,254,High-quality badminton racket suitable for Indian conditions.,Amazon
PRD-01455,Yoga Mat (Model U91),CAT-0291,408.33,19,High-quality yoga mat suitable for Indian conditions.,Amazon
PRD-01456,Badminton Racket (Model M44),CAT-0292,1855.43,168,High-quality badminton racket suitable for Indian conditions.,Amazon
PRD-01457,Dumbbells (Model S10),CAT-0292,5347.68,481,High-quality dumbbells suitable for Indian conditions.,Amazon
PRD-01458,Dumbbells (Model P65),CAT-0292,4277.56,372,High-quality dumbbells suitable for Indian conditions.,Amazon
PRD-01459,Yoga Mat (Model R38),CAT-0292,431.75,488,High-quality yoga mat suitable for Indian conditions.,Amazon
PRD-01460,Badminton Racket (Model Y71),CAT-0292,1563.56,274,High-quality badminton racket suitable for Indian conditions.,Amazon
PRD-01461,Dumbbells (Model K97),CAT-0293,3307.15,28,High-quality dumbbells suitable for Indian conditions.,Amazon
PRD-01462,Badminton Racket (Model U21),CAT-0293,3907.41,436,High-quality badminton racket suitable for Indian conditions.,Amazon
PRD-01463,Dumbbells (Model C68),CAT-0293,7700.35,148,High-quality dumbbells suitable for Indian conditions.,Amazon
PRD-01464,Badminton Racket (Model G32),CAT-0293,5722.96,495,High-quality badminton racket suitable for Indian conditions.,Amazon
PRD-01465,Dumbbells (Model V34),CAT-0293,3269.16,199,High-quality dumbbells suitable for Indian conditions.,Amazon
PRD-01466,Yoga Mat (Model U98),CAT-0294,3848.91,43,High-quality yoga mat suitable for Indian conditions.,Amazon
PRD-01467,Badminton Racket (Model O34),CAT-0294,1743.45,98,High-quality badminton racket suitable for Indian conditions.,Amazon
PRD-01468,Yoga Mat (Model X85),CAT-0294,2689.46,199,High-quality yoga mat suitable for Indian conditions.,Amazon
PRD-01469,Yoga Mat (Model Z79),CAT-0294,6576.71,255,High-quality yoga mat suitable for Indian conditions.,Amazon
PRD-01470,Badminton Racket (Model Z67),CAT-0294,9679.11,8,High-quality badminton racket suitable for Indian conditions.,Amazon
PRD-01471,Yoga Mat (Model K17),CAT-0295,3642.1,369,High-quality yoga mat suitable for Indian conditions.,Amazon
PRD-01472,Yoga Mat (Model M25),CAT-0295,2432.11,334,High-quality yoga mat suitable for Indian conditions.,Amazon
PRD-01473,Badminton Racket (Model Q68),CAT-0295,9424.86,445,High-quality badminton racket suitable for Indian conditions.,Amazon
PRD-01474,Badminton Racket (Model E84),CAT-0295,2636.66,36,High-quality badminton racket suitable for Indian conditions.,Amazon
PRD-01475,Yoga Mat (Model X28),CAT-0295,5093.39,9,High-quality yoga mat suitable for Indian conditions.,Amazon
PRD-01476,Dumbbells (Model T15),CAT-0296,2729.75,332,High-quality dumbbells suitable for Indian conditions.,Amazon
PRD-01477,Yoga Mat (Model A32),CAT-0296,6473.55,463,High-quality yoga mat suitable for Indian conditions.,Amazon
PRD-01478,Dumbbells (Model Z22),CAT-0296,4779.37,87,High-quality dumbbells suitable for Indian conditions.,Amazon
PRD-01479,Badminton Racket (Model C23),CAT-0296,1496.12,304,High-quality badminton racket suitable for Indian conditions.,Amazon
PRD-01480,Badminton Racket (Model H18),CAT-0296,8122.75,218,High-quality badminton racket suitable for Indian conditions.,Amazon
PRD-01481,Dumbbells (Model Z96),CAT-0297,4259.28,61,High-quality dumbbells suitable for Indian conditions.,Amazon
PRD-01482,Badminton Racket (Model S79),CAT-0297,1718.36,428,High-quality badminton racket suitable for Indian conditions.,Amazon
PRD-01483,Yoga Mat (Model Y15),CAT-0297,6093.62,171,High-quality yoga mat suitable for Indian conditions.,Amazon
PRD-01484,Yoga Mat (Model D45),CAT-0297,1755.87,212,High-quality yoga mat suitable for Indian conditions.,Amazon
PRD-01485,Yoga Mat (Model W57),CAT-0297,5712.71,224,High-quality yoga mat suitable for Indian conditions.,Amazon
PRD-01486,Yoga Mat (Model S15),CAT-0298,1680.36,405,High-quality yoga mat suitable for Indian conditions.,Amazon
PRD-01487,Badminton Racket (Model T58),CAT-0298,7865.55,8,High-quality badminton racket suitable for Indian conditions.,Amazon
PRD-01488,Dumbbells (Model C10),CAT-0298,469.35,474,High-quality dumbbells suitable for Indian conditions.,Amazon
PRD-01489,Yoga Mat (Model W93),CAT-0298,6099.81,145,High-quality yoga mat suitable for Indian conditions.,Amazon
PRD-01490,Dumbbells (Model W70),CAT-0298,7046.64,105,High-quality dumbbells suitable for Indian conditions.,Amazon
PRD-01491,Yoga Mat (Model U44),CAT-0299,5421.63,210,High-quality yoga mat suitable for Indian conditions.,Amazon
PRD-01492,Yoga Mat (Model F88),CAT-0299,7040.07,305,High-quality yoga mat suitable for Indian conditions.,Amazon
PRD-01493,Yoga Mat (Model W73),CAT-0299,6275.68,45,High-quality yoga mat suitable for Indian conditions.,Amazon
PRD-01494,Badminton Racket (Model Z48),CAT-0299,3739.39,2,High-quality badminton racket suitable for Indian conditions.,Amazon
PRD-01495,Badminton Racket (Model H34),CAT-0299,1528.08,271,High-quality badminton racket suitable for Indian conditions.,Amazon
PRD-01496,Yoga Mat (Model T56),CAT-0300,8682.22,276,High-quality yoga mat suitable for Indian conditions.,Amazon
PRD-01497,Badminton Racket (Model H69),CAT-0300,7795.18,337,High-quality badminton racket suitable for Indian conditions.,Amazon
PRD-01498,Yoga Mat (Model I16),CAT-0300,2259.7,407,High-quality yoga mat suitable for Indian conditions.,Amazon
PRD-01499,Yoga Mat (Model V70),CAT-0300,5176.14,81,High-quality yoga mat suitable for Indian conditions.,Amazon
PRD-01500,Badminton Racket (Model B16),CAT-0300,6590.66,145,High-quality badminton racket suitable for Indian conditions.,Amazon
PRD-01501,Fiction Novel (Model N42),CAT-0301,367.58,412,High-quality fiction novel suitable for Indian conditions.,Amazon
PRD-01502,Textbook (Model B23),CAT-0301,753.4,473,High-quality textbook suitable for Indian conditions.,Amazon
PRD-01503,Biography (Model F30),CAT-0301,796.22,248,High-quality biography suitable for Indian conditions.,Amazon
PRD-01504,Biography (Model D19),CAT-0301,900.33,369,High-quality biography suitable for Indian conditions.,Amazon
PRD-01505,Textbook (Model S84),CAT-0301,359.67,101,High-quality textbook suitable for Indian conditions.,Amazon
PRD-01506,Biography (Model V51),CAT-0302,268.56,56,High-quality biography suitable for Indian conditions.,Amazon
PRD-01507,Textbook (Model H22),CAT-0302,275.26,211,High-quality textbook suitable for Indian conditions.,Amazon
PRD-01508,Fiction Novel (Model M38),CAT-0302,119.85,299,High-quality fiction novel suitable for Indian conditions.,Amazon
PRD-01509,Textbook (Model B65),CAT-0302,187.69,475,High-quality textbook suitable for Indian conditions.,Amazon
PRD-01510,Biography (Model O32),CAT-0302,417.96,69,High-quality biography suitable for Indian conditions.,Amazon
PRD-01511,Textbook (Model X34),CAT-0303,650.42,499,High-quality textbook suitable for Indian conditions.,Amazon
PRD-01512,Textbook (Model G52),CAT-0303,170.85,354,High-quality textbook suitable for Indian conditions.,Amazon
PRD-01513,Biography (Model B45),CAT-0303,179.68,436,High-quality biography suitable for Indian conditions.,Amazon
PRD-01514,Textbook (Model O63),CAT-0303,212.64,175,High-quality textbook suitable for Indian conditions.,Amazon
PRD-01515,Fiction Novel (Model J87),CAT-0303,198.95,406,High-quality fiction novel suitable for Indian conditions.,Amazon
PRD-01516,Biography (Model T31),CAT-0304,599.22,283,High-quality biography suitable for Indian conditions.,Amazon
PRD-01517,Fiction Novel (Model C62),CAT-0304,864.13,250,High-quality fiction novel suitable for Indian conditions.,Amazon
PRD-01518,Fiction Novel (Model S70),CAT-0304,845.14,142,High-quality fiction novel suitable for Indian conditions.,Amazon
PRD-01519,Fiction Novel (Model X64),CAT-0304,749.37,126,High-quality fiction novel suitable for Indian conditions.,Amazon
PRD-01520,Fiction Novel (Model K65),CAT-0304,600.49,456,High-quality fiction novel suitable for Indian conditions.,Amazon
PRD-01521,Biography (Model E83),CAT-0305,903.34,213,High-quality biography suitable for Indian conditions.,Amazon
PRD-01522,Fiction Novel (Model B70),CAT-0305,746.8,258,High-quality fiction novel suitable for Indian conditions.,Amazon
PRD-01523,Fiction Novel (Model N77),CAT-0305,424.6,414,High-quality fiction novel suitable for Indian conditions.,Amazon
PRD-01524,Biography (Model D67),CAT-0305,520.52,42,High-quality biography suitable for Indian conditions.,Amazon
PRD-01525,Biography (Model Y11),CAT-0305,708.5,208,High-quality biography suitable for Indian conditions.,Amazon
PRD-01526,Fiction Novel (Model E55),CAT-0306,331.0,331,High-quality fiction novel suitable for Indian conditions.,Amazon
PRD-01527,Fiction Novel (Model A71),CAT-0306,685.58,82,High-quality fiction novel suitable for Indian conditions.,Amazon
PRD-01528,Biography (Model O83),CAT-0306,759.92,12,High-quality biography suitable for Indian conditions.,Amazon
PRD-01529,Textbook (Model O27),CAT-0306,880.49,207,High-quality textbook suitable for Indian conditions.,Amazon
PRD-01530,Fiction Novel (Model Z57),CAT-0306,645.47,360,High-quality fiction novel suitable for Indian conditions.,Amazon
PRD-01531,Biography (Model A90),CAT-0307,117.16,457,High-quality biography suitable for Indian conditions.,Amazon
PRD-01532,Biography (Model K77),CAT-0307,81.08,218,High-quality biography suitable for Indian conditions.,Amazon
PRD-01533,Textbook (Model W88),CAT-0307,565.31,406,High-quality textbook suitable for Indian conditions.,Amazon
PRD-01534,Fiction Novel (Model Z97),CAT-0307,126.91,450,High-quality fiction novel suitable for Indian conditions.,Amazon
PRD-01535,Textbook (Model X17),CAT-0307,539.0,465,High-quality textbook suitable for Indian conditions.,Amazon
PRD-01536,Biography (Model L16),CAT-0308,155.42,187,High-quality biography suitable for Indian conditions.,Amazon
PRD-01537,Textbook (Model T15),CAT-0308,397.29,89,High-quality textbook suitable for Indian conditions.,Amazon
PRD-01538,Biography (Model R18),CAT-0308,582.72,396,High-quality biography suitable for Indian conditions.,Amazon
PRD-01539,Fiction Novel (Model E52),CAT-0308,276.7,58,High-quality fiction novel suitable for Indian conditions.,Amazon
PRD-01540,Biography (Model P84),CAT-0308,877.57,359,High-quality biography suitable for Indian conditions.,Amazon
PRD-01541,Fiction Novel (Model Y38),CAT-0309,354.44,459,High-quality fiction novel suitable for Indian conditions.,Amazon
PRD-01542,Textbook (Model Q97),CAT-0309,451.78,27,High-quality textbook suitable for Indian conditions.,Amazon
PRD-01543,Fiction Novel (Model L54),CAT-0309,479.79,256,High-quality fiction novel suitable for Indian conditions.,Amazon
PRD-01544,Biography (Model D70),CAT-0309,724.33,347,High-quality biography suitable for Indian conditions.,Amazon
PRD-01545,Biography (Model J67),CAT-0309,639.9,409,High-quality biography suitable for Indian conditions.,Amazon
PRD-01546,Biography (Model W18),CAT-0310,228.94,452,High-quality biography suitable for Indian conditions.,Amazon
PRD-01547,Textbook (Model C20),CAT-0310,421.15,91,High-quality textbook suitable for Indian conditions.,Amazon
PRD-01548,Textbook (Model C23),CAT-0310,206.53,57,High-quality textbook suitable for Indian conditions.,Amazon
PRD-01549,Biography (Model E73),CAT-0310,192.97,104,High-quality biography suitable for Indian conditions.,Amazon
PRD-01550,Biography (Model U12),CAT-0310,328.51,496,High-quality biography suitable for Indian conditions.,Amazon
PRD-01551,Biography (Model R26),CAT-0311,500.21,215,High-quality biography suitable for Indian conditions.,Amazon
PRD-01552,Textbook (Model X92),CAT-0311,70.41,96,High-quality textbook suitable for Indian conditions.,Amazon
PRD-01553,Fiction Novel (Model A39),CAT-0311,843.2,266,High-quality fiction novel suitable for Indian conditions.,Amazon
PRD-01554,Biography (Model K62),CAT-0311,599.77,335,High-quality biography suitable for Indian conditions.,Amazon
PRD-01555,Biography (Model Z51),CAT-0311,511.84,340,High-quality biography suitable for Indian conditions.,Amazon
PRD-01556,Biography (Model Q80),CAT-0312,472.99,155,High-quality biography suitable for Indian conditions.,Amazon
PRD-01557,Biography (Model E49),CAT-0312,213.15,133,High-quality biography suitable for Indian conditions.,Amazon
PRD-01558,Fiction Novel (Model P57),CAT-0312,972.19,394,High-quality fiction novel suitable for Indian conditions.,Amazon
PRD-01559,Fiction Novel (Model E55),CAT-0312,320.16,489,High-quality fiction novel suitable for Indian conditions.,Amazon
PRD-01560,Fiction Novel (Model T30),CAT-0312,726.22,146,High-quality fiction novel suitable for Indian conditions.,Amazon
PRD-01561,Fiction Novel (Model F98),CAT-0313,909.48,406,High-quality fiction novel suitable for Indian conditions.,Amazon
PRD-01562,Fiction Novel (Model F40),CAT-0313,161.07,162,High-quality fiction novel suitable for Indian conditions.,Amazon
PRD-01563,Biography (Model E66),CAT-0313,297.39,94,High-quality biography suitable for Indian conditions.,Amazon
PRD-01564,Fiction Novel (Model R14),CAT-0313,682.28,500,High-quality fiction novel suitable for Indian conditions.,Amazon
PRD-01565,Textbook (Model E57),CAT-0313,476.01,499,High-quality textbook suitable for Indian conditions.,Amazon
PRD-01566,Fiction Novel (Model R48),CAT-0314,165.42,12,High-quality fiction novel suitable for Indian conditions.,Amazon
PRD-01567,Textbook (Model P28),CAT-0314,950.4,475,High-quality textbook suitable for Indian conditions.,Amazon
PRD-01568,Textbook (Model E10),CAT-0314,971.64,279,High-quality textbook suitable for Indian conditions.,Amazon
PRD-01569,Biography (Model K92),CAT-0314,720.18,242,High-quality biography suitable for Indian conditions.,Amazon
PRD-01570,Textbook (Model Y83),CAT-0314,683.54,409,High-quality textbook suitable for Indian conditions.,Amazon
PRD-01571,Biography (Model X66),CAT-0315,371.75,57,High-quality biography suitable for Indian conditions.,Amazon
PRD-01572,Biography (Model P15),CAT-0315,182.45,282,High-quality biography suitable for Indian conditions.,Amazon
PRD-01573,Fiction Novel (Model J13),CAT-0315,431.55,430,High-quality fiction novel suitable for Indian conditions.,Amazon
PRD-01574,Fiction Novel (Model O55),CAT-0315,137.86,28,High-quality fiction novel suitable for Indian conditions.,Amazon
PRD-01575,Biography (Model U34),CAT-0315,604.26,113,High-quality biography suitable for Indian conditions.,Amazon
PRD-01576,Textbook (Model G12),CAT-0316,129.41,434,High-quality textbook suitable for Indian conditions.,Amazon
PRD-01577,Textbook (Model V95),CAT-0316,959.74,499,High-quality textbook suitable for Indian conditions.,Amazon
PRD-01578,Biography (Model M34),CAT-0316,515.94,308,High-quality biography suitable for Indian conditions.,Amazon
PRD-01579,Biography (Model Q17),CAT-0316,913.02,184,High-quality biography suitable for Indian conditions.,Amazon
PRD-01580,Textbook (Model E64),CAT-0316,401.15,190,High-quality textbook suitable for Indian conditions.,Amazon
PRD-01581,Fiction Novel (Model J54),CAT-0317,383.79,500,High-quality fiction novel suitable for Indian conditions.,Amazon
PRD-01582,Textbook (Model R21),CAT-0317,254.91,454,High-quality textbook suitable for Indian conditions.,Amazon
PRD-01583,Textbook (Model X63),CAT-0317,813.5,147,High-quality textbook suitable for Indian conditions.,Amazon
PRD-01584,Fiction Novel (Model Z64),CAT-0317,742.18,212,High-quality fiction novel suitable for Indian conditions.,Amazon
PRD-01585,Fiction Novel (Model S86),CAT-0317,131.77,106,High-quality fiction novel suitable for Indian conditions.,Amazon
PRD-01586,Textbook (Model P77),CAT-0318,987.31,33,High-quality textbook suitable for Indian conditions.,Amazon
PRD-01587,Biography (Model Y58),CAT-0318,134.03,209,High-quality biography suitable for Indian conditions.,Amazon
PRD-01588,Biography (Model I63),CAT-0318,216.15,236,High-quality biography suitable for Indian conditions.,Amazon
PRD-01589,Biography (Model S27),CAT-0318,239.29,426,High-quality biography suitable for Indian conditions.,Amazon
PRD-01590,Textbook (Model J80),CAT-0318,516.06,421,High-quality textbook suitable for Indian conditions.,Amazon
PRD-01591,Textbook (Model S48),CAT-0319,519.4,378,High-quality textbook suitable for Indian conditions.,Amazon
PRD-01592,Textbook (Model H13),CAT-0319,801.66,78,High-quality textbook suitable for Indian conditions.,Amazon
PRD-01593,Textbook (Model J91),CAT-0319,842.53,241,High-quality textbook suitable for Indian conditions.,Amazon
PRD-01594,Fiction Novel (Model U95),CAT-0319,898.05,213,High-quality fiction novel suitable for Indian conditions.,Amazon
PRD-01595,Fiction Novel (Model P98),CAT-0319,662.55,14,High-quality fiction novel suitable for Indian conditions.,Amazon
PRD-01596,Fiction Novel (Model Y45),CAT-0320,518.4,496,High-quality fiction novel suitable for Indian conditions.,Amazon
PRD-01597,Fiction Novel (Model T56),CAT-0320,602.01,289,High-quality fiction novel suitable for Indian conditions.,Amazon
PRD-01598,Textbook (Model I90),CAT-0320,701.62,498,High-quality textbook suitable for Indian conditions.,Amazon
PRD-01599,Biography (Model D57),CAT-0320,536.9,294,High-quality biography suitable for Indian conditions.,Amazon
PRD-01600,Fiction Novel (Model I30),CAT-0320,602.57,74,High-quality fiction novel suitable for Indian conditions.,Amazon
PRD-01601,Textbook (Model O98),CAT-0321,178.72,83,High-quality textbook suitable for Indian conditions.,Amazon
PRD-01602,Fiction Novel (Model I56),CAT-0321,448.54,466,High-quality fiction novel suitable for Indian conditions.,Amazon
PRD-01603,Textbook (Model B47),CAT-0321,327.08,327,High-quality textbook suitable for Indian conditions.,Amazon
PRD-01604,Fiction Novel (Model Q34),CAT-0321,778.12,93,High-quality fiction novel suitable for Indian conditions.,Amazon
PRD-01605,Fiction Novel (Model T31),CAT-0321,566.53,446,High-quality fiction novel suitable for Indian conditions.,Amazon
PRD-01606,Textbook (Model V48),CAT-0322,307.89,357,High-quality textbook suitable for Indian conditions.,Amazon
PRD-01607,Biography (Model L22),CAT-0322,557.7,180,High-quality biography suitable for Indian conditions.,Amazon
PRD-01608,Fiction Novel (Model A27),CAT-0322,542.26,190,High-quality fiction novel suitable for Indian conditions.,Amazon
PRD-01609,Textbook (Model N53),CAT-0322,924.86,83,High-quality textbook suitable for Indian conditions.,Amazon
PRD-01610,Fiction Novel (Model G29),CAT-0322,528.21,425,High-quality fiction novel suitable for Indian conditions.,Amazon
PRD-01611,Fiction Novel (Model Z81),CAT-0323,632.76,425,High-quality fiction novel suitable for Indian conditions.,Amazon
PRD-01612,Biography (Model R80),CAT-0323,717.15,410,High-quality biography suitable for Indian conditions.,Amazon
PRD-01613,Fiction Novel (Model N68),CAT-0323,920.23,59,High-quality fiction novel suitable for Indian conditions.,Amazon
PRD-01614,Fiction Novel (Model A71),CAT-0323,380.8,353,High-quality fiction novel suitable for Indian conditions.,Amazon
PRD-01615,Textbook (Model E66),CAT-0323,895.24,305,High-quality textbook suitable for Indian conditions.,Amazon
PRD-01616,Biography (Model Y53),CAT-0324,213.6,155,High-quality biography suitable for Indian conditions.,Amazon
PRD-01617,Fiction Novel (Model X25),CAT-0324,261.24,438,High-quality fiction novel suitable for Indian conditions.,Amazon
PRD-01618,Biography (Model E98),CAT-0324,265.25,64,High-quality biography suitable for Indian conditions.,Amazon
PRD-01619,Fiction Novel (Model E20),CAT-0324,453.56,390,High-quality fiction novel suitable for Indian conditions.,Amazon
PRD-01620,Fiction Novel (Model C12),CAT-0324,785.96,387,High-quality fiction novel suitable for Indian conditions.,Amazon
PRD-01621,Textbook (Model B35),CAT-0325,152.43,406,High-quality textbook suitable for Indian conditions.,Amazon
PRD-01622,Biography (Model Q85),CAT-0325,106.3,60,High-quality biography suitable for Indian conditions.,Amazon
PRD-01623,Textbook (Model B18),CAT-0325,336.56,5,High-quality textbook suitable for Indian conditions.,Amazon
PRD-01624,Fiction Novel (Model Z25),CAT-0325,924.09,105,High-quality fiction novel suitable for Indian conditions.,Amazon
PRD-01625,Biography (Model G33),CAT-0325,687.07,14,High-quality biography suitable for Indian conditions.,Amazon
PRD-01626,Fiction Novel (Model E45),CAT-0326,951.35,178,High-quality fiction novel suitable for Indian conditions.,Amazon
PRD-01627,Textbook (Model F74),CAT-0326,791.76,313,High-quality textbook suitable for Indian conditions.,Amazon
PRD-01628,Fiction Novel (Model Q82),CAT-0326,114.92,419,High-quality fiction novel suitable for Indian conditions.,Amazon
PRD-01629,Biography (Model Y11),CAT-0326,552.4,366,High-quality biography suitable for Indian conditions.,Amazon
PRD-01630,Fiction Novel (Model J31),CAT-0326,906.58,275,High-quality fiction novel suitable for Indian conditions.,Amazon
PRD-01631,Fiction Novel (Model X22),CAT-0327,928.02,471,High-quality fiction novel suitable for Indian conditions.,Amazon
PRD-01632,Biography (Model W70),CAT-0327,398.14,301,High-quality biography suitable for Indian conditions.,Amazon
PRD-01633,Fiction Novel (Model O96),CAT-0327,959.86,92,High-quality fiction novel suitable for Indian conditions.,Amazon
PRD-01634,Textbook (Model M64),CAT-0327,253.56,116,High-quality textbook suitable for Indian conditions.,Amazon
PRD-01635,Textbook (Model D50),CAT-0327,167.43,56,High-quality textbook suitable for Indian conditions.,Amazon
PRD-01636,Biography (Model E73),CAT-0328,774.16,360,High-quality biography suitable for Indian conditions.,Amazon
PRD-01637,Textbook (Model R15),CAT-0328,128.14,252,High-quality textbook suitable for Indian conditions.,Amazon
PRD-01638,Fiction Novel (Model M46),CAT-0328,484.1,376,High-quality fiction novel suitable for Indian conditions.,Amazon
PRD-01639,Textbook (Model V66),CAT-0328,264.58,208,High-quality textbook suitable for Indian conditions.,Amazon
PRD-01640,Textbook (Model N34),CAT-0328,863.94,458,High-quality textbook suitable for Indian conditions.,Amazon
PRD-01641,Textbook (Model V57),CAT-0329,220.33,345,High-quality textbook suitable for Indian conditions.,Amazon
PRD-01642,Textbook (Model V23),CAT-0329,426.55,267,High-quality textbook suitable for Indian conditions.,Amazon
PRD-01643,Biography (Model V20),CAT-0329,163.26,202,High-quality biography suitable for Indian conditions.,Amazon
PRD-01644,Textbook (Model W85),CAT-0329,978.69,379,High-quality textbook suitable for Indian conditions.,Amazon
PRD-01645,Fiction Novel (Model C56),CAT-0329,976.45,173,High-quality fiction novel suitable for Indian conditions.,Amazon
PRD-01646,Fiction Novel (Model T61),CAT-0330,166.62,429,High-quality fiction novel suitable for Indian conditions.,Amazon
PRD-01647,Textbook (Model X73),CAT-0330,314.59,365,High-quality textbook suitable for Indian conditions.,Amazon
PRD-01648,Biography (Model S44),CAT-0330,768.49,410,High-quality biography suitable for Indian conditions.,Amazon
PRD-01649,Biography (Model M55),CAT-0330,502.03,308,High-quality biography suitable for Indian conditions.,Amazon
PRD-01650,Textbook (Model P75),CAT-0330,314.95,393,High-quality textbook suitable for Indian conditions.,Amazon
PRD-01651,Textbook (Model D25),CAT-0331,288.16,254,High-quality textbook suitable for Indian conditions.,Amazon
PRD-01652,Fiction Novel (Model U27),CAT-0331,78.24,377,High-quality fiction novel suitable for Indian conditions.,Amazon
PRD-01653,Fiction Novel (Model C73),CAT-0331,694.2,497,High-quality fiction novel suitable for Indian conditions.,Amazon
PRD-01654,Fiction Novel (Model M87),CAT-0331,695.24,78,High-quality fiction novel suitable for Indian conditions.,Amazon
PRD-01655,Textbook (Model T89),CAT-0331,141.52,39,High-quality textbook suitable for Indian conditions.,Amazon
PRD-01656,Biography (Model Y76),CAT-0332,779.19,405,High-quality biography suitable for Indian conditions.,Amazon
PRD-01657,Textbook (Model G47),CAT-0332,678.99,251,High-quality textbook suitable for Indian conditions.,Amazon
PRD-01658,Biography (Model I79),CAT-0332,376.43,440,High-quality biography suitable for Indian conditions.,Amazon
PRD-01659,Biography (Model R12),CAT-0332,954.95,16,High-quality biography suitable for Indian conditions.,Amazon
PRD-01660,Textbook (Model D59),CAT-0332,477.61,436,High-quality textbook suitable for Indian conditions.,Amazon
PRD-01661,Textbook (Model O68),CAT-0333,84.18,90,High-quality textbook suitable for Indian conditions.,Amazon
PRD-01662,Biography (Model V48),CAT-0333,890.47,84,High-quality biography suitable for Indian conditions.,Amazon
PRD-01663,Textbook (Model N27),CAT-0333,346.84,199,High-quality textbook suitable for Indian conditions.,Amazon
PRD-01664,Textbook (Model Y24),CAT-0333,590.41,251,High-quality textbook suitable for Indian conditions.,Amazon
PRD-01665,Biography (Model R97),CAT-0333,562.42,240,High-quality biography suitable for Indian conditions.,Amazon
PRD-01666,Textbook (Model R30),CAT-0334,531.35,200,High-quality textbook suitable for Indian conditions.,Amazon
PRD-01667,Textbook (Model P85),CAT-0334,972.33,315,High-quality textbook suitable for Indian conditions.,Amazon
PRD-01668,Biography (Model L46),CAT-0334,354.46,14,High-quality biography suitable for Indian conditions.,Amazon
PRD-01669,Biography (Model B26),CAT-0334,845.09,178,High-quality biography suitable for Indian conditions.,Amazon
PRD-01670,Biography (Model S13),CAT-0334,776.93,320,High-quality biography suitable for Indian conditions.,Amazon
PRD-01671,Textbook (Model M22),CAT-0335,456.74,182,High-quality textbook suitable for Indian conditions.,Amazon
PRD-01672,Textbook (Model L17),CAT-0335,678.18,126,High-quality textbook suitable for Indian conditions.,Amazon
PRD-01673,Fiction Novel (Model U49),CAT-0335,612.91,466,High-quality fiction novel suitable for Indian conditions.,Amazon
PRD-01674,Biography (Model C49),CAT-0335,158.75,86,High-quality biography suitable for Indian conditions.,Amazon
PRD-01675,Fiction Novel (Model R51),CAT-0335,85.51,336,High-quality fiction novel suitable for Indian conditions.,Amazon
PRD-01676,Textbook (Model S75),CAT-0336,906.34,136,High-quality textbook suitable for Indian conditions.,Amazon
PRD-01677,Fiction Novel (Model W70),CAT-0336,608.59,162,High-quality fiction novel suitable for Indian conditions.,Amazon
PRD-01678,Textbook (Model S59),CAT-0336,356.3,50,High-quality textbook suitable for Indian conditions.,Amazon
PRD-01679,Textbook (Model D98),CAT-0336,691.36,172,High-quality textbook suitable for Indian conditions.,Amazon
PRD-01680,Textbook (Model Q95),CAT-0336,372.56,314,High-quality textbook suitable for Indian conditions.,Amazon
PRD-01681,Textbook (Model L65),CAT-0337,241.67,325,High-quality textbook suitable for Indian conditions.,Amazon
PRD-01682,Fiction Novel (Model R37),CAT-0337,322.99,24,High-quality fiction novel suitable for Indian conditions.,Amazon
PRD-01683,Textbook (Model S61),CAT-0337,814.37,319,High-quality textbook suitable for Indian conditions.,Amazon
PRD-01684,Biography (Model C84),CAT-0337,140.0,172,High-quality biography suitable for Indian conditions.,Amazon
PRD-01685,Textbook (Model C82),CAT-0337,811.13,243,High-quality textbook suitable for Indian conditions.,Amazon
PRD-01686,Textbook (Model G54),CAT-0338,805.87,333,High-quality textbook suitable for Indian conditions.,Amazon
PRD-01687,Textbook (Model Q48),CAT-0338,461.26,276,High-quality textbook suitable for Indian conditions.,Amazon
PRD-01688,Textbook (Model G63),CAT-0338,432.19,319,High-quality textbook suitable for Indian conditions.,Amazon
PRD-01689,Biography (Model O95),CAT-0338,775.27,92,High-quality biography suitable for Indian conditions.,Amazon
PRD-01690,Fiction Novel (Model U76),CAT-0338,869.57,295,High-quality fiction novel suitable for Indian conditions.,Amazon
PRD-01691,Textbook (Model G94),CAT-0339,964.01,380,High-quality textbook suitable for Indian conditions.,Amazon
PRD-01692,Textbook (Model I91),CAT-0339,556.08,314,High-quality textbook suitable for Indian conditions.,Amazon
PRD-01693,Textbook (Model S90),CAT-0339,106.89,102,High-quality textbook suitable for Indian conditions.,Amazon
PRD-01694,Textbook (Model O28),CAT-0339,278.36,382,High-quality textbook suitable for Indian conditions.,Amazon
PRD-01695,Biography (Model Y48),CAT-0339,851.92,210,High-quality biography suitable for Indian conditions.,Amazon
PRD-01696,Textbook (Model C91),CAT-0340,243.38,211,High-quality textbook suitable for Indian conditions.,Amazon
PRD-01697,Textbook (Model J92),CAT-0340,202.56,351,High-quality textbook suitable for Indian conditions.,Amazon
PRD-01698,Biography (Model H61),CAT-0340,276.56,76,High-quality biography suitable for Indian conditions.,Amazon
PRD-01699,Fiction Novel (Model A41),CAT-0340,807.19,158,High-quality fiction novel suitable for Indian conditions.,Amazon
PRD-01700,Textbook (Model P81),CAT-0340,991.73,216,High-quality textbook suitable for Indian conditions.,Amazon
PRD-01701,Biography (Model B35),CAT-0341,201.39,69,High-quality biography suitable for Indian conditions.,Amazon
PRD-01702,Fiction Novel (Model I45),CAT-0341,675.74,90,High-quality fiction novel suitable for Indian conditions.,Amazon
PRD-01703,Biography (Model B72),CAT-0341,793.12,28,High-quality biography suitable for Indian conditions.,Amazon
PRD-01704,Fiction Novel (Model K87),CAT-0341,333.08,32,High-quality fiction novel suitable for Indian conditions.,Amazon
PRD-01705,Textbook (Model L95),CAT-0341,674.56,46,High-quality textbook suitable for Indian conditions.,Amazon
PRD-01706,Textbook (Model X27),CAT-0342,274.24,292,High-quality textbook suitable for Indian conditions.,Amazon
PRD-01707,Biography (Model Q25),CAT-0342,545.86,424,High-quality biography suitable for Indian conditions.,Amazon
PRD-01708,Biography (Model Y77),CAT-0342,289.22,452,High-quality biography suitable for Indian conditions.,Amazon
PRD-01709,Fiction Novel (Model H86),CAT-0342,166.16,413,High-quality fiction novel suitable for Indian conditions.,Amazon
PRD-01710,Textbook (Model K84),CAT-0342,750.37,412,High-quality textbook suitable for Indian conditions.,Amazon
PRD-01711,Biography (Model X40),CAT-0343,938.73,111,High-quality biography suitable for Indian conditions.,Amazon
PRD-01712,Fiction Novel (Model D32),CAT-0343,253.4,140,High-quality fiction novel suitable for Indian conditions.,Amazon
PRD-01713,Textbook (Model N42),CAT-0343,869.75,28,High-quality textbook suitable for Indian conditions.,Amazon
PRD-01714,Textbook (Model R57),CAT-0343,714.64,57,High-quality textbook suitable for Indian conditions.,Amazon
PRD-01715,Textbook (Model R64),CAT-0343,501.11,126,High-quality textbook suitable for Indian conditions.,Amazon
PRD-01716,Textbook (Model Z28),CAT-0344,394.85,366,High-quality textbook suitable for Indian conditions.,Amazon
PRD-01717,Textbook (Model J12),CAT-0344,663.13,463,High-quality textbook suitable for Indian conditions.,Amazon
PRD-01718,Biography (Model B94),CAT-0344,808.99,27,High-quality biography suitable for Indian conditions.,Amazon
PRD-01719,Biography (Model Z95),CAT-0344,277.69,282,High-quality biography suitable for Indian conditions.,Amazon
PRD-01720,Textbook (Model J91),CAT-0344,960.56,185,High-quality textbook suitable for Indian conditions.,Amazon
PRD-01721,Biography (Model D78),CAT-0345,873.61,439,High-quality biography suitable for Indian conditions.,Amazon
PRD-01722,Textbook (Model M11),CAT-0345,914.3,201,High-quality textbook suitable for Indian conditions.,Amazon
PRD-01723,Textbook (Model J21),CAT-0345,939.51,387,High-quality textbook suitable for Indian conditions.,Amazon
PRD-01724,Fiction Novel (Model J36),CAT-0345,866.45,82,High-quality fiction novel suitable for Indian conditions.,Amazon
PRD-01725,Textbook (Model U50),CAT-0345,885.49,392,High-quality textbook suitable for Indian conditions.,Amazon
PRD-01726,Biography (Model N14),CAT-0346,310.33,41,High-quality biography suitable for Indian conditions.,Amazon
PRD-01727,Textbook (Model P62),CAT-0346,930.17,170,High-quality textbook suitable for Indian conditions.,Amazon
PRD-01728,Biography (Model N22),CAT-0346,833.18,357,High-quality biography suitable for Indian conditions.,Amazon
PRD-01729,Textbook (Model Q18),CAT-0346,384.26,308,High-quality textbook suitable for Indian conditions.,Amazon
PRD-01730,Biography (Model R51),CAT-0346,480.6,14,High-quality biography suitable for Indian conditions.,Amazon
PRD-01731,Fiction Novel (Model U92),CAT-0347,224.55,227,High-quality fiction novel suitable for Indian conditions.,Amazon
PRD-01732,Biography (Model E10),CAT-0347,430.63,321,High-quality biography suitable for Indian conditions.,Amazon
PRD-01733,Textbook (Model K83),CAT-0347,128.12,80,High-quality textbook suitable for Indian conditions.,Amazon
PRD-01734,Fiction Novel (Model Q93),CAT-0347,775.0,433,High-quality fiction novel suitable for Indian conditions.,Amazon
PRD-01735,Biography (Model V62),CAT-0347,803.01,163,High-quality biography suitable for Indian conditions.,Amazon
PRD-01736,Textbook (Model P27),CAT-0348,297.65,351,High-quality textbook suitable for Indian conditions.,Amazon
PRD-01737,Biography (Model K46),CAT-0348,238.73,212,High-quality biography suitable for Indian conditions.,Amazon
PRD-01738,Textbook (Model F60),CAT-0348,882.57,483,High-quality textbook suitable for Indian conditions.,Amazon
PRD-01739,Biography (Model H12),CAT-0348,950.7,472,High-quality biography suitable for Indian conditions.,Amazon
PRD-01740,Biography (Model U88),CAT-0348,645.3,464,High-quality biography suitable for Indian conditions.,Amazon
PRD-01741,Fiction Novel (Model O35),CAT-0349,298.69,436,High-quality fiction novel suitable for Indian conditions.,Amazon
PRD-01742,Fiction Novel (Model B61),CAT-0349,637.1,307,High-quality fiction novel suitable for Indian conditions.,Amazon
PRD-01743,Textbook (Model E21),CAT-0349,960.13,87,High-quality textbook suitable for Indian conditions.,Amazon
PRD-01744,Biography (Model D11),CAT-0349,732.65,222,High-quality biography suitable for Indian conditions.,Amazon
PRD-01745,Textbook (Model V73),CAT-0349,162.59,365,High-quality textbook suitable for Indian conditions.,Amazon
PRD-01746,Fiction Novel (Model G44),CAT-0350,323.56,253,High-quality fiction novel suitable for Indian conditions.,Amazon
PRD-01747,Textbook (Model E65),CAT-0350,863.52,307,High-quality textbook suitable for Indian conditions.,Amazon
PRD-01748,Fiction Novel (Model J96),CAT-0350,229.9,92,High-quality fiction novel suitable for Indian conditions.,Amazon
PRD-01749,Textbook (Model Z28),CAT-0350,77.33,499,High-quality textbook suitable for Indian conditions.,Amazon
PRD-01750,Textbook (Model H89),CAT-0350,478.43,127,High-quality textbook suitable for Indian conditions.,Amazon
PRD-01751,Board Game (Model S97),CAT-0351,3271.45,43,High-quality board game suitable for Indian conditions.,Amazon
PRD-01752,Action Figure (Model P27),CAT-0351,4370.07,498,High-quality action figure suitable for Indian conditions.,Amazon
PRD-01753,Puzzle (Model M97),CAT-0351,1139.87,196,High-quality puzzle suitable for Indian conditions.,Amazon
PRD-01754,Puzzle (Model N86),CAT-0351,1355.51,48,High-quality puzzle suitable for Indian conditions.,Amazon
PRD-01755,Puzzle (Model B16),CAT-0351,1731.03,120,High-quality puzzle suitable for Indian conditions.,Amazon
PRD-01756,Board Game (Model L87),CAT-0352,4702.68,495,High-quality board game suitable for Indian conditions.,Amazon
PRD-01757,Puzzle (Model W15),CAT-0352,126.27,258,High-quality puzzle suitable for Indian conditions.,Amazon
PRD-01758,Puzzle (Model M48),CAT-0352,4889.87,343,High-quality puzzle suitable for Indian conditions.,Amazon
PRD-01759,Board Game (Model E81),CAT-0352,301.51,91,High-quality board game suitable for Indian conditions.,Amazon
PRD-01760,Board Game (Model F74),CAT-0352,2514.92,173,High-quality board game suitable for Indian conditions.,Amazon
PRD-01761,Board Game (Model E21),CAT-0353,1654.86,271,High-quality board game suitable for Indian conditions.,Amazon
PRD-01762,Board Game (Model E43),CAT-0353,672.53,22,High-quality board game suitable for Indian conditions.,Amazon
PRD-01763,Action Figure (Model P45),CAT-0353,3764.33,474,High-quality action figure suitable for Indian conditions.,Amazon
PRD-01764,Board Game (Model J43),CAT-0353,3103.36,389,High-quality board game suitable for Indian conditions.,Amazon
PRD-01765,Board Game (Model Q50),CAT-0353,2235.3,84,High-quality board game suitable for Indian conditions.,Amazon
PRD-01766,Board Game (Model X72),CAT-0354,3842.01,77,High-quality board game suitable for Indian conditions.,Amazon
PRD-01767,Puzzle (Model V91),CAT-0354,4011.28,27,High-quality puzzle suitable for Indian conditions.,Amazon
PRD-01768,Action Figure (Model E16),CAT-0354,1226.32,18,High-quality action figure suitable for Indian conditions.,Amazon
PRD-01769,Board Game (Model I30),CAT-0354,3559.22,223,High-quality board game suitable for Indian conditions.,Amazon
PRD-01770,Action Figure (Model P15),CAT-0354,2263.45,363,High-quality action figure suitable for Indian conditions.,Amazon
PRD-01771,Puzzle (Model P68),CAT-0355,2515.64,433,High-quality puzzle suitable for Indian conditions.,Amazon
PRD-01772,Puzzle (Model E25),CAT-0355,1813.06,104,High-quality puzzle suitable for Indian conditions.,Amazon
PRD-01773,Board Game (Model F31),CAT-0355,3774.69,421,High-quality board game suitable for Indian conditions.,Amazon
PRD-01774,Board Game (Model S94),CAT-0355,2969.82,298,High-quality board game suitable for Indian conditions.,Amazon
PRD-01775,Action Figure (Model Q83),CAT-0355,984.79,471,High-quality action figure suitable for Indian conditions.,Amazon
PRD-01776,Action Figure (Model H73),CAT-0356,3416.85,454,High-quality action figure suitable for Indian conditions.,Amazon
PRD-01777,Board Game (Model A46),CAT-0356,3438.43,348,High-quality board game suitable for Indian conditions.,Amazon
PRD-01778,Action Figure (Model M57),CAT-0356,2992.66,487,High-quality action figure suitable for Indian conditions.,Amazon
PRD-01779,Action Figure (Model K29),CAT-0356,241.49,235,High-quality action figure suitable for Indian conditions.,Amazon
PRD-01780,Puzzle (Model V71),CAT-0356,2324.87,489,High-quality puzzle suitable for Indian conditions.,Amazon
PRD-01781,Board Game (Model T94),CAT-0357,128.45,496,High-quality board game suitable for Indian conditions.,Amazon
PRD-01782,Action Figure (Model U89),CAT-0357,4759.39,166,High-quality action figure suitable for Indian conditions.,Amazon
PRD-01783,Puzzle (Model X82),CAT-0357,733.67,441,High-quality puzzle suitable for Indian conditions.,Amazon
PRD-01784,Action Figure (Model Z92),CAT-0357,1486.47,408,High-quality action figure suitable for Indian conditions.,Amazon
PRD-01785,Action Figure (Model X19),CAT-0357,2781.07,308,High-quality action figure suitable for Indian conditions.,Amazon
PRD-01786,Board Game (Model C61),CAT-0358,1350.3,122,High-quality board game suitable for Indian conditions.,Amazon
PRD-01787,Board Game (Model C12),CAT-0358,4276.49,83,High-quality board game suitable for Indian conditions.,Amazon
PRD-01788,Board Game (Model Y61),CAT-0358,1496.19,385,High-quality board game suitable for Indian conditions.,Amazon
PRD-01789,Puzzle (Model E25),CAT-0358,1562.88,410,High-quality puzzle suitable for Indian conditions.,Amazon
PRD-01790,Board Game (Model X49),CAT-0358,4528.3,308,High-quality board game suitable for Indian conditions.,Amazon
PRD-01791,Action Figure (Model L95),CAT-0359,570.95,188,High-quality action figure suitable for Indian conditions.,Amazon
PRD-01792,Puzzle (Model G72),CAT-0359,2282.67,198,High-quality puzzle suitable for Indian conditions.,Amazon
PRD-01793,Board Game (Model I82),CAT-0359,3041.67,46,High-quality board game suitable for Indian conditions.,Amazon
PRD-01794,Board Game (Model Z57),CAT-0359,3107.95,222,High-quality board game suitable for Indian conditions.,Amazon
PRD-01795,Puzzle (Model N21),CAT-0359,298.15,174,High-quality puzzle suitable for Indian conditions.,Amazon
PRD-01796,Board Game (Model V38),CAT-0360,3273.29,365,High-quality board game suitable for Indian conditions.,Amazon
PRD-01797,Action Figure (Model P77),CAT-0360,3184.84,268,High-quality action figure suitable for Indian conditions.,Amazon
PRD-01798,Action Figure (Model J69),CAT-0360,2243.04,464,High-quality action figure suitable for Indian conditions.,Amazon
PRD-01799,Board Game (Model J29),CAT-0360,4922.51,350,High-quality board game suitable for Indian conditions.,Amazon
PRD-01800,Board Game (Model H76),CAT-0360,2195.89,291,High-quality board game suitable for Indian conditions.,Amazon
PRD-01801,Action Figure (Model R19),CAT-0361,4594.78,262,High-quality action figure suitable for Indian conditions.,Amazon
PRD-01802,Action Figure (Model Q64),CAT-0361,2123.8,237,High-quality action figure suitable for Indian conditions.,Amazon
PRD-01803,Puzzle (Model X82),CAT-0361,4082.84,181,High-quality puzzle suitable for Indian conditions.,Amazon
PRD-01804,Board Game (Model S20),CAT-0361,3866.37,8,High-quality board game suitable for Indian conditions.,Amazon
PRD-01805,Action Figure (Model X94),CAT-0361,2368.11,402,High-quality action figure suitable for Indian conditions.,Amazon
PRD-01806,Action Figure (Model M15),CAT-0362,508.12,448,High-quality action figure suitable for Indian conditions.,Amazon
PRD-01807,Puzzle (Model J50),CAT-0362,2977.32,232,High-quality puzzle suitable for Indian conditions.,Amazon
PRD-01808,Puzzle (Model O89),CAT-0362,4058.39,174,High-quality puzzle suitable for Indian conditions.,Amazon
PRD-01809,Action Figure (Model G33),CAT-0362,483.28,309,High-quality action figure suitable for Indian conditions.,Amazon
PRD-01810,Board Game (Model V23),CAT-0362,2225.61,9,High-quality board game suitable for Indian conditions.,Amazon
PRD-01811,Action Figure (Model M24),CAT-0363,165.19,335,High-quality action figure suitable for Indian conditions.,Amazon
PRD-01812,Board Game (Model O98),CAT-0363,2084.95,336,High-quality board game suitable for Indian conditions.,Amazon
PRD-01813,Puzzle (Model T72),CAT-0363,1583.72,416,High-quality puzzle suitable for Indian conditions.,Amazon
PRD-01814,Puzzle (Model L98),CAT-0363,3401.64,353,High-quality puzzle suitable for Indian conditions.,Amazon
PRD-01815,Puzzle (Model M48),CAT-0363,529.41,69,High-quality puzzle suitable for Indian conditions.,Amazon
PRD-01816,Action Figure (Model G24),CAT-0364,4098.24,356,High-quality action figure suitable for Indian conditions.,Amazon
PRD-01817,Action Figure (Model A36),CAT-0364,2457.47,74,High-quality action figure suitable for Indian conditions.,Amazon
PRD-01818,Puzzle (Model H65),CAT-0364,4226.24,439,High-quality puzzle suitable for Indian conditions.,Amazon
PRD-01819,Puzzle (Model G21),CAT-0364,1574.5,237,High-quality puzzle suitable for Indian conditions.,Amazon
PRD-01820,Action Figure (Model P64),CAT-0364,206.9,85,High-quality action figure suitable for Indian conditions.,Amazon
PRD-01821,Action Figure (Model X99),CAT-0365,2281.8,248,High-quality action figure suitable for Indian conditions.,Amazon
PRD-01822,Board Game (Model A67),CAT-0365,2967.61,103,High-quality board game suitable for Indian conditions.,Amazon
PRD-01823,Board Game (Model S60),CAT-0365,349.52,4,High-quality board game suitable for Indian conditions.,Amazon
PRD-01824,Action Figure (Model U65),CAT-0365,4899.49,434,High-quality action figure suitable for Indian conditions.,Amazon
PRD-01825,Board Game (Model X84),CAT-0365,3019.61,283,High-quality board game suitable for Indian conditions.,Amazon
PRD-01826,Board Game (Model B72),CAT-0366,2058.43,262,High-quality board game suitable for Indian conditions.,Amazon
PRD-01827,Puzzle (Model X88),CAT-0366,4682.88,463,High-quality puzzle suitable for Indian conditions.,Amazon
PRD-01828,Board Game (Model H17),CAT-0366,2688.71,216,High-quality board game suitable for Indian conditions.,Amazon
PRD-01829,Puzzle (Model K80),CAT-0366,411.2,457,High-quality puzzle suitable for Indian conditions.,Amazon
PRD-01830,Puzzle (Model N70),CAT-0366,673.01,318,High-quality puzzle suitable for Indian conditions.,Amazon
PRD-01831,Puzzle (Model L67),CAT-0367,3517.82,10,High-quality puzzle suitable for Indian conditions.,Amazon
PRD-01832,Action Figure (Model J34),CAT-0367,2399.28,224,High-quality action figure suitable for Indian conditions.,Amazon
PRD-01833,Action Figure (Model Q38),CAT-0367,2979.53,350,High-quality action figure suitable for Indian conditions.,Amazon
PRD-01834,Board Game (Model T94),CAT-0367,2395.49,452,High-quality board game suitable for Indian conditions.,Amazon
PRD-01835,Board Game (Model X59),CAT-0367,4803.04,426,High-quality board game suitable for Indian conditions.,Amazon
PRD-01836,Puzzle (Model U56),CAT-0368,4000.27,409,High-quality puzzle suitable for Indian conditions.,Amazon
PRD-01837,Action Figure (Model T36),CAT-0368,1484.04,383,High-quality action figure suitable for Indian conditions.,Amazon
PRD-01838,Action Figure (Model V71),CAT-0368,732.57,102,High-quality action figure suitable for Indian conditions.,Amazon
PRD-01839,Action Figure (Model T72),CAT-0368,594.43,212,High-quality action figure suitable for Indian conditions.,Amazon
PRD-01840,Board Game (Model J40),CAT-0368,1126.22,24,High-quality board game suitable for Indian conditions.,Amazon
PRD-01841,Action Figure (Model L43),CAT-0369,1849.51,81,High-quality action figure suitable for Indian conditions.,Amazon
PRD-01842,Action Figure (Model Q14),CAT-0369,4053.4,172,High-quality action figure suitable for Indian conditions.,Amazon
PRD-01843,Board Game (Model D89),CAT-0369,1210.78,287,High-quality board game suitable for Indian conditions.,Amazon
PRD-01844,Action Figure (Model P43),CAT-0369,4968.95,401,High-quality action figure suitable for Indian conditions.,Amazon
PRD-01845,Board Game (Model Y15),CAT-0369,3873.46,285,High-quality board game suitable for Indian conditions.,Amazon
PRD-01846,Board Game (Model E98),CAT-0370,4381.11,309,High-quality board game suitable for Indian conditions.,Amazon
PRD-01847,Puzzle (Model D16),CAT-0370,4640.5,224,High-quality puzzle suitable for Indian conditions.,Amazon
PRD-01848,Board Game (Model Y24),CAT-0370,4875.83,400,High-quality board game suitable for Indian conditions.,Amazon
PRD-01849,Puzzle (Model T23),CAT-0370,4135.69,21,High-quality puzzle suitable for Indian conditions.,Amazon
PRD-01850,Puzzle (Model D31),CAT-0370,3186.64,445,High-quality puzzle suitable for Indian conditions.,Amazon
PRD-01851,Action Figure (Model L30),CAT-0371,3668.91,362,High-quality action figure suitable for Indian conditions.,Amazon
PRD-01852,Board Game (Model Y74),CAT-0371,2542.12,445,High-quality board game suitable for Indian conditions.,Amazon
PRD-01853,Action Figure (Model E92),CAT-0371,1882.31,419,High-quality action figure suitable for Indian conditions.,Amazon
PRD-01854,Action Figure (Model D35),CAT-0371,2251.63,212,High-quality action figure suitable for Indian conditions.,Amazon
PRD-01855,Action Figure (Model H70),CAT-0371,1772.47,258,High-quality action figure suitable for Indian conditions.,Amazon
PRD-01856,Action Figure (Model C44),CAT-0372,1924.94,386,High-quality action figure suitable for Indian conditions.,Amazon
PRD-01857,Board Game (Model L90),CAT-0372,3358.48,77,High-quality board game suitable for Indian conditions.,Amazon
PRD-01858,Puzzle (Model N39),CAT-0372,776.17,219,High-quality puzzle suitable for Indian conditions.,Amazon
PRD-01859,Board Game (Model N68),CAT-0372,4764.02,264,High-quality board game suitable for Indian conditions.,Amazon
PRD-01860,Puzzle (Model L13),CAT-0372,2268.64,394,High-quality puzzle suitable for Indian conditions.,Amazon
PRD-01861,Action Figure (Model W76),CAT-0373,4723.85,43,High-quality action figure suitable for Indian conditions.,Amazon
PRD-01862,Board Game (Model K61),CAT-0373,4911.53,84,High-quality board game suitable for Indian conditions.,Amazon
PRD-01863,Board Game (Model B60),CAT-0373,3820.04,338,High-quality board game suitable for Indian conditions.,Amazon
PRD-01864,Puzzle (Model E83),CAT-0373,383.27,323,High-quality puzzle suitable for Indian conditions.,Amazon
PRD-01865,Puzzle (Model Z94),CAT-0373,4391.49,498,High-quality puzzle suitable for Indian conditions.,Amazon
PRD-01866,Board Game (Model N61),CAT-0374,4440.34,358,High-quality board game suitable for Indian conditions.,Amazon
PRD-01867,Puzzle (Model J50),CAT-0374,4555.23,4,High-quality puzzle suitable for Indian conditions.,Amazon
PRD-01868,Board Game (Model Q88),CAT-0374,4610.21,358,High-quality board game suitable for Indian conditions.,Amazon
PRD-01869,Board Game (Model O92),CAT-0374,1105.15,278,High-quality board game suitable for Indian conditions.,Amazon
PRD-01870,Puzzle (Model Z89),CAT-0374,3294.98,357,High-quality puzzle suitable for Indian conditions.,Amazon
PRD-01871,Board Game (Model Z93),CAT-0375,2082.08,101,High-quality board game suitable for Indian conditions.,Amazon
PRD-01872,Board Game (Model C14),CAT-0375,2733.42,199,High-quality board game suitable for Indian conditions.,Amazon
PRD-01873,Puzzle (Model X26),CAT-0375,2650.3,276,High-quality puzzle suitable for Indian conditions.,Amazon
PRD-01874,Board Game (Model G21),CAT-0375,2607.19,159,High-quality board game suitable for Indian conditions.,Amazon
PRD-01875,Puzzle (Model K91),CAT-0375,884.13,14,High-quality puzzle suitable for Indian conditions.,Amazon
PRD-01876,Puzzle (Model S43),CAT-0376,1282.56,396,High-quality puzzle suitable for Indian conditions.,Amazon
PRD-01877,Board Game (Model X64),CAT-0376,4936.08,56,High-quality board game suitable for Indian conditions.,Amazon
PRD-01878,Puzzle (Model B57),CAT-0376,1372.81,259,High-quality puzzle suitable for Indian conditions.,Amazon
PRD-01879,Board Game (Model D16),CAT-0376,3807.14,481,High-quality board game suitable for Indian conditions.,Amazon
PRD-01880,Action Figure (Model O48),CAT-0376,2904.93,2,High-quality action figure suitable for Indian conditions.,Amazon
PRD-01881,Board Game (Model K40),CAT-0377,4046.4,297,High-quality board game suitable for Indian conditions.,Amazon
PRD-01882,Puzzle (Model W90),CAT-0377,3361.05,432,High-quality puzzle suitable for Indian conditions.,Amazon
PRD-01883,Puzzle (Model H54),CAT-0377,1566.09,341,High-quality puzzle suitable for Indian conditions.,Amazon
PRD-01884,Puzzle (Model S96),CAT-0377,785.86,193,High-quality puzzle suitable for Indian conditions.,Amazon
PRD-01885,Puzzle (Model X41),CAT-0377,615.61,264,High-quality puzzle suitable for Indian conditions.,Amazon
PRD-01886,Puzzle (Model G56),CAT-0378,2326.12,75,High-quality puzzle suitable for Indian conditions.,Amazon
PRD-01887,Puzzle (Model N62),CAT-0378,501.54,31,High-quality puzzle suitable for Indian conditions.,Amazon
PRD-01888,Board Game (Model E70),CAT-0378,1152.44,39,High-quality board game suitable for Indian conditions.,Amazon
PRD-01889,Board Game (Model V77),CAT-0378,2073.49,286,High-quality board game suitable for Indian conditions.,Amazon
PRD-01890,Puzzle (Model Y60),CAT-0378,4372.87,299,High-quality puzzle suitable for Indian conditions.,Amazon
PRD-01891,Board Game (Model U64),CAT-0379,4982.91,352,High-quality board game suitable for Indian conditions.,Amazon
PRD-01892,Board Game (Model X63),CAT-0379,4136.68,73,High-quality board game suitable for Indian conditions.,Amazon
PRD-01893,Puzzle (Model E72),CAT-0379,3584.64,66,High-quality puzzle suitable for Indian conditions.,Amazon
PRD-01894,Puzzle (Model Q77),CAT-0379,678.48,108,High-quality puzzle suitable for Indian conditions.,Amazon
PRD-01895,Board Game (Model P14),CAT-0379,3757.83,483,High-quality board game suitable for Indian conditions.,Amazon
PRD-01896,Puzzle (Model L25),CAT-0380,3047.84,209,High-quality puzzle suitable for Indian conditions.,Amazon
PRD-01897,Action Figure (Model D57),CAT-0380,2901.65,20,High-quality action figure suitable for Indian conditions.,Amazon
PRD-01898,Puzzle (Model E25),CAT-0380,1920.19,191,High-quality puzzle suitable for Indian conditions.,Amazon
PRD-01899,Board Game (Model J72),CAT-0380,237.09,73,High-quality board game suitable for Indian conditions.,Amazon
PRD-01900,Action Figure (Model Z85),CAT-0380,2166.61,479,High-quality action figure suitable for Indian conditions.,Amazon
PRD-01901,Board Game (Model J37),CAT-0381,997.08,378,High-quality board game suitable for Indian conditions.,Amazon
PRD-01902,Board Game (Model A25),CAT-0381,2782.93,34,High-quality board game suitable for Indian conditions.,Amazon
PRD-01903,Action Figure (Model N71),CAT-0381,2907.99,289,High-quality action figure suitable for Indian conditions.,Amazon
PRD-01904,Board Game (Model K58),CAT-0381,2428.61,368,High-quality board game suitable for Indian conditions.,Amazon
PRD-01905,Puzzle (Model E27),CAT-0381,2573.34,235,High-quality puzzle suitable for Indian conditions.,Amazon
PRD-01906,Board Game (Model V67),CAT-0382,830.01,372,High-quality board game suitable for Indian conditions.,Amazon
PRD-01907,Board Game (Model C89),CAT-0382,3356.06,209,High-quality board game suitable for Indian conditions.,Amazon
PRD-01908,Board Game (Model H60),CAT-0382,1761.09,23,High-quality board game suitable for Indian conditions.,Amazon
PRD-01909,Puzzle (Model O45),CAT-0382,3264.99,443,High-quality puzzle suitable for Indian conditions.,Amazon
PRD-01910,Action Figure (Model W13),CAT-0382,2902.77,407,High-quality action figure suitable for Indian conditions.,Amazon
PRD-01911,Puzzle (Model J81),CAT-0383,3261.28,329,High-quality puzzle suitable for Indian conditions.,Amazon
PRD-01912,Puzzle (Model C34),CAT-0383,4780.32,277,High-quality puzzle suitable for Indian conditions.,Amazon
PRD-01913,Puzzle (Model Y16),CAT-0383,4790.73,267,High-quality puzzle suitable for Indian conditions.,Amazon
PRD-01914,Action Figure (Model Y70),CAT-0383,2562.93,9,High-quality action figure suitable for Indian conditions.,Amazon
PRD-01915,Action Figure (Model V78),CAT-0383,980.74,9,High-quality action figure suitable for Indian conditions.,Amazon
PRD-01916,Board Game (Model Z36),CAT-0384,1301.9,361,High-quality board game suitable for Indian conditions.,Amazon
PRD-01917,Puzzle (Model O20),CAT-0384,4053.91,310,High-quality puzzle suitable for Indian conditions.,Amazon
PRD-01918,Board Game (Model M85),CAT-0384,320.42,441,High-quality board game suitable for Indian conditions.,Amazon
PRD-01919,Action Figure (Model K65),CAT-0384,984.49,12,High-quality action figure suitable for Indian conditions.,Amazon
PRD-01920,Puzzle (Model K58),CAT-0384,1360.17,58,High-quality puzzle suitable for Indian conditions.,Amazon
PRD-01921,Action Figure (Model R31),CAT-0385,1498.22,93,High-quality action figure suitable for Indian conditions.,Amazon
PRD-01922,Board Game (Model Y21),CAT-0385,855.71,487,High-quality board game suitable for Indian conditions.,Amazon
PRD-01923,Board Game (Model V31),CAT-0385,388.68,492,High-quality board game suitable for Indian conditions.,Amazon
PRD-01924,Board Game (Model F13),CAT-0385,3595.17,152,High-quality board game suitable for Indian conditions.,Amazon
PRD-01925,Board Game (Model D50),CAT-0385,798.06,457,High-quality board game suitable for Indian conditions.,Amazon
PRD-01926,Board Game (Model I58),CAT-0386,4713.73,460,High-quality board game suitable for Indian conditions.,Amazon
PRD-01927,Action Figure (Model B35),CAT-0386,1274.15,305,High-quality action figure suitable for Indian conditions.,Amazon
PRD-01928,Puzzle (Model H73),CAT-0386,2592.24,258,High-quality puzzle suitable for Indian conditions.,Amazon
PRD-01929,Board Game (Model D44),CAT-0386,397.1,237,High-quality board game suitable for Indian conditions.,Amazon
PRD-01930,Puzzle (Model N18),CAT-0386,2472.44,208,High-quality puzzle suitable for Indian conditions.,Amazon
PRD-01931,Puzzle (Model H12),CAT-0387,1418.88,493,High-quality puzzle suitable for Indian conditions.,Amazon
PRD-01932,Puzzle (Model V22),CAT-0387,1306.95,284,High-quality puzzle suitable for Indian conditions.,Amazon
PRD-01933,Puzzle (Model Z26),CAT-0387,1592.6,208,High-quality puzzle suitable for Indian conditions.,Amazon
PRD-01934,Board Game (Model C91),CAT-0387,2552.12,400,High-quality board game suitable for Indian conditions.,Amazon
PRD-01935,Action Figure (Model L79),CAT-0387,4928.01,400,High-quality action figure suitable for Indian conditions.,Amazon
PRD-01936,Action Figure (Model R64),CAT-0388,4810.63,284,High-quality action figure suitable for Indian conditions.,Amazon
PRD-01937,Board Game (Model B10),CAT-0388,4081.95,492,High-quality board game suitable for Indian conditions.,Amazon
PRD-01938,Puzzle (Model J93),CAT-0388,4863.2,0,High-quality puzzle suitable for Indian conditions.,Amazon
PRD-01939,Action Figure (Model P44),CAT-0388,3029.55,429,High-quality action figure suitable for Indian conditions.,Amazon
PRD-01940,Puzzle (Model M54),CAT-0388,4227.95,108,High-quality puzzle suitable for Indian conditions.,Amazon
PRD-01941,Puzzle (Model Q46),CAT-0389,322.88,378,High-quality puzzle suitable for Indian conditions.,Amazon
PRD-01942,Puzzle (Model S18),CAT-0389,1573.13,202,High-quality puzzle suitable for Indian conditions.,Amazon
PRD-01943,Puzzle (Model D27),CAT-0389,3652.86,143,High-quality puzzle suitable for Indian conditions.,Amazon
PRD-01944,Board Game (Model G88),CAT-0389,2573.62,410,High-quality board game suitable for Indian conditions.,Amazon
PRD-01945,Board Game (Model V53),CAT-0389,3212.33,385,High-quality board game suitable for Indian conditions.,Amazon
PRD-01946,Puzzle (Model O44),CAT-0390,1305.05,164,High-quality puzzle suitable for Indian conditions.,Amazon
PRD-01947,Board Game (Model G68),CAT-0390,4799.06,168,High-quality board game suitable for Indian conditions.,Amazon
PRD-01948,Action Figure (Model W27),CAT-0390,3267.57,1,High-quality action figure suitable for Indian conditions.,Amazon
PRD-01949,Puzzle (Model P10),CAT-0390,4517.08,344,High-quality puzzle suitable for Indian conditions.,Amazon
PRD-01950,Action Figure (Model N81),CAT-0390,4486.81,360,High-quality action figure suitable for Indian conditions.,Amazon
PRD-01951,Board Game (Model Y60),CAT-0391,2736.84,403,High-quality board game suitable for Indian conditions.,Amazon
PRD-01952,Puzzle (Model U19),CAT-0391,2739.38,456,High-quality puzzle suitable for Indian conditions.,Amazon
PRD-01953,Puzzle (Model O96),CAT-0391,704.74,497,High-quality puzzle suitable for Indian conditions.,Amazon
PRD-01954,Board Game (Model T55),CAT-0391,1995.08,429,High-quality board game suitable for Indian conditions.,Amazon
PRD-01955,Puzzle (Model A25),CAT-0391,2367.19,479,High-quality puzzle suitable for Indian conditions.,Amazon
PRD-01956,Action Figure (Model O11),CAT-0392,1185.45,10,High-quality action figure suitable for Indian conditions.,Amazon
PRD-01957,Board Game (Model V55),CAT-0392,1038.41,417,High-quality board game suitable for Indian conditions.,Amazon
PRD-01958,Puzzle (Model U48),CAT-0392,4061.23,113,High-quality puzzle suitable for Indian conditions.,Amazon
PRD-01959,Action Figure (Model P56),CAT-0392,280.3,252,High-quality action figure suitable for Indian conditions.,Amazon
PRD-01960,Puzzle (Model W87),CAT-0392,1124.52,100,High-quality puzzle suitable for Indian conditions.,Amazon
PRD-01961,Puzzle (Model M24),CAT-0393,4362.59,291,High-quality puzzle suitable for Indian conditions.,Amazon
PRD-01962,Puzzle (Model P31),CAT-0393,2803.75,337,High-quality puzzle suitable for Indian conditions.,Amazon
PRD-01963,Puzzle (Model S96),CAT-0393,3443.68,289,High-quality puzzle suitable for Indian conditions.,Amazon
PRD-01964,Action Figure (Model C85),CAT-0393,728.41,33,High-quality action figure suitable for Indian conditions.,Amazon
PRD-01965,Action Figure (Model I82),CAT-0393,4291.85,451,High-quality action figure suitable for Indian conditions.,Amazon
PRD-01966,Puzzle (Model X45),CAT-0394,1040.07,347,High-quality puzzle suitable for Indian conditions.,Amazon
PRD-01967,Action Figure (Model W96),CAT-0394,2711.41,129,High-quality action figure suitable for Indian conditions.,Amazon
PRD-01968,Puzzle (Model R68),CAT-0394,109.58,218,High-quality puzzle suitable for Indian conditions.,Amazon
PRD-01969,Puzzle (Model V93),CAT-0394,354.13,480,High-quality puzzle suitable for Indian conditions.,Amazon
PRD-01970,Board Game (Model N62),CAT-0394,1442.77,348,High-quality board game suitable for Indian conditions.,Amazon
PRD-01971,Puzzle (Model O73),CAT-0395,1871.21,388,High-quality puzzle suitable for Indian conditions.,Amazon
PRD-01972,Action Figure (Model X38),CAT-0395,330.13,470,High-quality action figure suitable for Indian conditions.,Amazon
PRD-01973,Board Game (Model R67),CAT-0395,1649.59,200,High-quality board game suitable for Indian conditions.,Amazon
PRD-01974,Action Figure (Model K20),CAT-0395,4412.48,413,High-quality action figure suitable for Indian conditions.,Amazon
PRD-01975,Action Figure (Model X38),CAT-0395,4892.67,216,High-quality action figure suitable for Indian conditions.,Amazon
PRD-01976,Action Figure (Model H35),CAT-0396,905.96,159,High-quality action figure suitable for Indian conditions.,Amazon
PRD-01977,Action Figure (Model U90),CAT-0396,573.96,245,High-quality action figure suitable for Indian conditions.,Amazon
PRD-01978,Board Game (Model Z13),CAT-0396,3003.4,320,High-quality board game suitable for Indian conditions.,Amazon
PRD-01979,Board Game (Model I41),CAT-0396,628.42,122,High-quality board game suitable for Indian conditions.,Amazon
PRD-01980,Board Game (Model B52),CAT-0396,2646.41,121,High-quality board game suitable for Indian conditions.,Amazon
PRD-01981,Action Figure (Model Y86),CAT-0397,3135.88,391,High-quality action figure suitable for Indian conditions.,Amazon
PRD-01982,Action Figure (Model U67),CAT-0397,2936.78,43,High-quality action figure suitable for Indian conditions.,Amazon
PRD-01983,Action Figure (Model B58),CAT-0397,1635.07,434,High-quality action figure suitable for Indian conditions.,Amazon
PRD-01984,Puzzle (Model C26),CAT-0397,403.81,410,High-quality puzzle suitable for Indian conditions.,Amazon
PRD-01985,Board Game (Model B48),CAT-0397,3092.62,221,High-quality board game suitable for Indian conditions.,Amazon
PRD-01986,Action Figure (Model D96),CAT-0398,373.37,26,High-quality action figure suitable for Indian conditions.,Amazon
PRD-01987,Board Game (Model M61),CAT-0398,569.57,385,High-quality board game suitable for Indian conditions.,Amazon
PRD-01988,Board Game (Model H86),CAT-0398,3958.63,319,High-quality board game suitable for Indian conditions.,Amazon
PRD-01989,Action Figure (Model O59),CAT-0398,2374.62,219,High-quality action figure suitable for Indian conditions.,Amazon
PRD-01990,Puzzle (Model T22),CAT-0398,1764.12,480,High-quality puzzle suitable for Indian conditions.,Amazon
PRD-01991,Puzzle (Model Z13),CAT-0399,2324.98,168,High-quality puzzle suitable for Indian conditions.,Amazon
PRD-01992,Puzzle (Model G23),CAT-0399,603.18,304,High-quality puzzle suitable for Indian conditions.,Amazon
PRD-01993,Puzzle (Model C85),CAT-0399,3968.14,99,High-quality puzzle suitable for Indian conditions.,Amazon
PRD-01994,Puzzle (Model E91),CAT-0399,2593.6,181,High-quality puzzle suitable for Indian conditions.,Amazon
PRD-01995,Board Game (Model P89),CAT-0399,2278.66,124,High-quality board game suitable for Indian conditions.,Amazon
PRD-01996,Action Figure (Model Z15),CAT-0400,396.41,159,High-quality action figure suitable for Indian conditions.,Amazon
PRD-01997,Puzzle (Model N75),CAT-0400,4802.73,386,High-quality puzzle suitable for Indian conditions.,Amazon
PRD-01998,Board Game (Model J84),CAT-0400,4437.59,397,High-quality board game suitable for Indian conditions.,Amazon
PRD-01999,Action Figure (Model E70),CAT-0400,1612.5,175,High-quality action figure suitable for Indian conditions.,Amazon
PRD-02000,Board Game (Model L11),CAT-0400,2636.63,336,High-quality board game suitable for Indian conditions.,Amazon
PRD-02001,Dash Cam (Model E17),CAT-0401,2051.62,419,High-quality dash cam suitable for Indian conditions.,Amazon
PRD-02002,Dash Cam (Model B64),CAT-0401,2881.77,499,High-quality dash cam suitable for Indian conditions.,Amazon
PRD-02003,Car Cover (Model U35),CAT-0401,6325.06,174,High-quality car cover suitable for Indian conditions.,Amazon
PRD-02004,Car Cover (Model V70),CAT-0401,5619.3,239,High-quality car cover suitable for Indian conditions.,Amazon
PRD-02005,Dash Cam (Model W52),CAT-0401,6845.67,289,High-quality dash cam suitable for Indian conditions.,Amazon
PRD-02006,Helmet (Model T48),CAT-0402,3465.82,83,High-quality helmet suitable for Indian conditions.,Amazon
PRD-02007,Car Cover (Model O15),CAT-0402,4068.26,471,High-quality car cover suitable for Indian conditions.,Amazon
PRD-02008,Car Cover (Model U38),CAT-0402,5607.12,238,High-quality car cover suitable for Indian conditions.,Amazon
PRD-02009,Dash Cam (Model G40),CAT-0402,3949.82,393,High-quality dash cam suitable for Indian conditions.,Amazon
PRD-02010,Helmet (Model Z58),CAT-0402,1801.47,94,High-quality helmet suitable for Indian conditions.,Amazon
PRD-02011,Car Cover (Model L11),CAT-0403,775.1,15,High-quality car cover suitable for Indian conditions.,Amazon
PRD-02012,Dash Cam (Model D28),CAT-0403,2466.49,99,High-quality dash cam suitable for Indian conditions.,Amazon
PRD-02013,Dash Cam (Model S56),CAT-0403,542.46,15,High-quality dash cam suitable for Indian conditions.,Amazon
PRD-02014,Car Cover (Model G46),CAT-0403,1558.34,453,High-quality car cover suitable for Indian conditions.,Amazon
PRD-02015,Helmet (Model X32),CAT-0403,2850.58,283,High-quality helmet suitable for Indian conditions.,Amazon
PRD-02016,Car Cover (Model F35),CAT-0404,367.64,431,High-quality car cover suitable for Indian conditions.,Amazon
PRD-02017,Helmet (Model D12),CAT-0404,6685.28,70,High-quality helmet suitable for Indian conditions.,Amazon
PRD-02018,Helmet (Model U24),CAT-0404,2839.39,107,High-quality helmet suitable for Indian conditions.,Amazon
PRD-02019,Helmet (Model O40),CAT-0404,3083.2,190,High-quality helmet suitable for Indian conditions.,Amazon
PRD-02020,Dash Cam (Model F77),CAT-0404,7821.39,319,High-quality dash cam suitable for Indian conditions.,Amazon
PRD-02021,Helmet (Model W18),CAT-0405,1124.25,451,High-quality helmet suitable for Indian conditions.,Amazon
PRD-02022,Car Cover (Model Z34),CAT-0405,1695.11,193,High-quality car cover suitable for Indian conditions.,Amazon
PRD-02023,Dash Cam (Model L50),CAT-0405,4876.48,500,High-quality dash cam suitable for Indian conditions.,Amazon
PRD-02024,Dash Cam (Model H15),CAT-0405,6152.04,300,High-quality dash cam suitable for Indian conditions.,Amazon
PRD-02025,Car Cover (Model R47),CAT-0405,6358.78,167,High-quality car cover suitable for Indian conditions.,Amazon
PRD-02026,Car Cover (Model B90),CAT-0406,6405.77,446,High-quality car cover suitable for Indian conditions.,Amazon
PRD-02027,Car Cover (Model Q84),CAT-0406,7109.51,107,High-quality car cover suitable for Indian conditions.,Amazon
PRD-02028,Dash Cam (Model C70),CAT-0406,6369.78,314,High-quality dash cam suitable for Indian conditions.,Amazon
PRD-02029,Car Cover (Model F75),CAT-0406,3227.3,451,High-quality car cover suitable for Indian conditions.,Amazon
PRD-02030,Dash Cam (Model Y75),CAT-0406,3119.28,265,High-quality dash cam suitable for Indian conditions.,Amazon
PRD-02031,Helmet (Model F51),CAT-0407,5757.4,269,High-quality helmet suitable for Indian conditions.,Amazon
PRD-02032,Dash Cam (Model P73),CAT-0407,3895.31,297,High-quality dash cam suitable for Indian conditions.,Amazon
PRD-02033,Helmet (Model U84),CAT-0407,5267.95,106,High-quality helmet suitable for Indian conditions.,Amazon
PRD-02034,Car Cover (Model G67),CAT-0407,6932.71,202,High-quality car cover suitable for Indian conditions.,Amazon
PRD-02035,Car Cover (Model J64),CAT-0407,7131.93,292,High-quality car cover suitable for Indian conditions.,Amazon
PRD-02036,Car Cover (Model L42),CAT-0408,4494.31,68,High-quality car cover suitable for Indian conditions.,Amazon
PRD-02037,Car Cover (Model J66),CAT-0408,4246.8,117,High-quality car cover suitable for Indian conditions.,Amazon
PRD-02038,Dash Cam (Model B69),CAT-0408,4195.64,172,High-quality dash cam suitable for Indian conditions.,Amazon
PRD-02039,Helmet (Model O69),CAT-0408,3573.54,188,High-quality helmet suitable for Indian conditions.,Amazon
PRD-02040,Helmet (Model K44),CAT-0408,3182.49,91,High-quality helmet suitable for Indian conditions.,Amazon
PRD-02041,Helmet (Model H43),CAT-0409,5233.77,183,High-quality helmet suitable for Indian conditions.,Amazon
PRD-02042,Car Cover (Model J74),CAT-0409,4199.77,329,High-quality car cover suitable for Indian conditions.,Amazon
PRD-02043,Car Cover (Model Z45),CAT-0409,7427.53,50,High-quality car cover suitable for Indian conditions.,Amazon
PRD-02044,Car Cover (Model C56),CAT-0409,498.59,102,High-quality car cover suitable for Indian conditions.,Amazon
PRD-02045,Helmet (Model G96),CAT-0409,2768.08,154,High-quality helmet suitable for Indian conditions.,Amazon
PRD-02046,Dash Cam (Model Y97),CAT-0410,6794.5,97,High-quality dash cam suitable for Indian conditions.,Amazon
PRD-02047,Dash Cam (Model T27),CAT-0410,7987.56,385,High-quality dash cam suitable for Indian conditions.,Amazon
PRD-02048,Dash Cam (Model X79),CAT-0410,7316.58,4,High-quality dash cam suitable for Indian conditions.,Amazon
PRD-02049,Helmet (Model J54),CAT-0410,6308.4,206,High-quality helmet suitable for Indian conditions.,Amazon
PRD-02050,Helmet (Model S93),CAT-0410,292.75,334,High-quality helmet suitable for Indian conditions.,Amazon
PRD-02051,Dash Cam (Model Y29),CAT-0411,6950.64,116,High-quality dash cam suitable for Indian conditions.,Amazon
PRD-02052,Car Cover (Model X36),CAT-0411,3900.62,264,High-quality car cover suitable for Indian conditions.,Amazon
PRD-02053,Dash Cam (Model Z80),CAT-0411,6109.45,369,High-quality dash cam suitable for Indian conditions.,Amazon
PRD-02054,Helmet (Model K20),CAT-0411,2641.98,96,High-quality helmet suitable for Indian conditions.,Amazon
PRD-02055,Helmet (Model Y99),CAT-0411,3457.97,224,High-quality helmet suitable for Indian conditions.,Amazon
PRD-02056,Helmet (Model R13),CAT-0412,3122.66,295,High-quality helmet suitable for Indian conditions.,Amazon
PRD-02057,Car Cover (Model J11),CAT-0412,4098.44,337,High-quality car cover suitable for Indian conditions.,Amazon
PRD-02058,Helmet (Model K38),CAT-0412,3469.35,351,High-quality helmet suitable for Indian conditions.,Amazon
PRD-02059,Helmet (Model Y98),CAT-0412,4393.31,166,High-quality helmet suitable for Indian conditions.,Amazon
PRD-02060,Dash Cam (Model A82),CAT-0412,6325.79,472,High-quality dash cam suitable for Indian conditions.,Amazon
PRD-02061,Car Cover (Model E52),CAT-0413,4631.89,409,High-quality car cover suitable for Indian conditions.,Amazon
PRD-02062,Dash Cam (Model T83),CAT-0413,6962.17,195,High-quality dash cam suitable for Indian conditions.,Amazon
PRD-02063,Car Cover (Model M18),CAT-0413,4369.03,96,High-quality car cover suitable for Indian conditions.,Amazon
PRD-02064,Helmet (Model D52),CAT-0413,4642.22,231,High-quality helmet suitable for Indian conditions.,Amazon
PRD-02065,Dash Cam (Model J21),CAT-0413,1537.1,345,High-quality dash cam suitable for Indian conditions.,Amazon
PRD-02066,Dash Cam (Model F14),CAT-0414,6646.5,308,High-quality dash cam suitable for Indian conditions.,Amazon
PRD-02067,Helmet (Model A33),CAT-0414,1752.19,466,High-quality helmet suitable for Indian conditions.,Amazon
PRD-02068,Helmet (Model J36),CAT-0414,2017.71,337,High-quality helmet suitable for Indian conditions.,Amazon
PRD-02069,Dash Cam (Model C68),CAT-0414,648.13,265,High-quality dash cam suitable for Indian conditions.,Amazon
PRD-02070,Car Cover (Model F51),CAT-0414,6905.72,210,High-quality car cover suitable for Indian conditions.,Amazon
PRD-02071,Helmet (Model F24),CAT-0415,1207.27,214,High-quality helmet suitable for Indian conditions.,Amazon
PRD-02072,Helmet (Model X18),CAT-0415,3234.14,462,High-quality helmet suitable for Indian conditions.,Amazon
PRD-02073,Car Cover (Model E36),CAT-0415,2616.11,418,High-quality car cover suitable for Indian conditions.,Amazon
PRD-02074,Dash Cam (Model V70),CAT-0415,1438.49,294,High-quality dash cam suitable for Indian conditions.,Amazon
PRD-02075,Helmet (Model S35),CAT-0415,4119.31,350,High-quality helmet suitable for Indian conditions.,Amazon
PRD-02076,Helmet (Model I35),CAT-0416,258.06,73,High-quality helmet suitable for Indian conditions.,Amazon
PRD-02077,Helmet (Model C61),CAT-0416,4917.82,126,High-quality helmet suitable for Indian conditions.,Amazon
PRD-02078,Dash Cam (Model K82),CAT-0416,7058.07,235,High-quality dash cam suitable for Indian conditions.,Amazon
PRD-02079,Helmet (Model S15),CAT-0416,5950.87,147,High-quality helmet suitable for Indian conditions.,Amazon
PRD-02080,Dash Cam (Model O54),CAT-0416,5662.47,364,High-quality dash cam suitable for Indian conditions.,Amazon
PRD-02081,Helmet (Model M88),CAT-0417,6622.75,435,High-quality helmet suitable for Indian conditions.,Amazon
PRD-02082,Car Cover (Model N41),CAT-0417,1600.71,316,High-quality car cover suitable for Indian conditions.,Amazon
PRD-02083,Dash Cam (Model N68),CAT-0417,3200.39,337,High-quality dash cam suitable for Indian conditions.,Amazon
PRD-02084,Car Cover (Model W82),CAT-0417,945.17,357,High-quality car cover suitable for Indian conditions.,Amazon
PRD-02085,Car Cover (Model H30),CAT-0417,2335.45,321,High-quality car cover suitable for Indian conditions.,Amazon
PRD-02086,Dash Cam (Model J95),CAT-0418,7347.11,357,High-quality dash cam suitable for Indian conditions.,Amazon
PRD-02087,Dash Cam (Model X37),CAT-0418,7288.14,210,High-quality dash cam suitable for Indian conditions.,Amazon
PRD-02088,Dash Cam (Model D57),CAT-0418,796.96,53,High-quality dash cam suitable for Indian conditions.,Amazon
PRD-02089,Dash Cam (Model Y51),CAT-0418,3398.75,84,High-quality dash cam suitable for Indian conditions.,Amazon
PRD-02090,Helmet (Model G74),CAT-0418,548.15,13,High-quality helmet suitable for Indian conditions.,Amazon
PRD-02091,Car Cover (Model U98),CAT-0419,5469.85,236,High-quality car cover suitable for Indian conditions.,Amazon
PRD-02092,Helmet (Model K61),CAT-0419,6875.03,203,High-quality helmet suitable for Indian conditions.,Amazon
PRD-02093,Car Cover (Model A42),CAT-0419,1094.53,469,High-quality car cover suitable for Indian conditions.,Amazon
PRD-02094,Car Cover (Model K95),CAT-0419,6039.67,248,High-quality car cover suitable for Indian conditions.,Amazon
PRD-02095,Helmet (Model C20),CAT-0419,4477.74,124,High-quality helmet suitable for Indian conditions.,Amazon
PRD-02096,Dash Cam (Model O27),CAT-0420,3872.14,142,High-quality dash cam suitable for Indian conditions.,Amazon
PRD-02097,Car Cover (Model F12),CAT-0420,4934.51,90,High-quality car cover suitable for Indian conditions.,Amazon
PRD-02098,Helmet (Model D78),CAT-0420,5983.28,86,High-quality helmet suitable for Indian conditions.,Amazon
PRD-02099,Car Cover (Model V11),CAT-0420,5483.59,78,High-quality car cover suitable for Indian conditions.,Amazon
PRD-02100,Helmet (Model L32),CAT-0420,1890.04,17,High-quality helmet suitable for Indian conditions.,Amazon
PRD-02101,Dash Cam (Model R37),CAT-0421,3648.05,24,High-quality dash cam suitable for Indian conditions.,Amazon
PRD-02102,Dash Cam (Model Z76),CAT-0421,5199.9,366,High-quality dash cam suitable for Indian conditions.,Amazon
PRD-02103,Dash Cam (Model D59),CAT-0421,5584.7,227,High-quality dash cam suitable for Indian conditions.,Amazon
PRD-02104,Car Cover (Model T10),CAT-0421,579.58,193,High-quality car cover suitable for Indian conditions.,Amazon
PRD-02105,Car Cover (Model H57),CAT-0421,7288.3,102,High-quality car cover suitable for Indian conditions.,Amazon
PRD-02106,Car Cover (Model A63),CAT-0422,417.96,7,High-quality car cover suitable for Indian conditions.,Amazon
PRD-02107,Helmet (Model G97),CAT-0422,5417.81,112,High-quality helmet suitable for Indian conditions.,Amazon
PRD-02108,Car Cover (Model Z95),CAT-0422,1509.49,85,High-quality car cover suitable for Indian conditions.,Amazon
PRD-02109,Car Cover (Model N75),CAT-0422,1039.93,167,High-quality car cover suitable for Indian conditions.,Amazon
PRD-02110,Helmet (Model R90),CAT-0422,1678.47,106,High-quality helmet suitable for Indian conditions.,Amazon
PRD-02111,Dash Cam (Model M64),CAT-0423,1142.27,109,High-quality dash cam suitable for Indian conditions.,Amazon
PRD-02112,Car Cover (Model L51),CAT-0423,1554.25,205,High-quality car cover suitable for Indian conditions.,Amazon
PRD-02113,Dash Cam (Model K11),CAT-0423,3235.66,234,High-quality dash cam suitable for Indian conditions.,Amazon
PRD-02114,Car Cover (Model C94),CAT-0423,6557.66,332,High-quality car cover suitable for Indian conditions.,Amazon
PRD-02115,Dash Cam (Model L15),CAT-0423,725.18,111,High-quality dash cam suitable for Indian conditions.,Amazon
PRD-02116,Helmet (Model J86),CAT-0424,4096.69,52,High-quality helmet suitable for Indian conditions.,Amazon
PRD-02117,Dash Cam (Model R82),CAT-0424,1537.38,491,High-quality dash cam suitable for Indian conditions.,Amazon
PRD-02118,Car Cover (Model T51),CAT-0424,7855.04,356,High-quality car cover suitable for Indian conditions.,Amazon
PRD-02119,Helmet (Model V98),CAT-0424,1236.87,89,High-quality helmet suitable for Indian conditions.,Amazon
PRD-02120,Dash Cam (Model Y98),CAT-0424,2680.14,435,High-quality dash cam suitable for Indian conditions.,Amazon
PRD-02121,Dash Cam (Model P18),CAT-0425,2813.82,311,High-quality dash cam suitable for Indian conditions.,Amazon
PRD-02122,Dash Cam (Model O58),CAT-0425,4186.0,379,High-quality dash cam suitable for Indian conditions.,Amazon
PRD-02123,Car Cover (Model Q85),CAT-0425,5696.11,6,High-quality car cover suitable for Indian conditions.,Amazon
PRD-02124,Car Cover (Model A88),CAT-0425,6119.74,63,High-quality car cover suitable for Indian conditions.,Amazon
PRD-02125,Helmet (Model H64),CAT-0425,6106.52,317,High-quality helmet suitable for Indian conditions.,Amazon
PRD-02126,Car Cover (Model B27),CAT-0426,3121.28,151,High-quality car cover suitable for Indian conditions.,Amazon
PRD-02127,Car Cover (Model E58),CAT-0426,1794.21,19,High-quality car cover suitable for Indian conditions.,Amazon
PRD-02128,Car Cover (Model X86),CAT-0426,7910.7,227,High-quality car cover suitable for Indian conditions.,Amazon
PRD-02129,Dash Cam (Model K27),CAT-0426,2369.39,329,High-quality dash cam suitable for Indian conditions.,Amazon
PRD-02130,Car Cover (Model Q63),CAT-0426,5254.76,147,High-quality car cover suitable for Indian conditions.,Amazon
PRD-02131,Car Cover (Model H52),CAT-0427,2873.28,105,High-quality car cover suitable for Indian conditions.,Amazon
PRD-02132,Dash Cam (Model B95),CAT-0427,7909.33,410,High-quality dash cam suitable for Indian conditions.,Amazon
PRD-02133,Dash Cam (Model W38),CAT-0427,4942.89,195,High-quality dash cam suitable for Indian conditions.,Amazon
PRD-02134,Dash Cam (Model K33),CAT-0427,3650.41,3,High-quality dash cam suitable for Indian conditions.,Amazon
PRD-02135,Car Cover (Model P18),CAT-0427,7638.56,26,High-quality car cover suitable for Indian conditions.,Amazon
PRD-02136,Dash Cam (Model E36),CAT-0428,1179.38,88,High-quality dash cam suitable for Indian conditions.,Amazon
PRD-02137,Dash Cam (Model R36),CAT-0428,2043.22,40,High-quality dash cam suitable for Indian conditions.,Amazon
PRD-02138,Helmet (Model X69),CAT-0428,2629.41,369,High-quality helmet suitable for Indian conditions.,Amazon
PRD-02139,Car Cover (Model H64),CAT-0428,1576.2,127,High-quality car cover suitable for Indian conditions.,Amazon
PRD-02140,Helmet (Model J83),CAT-0428,3696.52,325,High-quality helmet suitable for Indian conditions.,Amazon
PRD-02141,Car Cover (Model I71),CAT-0429,824.12,497,High-quality car cover suitable for Indian conditions.,Amazon
PRD-02142,Helmet (Model M58),CAT-0429,1508.58,225,High-quality helmet suitable for Indian conditions.,Amazon
PRD-02143,Helmet (Model Q88),CAT-0429,5932.44,389,High-quality helmet suitable for Indian conditions.,Amazon
PRD-02144,Car Cover (Model Z71),CAT-0429,354.53,195,High-quality car cover suitable for Indian conditions.,Amazon
PRD-02145,Helmet (Model C48),CAT-0429,4842.43,78,High-quality helmet suitable for Indian conditions.,Amazon
PRD-02146,Dash Cam (Model X32),CAT-0430,2206.88,237,High-quality dash cam suitable for Indian conditions.,Amazon
PRD-02147,Helmet (Model O46),CAT-0430,3126.15,310,High-quality helmet suitable for Indian conditions.,Amazon
PRD-02148,Helmet (Model C52),CAT-0430,1265.92,240,High-quality helmet suitable for Indian conditions.,Amazon
PRD-02149,Car Cover (Model E34),CAT-0430,232.61,441,High-quality car cover suitable for Indian conditions.,Amazon
PRD-02150,Dash Cam (Model X57),CAT-0430,4033.34,473,High-quality dash cam suitable for Indian conditions.,Amazon
PRD-02151,Helmet (Model M57),CAT-0431,3195.49,157,High-quality helmet suitable for Indian conditions.,Amazon
PRD-02152,Dash Cam (Model S19),CAT-0431,3388.54,19,High-quality dash cam suitable for Indian conditions.,Amazon
PRD-02153,Car Cover (Model M82),CAT-0431,1466.43,390,High-quality car cover suitable for Indian conditions.,Amazon
PRD-02154,Helmet (Model I54),CAT-0431,4174.95,250,High-quality helmet suitable for Indian conditions.,Amazon
PRD-02155,Dash Cam (Model W57),CAT-0431,5632.35,333,High-quality dash cam suitable for Indian conditions.,Amazon
PRD-02156,Helmet (Model N41),CAT-0432,2090.35,17,High-quality helmet suitable for Indian conditions.,Amazon
PRD-02157,Helmet (Model U96),CAT-0432,420.4,340,High-quality helmet suitable for Indian conditions.,Amazon
PRD-02158,Dash Cam (Model E43),CAT-0432,4922.4,483,High-quality dash cam suitable for Indian conditions.,Amazon
PRD-02159,Dash Cam (Model E42),CAT-0432,2129.84,296,High-quality dash cam suitable for Indian conditions.,Amazon
PRD-02160,Dash Cam (Model F11),CAT-0432,1110.5,47,High-quality dash cam suitable for Indian conditions.,Amazon
PRD-02161,Dash Cam (Model W59),CAT-0433,3301.8,300,High-quality dash cam suitable for Indian conditions.,Amazon
PRD-02162,Car Cover (Model Q34),CAT-0433,7032.85,84,High-quality car cover suitable for Indian conditions.,Amazon
PRD-02163,Helmet (Model I98),CAT-0433,2557.31,495,High-quality helmet suitable for Indian conditions.,Amazon
PRD-02164,Dash Cam (Model V58),CAT-0433,4771.42,375,High-quality dash cam suitable for Indian conditions.,Amazon
PRD-02165,Helmet (Model Y21),CAT-0433,1052.34,293,High-quality helmet suitable for Indian conditions.,Amazon
PRD-02166,Helmet (Model E44),CAT-0434,6040.09,476,High-quality helmet suitable for Indian conditions.,Amazon
PRD-02167,Dash Cam (Model M99),CAT-0434,2603.18,86,High-quality dash cam suitable for Indian conditions.,Amazon
PRD-02168,Helmet (Model A22),CAT-0434,744.76,356,High-quality helmet suitable for Indian conditions.,Amazon
PRD-02169,Helmet (Model Q63),CAT-0434,5305.27,375,High-quality helmet suitable for Indian conditions.,Amazon
PRD-02170,Helmet (Model F32),CAT-0434,3122.28,360,High-quality helmet suitable for Indian conditions.,Amazon
PRD-02171,Car Cover (Model G72),CAT-0435,1619.48,485,High-quality car cover suitable for Indian conditions.,Amazon
PRD-02172,Car Cover (Model O82),CAT-0435,6552.09,95,High-quality car cover suitable for Indian conditions.,Amazon
PRD-02173,Car Cover (Model B33),CAT-0435,6511.59,98,High-quality car cover suitable for Indian conditions.,Amazon
PRD-02174,Helmet (Model N66),CAT-0435,5089.33,319,High-quality helmet suitable for Indian conditions.,Amazon
PRD-02175,Car Cover (Model U31),CAT-0435,822.52,43,High-quality car cover suitable for Indian conditions.,Amazon
PRD-02176,Helmet (Model D45),CAT-0436,701.25,15,High-quality helmet suitable for Indian conditions.,Amazon
PRD-02177,Dash Cam (Model H71),CAT-0436,3984.52,389,High-quality dash cam suitable for Indian conditions.,Amazon
PRD-02178,Car Cover (Model A17),CAT-0436,2275.43,489,High-quality car cover suitable for Indian conditions.,Amazon
PRD-02179,Car Cover (Model V84),CAT-0436,6355.82,21,High-quality car cover suitable for Indian conditions.,Amazon
PRD-02180,Car Cover (Model G76),CAT-0436,6375.93,192,High-quality car cover suitable for Indian conditions.,Amazon
PRD-02181,Dash Cam (Model Q44),CAT-0437,7470.6,242,High-quality dash cam suitable for Indian conditions.,Amazon
PRD-02182,Helmet (Model T64),CAT-0437,2825.09,349,High-quality helmet suitable for Indian conditions.,Amazon
PRD-02183,Helmet (Model K40),CAT-0437,7539.73,340,High-quality helmet suitable for Indian conditions.,Amazon
PRD-02184,Helmet (Model M88),CAT-0437,646.48,182,High-quality helmet suitable for Indian conditions.,Amazon
PRD-02185,Helmet (Model Z22),CAT-0437,224.06,445,High-quality helmet suitable for Indian conditions.,Amazon
PRD-02186,Dash Cam (Model M27),CAT-0438,400.31,62,High-quality dash cam suitable for Indian conditions.,Amazon
PRD-02187,Dash Cam (Model I99),CAT-0438,6061.23,127,High-quality dash cam suitable for Indian conditions.,Amazon
PRD-02188,Helmet (Model O89),CAT-0438,5552.24,445,High-quality helmet suitable for Indian conditions.,Amazon
PRD-02189,Helmet (Model Q62),CAT-0438,5349.78,1,High-quality helmet suitable for Indian conditions.,Amazon
PRD-02190,Dash Cam (Model K12),CAT-0438,5143.46,447,High-quality dash cam suitable for Indian conditions.,Amazon
PRD-02191,Car Cover (Model Z51),CAT-0439,5487.85,119,High-quality car cover suitable for Indian conditions.,Amazon
PRD-02192,Dash Cam (Model P61),CAT-0439,5965.8,406,High-quality dash cam suitable for Indian conditions.,Amazon
PRD-02193,Car Cover (Model L64),CAT-0439,7524.86,482,High-quality car cover suitable for Indian conditions.,Amazon
PRD-02194,Helmet (Model V99),CAT-0439,7260.58,375,High-quality helmet suitable for Indian conditions.,Amazon
PRD-02195,Helmet (Model J87),CAT-0439,1721.6,73,High-quality helmet suitable for Indian conditions.,Amazon
PRD-02196,Dash Cam (Model S74),CAT-0440,447.62,254,High-quality dash cam suitable for Indian conditions.,Amazon
PRD-02197,Car Cover (Model J96),CAT-0440,7971.18,447,High-quality car cover suitable for Indian conditions.,Amazon
PRD-02198,Helmet (Model F67),CAT-0440,7649.4,246,High-quality helmet suitable for Indian conditions.,Amazon
PRD-02199,Dash Cam (Model R40),CAT-0440,2098.18,87,High-quality dash cam suitable for Indian conditions.,Amazon
PRD-02200,Dash Cam (Model W21),CAT-0440,1022.66,366,High-quality dash cam suitable for Indian conditions.,Amazon
PRD-02201,Car Cover (Model F51),CAT-0441,7240.66,392,High-quality car cover suitable for Indian conditions.,Amazon
PRD-02202,Helmet (Model H42),CAT-0441,5394.27,487,High-quality helmet suitable for Indian conditions.,Amazon
PRD-02203,Dash Cam (Model D95),CAT-0441,1258.9,273,High-quality dash cam suitable for Indian conditions.,Amazon
PRD-02204,Dash Cam (Model X72),CAT-0441,905.45,354,High-quality dash cam suitable for Indian conditions.,Amazon
PRD-02205,Helmet (Model H83),CAT-0441,6177.43,307,High-quality helmet suitable for Indian conditions.,Amazon
PRD-02206,Car Cover (Model U53),CAT-0442,3140.68,367,High-quality car cover suitable for Indian conditions.,Amazon
PRD-02207,Dash Cam (Model X58),CAT-0442,5300.57,401,High-quality dash cam suitable for Indian conditions.,Amazon
PRD-02208,Dash Cam (Model N39),CAT-0442,1943.7,59,High-quality dash cam suitable for Indian conditions.,Amazon
PRD-02209,Helmet (Model C24),CAT-0442,895.29,379,High-quality helmet suitable for Indian conditions.,Amazon
PRD-02210,Dash Cam (Model G24),CAT-0442,4668.14,65,High-quality dash cam suitable for Indian conditions.,Amazon
PRD-02211,Helmet (Model M83),CAT-0443,5947.96,159,High-quality helmet suitable for Indian conditions.,Amazon
PRD-02212,Car Cover (Model S78),CAT-0443,1680.89,198,High-quality car cover suitable for Indian conditions.,Amazon
PRD-02213,Helmet (Model K56),CAT-0443,6420.64,478,High-quality helmet suitable for Indian conditions.,Amazon
PRD-02214,Car Cover (Model Q94),CAT-0443,4892.62,113,High-quality car cover suitable for Indian conditions.,Amazon
PRD-02215,Car Cover (Model M11),CAT-0443,4398.68,235,High-quality car cover suitable for Indian conditions.,Amazon
PRD-02216,Helmet (Model E47),CAT-0444,6730.29,255,High-quality helmet suitable for Indian conditions.,Amazon
PRD-02217,Dash Cam (Model O28),CAT-0444,4891.43,74,High-quality dash cam suitable for Indian conditions.,Amazon
PRD-02218,Dash Cam (Model V99),CAT-0444,467.88,163,High-quality dash cam suitable for Indian conditions.,Amazon
PRD-02219,Helmet (Model Q98),CAT-0444,1163.02,434,High-quality helmet suitable for Indian conditions.,Amazon
PRD-02220,Dash Cam (Model S71),CAT-0444,5122.4,110,High-quality dash cam suitable for Indian conditions.,Amazon
PRD-02221,Helmet (Model J58),CAT-0445,658.74,414,High-quality helmet suitable for Indian conditions.,Amazon
PRD-02222,Helmet (Model E36),CAT-0445,6814.95,478,High-quality helmet suitable for Indian conditions.,Amazon
PRD-02223,Car Cover (Model W16),CAT-0445,7400.63,397,High-quality car cover suitable for Indian conditions.,Amazon
PRD-02224,Car Cover (Model P60),CAT-0445,2532.99,417,High-quality car cover suitable for Indian conditions.,Amazon
PRD-02225,Dash Cam (Model F12),CAT-0445,4473.95,172,High-quality dash cam suitable for Indian conditions.,Amazon
PRD-02226,Helmet (Model V70),CAT-0446,7924.45,387,High-quality helmet suitable for Indian conditions.,Amazon
PRD-02227,Helmet (Model M19),CAT-0446,4317.19,144,High-quality helmet suitable for Indian conditions.,Amazon
PRD-02228,Helmet (Model W34),CAT-0446,5668.65,280,High-quality helmet suitable for Indian conditions.,Amazon
PRD-02229,Helmet (Model D26),CAT-0446,2722.66,405,High-quality helmet suitable for Indian conditions.,Amazon
PRD-02230,Dash Cam (Model Z16),CAT-0446,6828.52,363,High-quality dash cam suitable for Indian conditions.,Amazon
PRD-02231,Helmet (Model O93),CAT-0447,1476.82,70,High-quality helmet suitable for Indian conditions.,Amazon
PRD-02232,Helmet (Model W71),CAT-0447,2470.44,74,High-quality helmet suitable for Indian conditions.,Amazon
PRD-02233,Car Cover (Model G35),CAT-0447,5935.49,4,High-quality car cover suitable for Indian conditions.,Amazon
PRD-02234,Helmet (Model X83),CAT-0447,995.19,402,High-quality helmet suitable for Indian conditions.,Amazon
PRD-02235,Car Cover (Model M64),CAT-0447,5499.67,86,High-quality car cover suitable for Indian conditions.,Amazon
PRD-02236,Car Cover (Model D55),CAT-0448,7798.44,91,High-quality car cover suitable for Indian conditions.,Amazon
PRD-02237,Car Cover (Model D75),CAT-0448,5270.76,303,High-quality car cover suitable for Indian conditions.,Amazon
PRD-02238,Helmet (Model E90),CAT-0448,5835.89,125,High-quality helmet suitable for Indian conditions.,Amazon
PRD-02239,Car Cover (Model D40),CAT-0448,3293.83,154,High-quality car cover suitable for Indian conditions.,Amazon
PRD-02240,Dash Cam (Model T32),CAT-0448,5291.82,192,High-quality dash cam suitable for Indian conditions.,Amazon
PRD-02241,Dash Cam (Model Z95),CAT-0449,5336.45,398,High-quality dash cam suitable for Indian conditions.,Amazon
PRD-02242,Helmet (Model U58),CAT-0449,2346.69,334,High-quality helmet suitable for Indian conditions.,Amazon
PRD-02243,Helmet (Model L11),CAT-0449,1136.0,42,High-quality helmet suitable for Indian conditions.,Amazon
PRD-02244,Car Cover (Model P92),CAT-0449,5416.58,260,High-quality car cover suitable for Indian conditions.,Amazon
PRD-02245,Car Cover (Model A85),CAT-0449,4669.26,293,High-quality car cover suitable for Indian conditions.,Amazon
PRD-02246,Helmet (Model I98),CAT-0450,6013.8,406,High-quality helmet suitable for Indian conditions.,Amazon
PRD-02247,Dash Cam (Model F59),CAT-0450,3976.69,330,High-quality dash cam suitable for Indian conditions.,Amazon
PRD-02248,Dash Cam (Model N48),CAT-0450,4657.1,50,High-quality dash cam suitable for Indian conditions.,Amazon
PRD-02249,Helmet (Model C78),CAT-0450,1642.14,416,High-quality helmet suitable for Indian conditions.,Amazon
PRD-02250,Dash Cam (Model A60),CAT-0450,4537.27,274,High-quality dash cam suitable for Indian conditions.,Amazon
PRD-02251,Olive Oil (Model P18),CAT-0451,787.97,299,High-quality olive oil suitable for Indian conditions.,Amazon
PRD-02252,Olive Oil (Model W93),CAT-0451,203.65,385,High-quality olive oil suitable for Indian conditions.,Amazon
PRD-02253,Rice (Model V25),CAT-0451,287.38,306,High-quality rice suitable for Indian conditions.,Amazon
PRD-02254,Olive Oil (Model F10),CAT-0451,840.99,409,High-quality olive oil suitable for Indian conditions.,Amazon
PRD-02255,Spices (Model D15),CAT-0451,210.65,105,High-quality spices suitable for Indian conditions.,Amazon
PRD-02256,Olive Oil (Model F21),CAT-0452,852.49,435,High-quality olive oil suitable for Indian conditions.,Amazon
PRD-02257,Rice (Model C25),CAT-0452,769.1,186,High-quality rice suitable for Indian conditions.,Amazon
PRD-02258,Olive Oil (Model F64),CAT-0452,1466.11,336,High-quality olive oil suitable for Indian conditions.,Amazon
PRD-02259,Rice (Model H48),CAT-0452,88.33,484,High-quality rice suitable for Indian conditions.,Amazon
PRD-02260,Olive Oil (Model Z47),CAT-0452,995.55,227,High-quality olive oil suitable for Indian conditions.,Amazon
PRD-02261,Rice (Model S72),CAT-0453,1048.75,267,High-quality rice suitable for Indian conditions.,Amazon
PRD-02262,Spices (Model T78),CAT-0453,775.67,352,High-quality spices suitable for Indian conditions.,Amazon
PRD-02263,Rice (Model V15),CAT-0453,370.91,96,High-quality rice suitable for Indian conditions.,Amazon
PRD-02264,Rice (Model J37),CAT-0453,1436.99,308,High-quality rice suitable for Indian conditions.,Amazon
PRD-02265,Olive Oil (Model G85),CAT-0453,551.42,65,High-quality olive oil suitable for Indian conditions.,Amazon
PRD-02266,Olive Oil (Model T64),CAT-0454,130.05,130,High-quality olive oil suitable for Indian conditions.,Amazon
PRD-02267,Spices (Model M93),CAT-0454,1357.42,204,High-quality spices suitable for Indian conditions.,Amazon
PRD-02268,Spices (Model C42),CAT-0454,1021.26,481,High-quality spices suitable for Indian conditions.,Amazon
PRD-02269,Olive Oil (Model E78),CAT-0454,321.57,322,High-quality olive oil suitable for Indian conditions.,Amazon
PRD-02270,Olive Oil (Model I91),CAT-0454,1051.27,98,High-quality olive oil suitable for Indian conditions.,Amazon
PRD-02271,Olive Oil (Model L82),CAT-0455,992.83,420,High-quality olive oil suitable for Indian conditions.,Amazon
PRD-02272,Olive Oil (Model T30),CAT-0455,641.14,78,High-quality olive oil suitable for Indian conditions.,Amazon
PRD-02273,Spices (Model Z65),CAT-0455,580.83,493,High-quality spices suitable for Indian conditions.,Amazon
PRD-02274,Olive Oil (Model H19),CAT-0455,419.79,272,High-quality olive oil suitable for Indian conditions.,Amazon
PRD-02275,Rice (Model V80),CAT-0455,622.04,168,High-quality rice suitable for Indian conditions.,Amazon
PRD-02276,Olive Oil (Model C56),CAT-0456,1365.68,398,High-quality olive oil suitable for Indian conditions.,Amazon
PRD-02277,Spices (Model E38),CAT-0456,425.0,50,High-quality spices suitable for Indian conditions.,Amazon
PRD-02278,Spices (Model H58),CAT-0456,1428.64,400,High-quality spices suitable for Indian conditions.,Amazon
PRD-02279,Rice (Model F77),CAT-0456,1097.92,156,High-quality rice suitable for Indian conditions.,Amazon
PRD-02280,Olive Oil (Model Z72),CAT-0456,161.4,178,High-quality olive oil suitable for Indian conditions.,Amazon
PRD-02281,Olive Oil (Model S46),CAT-0457,836.28,311,High-quality olive oil suitable for Indian conditions.,Amazon
PRD-02282,Rice (Model B31),CAT-0457,490.63,384,High-quality rice suitable for Indian conditions.,Amazon
PRD-02283,Spices (Model F54),CAT-0457,1213.01,347,High-quality spices suitable for Indian conditions.,Amazon
PRD-02284,Olive Oil (Model R86),CAT-0457,1325.39,206,High-quality olive oil suitable for Indian conditions.,Amazon
PRD-02285,Spices (Model S26),CAT-0457,403.41,351,High-quality spices suitable for Indian conditions.,Amazon
PRD-02286,Olive Oil (Model W29),CAT-0458,993.19,73,High-quality olive oil suitable for Indian conditions.,Amazon
PRD-02287,Spices (Model S44),CAT-0458,98.24,371,High-quality spices suitable for Indian conditions.,Amazon
PRD-02288,Olive Oil (Model L41),CAT-0458,1023.76,214,High-quality olive oil suitable for Indian conditions.,Amazon
PRD-02289,Olive Oil (Model O33),CAT-0458,669.66,181,High-quality olive oil suitable for Indian conditions.,Amazon
PRD-02290,Spices (Model Q46),CAT-0458,428.22,219,High-quality spices suitable for Indian conditions.,Amazon
PRD-02291,Olive Oil (Model W39),CAT-0459,471.68,439,High-quality olive oil suitable for Indian conditions.,Amazon
PRD-02292,Rice (Model J62),CAT-0459,1160.46,432,High-quality rice suitable for Indian conditions.,Amazon
PRD-02293,Rice (Model U20),CAT-0459,133.51,122,High-quality rice suitable for Indian conditions.,Amazon
PRD-02294,Rice (Model F83),CAT-0459,104.97,380,High-quality rice suitable for Indian conditions.,Amazon
PRD-02295,Spices (Model R73),CAT-0459,1216.35,5,High-quality spices suitable for Indian conditions.,Amazon
PRD-02296,Spices (Model V75),CAT-0460,1400.01,69,High-quality spices suitable for Indian conditions.,Amazon
PRD-02297,Spices (Model P75),CAT-0460,1033.98,346,High-quality spices suitable for Indian conditions.,Amazon
PRD-02298,Olive Oil (Model W25),CAT-0460,620.1,315,High-quality olive oil suitable for Indian conditions.,Amazon
PRD-02299,Rice (Model X10),CAT-0460,1076.96,359,High-quality rice suitable for Indian conditions.,Amazon
PRD-02300,Olive Oil (Model X54),CAT-0460,381.45,378,High-quality olive oil suitable for Indian conditions.,Amazon
PRD-02301,Olive Oil (Model Q97),CAT-0461,921.61,310,High-quality olive oil suitable for Indian conditions.,Amazon
PRD-02302,Spices (Model F96),CAT-0461,1396.67,391,High-quality spices suitable for Indian conditions.,Amazon
PRD-02303,Olive Oil (Model H32),CAT-0461,131.18,429,High-quality olive oil suitable for Indian conditions.,Amazon
PRD-02304,Rice (Model Q55),CAT-0461,1429.68,216,High-quality rice suitable for Indian conditions.,Amazon
PRD-02305,Spices (Model M31),CAT-0461,572.46,57,High-quality spices suitable for Indian conditions.,Amazon
PRD-02306,Spices (Model V41),CAT-0462,1250.96,435,High-quality spices suitable for Indian conditions.,Amazon
PRD-02307,Rice (Model J48),CAT-0462,735.02,135,High-quality rice suitable for Indian conditions.,Amazon
PRD-02308,Rice (Model A90),CAT-0462,861.89,111,High-quality rice suitable for Indian conditions.,Amazon
PRD-02309,Spices (Model U75),CAT-0462,1242.08,18,High-quality spices suitable for Indian conditions.,Amazon
PRD-02310,Spices (Model T72),CAT-0462,105.1,3,High-quality spices suitable for Indian conditions.,Amazon
PRD-02311,Olive Oil (Model O52),CAT-0463,461.56,54,High-quality olive oil suitable for Indian conditions.,Amazon
PRD-02312,Rice (Model L33),CAT-0463,615.06,4,High-quality rice suitable for Indian conditions.,Amazon
PRD-02313,Rice (Model N72),CAT-0463,312.37,270,High-quality rice suitable for Indian conditions.,Amazon
PRD-02314,Olive Oil (Model E62),CAT-0463,203.29,249,High-quality olive oil suitable for Indian conditions.,Amazon
PRD-02315,Rice (Model E94),CAT-0463,390.2,240,High-quality rice suitable for Indian conditions.,Amazon
PRD-02316,Spices (Model L48),CAT-0464,559.45,456,High-quality spices suitable for Indian conditions.,Amazon
PRD-02317,Rice (Model R44),CAT-0464,180.87,224,High-quality rice suitable for Indian conditions.,Amazon
PRD-02318,Olive Oil (Model O30),CAT-0464,227.01,382,High-quality olive oil suitable for Indian conditions.,Amazon
PRD-02319,Spices (Model A55),CAT-0464,1327.69,363,High-quality spices suitable for Indian conditions.,Amazon
PRD-02320,Rice (Model D34),CAT-0464,441.65,68,High-quality rice suitable for Indian conditions.,Amazon
PRD-02321,Spices (Model N52),CAT-0465,1353.48,82,High-quality spices suitable for Indian conditions.,Amazon
PRD-02322,Olive Oil (Model G71),CAT-0465,1440.35,136,High-quality olive oil suitable for Indian conditions.,Amazon
PRD-02323,Rice (Model N72),CAT-0465,834.18,409,High-quality rice suitable for Indian conditions.,Amazon
PRD-02324,Olive Oil (Model W26),CAT-0465,500.83,391,High-quality olive oil suitable for Indian conditions.,Amazon
PRD-02325,Spices (Model Q59),CAT-0465,214.5,490,High-quality spices suitable for Indian conditions.,Amazon
PRD-02326,Rice (Model Z12),CAT-0466,206.66,176,High-quality rice suitable for Indian conditions.,Amazon
PRD-02327,Olive Oil (Model A97),CAT-0466,370.03,347,High-quality olive oil suitable for Indian conditions.,Amazon
PRD-02328,Spices (Model N86),CAT-0466,1111.4,222,High-quality spices suitable for Indian conditions.,Amazon
PRD-02329,Spices (Model J46),CAT-0466,739.18,389,High-quality spices suitable for Indian conditions.,Amazon
PRD-02330,Spices (Model H89),CAT-0466,245.69,261,High-quality spices suitable for Indian conditions.,Amazon
PRD-02331,Rice (Model H45),CAT-0467,1154.76,442,High-quality rice suitable for Indian conditions.,Amazon
PRD-02332,Spices (Model W41),CAT-0467,1006.17,219,High-quality spices suitable for Indian conditions.,Amazon
PRD-02333,Rice (Model P23),CAT-0467,1057.69,257,High-quality rice suitable for Indian conditions.,Amazon
PRD-02334,Olive Oil (Model F34),CAT-0467,1488.98,302,High-quality olive oil suitable for Indian conditions.,Amazon
PRD-02335,Olive Oil (Model U29),CAT-0467,359.49,67,High-quality olive oil suitable for Indian conditions.,Amazon
PRD-02336,Spices (Model B45),CAT-0468,1485.79,475,High-quality spices suitable for Indian conditions.,Amazon
PRD-02337,Rice (Model N12),CAT-0468,932.37,46,High-quality rice suitable for Indian conditions.,Amazon
PRD-02338,Rice (Model M62),CAT-0468,796.96,358,High-quality rice suitable for Indian conditions.,Amazon
PRD-02339,Olive Oil (Model H38),CAT-0468,517.54,245,High-quality olive oil suitable for Indian conditions.,Amazon
PRD-02340,Rice (Model Q64),CAT-0468,972.93,155,High-quality rice suitable for Indian conditions.,Amazon
PRD-02341,Rice (Model I56),CAT-0469,435.22,179,High-quality rice suitable for Indian conditions.,Amazon
PRD-02342,Olive Oil (Model N41),CAT-0469,493.36,24,High-quality olive oil suitable for Indian conditions.,Amazon
PRD-02343,Rice (Model B10),CAT-0469,97.15,381,High-quality rice suitable for Indian conditions.,Amazon
PRD-02344,Spices (Model G46),CAT-0469,718.65,465,High-quality spices suitable for Indian conditions.,Amazon
PRD-02345,Olive Oil (Model D65),CAT-0469,293.56,485,High-quality olive oil suitable for Indian conditions.,Amazon
PRD-02346,Spices (Model L52),CAT-0470,470.45,49,High-quality spices suitable for Indian conditions.,Amazon
PRD-02347,Olive Oil (Model A97),CAT-0470,836.62,441,High-quality olive oil suitable for Indian conditions.,Amazon
PRD-02348,Rice (Model K56),CAT-0470,1117.11,185,High-quality rice suitable for Indian conditions.,Amazon
PRD-02349,Olive Oil (Model Y85),CAT-0470,802.72,190,High-quality olive oil suitable for Indian conditions.,Amazon
PRD-02350,Rice (Model U45),CAT-0470,330.85,196,High-quality rice suitable for Indian conditions.,Amazon
PRD-02351,Rice (Model D26),CAT-0471,951.75,308,High-quality rice suitable for Indian conditions.,Amazon
PRD-02352,Rice (Model B85),CAT-0471,1453.13,452,High-quality rice suitable for Indian conditions.,Amazon
PRD-02353,Olive Oil (Model G34),CAT-0471,1062.9,473,High-quality olive oil suitable for Indian conditions.,Amazon
PRD-02354,Rice (Model C79),CAT-0471,936.14,154,High-quality rice suitable for Indian conditions.,Amazon
PRD-02355,Olive Oil (Model P35),CAT-0471,809.67,78,High-quality olive oil suitable for Indian conditions.,Amazon
PRD-02356,Rice (Model E34),CAT-0472,638.95,364,High-quality rice suitable for Indian conditions.,Amazon
PRD-02357,Spices (Model Y81),CAT-0472,1463.19,458,High-quality spices suitable for Indian conditions.,Amazon
PRD-02358,Spices (Model O90),CAT-0472,1081.64,466,High-quality spices suitable for Indian conditions.,Amazon
PRD-02359,Spices (Model C71),CAT-0472,640.13,476,High-quality spices suitable for Indian conditions.,Amazon
PRD-02360,Olive Oil (Model Z12),CAT-0472,267.06,140,High-quality olive oil suitable for Indian conditions.,Amazon
PRD-02361,Olive Oil (Model E47),CAT-0473,87.26,289,High-quality olive oil suitable for Indian conditions.,Amazon
PRD-02362,Rice (Model Z98),CAT-0473,301.48,417,High-quality rice suitable for Indian conditions.,Amazon
PRD-02363,Spices (Model P97),CAT-0473,808.06,262,High-quality spices suitable for Indian conditions.,Amazon
PRD-02364,Rice (Model F66),CAT-0473,1131.08,196,High-quality rice suitable for Indian conditions.,Amazon
PRD-02365,Olive Oil (Model Y59),CAT-0473,613.26,139,High-quality olive oil suitable for Indian conditions.,Amazon
PRD-02366,Rice (Model F10),CAT-0474,256.8,111,High-quality rice suitable for Indian conditions.,Amazon
PRD-02367,Olive Oil (Model W11),CAT-0474,1321.15,404,High-quality olive oil suitable for Indian conditions.,Amazon
PRD-02368,Olive Oil (Model O74),CAT-0474,1067.48,268,High-quality olive oil suitable for Indian conditions.,Amazon
PRD-02369,Spices (Model J38),CAT-0474,458.62,137,High-quality spices suitable for Indian conditions.,Amazon
PRD-02370,Olive Oil (Model D31),CAT-0474,351.42,273,High-quality olive oil suitable for Indian conditions.,Amazon
PRD-02371,Rice (Model J15),CAT-0475,966.63,482,High-quality rice suitable for Indian conditions.,Amazon
PRD-02372,Spices (Model E44),CAT-0475,1312.61,26,High-quality spices suitable for Indian conditions.,Amazon
PRD-02373,Olive Oil (Model H36),CAT-0475,811.2,0,High-quality olive oil suitable for Indian conditions.,Amazon
PRD-02374,Olive Oil (Model L90),CAT-0475,915.64,188,High-quality olive oil suitable for Indian conditions.,Amazon
PRD-02375,Spices (Model C80),CAT-0475,410.78,68,High-quality spices suitable for Indian conditions.,Amazon
PRD-02376,Spices (Model T47),CAT-0476,500.46,29,High-quality spices suitable for Indian conditions.,Amazon
PRD-02377,Olive Oil (Model A55),CAT-0476,344.53,494,High-quality olive oil suitable for Indian conditions.,Amazon
PRD-02378,Spices (Model F42),CAT-0476,1457.97,275,High-quality spices suitable for Indian conditions.,Amazon
PRD-02379,Olive Oil (Model Y84),CAT-0476,177.54,381,High-quality olive oil suitable for Indian conditions.,Amazon
PRD-02380,Olive Oil (Model M93),CAT-0476,400.87,320,High-quality olive oil suitable for Indian conditions.,Amazon
PRD-02381,Olive Oil (Model T80),CAT-0477,325.12,226,High-quality olive oil suitable for Indian conditions.,Amazon
PRD-02382,Rice (Model K44),CAT-0477,321.8,322,High-quality rice suitable for Indian conditions.,Amazon
PRD-02383,Spices (Model E67),CAT-0477,362.95,371,High-quality spices suitable for Indian conditions.,Amazon
PRD-02384,Spices (Model L28),CAT-0477,1355.21,47,High-quality spices suitable for Indian conditions.,Amazon
PRD-02385,Spices (Model F68),CAT-0477,293.84,441,High-quality spices suitable for Indian conditions.,Amazon
PRD-02386,Rice (Model G82),CAT-0478,745.97,373,High-quality rice suitable for Indian conditions.,Amazon
PRD-02387,Rice (Model U46),CAT-0478,51.15,83,High-quality rice suitable for Indian conditions.,Amazon
PRD-02388,Rice (Model M97),CAT-0478,919.58,35,High-quality rice suitable for Indian conditions.,Amazon
PRD-02389,Rice (Model C64),CAT-0478,382.98,465,High-quality rice suitable for Indian conditions.,Amazon
PRD-02390,Olive Oil (Model M22),CAT-0478,1091.97,70,High-quality olive oil suitable for Indian conditions.,Amazon
PRD-02391,Olive Oil (Model Y11),CAT-0479,912.87,193,High-quality olive oil suitable for Indian conditions.,Amazon
PRD-02392,Spices (Model A24),CAT-0479,1243.31,390,High-quality spices suitable for Indian conditions.,Amazon
PRD-02393,Olive Oil (Model B26),CAT-0479,387.55,42,High-quality olive oil suitable for Indian conditions.,Amazon
PRD-02394,Spices (Model E90),CAT-0479,907.46,405,High-quality spices suitable for Indian conditions.,Amazon
PRD-02395,Rice (Model Z23),CAT-0479,822.71,418,High-quality rice suitable for Indian conditions.,Amazon
PRD-02396,Spices (Model W20),CAT-0480,319.44,245,High-quality spices suitable for Indian conditions.,Amazon
PRD-02397,Olive Oil (Model O30),CAT-0480,474.93,245,High-quality olive oil suitable for Indian conditions.,Amazon
PRD-02398,Rice (Model H17),CAT-0480,824.42,136,High-quality rice suitable for Indian conditions.,Amazon
PRD-02399,Olive Oil (Model R25),CAT-0480,51.39,22,High-quality olive oil suitable for Indian conditions.,Amazon
PRD-02400,Rice (Model R47),CAT-0480,171.8,453,High-quality rice suitable for Indian conditions.,Amazon
PRD-02401,Spices (Model E10),CAT-0481,1370.01,12,High-quality spices suitable for Indian conditions.,Amazon
PRD-02402,Rice (Model N59),CAT-0481,238.12,335,High-quality rice suitable for Indian conditions.,Amazon
PRD-02403,Spices (Model H97),CAT-0481,589.42,452,High-quality spices suitable for Indian conditions.,Amazon
PRD-02404,Olive Oil (Model D72),CAT-0481,270.95,56,High-quality olive oil suitable for Indian conditions.,Amazon
PRD-02405,Rice (Model D46),CAT-0481,548.82,315,High-quality rice suitable for Indian conditions.,Amazon
PRD-02406,Spices (Model D56),CAT-0482,1386.51,470,High-quality spices suitable for Indian conditions.,Amazon
PRD-02407,Rice (Model B87),CAT-0482,243.63,219,High-quality rice suitable for Indian conditions.,Amazon
PRD-02408,Olive Oil (Model K86),CAT-0482,288.42,217,High-quality olive oil suitable for Indian conditions.,Amazon
PRD-02409,Rice (Model V97),CAT-0482,466.31,418,High-quality rice suitable for Indian conditions.,Amazon
PRD-02410,Spices (Model L23),CAT-0482,421.22,255,High-quality spices suitable for Indian conditions.,Amazon
PRD-02411,Olive Oil (Model L43),CAT-0483,1219.86,364,High-quality olive oil suitable for Indian conditions.,Amazon
PRD-02412,Rice (Model Z10),CAT-0483,1295.34,500,High-quality rice suitable for Indian conditions.,Amazon
PRD-02413,Rice (Model Y93),CAT-0483,236.95,75,High-quality rice suitable for Indian conditions.,Amazon
PRD-02414,Spices (Model O71),CAT-0483,1225.68,57,High-quality spices suitable for Indian conditions.,Amazon
PRD-02415,Olive Oil (Model N45),CAT-0483,234.11,165,High-quality olive oil suitable for Indian conditions.,Amazon
PRD-02416,Rice (Model F59),CAT-0484,541.86,253,High-quality rice suitable for Indian conditions.,Amazon
PRD-02417,Spices (Model P98),CAT-0484,1459.82,308,High-quality spices suitable for Indian conditions.,Amazon
PRD-02418,Olive Oil (Model K27),CAT-0484,1207.17,334,High-quality olive oil suitable for Indian conditions.,Amazon
PRD-02419,Rice (Model M63),CAT-0484,833.02,275,High-quality rice suitable for Indian conditions.,Amazon
PRD-02420,Olive Oil (Model P78),CAT-0484,813.59,117,High-quality olive oil suitable for Indian conditions.,Amazon
PRD-02421,Spices (Model C84),CAT-0485,1078.08,269,High-quality spices suitable for Indian conditions.,Amazon
PRD-02422,Olive Oil (Model Y98),CAT-0485,1220.71,112,High-quality olive oil suitable for Indian conditions.,Amazon
PRD-02423,Olive Oil (Model C40),CAT-0485,555.33,104,High-quality olive oil suitable for Indian conditions.,Amazon
PRD-02424,Rice (Model L81),CAT-0485,721.41,68,High-quality rice suitable for Indian conditions.,Amazon
PRD-02425,Rice (Model B54),CAT-0485,554.07,434,High-quality rice suitable for Indian conditions.,Amazon
PRD-02426,Rice (Model J68),CAT-0486,233.33,436,High-quality rice suitable for Indian conditions.,Amazon
PRD-02427,Olive Oil (Model N41),CAT-0486,331.89,114,High-quality olive oil suitable for Indian conditions.,Amazon
PRD-02428,Rice (Model X27),CAT-0486,193.51,356,High-quality rice suitable for Indian conditions.,Amazon
PRD-02429,Olive Oil (Model E58),CAT-0486,1104.96,356,High-quality olive oil suitable for Indian conditions.,Amazon
PRD-02430,Spices (Model L16),CAT-0486,1058.07,339,High-quality spices suitable for Indian conditions.,Amazon
PRD-02431,Olive Oil (Model C71),CAT-0487,1259.41,445,High-quality olive oil suitable for Indian conditions.,Amazon
PRD-02432,Rice (Model A28),CAT-0487,560.56,40,High-quality rice suitable for Indian conditions.,Amazon
PRD-02433,Rice (Model C11),CAT-0487,862.39,416,High-quality rice suitable for Indian conditions.,Amazon
PRD-02434,Spices (Model E33),CAT-0487,715.25,71,High-quality spices suitable for Indian conditions.,Amazon
PRD-02435,Olive Oil (Model Q99),CAT-0487,1424.17,240,High-quality olive oil suitable for Indian conditions.,Amazon
PRD-02436,Spices (Model X53),CAT-0488,677.08,330,High-quality spices suitable for Indian conditions.,Amazon
PRD-02437,Olive Oil (Model A46),CAT-0488,184.67,30,High-quality olive oil suitable for Indian conditions.,Amazon
PRD-02438,Olive Oil (Model B87),CAT-0488,1131.68,257,High-quality olive oil suitable for Indian conditions.,Amazon
PRD-02439,Rice (Model A60),CAT-0488,1252.37,348,High-quality rice suitable for Indian conditions.,Amazon
PRD-02440,Spices (Model R43),CAT-0488,1380.34,256,High-quality spices suitable for Indian conditions.,Amazon
PRD-02441,Spices (Model W39),CAT-0489,647.03,80,High-quality spices suitable for Indian conditions.,Amazon
PRD-02442,Spices (Model C76),CAT-0489,578.79,486,High-quality spices suitable for Indian conditions.,Amazon
PRD-02443,Rice (Model X37),CAT-0489,612.6,28,High-quality rice suitable for Indian conditions.,Amazon
PRD-02444,Rice (Model M33),CAT-0489,1237.31,499,High-quality rice suitable for Indian conditions.,Amazon
PRD-02445,Olive Oil (Model T19),CAT-0489,1228.51,239,High-quality olive oil suitable for Indian conditions.,Amazon
PRD-02446,Spices (Model K93),CAT-0490,970.0,423,High-quality spices suitable for Indian conditions.,Amazon
PRD-02447,Spices (Model F16),CAT-0490,1208.94,331,High-quality spices suitable for Indian conditions.,Amazon
PRD-02448,Spices (Model G44),CAT-0490,180.43,39,High-quality spices suitable for Indian conditions.,Amazon
PRD-02449,Spices (Model T52),CAT-0490,61.51,144,High-quality spices suitable for Indian conditions.,Amazon
PRD-02450,Rice (Model R23),CAT-0490,116.67,305,High-quality rice suitable for Indian conditions.,Amazon
PRD-02451,Rice (Model Y49),CAT-0491,297.86,103,High-quality rice suitable for Indian conditions.,Amazon
PRD-02452,Olive Oil (Model B40),CAT-0491,418.37,500,High-quality olive oil suitable for Indian conditions.,Amazon
PRD-02453,Olive Oil (Model S15),CAT-0491,854.33,404,High-quality olive oil suitable for Indian conditions.,Amazon
PRD-02454,Spices (Model B16),CAT-0491,485.58,483,High-quality spices suitable for Indian conditions.,Amazon
PRD-02455,Spices (Model A55),CAT-0491,1132.49,490,High-quality spices suitable for Indian conditions.,Amazon
PRD-02456,Spices (Model Q34),CAT-0492,485.42,200,High-quality spices suitable for Indian conditions.,Amazon
PRD-02457,Olive Oil (Model L26),CAT-0492,1059.93,49,High-quality olive oil suitable for Indian conditions.,Amazon
PRD-02458,Spices (Model N74),CAT-0492,169.48,413,High-quality spices suitable for Indian conditions.,Amazon
PRD-02459,Rice (Model A85),CAT-0492,1198.18,244,High-quality rice suitable for Indian conditions.,Amazon
PRD-02460,Olive Oil (Model B47),CAT-0492,258.61,349,High-quality olive oil suitable for Indian conditions.,Amazon
PRD-02461,Spices (Model C90),CAT-0493,158.07,367,High-quality spices suitable for Indian conditions.,Amazon
PRD-02462,Rice (Model G97),CAT-0493,988.25,393,High-quality rice suitable for Indian conditions.,Amazon
PRD-02463,Olive Oil (Model F74),CAT-0493,784.13,373,High-quality olive oil suitable for Indian conditions.,Amazon
PRD-02464,Olive Oil (Model U76),CAT-0493,1396.74,174,High-quality olive oil suitable for Indian conditions.,Amazon
PRD-02465,Spices (Model Z26),CAT-0493,521.75,184,High-quality spices suitable for Indian conditions.,Amazon
PRD-02466,Olive Oil (Model N15),CAT-0494,1338.21,396,High-quality olive oil suitable for Indian conditions.,Amazon
PRD-02467,Olive Oil (Model M40),CAT-0494,329.05,312,High-quality olive oil suitable for Indian conditions.,Amazon
PRD-02468,Olive Oil (Model C29),CAT-0494,859.01,254,High-quality olive oil suitable for Indian conditions.,Amazon
PRD-02469,Rice (Model Z11),CAT-0494,231.08,445,High-quality rice suitable for Indian conditions.,Amazon
PRD-02470,Spices (Model R21),CAT-0494,758.39,232,High-quality spices suitable for Indian conditions.,Amazon
PRD-02471,Spices (Model F47),CAT-0495,258.98,143,High-quality spices suitable for Indian conditions.,Amazon
PRD-02472,Olive Oil (Model L55),CAT-0495,152.06,91,High-quality olive oil suitable for Indian conditions.,Amazon
PRD-02473,Olive Oil (Model Y68),CAT-0495,401.76,242,High-quality olive oil suitable for Indian conditions.,Amazon
PRD-02474,Spices (Model Y66),CAT-0495,982.43,71,High-quality spices suitable for Indian conditions.,Amazon
PRD-02475,Rice (Model S72),CAT-0495,78.6,439,High-quality rice suitable for Indian conditions.,Amazon
PRD-02476,Spices (Model M62),CAT-0496,1288.36,469,High-quality spices suitable for Indian conditions.,Amazon
PRD-02477,Olive Oil (Model E66),CAT-0496,562.76,432,High-quality olive oil suitable for Indian conditions.,Amazon
PRD-02478,Olive Oil (Model K57),CAT-0496,143.57,211,High-quality olive oil suitable for Indian conditions.,Amazon
PRD-02479,Olive Oil (Model O43),CAT-0496,1318.56,349,High-quality olive oil suitable for Indian conditions.,Amazon
PRD-02480,Rice (Model T92),CAT-0496,104.45,404,High-quality rice suitable for Indian conditions.,Amazon
PRD-02481,Rice (Model W81),CAT-0497,31.76,436,High-quality rice suitable for Indian conditions.,Amazon
PRD-02482,Rice (Model J58),CAT-0497,254.14,204,High-quality rice suitable for Indian conditions.,Amazon
PRD-02483,Rice (Model H59),CAT-0497,1313.76,342,High-quality rice suitable for Indian conditions.,Amazon
PRD-02484,Rice (Model L69),CAT-0497,713.36,273,High-quality rice suitable for Indian conditions.,Amazon
PRD-02485,Spices (Model D20),CAT-0497,286.8,55,High-quality spices suitable for Indian conditions.,Amazon
PRD-02486,Spices (Model Y65),CAT-0498,315.22,168,High-quality spices suitable for Indian conditions.,Amazon
PRD-02487,Rice (Model K53),CAT-0498,1494.73,248,High-quality rice suitable for Indian conditions.,Amazon
PRD-02488,Rice (Model W70),CAT-0498,189.2,232,High-quality rice suitable for Indian conditions.,Amazon
PRD-02489,Rice (Model R29),CAT-0498,1423.83,74,High-quality rice suitable for Indian conditions.,Amazon
PRD-02490,Olive Oil (Model G50),CAT-0498,860.95,307,High-quality olive oil suitable for Indian conditions.,Amazon
PRD-02491,Spices (Model B56),CAT-0499,1188.55,242,High-quality spices suitable for Indian conditions.,Amazon
PRD-02492,Rice (Model B37),CAT-0499,1304.67,487,High-quality rice suitable for Indian conditions.,Amazon
PRD-02493,Olive Oil (Model N44),CAT-0499,393.07,90,High-quality olive oil suitable for Indian conditions.,Amazon
PRD-02494,Rice (Model E18),CAT-0499,425.38,41,High-quality rice suitable for Indian conditions.,Amazon
PRD-02495,Spices (Model W67),CAT-0499,1309.51,268,High-quality spices suitable for Indian conditions.,Amazon
PRD-02496,Rice (Model V43),CAT-0500,292.44,27,High-quality rice suitable for Indian conditions.,Amazon
PRD-02497,Rice (Model N53),CAT-0500,1445.78,152,High-quality rice suitable for Indian conditions.,Amazon
PRD-02498,Rice (Model G54),CAT-0500,1414.07,246,High-quality rice suitable for Indian conditions.,Amazon
PRD-02499,Spices (Model R98),CAT-0500,1180.11,494,High-quality spices suitable for Indian conditions.,Amazon
PRD-02500,Olive Oil (Model N55),CAT-0500,1370.64,292,High-quality olive oil suitable for Indian conditions.,Amazon
FPRD-00001,Smartphone (Series S687),FCAT-0001,53499.43,504,Premium smartphone available on Flipkart.,Flipkart
FPRD-00002,Laptop (Series Z762),FCAT-0001,34312.47,668,Premium laptop available on Flipkart.,Flipkart
FPRD-00003,Smartphone (Series U957),FCAT-0001,22732.26,280,Premium smartphone available on Flipkart.,Flipkart
FPRD-00004,Smartwatch (Series B818),FCAT-0001,75367.79,417,Premium smartwatch available on Flipkart.,Flipkart
FPRD-00005,Laptop (Series U511),FCAT-0001,12662.76,34,Premium laptop available on Flipkart.,Flipkart
FPRD-00006,Laptop (Series U994),FCAT-0002,50521.92,200,Premium laptop available on Flipkart.,Flipkart
FPRD-00007,Tablet (Series F188),FCAT-0002,55107.47,619,Premium tablet available on Flipkart.,Flipkart
FPRD-00008,Earbuds (Series W862),FCAT-0002,38764.66,687,Premium earbuds available on Flipkart.,Flipkart
FPRD-00009,Earbuds (Series O115),FCAT-0002,72644.6,258,Premium earbuds available on Flipkart.,Flipkart
FPRD-00010,Smartphone (Series X962),FCAT-0002,64219.76,423,Premium smartphone available on Flipkart.,Flipkart
FPRD-00011,Tablet (Series Q465),FCAT-0003,9761.82,178,Premium tablet available on Flipkart.,Flipkart
FPRD-00012,Earbuds (Series D536),FCAT-0003,87314.57,576,Premium earbuds available on Flipkart.,Flipkart
FPRD-00013,Laptop (Series G333),FCAT-0003,15084.84,72,Premium laptop available on Flipkart.,Flipkart
FPRD-00014,Laptop (Series A630),FCAT-0003,61781.29,161,Premium laptop available on Flipkart.,Flipkart
FPRD-00015,Laptop (Series P704),FCAT-0003,36147.34,488,Premium laptop available on Flipkart.,Flipkart
FPRD-00016,Smartphone (Series Z137),FCAT-0004,42467.99,95,Premium smartphone available on Flipkart.,Flipkart
FPRD-00017,Earbuds (Series S196),FCAT-0004,82276.04,725,Premium earbuds available on Flipkart.,Flipkart
FPRD-00018,Smartphone (Series I489),FCAT-0004,52635.37,798,Premium smartphone available on Flipkart.,Flipkart
FPRD-00019,Earbuds (Series B733),FCAT-0004,74849.69,488,Premium earbuds available on Flipkart.,Flipkart
FPRD-00020,Smartphone (Series B569),FCAT-0004,80863.4,113,Premium smartphone available on Flipkart.,Flipkart
FPRD-00021,Smartphone (Series I955),FCAT-0005,12984.74,112,Premium smartphone available on Flipkart.,Flipkart
FPRD-00022,Smartwatch (Series P420),FCAT-0005,18642.35,424,Premium smartwatch available on Flipkart.,Flipkart
FPRD-00023,Laptop (Series O650),FCAT-0005,9516.75,317,Premium laptop available on Flipkart.,Flipkart
FPRD-00024,Smartwatch (Series Q209),FCAT-0005,74303.66,473,Premium smartwatch available on Flipkart.,Flipkart
FPRD-00025,Smartphone (Series E977),FCAT-0005,49623.01,294,Premium smartphone available on Flipkart.,Flipkart
FPRD-00026,Smartwatch (Series Y330),FCAT-0006,37378.66,586,Premium smartwatch available on Flipkart.,Flipkart
FPRD-00027,Earbuds (Series Q979),FCAT-0006,6711.8,434,Premium earbuds available on Flipkart.,Flipkart
FPRD-00028,Earbuds (Series Q454),FCAT-0006,72650.35,148,Premium earbuds available on Flipkart.,Flipkart
FPRD-00029,Tablet (Series B908),FCAT-0006,25230.54,298,Premium tablet available on Flipkart.,Flipkart
FPRD-00030,Tablet (Series H108),FCAT-0006,53911.27,376,Premium tablet available on Flipkart.,Flipkart
FPRD-00031,Earbuds (Series B855),FCAT-0007,37212.03,286,Premium earbuds available on Flipkart.,Flipkart
FPRD-00032,Earbuds (Series S836),FCAT-0007,15467.83,432,Premium earbuds available on Flipkart.,Flipkart
FPRD-00033,Smartphone (Series Y484),FCAT-0007,40899.4,418,Premium smartphone available on Flipkart.,Flipkart
FPRD-00034,Tablet (Series F959),FCAT-0007,10349.21,260,Premium tablet available on Flipkart.,Flipkart
FPRD-00035,Smartphone (Series Y847),FCAT-0007,91828.66,574,Premium smartphone available on Flipkart.,Flipkart
FPRD-00036,Smartwatch (Series M400),FCAT-0008,84923.84,770,Premium smartwatch available on Flipkart.,Flipkart
FPRD-00037,Earbuds (Series X428),FCAT-0008,21068.26,750,Premium earbuds available on Flipkart.,Flipkart
FPRD-00038,Smartwatch (Series K986),FCAT-0008,25892.13,632,Premium smartwatch available on Flipkart.,Flipkart
FPRD-00039,Smartphone (Series R374),FCAT-0008,22526.78,13,Premium smartphone available on Flipkart.,Flipkart
FPRD-00040,Earbuds (Series Z736),FCAT-0008,72193.11,230,Premium earbuds available on Flipkart.,Flipkart
FPRD-00041,Laptop (Series I580),FCAT-0009,57979.23,648,Premium laptop available on Flipkart.,Flipkart
FPRD-00042,Laptop (Series K891),FCAT-0009,65578.29,424,Premium laptop available on Flipkart.,Flipkart
FPRD-00043,Laptop (Series B872),FCAT-0009,92101.22,700,Premium laptop available on Flipkart.,Flipkart
FPRD-00044,Earbuds (Series F151),FCAT-0009,87331.46,415,Premium earbuds available on Flipkart.,Flipkart
FPRD-00045,Smartwatch (Series Z385),FCAT-0009,44548.48,644,Premium smartwatch available on Flipkart.,Flipkart
FPRD-00046,Smartphone (Series C814),FCAT-0010,19090.62,638,Premium smartphone available on Flipkart.,Flipkart
FPRD-00047,Earbuds (Series Z682),FCAT-0010,54680.34,67,Premium earbuds available on Flipkart.,Flipkart
FPRD-00048,Laptop (Series X982),FCAT-0010,17011.98,776,Premium laptop available on Flipkart.,Flipkart
FPRD-00049,Smartphone (Series L554),FCAT-0010,17831.02,413,Premium smartphone available on Flipkart.,Flipkart
FPRD-00050,Laptop (Series D937),FCAT-0010,19274.04,535,Premium laptop available on Flipkart.,Flipkart
FPRD-00051,Smartphone (Series U220),FCAT-0011,11206.47,557,Premium smartphone available on Flipkart.,Flipkart
FPRD-00052,Earbuds (Series I631),FCAT-0011,38156.4,441,Premium earbuds available on Flipkart.,Flipkart
FPRD-00053,Earbuds (Series Z184),FCAT-0011,26970.94,234,Premium earbuds available on Flipkart.,Flipkart
FPRD-00054,Tablet (Series M618),FCAT-0011,88967.61,738,Premium tablet available on Flipkart.,Flipkart
FPRD-00055,Earbuds (Series P240),FCAT-0011,64981.81,178,Premium earbuds available on Flipkart.,Flipkart
FPRD-00056,Smartphone (Series D388),FCAT-0012,43598.96,543,Premium smartphone available on Flipkart.,Flipkart
FPRD-00057,Smartphone (Series Q672),FCAT-0012,20850.72,84,Premium smartphone available on Flipkart.,Flipkart
FPRD-00058,Tablet (Series Q735),FCAT-0012,74664.15,116,Premium tablet available on Flipkart.,Flipkart
FPRD-00059,Tablet (Series R518),FCAT-0012,6360.34,666,Premium tablet available on Flipkart.,Flipkart
FPRD-00060,Smartwatch (Series J440),FCAT-0012,15454.58,301,Premium smartwatch available on Flipkart.,Flipkart
FPRD-00061,Tablet (Series J586),FCAT-0013,90434.17,671,Premium tablet available on Flipkart.,Flipkart
FPRD-00062,Earbuds (Series Z972),FCAT-0013,29007.31,141,Premium earbuds available on Flipkart.,Flipkart
FPRD-00063,Laptop (Series J274),FCAT-0013,57263.88,331,Premium laptop available on Flipkart.,Flipkart
FPRD-00064,Smartwatch (Series G602),FCAT-0013,90613.98,465,Premium smartwatch available on Flipkart.,Flipkart
FPRD-00065,Laptop (Series C487),FCAT-0013,28005.49,101,Premium laptop available on Flipkart.,Flipkart
FPRD-00066,Smartphone (Series H811),FCAT-0014,6889.94,298,Premium smartphone available on Flipkart.,Flipkart
FPRD-00067,Tablet (Series H198),FCAT-0014,31343.18,459,Premium tablet available on Flipkart.,Flipkart
FPRD-00068,Smartwatch (Series Q709),FCAT-0014,38993.89,537,Premium smartwatch available on Flipkart.,Flipkart
FPRD-00069,Smartphone (Series S376),FCAT-0014,72733.71,296,Premium smartphone available on Flipkart.,Flipkart
FPRD-00070,Earbuds (Series L418),FCAT-0014,85681.65,773,Premium earbuds available on Flipkart.,Flipkart
FPRD-00071,Smartphone (Series P257),FCAT-0015,35641.88,718,Premium smartphone available on Flipkart.,Flipkart
FPRD-00072,Smartwatch (Series Z513),FCAT-0015,55614.8,387,Premium smartwatch available on Flipkart.,Flipkart
FPRD-00073,Earbuds (Series Q232),FCAT-0015,92302.33,794,Premium earbuds available on Flipkart.,Flipkart
FPRD-00074,Laptop (Series J212),FCAT-0015,45573.06,537,Premium laptop available on Flipkart.,Flipkart
FPRD-00075,Laptop (Series W170),FCAT-0015,51492.18,629,Premium laptop available on Flipkart.,Flipkart
FPRD-00076,Smartwatch (Series D409),FCAT-0016,90895.69,520,Premium smartwatch available on Flipkart.,Flipkart
FPRD-00077,Earbuds (Series Y914),FCAT-0016,23744.68,116,Premium earbuds available on Flipkart.,Flipkart
FPRD-00078,Tablet (Series I743),FCAT-0016,59077.13,487,Premium tablet available on Flipkart.,Flipkart
FPRD-00079,Laptop (Series J420),FCAT-0016,24816.61,242,Premium laptop available on Flipkart.,Flipkart
FPRD-00080,Smartwatch (Series J436),FCAT-0016,13858.86,558,Premium smartwatch available on Flipkart.,Flipkart
FPRD-00081,Smartwatch (Series E683),FCAT-0017,71111.5,41,Premium smartwatch available on Flipkart.,Flipkart
FPRD-00082,Smartwatch (Series B824),FCAT-0017,54235.9,222,Premium smartwatch available on Flipkart.,Flipkart
FPRD-00083,Laptop (Series Q291),FCAT-0017,20983.0,706,Premium laptop available on Flipkart.,Flipkart
FPRD-00084,Laptop (Series V571),FCAT-0017,75352.21,459,Premium laptop available on Flipkart.,Flipkart
FPRD-00085,Laptop (Series H362),FCAT-0017,85926.05,389,Premium laptop available on Flipkart.,Flipkart
FPRD-00086,Smartphone (Series L637),FCAT-0018,93671.45,507,Premium smartphone available on Flipkart.,Flipkart
FPRD-00087,Earbuds (Series L585),FCAT-0018,63067.42,198,Premium earbuds available on Flipkart.,Flipkart
FPRD-00088,Laptop (Series P568),FCAT-0018,18799.42,417,Premium laptop available on Flipkart.,Flipkart
FPRD-00089,Smartwatch (Series B959),FCAT-0018,78868.32,702,Premium smartwatch available on Flipkart.,Flipkart
FPRD-00090,Smartwatch (Series S503),FCAT-0018,40520.31,410,Premium smartwatch available on Flipkart.,Flipkart
FPRD-00091,Smartphone (Series L963),FCAT-0019,69257.23,176,Premium smartphone available on Flipkart.,Flipkart
FPRD-00092,Smartphone (Series N640),FCAT-0019,78543.16,714,Premium smartphone available on Flipkart.,Flipkart
FPRD-00093,Tablet (Series M337),FCAT-0019,22229.46,529,Premium tablet available on Flipkart.,Flipkart
FPRD-00094,Smartphone (Series E136),FCAT-0019,8860.2,294,Premium smartphone available on Flipkart.,Flipkart
FPRD-00095,Smartwatch (Series L168),FCAT-0019,11717.37,503,Premium smartwatch available on Flipkart.,Flipkart
FPRD-00096,Tablet (Series F681),FCAT-0020,48106.35,320,Premium tablet available on Flipkart.,Flipkart
FPRD-00097,Tablet (Series Y795),FCAT-0020,59414.45,537,Premium tablet available on Flipkart.,Flipkart
FPRD-00098,Smartphone (Series X849),FCAT-0020,21578.69,23,Premium smartphone available on Flipkart.,Flipkart
FPRD-00099,Laptop (Series P963),FCAT-0020,83784.09,691,Premium laptop available on Flipkart.,Flipkart
FPRD-00100,Tablet (Series P631),FCAT-0020,79838.64,31,Premium tablet available on Flipkart.,Flipkart
FPRD-00101,Tablet (Series T506),FCAT-0021,39815.14,104,Premium tablet available on Flipkart.,Flipkart
FPRD-00102,Earbuds (Series A298),FCAT-0021,24824.46,25,Premium earbuds available on Flipkart.,Flipkart
FPRD-00103,Laptop (Series Z929),FCAT-0021,10962.42,132,Premium laptop available on Flipkart.,Flipkart
FPRD-00104,Smartphone (Series W751),FCAT-0021,70089.45,84,Premium smartphone available on Flipkart.,Flipkart
FPRD-00105,Laptop (Series F211),FCAT-0021,7921.42,652,Premium laptop available on Flipkart.,Flipkart
FPRD-00106,Laptop (Series B236),FCAT-0022,25042.62,308,Premium laptop available on Flipkart.,Flipkart
FPRD-00107,Smartphone (Series D801),FCAT-0022,56564.12,324,Premium smartphone available on Flipkart.,Flipkart
FPRD-00108,Smartwatch (Series F981),FCAT-0022,59921.13,494,Premium smartwatch available on Flipkart.,Flipkart
FPRD-00109,Smartphone (Series U593),FCAT-0022,90137.51,511,Premium smartphone available on Flipkart.,Flipkart
FPRD-00110,Laptop (Series R222),FCAT-0022,16288.96,464,Premium laptop available on Flipkart.,Flipkart
FPRD-00111,Earbuds (Series K533),FCAT-0023,46122.02,276,Premium earbuds available on Flipkart.,Flipkart
FPRD-00112,Smartwatch (Series D895),FCAT-0023,13744.58,125,Premium smartwatch available on Flipkart.,Flipkart
FPRD-00113,Tablet (Series J147),FCAT-0023,87921.62,146,Premium tablet available on Flipkart.,Flipkart
FPRD-00114,Earbuds (Series E166),FCAT-0023,41330.58,263,Premium earbuds available on Flipkart.,Flipkart
FPRD-00115,Tablet (Series R270),FCAT-0023,28318.3,461,Premium tablet available on Flipkart.,Flipkart
FPRD-00116,Laptop (Series Y642),FCAT-0024,33344.03,424,Premium laptop available on Flipkart.,Flipkart
FPRD-00117,Laptop (Series K283),FCAT-0024,13142.76,150,Premium laptop available on Flipkart.,Flipkart
FPRD-00118,Laptop (Series M676),FCAT-0024,37694.55,611,Premium laptop available on Flipkart.,Flipkart
FPRD-00119,Earbuds (Series C863),FCAT-0024,66394.92,500,Premium earbuds available on Flipkart.,Flipkart
FPRD-00120,Smartphone (Series A943),FCAT-0024,18093.43,223,Premium smartphone available on Flipkart.,Flipkart
FPRD-00121,Smartphone (Series D149),FCAT-0025,89879.05,59,Premium smartphone available on Flipkart.,Flipkart
FPRD-00122,Laptop (Series U286),FCAT-0025,37669.59,510,Premium laptop available on Flipkart.,Flipkart
FPRD-00123,Tablet (Series K910),FCAT-0025,15766.11,394,Premium tablet available on Flipkart.,Flipkart
FPRD-00124,Earbuds (Series W897),FCAT-0025,67703.43,110,Premium earbuds available on Flipkart.,Flipkart
FPRD-00125,Smartwatch (Series J346),FCAT-0025,15653.99,306,Premium smartwatch available on Flipkart.,Flipkart
FPRD-00126,Earbuds (Series C250),FCAT-0026,41968.11,435,Premium earbuds available on Flipkart.,Flipkart
FPRD-00127,Smartphone (Series U327),FCAT-0026,90833.01,406,Premium smartphone available on Flipkart.,Flipkart
FPRD-00128,Smartphone (Series I288),FCAT-0026,94572.68,206,Premium smartphone available on Flipkart.,Flipkart
FPRD-00129,Smartwatch (Series V790),FCAT-0026,19129.94,232,Premium smartwatch available on Flipkart.,Flipkart
FPRD-00130,Smartwatch (Series P139),FCAT-0026,21522.59,593,Premium smartwatch available on Flipkart.,Flipkart
FPRD-00131,Tablet (Series E756),FCAT-0027,14058.31,111,Premium tablet available on Flipkart.,Flipkart
FPRD-00132,Earbuds (Series S398),FCAT-0027,34505.41,502,Premium earbuds available on Flipkart.,Flipkart
FPRD-00133,Smartwatch (Series A874),FCAT-0027,38949.81,374,Premium smartwatch available on Flipkart.,Flipkart
FPRD-00134,Earbuds (Series M757),FCAT-0027,93338.13,220,Premium earbuds available on Flipkart.,Flipkart
FPRD-00135,Earbuds (Series F524),FCAT-0027,15684.81,464,Premium earbuds available on Flipkart.,Flipkart
FPRD-00136,Tablet (Series R976),FCAT-0028,15787.05,279,Premium tablet available on Flipkart.,Flipkart
FPRD-00137,Laptop (Series W726),FCAT-0028,32074.06,580,Premium laptop available on Flipkart.,Flipkart
FPRD-00138,Tablet (Series P287),FCAT-0028,15313.79,795,Premium tablet available on Flipkart.,Flipkart
FPRD-00139,Tablet (Series M222),FCAT-0028,31118.22,675,Premium tablet available on Flipkart.,Flipkart
FPRD-00140,Earbuds (Series Q975),FCAT-0028,24804.87,93,Premium earbuds available on Flipkart.,Flipkart
FPRD-00141,Laptop (Series C953),FCAT-0029,86074.58,89,Premium laptop available on Flipkart.,Flipkart
FPRD-00142,Smartphone (Series G325),FCAT-0029,70028.85,147,Premium smartphone available on Flipkart.,Flipkart
FPRD-00143,Tablet (Series W509),FCAT-0029,56772.89,192,Premium tablet available on Flipkart.,Flipkart
FPRD-00144,Smartphone (Series R570),FCAT-0029,60203.59,470,Premium smartphone available on Flipkart.,Flipkart
FPRD-00145,Smartphone (Series J324),FCAT-0029,80159.83,764,Premium smartphone available on Flipkart.,Flipkart
FPRD-00146,Earbuds (Series T336),FCAT-0030,72976.1,794,Premium earbuds available on Flipkart.,Flipkart
FPRD-00147,Laptop (Series Q739),FCAT-0030,60016.84,681,Premium laptop available on Flipkart.,Flipkart
FPRD-00148,Smartphone (Series Q773),FCAT-0030,34019.05,661,Premium smartphone available on Flipkart.,Flipkart
FPRD-00149,Tablet (Series F589),FCAT-0030,29167.38,63,Premium tablet available on Flipkart.,Flipkart
FPRD-00150,Smartphone (Series J159),FCAT-0030,32498.7,765,Premium smartphone available on Flipkart.,Flipkart
FPRD-00151,Tablet (Series S705),FCAT-0031,15919.56,315,Premium tablet available on Flipkart.,Flipkart
FPRD-00152,Smartphone (Series B364),FCAT-0031,64666.28,58,Premium smartphone available on Flipkart.,Flipkart
FPRD-00153,Smartwatch (Series B520),FCAT-0031,32744.3,521,Premium smartwatch available on Flipkart.,Flipkart
FPRD-00154,Smartphone (Series K996),FCAT-0031,53350.58,462,Premium smartphone available on Flipkart.,Flipkart
FPRD-00155,Earbuds (Series K544),FCAT-0031,71486.13,737,Premium earbuds available on Flipkart.,Flipkart
FPRD-00156,Laptop (Series Z811),FCAT-0032,50438.02,409,Premium laptop available on Flipkart.,Flipkart
FPRD-00157,Laptop (Series B590),FCAT-0032,87794.15,361,Premium laptop available on Flipkart.,Flipkart
FPRD-00158,Earbuds (Series D562),FCAT-0032,14331.0,114,Premium earbuds available on Flipkart.,Flipkart
FPRD-00159,Smartphone (Series J413),FCAT-0032,59590.85,559,Premium smartphone available on Flipkart.,Flipkart
FPRD-00160,Tablet (Series A293),FCAT-0032,89861.78,540,Premium tablet available on Flipkart.,Flipkart
FPRD-00161,Smartphone (Series Z339),FCAT-0033,85996.41,41,Premium smartphone available on Flipkart.,Flipkart
FPRD-00162,Laptop (Series J683),FCAT-0033,48614.43,102,Premium laptop available on Flipkart.,Flipkart
FPRD-00163,Tablet (Series W510),FCAT-0033,29060.83,745,Premium tablet available on Flipkart.,Flipkart
FPRD-00164,Smartphone (Series Q370),FCAT-0033,85362.74,303,Premium smartphone available on Flipkart.,Flipkart
FPRD-00165,Laptop (Series C884),FCAT-0033,17545.13,85,Premium laptop available on Flipkart.,Flipkart
FPRD-00166,Earbuds (Series C364),FCAT-0034,39226.38,425,Premium earbuds available on Flipkart.,Flipkart
FPRD-00167,Smartphone (Series E815),FCAT-0034,75192.82,42,Premium smartphone available on Flipkart.,Flipkart
FPRD-00168,Earbuds (Series N780),FCAT-0034,55195.87,674,Premium earbuds available on Flipkart.,Flipkart
FPRD-00169,Earbuds (Series N257),FCAT-0034,46217.23,410,Premium earbuds available on Flipkart.,Flipkart
FPRD-00170,Laptop (Series E612),FCAT-0034,6495.39,545,Premium laptop available on Flipkart.,Flipkart
FPRD-00171,Smartwatch (Series T203),FCAT-0035,52527.5,408,Premium smartwatch available on Flipkart.,Flipkart
FPRD-00172,Laptop (Series H903),FCAT-0035,62105.05,141,Premium laptop available on Flipkart.,Flipkart
FPRD-00173,Smartwatch (Series R389),FCAT-0035,33593.36,619,Premium smartwatch available on Flipkart.,Flipkart
FPRD-00174,Smartwatch (Series L649),FCAT-0035,43169.79,531,Premium smartwatch available on Flipkart.,Flipkart
FPRD-00175,Laptop (Series X793),FCAT-0035,75756.05,783,Premium laptop available on Flipkart.,Flipkart
FPRD-00176,Smartphone (Series O639),FCAT-0036,52929.65,607,Premium smartphone available on Flipkart.,Flipkart
FPRD-00177,Tablet (Series F440),FCAT-0036,93777.23,362,Premium tablet available on Flipkart.,Flipkart
FPRD-00178,Smartphone (Series P316),FCAT-0036,15043.91,474,Premium smartphone available on Flipkart.,Flipkart
FPRD-00179,Earbuds (Series A796),FCAT-0036,15358.66,408,Premium earbuds available on Flipkart.,Flipkart
FPRD-00180,Tablet (Series T849),FCAT-0036,44388.15,342,Premium tablet available on Flipkart.,Flipkart
FPRD-00181,Earbuds (Series E117),FCAT-0037,90388.08,92,Premium earbuds available on Flipkart.,Flipkart
FPRD-00182,Earbuds (Series Z270),FCAT-0037,33491.5,574,Premium earbuds available on Flipkart.,Flipkart
FPRD-00183,Earbuds (Series C158),FCAT-0037,13190.73,350,Premium earbuds available on Flipkart.,Flipkart
FPRD-00184,Earbuds (Series K987),FCAT-0037,23294.81,668,Premium earbuds available on Flipkart.,Flipkart
FPRD-00185,Earbuds (Series E914),FCAT-0037,17242.3,653,Premium earbuds available on Flipkart.,Flipkart
FPRD-00186,Smartwatch (Series Q852),FCAT-0038,91689.49,216,Premium smartwatch available on Flipkart.,Flipkart
FPRD-00187,Smartphone (Series O393),FCAT-0038,31192.76,563,Premium smartphone available on Flipkart.,Flipkart
FPRD-00188,Earbuds (Series N892),FCAT-0038,69244.9,141,Premium earbuds available on Flipkart.,Flipkart
FPRD-00189,Tablet (Series H513),FCAT-0038,70330.5,23,Premium tablet available on Flipkart.,Flipkart
FPRD-00190,Laptop (Series C701),FCAT-0038,85313.68,395,Premium laptop available on Flipkart.,Flipkart
FPRD-00191,Tablet (Series H970),FCAT-0039,91337.44,714,Premium tablet available on Flipkart.,Flipkart
FPRD-00192,Tablet (Series Y517),FCAT-0039,40231.46,145,Premium tablet available on Flipkart.,Flipkart
FPRD-00193,Laptop (Series X372),FCAT-0039,43634.02,541,Premium laptop available on Flipkart.,Flipkart
FPRD-00194,Laptop (Series L382),FCAT-0039,18110.74,336,Premium laptop available on Flipkart.,Flipkart
FPRD-00195,Smartphone (Series D402),FCAT-0039,67791.18,385,Premium smartphone available on Flipkart.,Flipkart
FPRD-00196,Tablet (Series D222),FCAT-0040,14788.82,586,Premium tablet available on Flipkart.,Flipkart
FPRD-00197,Earbuds (Series H116),FCAT-0040,92218.29,531,Premium earbuds available on Flipkart.,Flipkart
FPRD-00198,Smartwatch (Series L179),FCAT-0040,64934.65,542,Premium smartwatch available on Flipkart.,Flipkart
FPRD-00199,Earbuds (Series W239),FCAT-0040,10231.06,748,Premium earbuds available on Flipkart.,Flipkart
FPRD-00200,Earbuds (Series F404),FCAT-0040,65933.38,343,Premium earbuds available on Flipkart.,Flipkart
FPRD-00201,Smartphone (Series J662),FCAT-0041,30686.26,206,Premium smartphone available on Flipkart.,Flipkart
FPRD-00202,Tablet (Series D542),FCAT-0041,50603.3,97,Premium tablet available on Flipkart.,Flipkart
FPRD-00203,Smartwatch (Series F305),FCAT-0041,22150.67,535,Premium smartwatch available on Flipkart.,Flipkart
FPRD-00204,Laptop (Series U920),FCAT-0041,80180.31,493,Premium laptop available on Flipkart.,Flipkart
FPRD-00205,Smartwatch (Series G995),FCAT-0041,78991.22,628,Premium smartwatch available on Flipkart.,Flipkart
FPRD-00206,Smartphone (Series Q287),FCAT-0042,39282.13,20,Premium smartphone available on Flipkart.,Flipkart
FPRD-00207,Earbuds (Series E366),FCAT-0042,43653.53,302,Premium earbuds available on Flipkart.,Flipkart
FPRD-00208,Tablet (Series U928),FCAT-0042,11698.53,598,Premium tablet available on Flipkart.,Flipkart
FPRD-00209,Laptop (Series Z775),FCAT-0042,93851.32,334,Premium laptop available on Flipkart.,Flipkart
FPRD-00210,Smartphone (Series D892),FCAT-0042,21670.7,220,Premium smartphone available on Flipkart.,Flipkart
FPRD-00211,Laptop (Series O378),FCAT-0043,69693.01,583,Premium laptop available on Flipkart.,Flipkart
FPRD-00212,Earbuds (Series X415),FCAT-0043,10229.33,767,Premium earbuds available on Flipkart.,Flipkart
FPRD-00213,Laptop (Series L852),FCAT-0043,24887.71,20,Premium laptop available on Flipkart.,Flipkart
FPRD-00214,Laptop (Series P943),FCAT-0043,42238.26,34,Premium laptop available on Flipkart.,Flipkart
FPRD-00215,Laptop (Series P237),FCAT-0043,21608.44,535,Premium laptop available on Flipkart.,Flipkart
FPRD-00216,Tablet (Series O998),FCAT-0044,67776.06,89,Premium tablet available on Flipkart.,Flipkart
FPRD-00217,Smartwatch (Series G154),FCAT-0044,40966.03,222,Premium smartwatch available on Flipkart.,Flipkart
FPRD-00218,Smartphone (Series O636),FCAT-0044,82724.77,656,Premium smartphone available on Flipkart.,Flipkart
FPRD-00219,Smartwatch (Series U505),FCAT-0044,88248.02,273,Premium smartwatch available on Flipkart.,Flipkart
FPRD-00220,Earbuds (Series M530),FCAT-0044,84163.83,205,Premium earbuds available on Flipkart.,Flipkart
FPRD-00221,Smartphone (Series S863),FCAT-0045,53007.33,579,Premium smartphone available on Flipkart.,Flipkart
FPRD-00222,Smartwatch (Series R126),FCAT-0045,63779.1,154,Premium smartwatch available on Flipkart.,Flipkart
FPRD-00223,Earbuds (Series A598),FCAT-0045,73515.94,37,Premium earbuds available on Flipkart.,Flipkart
FPRD-00224,Smartphone (Series C215),FCAT-0045,71266.3,453,Premium smartphone available on Flipkart.,Flipkart
FPRD-00225,Laptop (Series X268),FCAT-0045,54211.82,734,Premium laptop available on Flipkart.,Flipkart
FPRD-00226,Smartwatch (Series H567),FCAT-0046,51472.49,615,Premium smartwatch available on Flipkart.,Flipkart
FPRD-00227,Smartphone (Series S193),FCAT-0046,12882.89,547,Premium smartphone available on Flipkart.,Flipkart
FPRD-00228,Laptop (Series A404),FCAT-0046,34323.2,706,Premium laptop available on Flipkart.,Flipkart
FPRD-00229,Earbuds (Series V798),FCAT-0046,90792.54,275,Premium earbuds available on Flipkart.,Flipkart
FPRD-00230,Smartwatch (Series M783),FCAT-0046,31692.41,511,Premium smartwatch available on Flipkart.,Flipkart
FPRD-00231,Smartphone (Series M166),FCAT-0047,74769.9,251,Premium smartphone available on Flipkart.,Flipkart
FPRD-00232,Laptop (Series K774),FCAT-0047,42436.49,493,Premium laptop available on Flipkart.,Flipkart
FPRD-00233,Tablet (Series M337),FCAT-0047,89876.23,461,Premium tablet available on Flipkart.,Flipkart
FPRD-00234,Tablet (Series L883),FCAT-0047,25470.09,269,Premium tablet available on Flipkart.,Flipkart
FPRD-00235,Smartphone (Series A695),FCAT-0047,54546.12,130,Premium smartphone available on Flipkart.,Flipkart
FPRD-00236,Laptop (Series D587),FCAT-0048,89227.91,49,Premium laptop available on Flipkart.,Flipkart
FPRD-00237,Laptop (Series B387),FCAT-0048,52342.91,475,Premium laptop available on Flipkart.,Flipkart
FPRD-00238,Laptop (Series S245),FCAT-0048,67149.68,414,Premium laptop available on Flipkart.,Flipkart
FPRD-00239,Earbuds (Series V292),FCAT-0048,50804.43,796,Premium earbuds available on Flipkart.,Flipkart
FPRD-00240,Tablet (Series P405),FCAT-0048,35720.13,580,Premium tablet available on Flipkart.,Flipkart
FPRD-00241,Tablet (Series V602),FCAT-0049,34115.83,643,Premium tablet available on Flipkart.,Flipkart
FPRD-00242,Smartphone (Series X423),FCAT-0049,71279.43,75,Premium smartphone available on Flipkart.,Flipkart
FPRD-00243,Laptop (Series Q273),FCAT-0049,56134.87,386,Premium laptop available on Flipkart.,Flipkart
FPRD-00244,Smartwatch (Series P819),FCAT-0049,83560.24,513,Premium smartwatch available on Flipkart.,Flipkart
FPRD-00245,Smartwatch (Series F138),FCAT-0049,51374.0,371,Premium smartwatch available on Flipkart.,Flipkart
FPRD-00246,Earbuds (Series L808),FCAT-0050,29007.17,700,Premium earbuds available on Flipkart.,Flipkart
FPRD-00247,Tablet (Series H129),FCAT-0050,63534.11,379,Premium tablet available on Flipkart.,Flipkart
FPRD-00248,Smartphone (Series Q172),FCAT-0050,64098.14,495,Premium smartphone available on Flipkart.,Flipkart
FPRD-00249,Smartphone (Series T318),FCAT-0050,94685.55,292,Premium smartphone available on Flipkart.,Flipkart
FPRD-00250,Smartwatch (Series Y693),FCAT-0050,31776.58,113,Premium smartwatch available on Flipkart.,Flipkart
FPRD-00251,Sneakers (Series Z240),FCAT-0051,2933.56,652,Premium sneakers available on Flipkart.,Flipkart
FPRD-00252,Jacket (Series C851),FCAT-0051,3920.38,490,Premium jacket available on Flipkart.,Flipkart
FPRD-00253,Sneakers (Series Z220),FCAT-0051,1911.25,347,Premium sneakers available on Flipkart.,Flipkart
FPRD-00254,Sneakers (Series Y729),FCAT-0051,2266.06,562,Premium sneakers available on Flipkart.,Flipkart
FPRD-00255,Kurta (Series G945),FCAT-0051,2556.67,650,Premium kurta available on Flipkart.,Flipkart
FPRD-00256,Saree (Series M212),FCAT-0052,1294.3,704,Premium saree available on Flipkart.,Flipkart
FPRD-00257,Jeans (Series A376),FCAT-0052,1731.01,98,Premium jeans available on Flipkart.,Flipkart
FPRD-00258,Sneakers (Series C327),FCAT-0052,2978.59,440,Premium sneakers available on Flipkart.,Flipkart
FPRD-00259,T-Shirt (Series Q688),FCAT-0052,2326.02,335,Premium t-shirt available on Flipkart.,Flipkart
FPRD-00260,Saree (Series F968),FCAT-0052,1418.75,272,Premium saree available on Flipkart.,Flipkart
FPRD-00261,Jeans (Series O491),FCAT-0053,3039.58,296,Premium jeans available on Flipkart.,Flipkart
FPRD-00262,Jacket (Series A715),FCAT-0053,297.38,411,Premium jacket available on Flipkart.,Flipkart
FPRD-00263,T-Shirt (Series Z988),FCAT-0053,2297.94,743,Premium t-shirt available on Flipkart.,Flipkart
FPRD-00264,Jeans (Series J290),FCAT-0053,2721.74,575,Premium jeans available on Flipkart.,Flipkart
FPRD-00265,Jacket (Series S341),FCAT-0053,1249.29,597,Premium jacket available on Flipkart.,Flipkart
FPRD-00266,Jeans (Series K730),FCAT-0054,1810.42,55,Premium jeans available on Flipkart.,Flipkart
FPRD-00267,Jeans (Series G664),FCAT-0054,2370.85,321,Premium jeans available on Flipkart.,Flipkart
FPRD-00268,Jeans (Series T817),FCAT-0054,1602.12,105,Premium jeans available on Flipkart.,Flipkart
FPRD-00269,Jeans (Series T495),FCAT-0054,854.67,759,Premium jeans available on Flipkart.,Flipkart
FPRD-00270,Saree (Series R682),FCAT-0054,1715.1,287,Premium saree available on Flipkart.,Flipkart
FPRD-00271,Jeans (Series M535),FCAT-0055,660.59,704,Premium jeans available on Flipkart.,Flipkart
FPRD-00272,Jeans (Series G243),FCAT-0055,575.13,700,Premium jeans available on Flipkart.,Flipkart
FPRD-00273,Saree (Series L360),FCAT-0055,1528.82,36,Premium saree available on Flipkart.,Flipkart
FPRD-00274,Kurta (Series W493),FCAT-0055,2921.56,73,Premium kurta available on Flipkart.,Flipkart
FPRD-00275,Jacket (Series W806),FCAT-0055,1525.32,655,Premium jacket available on Flipkart.,Flipkart
FPRD-00276,Jacket (Series O540),FCAT-0056,2850.4,453,Premium jacket available on Flipkart.,Flipkart
FPRD-00277,Saree (Series U797),FCAT-0056,1760.8,191,Premium saree available on Flipkart.,Flipkart
FPRD-00278,Saree (Series R665),FCAT-0056,3876.08,76,Premium saree available on Flipkart.,Flipkart
FPRD-00279,Kurta (Series S382),FCAT-0056,1379.28,95,Premium kurta available on Flipkart.,Flipkart
FPRD-00280,Saree (Series J799),FCAT-0056,2333.6,486,Premium saree available on Flipkart.,Flipkart
FPRD-00281,Saree (Series E736),FCAT-0057,3247.91,720,Premium saree available on Flipkart.,Flipkart
FPRD-00282,Sneakers (Series Y495),FCAT-0057,3943.09,481,Premium sneakers available on Flipkart.,Flipkart
FPRD-00283,Jeans (Series G959),FCAT-0057,835.1,82,Premium jeans available on Flipkart.,Flipkart
FPRD-00284,Sneakers (Series N120),FCAT-0057,446.97,222,Premium sneakers available on Flipkart.,Flipkart
FPRD-00285,Jeans (Series W338),FCAT-0057,2864.39,632,Premium jeans available on Flipkart.,Flipkart
FPRD-00286,Saree (Series V333),FCAT-0058,3533.51,11,Premium saree available on Flipkart.,Flipkart
FPRD-00287,Jacket (Series L520),FCAT-0058,995.69,492,Premium jacket available on Flipkart.,Flipkart
FPRD-00288,Kurta (Series D343),FCAT-0058,1180.47,669,Premium kurta available on Flipkart.,Flipkart
FPRD-00289,Sneakers (Series Y254),FCAT-0058,3062.19,328,Premium sneakers available on Flipkart.,Flipkart
FPRD-00290,Jeans (Series P260),FCAT-0058,940.27,635,Premium jeans available on Flipkart.,Flipkart
FPRD-00291,Saree (Series S719),FCAT-0059,1481.69,115,Premium saree available on Flipkart.,Flipkart
FPRD-00292,Kurta (Series G443),FCAT-0059,2650.56,776,Premium kurta available on Flipkart.,Flipkart
FPRD-00293,T-Shirt (Series O116),FCAT-0059,1648.65,227,Premium t-shirt available on Flipkart.,Flipkart
FPRD-00294,Saree (Series U760),FCAT-0059,2558.93,471,Premium saree available on Flipkart.,Flipkart
FPRD-00295,Jeans (Series Y696),FCAT-0059,1119.93,743,Premium jeans available on Flipkart.,Flipkart
FPRD-00296,Saree (Series O488),FCAT-0060,1672.62,540,Premium saree available on Flipkart.,Flipkart
FPRD-00297,Jeans (Series B965),FCAT-0060,607.38,554,Premium jeans available on Flipkart.,Flipkart
FPRD-00298,Jeans (Series S496),FCAT-0060,3342.58,690,Premium jeans available on Flipkart.,Flipkart
FPRD-00299,T-Shirt (Series Z917),FCAT-0060,2571.97,581,Premium t-shirt available on Flipkart.,Flipkart
FPRD-00300,T-Shirt (Series M904),FCAT-0060,426.28,687,Premium t-shirt available on Flipkart.,Flipkart
FPRD-00301,Jeans (Series F155),FCAT-0061,661.11,720,Premium jeans available on Flipkart.,Flipkart
FPRD-00302,Kurta (Series H283),FCAT-0061,3967.84,617,Premium kurta available on Flipkart.,Flipkart
FPRD-00303,T-Shirt (Series P122),FCAT-0061,1000.17,669,Premium t-shirt available on Flipkart.,Flipkart
FPRD-00304,T-Shirt (Series P807),FCAT-0061,1868.61,74,Premium t-shirt available on Flipkart.,Flipkart
FPRD-00305,Sneakers (Series K393),FCAT-0061,768.19,433,Premium sneakers available on Flipkart.,Flipkart
FPRD-00306,Jeans (Series H112),FCAT-0062,479.8,258,Premium jeans available on Flipkart.,Flipkart
FPRD-00307,Sneakers (Series J394),FCAT-0062,876.86,174,Premium sneakers available on Flipkart.,Flipkart
FPRD-00308,Sneakers (Series J925),FCAT-0062,2197.96,481,Premium sneakers available on Flipkart.,Flipkart
FPRD-00309,Kurta (Series K234),FCAT-0062,882.08,566,Premium kurta available on Flipkart.,Flipkart
FPRD-00310,Jeans (Series G627),FCAT-0062,645.37,439,Premium jeans available on Flipkart.,Flipkart
FPRD-00311,Jeans (Series D318),FCAT-0063,489.9,487,Premium jeans available on Flipkart.,Flipkart
FPRD-00312,Sneakers (Series N813),FCAT-0063,2087.07,218,Premium sneakers available on Flipkart.,Flipkart
FPRD-00313,Jacket (Series B162),FCAT-0063,411.64,303,Premium jacket available on Flipkart.,Flipkart
FPRD-00314,Sneakers (Series O841),FCAT-0063,2863.6,44,Premium sneakers available on Flipkart.,Flipkart
FPRD-00315,Jeans (Series E775),FCAT-0063,473.86,195,Premium jeans available on Flipkart.,Flipkart
FPRD-00316,Kurta (Series C189),FCAT-0064,2146.6,204,Premium kurta available on Flipkart.,Flipkart
FPRD-00317,Jeans (Series I154),FCAT-0064,688.93,114,Premium jeans available on Flipkart.,Flipkart
FPRD-00318,Kurta (Series E358),FCAT-0064,1756.68,672,Premium kurta available on Flipkart.,Flipkart
FPRD-00319,Jacket (Series R691),FCAT-0064,3555.79,453,Premium jacket available on Flipkart.,Flipkart
FPRD-00320,Sneakers (Series A170),FCAT-0064,549.57,740,Premium sneakers available on Flipkart.,Flipkart
FPRD-00321,Jeans (Series I387),FCAT-0065,1886.49,603,Premium jeans available on Flipkart.,Flipkart
FPRD-00322,Jeans (Series U362),FCAT-0065,1398.61,498,Premium jeans available on Flipkart.,Flipkart
FPRD-00323,T-Shirt (Series M318),FCAT-0065,519.47,789,Premium t-shirt available on Flipkart.,Flipkart
FPRD-00324,Kurta (Series E465),FCAT-0065,614.7,763,Premium kurta available on Flipkart.,Flipkart
FPRD-00325,Jacket (Series F391),FCAT-0065,3326.22,90,Premium jacket available on Flipkart.,Flipkart
FPRD-00326,T-Shirt (Series S503),FCAT-0066,1363.3,592,Premium t-shirt available on Flipkart.,Flipkart
FPRD-00327,Jacket (Series X907),FCAT-0066,887.18,686,Premium jacket available on Flipkart.,Flipkart
FPRD-00328,Jeans (Series F541),FCAT-0066,2414.43,598,Premium jeans available on Flipkart.,Flipkart
FPRD-00329,Kurta (Series V838),FCAT-0066,1989.95,684,Premium kurta available on Flipkart.,Flipkart
FPRD-00330,Jeans (Series B653),FCAT-0066,1023.74,760,Premium jeans available on Flipkart.,Flipkart
FPRD-00331,Jeans (Series Y553),FCAT-0067,2486.66,361,Premium jeans available on Flipkart.,Flipkart
FPRD-00332,Saree (Series N384),FCAT-0067,422.31,647,Premium saree available on Flipkart.,Flipkart
FPRD-00333,T-Shirt (Series S639),FCAT-0067,699.07,380,Premium t-shirt available on Flipkart.,Flipkart
FPRD-00334,Kurta (Series Y563),FCAT-0067,2853.67,36,Premium kurta available on Flipkart.,Flipkart
FPRD-00335,Sneakers (Series B866),FCAT-0067,830.95,439,Premium sneakers available on Flipkart.,Flipkart
FPRD-00336,Saree (Series N869),FCAT-0068,2512.25,61,Premium saree available on Flipkart.,Flipkart
FPRD-00337,Saree (Series H425),FCAT-0068,3604.71,215,Premium saree available on Flipkart.,Flipkart
FPRD-00338,Kurta (Series R104),FCAT-0068,1693.37,481,Premium kurta available on Flipkart.,Flipkart
FPRD-00339,Jacket (Series B887),FCAT-0068,1224.87,391,Premium jacket available on Flipkart.,Flipkart
FPRD-00340,Sneakers (Series R504),FCAT-0068,3304.18,735,Premium sneakers available on Flipkart.,Flipkart
FPRD-00341,Jeans (Series L131),FCAT-0069,2518.79,700,Premium jeans available on Flipkart.,Flipkart
FPRD-00342,Jeans (Series W603),FCAT-0069,2429.99,266,Premium jeans available on Flipkart.,Flipkart
FPRD-00343,Kurta (Series Z947),FCAT-0069,3014.35,654,Premium kurta available on Flipkart.,Flipkart
FPRD-00344,Jacket (Series Z921),FCAT-0069,3985.46,143,Premium jacket available on Flipkart.,Flipkart
FPRD-00345,Jacket (Series U918),FCAT-0069,3021.69,674,Premium jacket available on Flipkart.,Flipkart
FPRD-00346,T-Shirt (Series C110),FCAT-0070,1389.03,782,Premium t-shirt available on Flipkart.,Flipkart
FPRD-00347,Sneakers (Series C747),FCAT-0070,2605.48,298,Premium sneakers available on Flipkart.,Flipkart
FPRD-00348,Jeans (Series F186),FCAT-0070,1753.12,592,Premium jeans available on Flipkart.,Flipkart
FPRD-00349,Sneakers (Series Q160),FCAT-0070,2306.33,446,Premium sneakers available on Flipkart.,Flipkart
FPRD-00350,T-Shirt (Series B905),FCAT-0070,527.58,421,Premium t-shirt available on Flipkart.,Flipkart
FPRD-00351,Kurta (Series G995),FCAT-0071,3729.73,796,Premium kurta available on Flipkart.,Flipkart
FPRD-00352,Jeans (Series Y437),FCAT-0071,2307.53,83,Premium jeans available on Flipkart.,Flipkart
FPRD-00353,Jacket (Series C925),FCAT-0071,261.01,474,Premium jacket available on Flipkart.,Flipkart
FPRD-00354,T-Shirt (Series S647),FCAT-0071,1206.47,685,Premium t-shirt available on Flipkart.,Flipkart
FPRD-00355,T-Shirt (Series W631),FCAT-0071,2141.3,469,Premium t-shirt available on Flipkart.,Flipkart
FPRD-00356,T-Shirt (Series B776),FCAT-0072,1988.7,761,Premium t-shirt available on Flipkart.,Flipkart
FPRD-00357,T-Shirt (Series G921),FCAT-0072,2267.74,739,Premium t-shirt available on Flipkart.,Flipkart
FPRD-00358,Kurta (Series O661),FCAT-0072,2739.82,222,Premium kurta available on Flipkart.,Flipkart
FPRD-00359,Kurta (Series C382),FCAT-0072,3221.07,572,Premium kurta available on Flipkart.,Flipkart
FPRD-00360,T-Shirt (Series X512),FCAT-0072,3552.4,107,Premium t-shirt available on Flipkart.,Flipkart
FPRD-00361,T-Shirt (Series M846),FCAT-0073,795.6,282,Premium t-shirt available on Flipkart.,Flipkart
FPRD-00362,T-Shirt (Series N836),FCAT-0073,2916.99,292,Premium t-shirt available on Flipkart.,Flipkart
FPRD-00363,Sneakers (Series R123),FCAT-0073,1345.94,57,Premium sneakers available on Flipkart.,Flipkart
FPRD-00364,Saree (Series K475),FCAT-0073,613.03,363,Premium saree available on Flipkart.,Flipkart
FPRD-00365,Kurta (Series B691),FCAT-0073,1892.12,146,Premium kurta available on Flipkart.,Flipkart
FPRD-00366,Sneakers (Series B638),FCAT-0074,3699.55,51,Premium sneakers available on Flipkart.,Flipkart
FPRD-00367,Jeans (Series X967),FCAT-0074,2644.98,182,Premium jeans available on Flipkart.,Flipkart
FPRD-00368,Jeans (Series O366),FCAT-0074,303.41,66,Premium jeans available on Flipkart.,Flipkart
FPRD-00369,T-Shirt (Series M942),FCAT-0074,327.1,160,Premium t-shirt available on Flipkart.,Flipkart
FPRD-00370,Jacket (Series L431),FCAT-0074,3444.32,65,Premium jacket available on Flipkart.,Flipkart
FPRD-00371,Jeans (Series S674),FCAT-0075,708.08,748,Premium jeans available on Flipkart.,Flipkart
FPRD-00372,Saree (Series I879),FCAT-0075,937.02,214,Premium saree available on Flipkart.,Flipkart
FPRD-00373,Jeans (Series S554),FCAT-0075,2279.93,583,Premium jeans available on Flipkart.,Flipkart
FPRD-00374,T-Shirt (Series G521),FCAT-0075,3108.27,301,Premium t-shirt available on Flipkart.,Flipkart
FPRD-00375,Jeans (Series W760),FCAT-0075,1342.49,554,Premium jeans available on Flipkart.,Flipkart
FPRD-00376,Sneakers (Series Y334),FCAT-0076,3077.48,330,Premium sneakers available on Flipkart.,Flipkart
FPRD-00377,Jacket (Series E312),FCAT-0076,1193.5,361,Premium jacket available on Flipkart.,Flipkart
FPRD-00378,Sneakers (Series M775),FCAT-0076,676.4,172,Premium sneakers available on Flipkart.,Flipkart
FPRD-00379,Sneakers (Series U945),FCAT-0076,1522.85,719,Premium sneakers available on Flipkart.,Flipkart
FPRD-00380,Jeans (Series F728),FCAT-0076,789.43,124,Premium jeans available on Flipkart.,Flipkart
FPRD-00381,Kurta (Series R319),FCAT-0077,790.5,415,Premium kurta available on Flipkart.,Flipkart
FPRD-00382,Kurta (Series X307),FCAT-0077,3200.51,242,Premium kurta available on Flipkart.,Flipkart
FPRD-00383,Jeans (Series G483),FCAT-0077,1106.08,209,Premium jeans available on Flipkart.,Flipkart
FPRD-00384,Jeans (Series Q630),FCAT-0077,2068.13,667,Premium jeans available on Flipkart.,Flipkart
FPRD-00385,Kurta (Series M164),FCAT-0077,935.67,12,Premium kurta available on Flipkart.,Flipkart
FPRD-00386,T-Shirt (Series B214),FCAT-0078,1203.08,692,Premium t-shirt available on Flipkart.,Flipkart
FPRD-00387,Jacket (Series U775),FCAT-0078,2739.54,20,Premium jacket available on Flipkart.,Flipkart
FPRD-00388,Jeans (Series E143),FCAT-0078,1759.25,19,Premium jeans available on Flipkart.,Flipkart
FPRD-00389,Kurta (Series C784),FCAT-0078,3307.3,54,Premium kurta available on Flipkart.,Flipkart
FPRD-00390,Saree (Series W669),FCAT-0078,1632.22,373,Premium saree available on Flipkart.,Flipkart
FPRD-00391,Kurta (Series S443),FCAT-0079,708.76,334,Premium kurta available on Flipkart.,Flipkart
FPRD-00392,Jacket (Series Z996),FCAT-0079,634.26,800,Premium jacket available on Flipkart.,Flipkart
FPRD-00393,Kurta (Series P849),FCAT-0079,3304.16,468,Premium kurta available on Flipkart.,Flipkart
FPRD-00394,Saree (Series I590),FCAT-0079,1604.04,742,Premium saree available on Flipkart.,Flipkart
FPRD-00395,T-Shirt (Series B831),FCAT-0079,733.02,287,Premium t-shirt available on Flipkart.,Flipkart
FPRD-00396,Jacket (Series J482),FCAT-0080,2995.97,107,Premium jacket available on Flipkart.,Flipkart
FPRD-00397,Sneakers (Series N836),FCAT-0080,2845.43,294,Premium sneakers available on Flipkart.,Flipkart
FPRD-00398,Kurta (Series N474),FCAT-0080,762.22,387,Premium kurta available on Flipkart.,Flipkart
FPRD-00399,Saree (Series F489),FCAT-0080,3126.66,657,Premium saree available on Flipkart.,Flipkart
FPRD-00400,Saree (Series X327),FCAT-0080,2979.72,629,Premium saree available on Flipkart.,Flipkart
FPRD-00401,Jacket (Series Q805),FCAT-0081,604.09,354,Premium jacket available on Flipkart.,Flipkart
FPRD-00402,Kurta (Series F609),FCAT-0081,3692.06,444,Premium kurta available on Flipkart.,Flipkart
FPRD-00403,Saree (Series A804),FCAT-0081,3549.33,542,Premium saree available on Flipkart.,Flipkart
FPRD-00404,Sneakers (Series P336),FCAT-0081,3611.94,316,Premium sneakers available on Flipkart.,Flipkart
FPRD-00405,Saree (Series A144),FCAT-0081,351.19,111,Premium saree available on Flipkart.,Flipkart
FPRD-00406,Saree (Series N785),FCAT-0082,3580.83,131,Premium saree available on Flipkart.,Flipkart
FPRD-00407,Jeans (Series U745),FCAT-0082,3171.15,486,Premium jeans available on Flipkart.,Flipkart
FPRD-00408,Jacket (Series D800),FCAT-0082,1332.67,275,Premium jacket available on Flipkart.,Flipkart
FPRD-00409,T-Shirt (Series A152),FCAT-0082,1813.18,353,Premium t-shirt available on Flipkart.,Flipkart
FPRD-00410,T-Shirt (Series O970),FCAT-0082,2270.22,488,Premium t-shirt available on Flipkart.,Flipkart
FPRD-00411,Saree (Series P716),FCAT-0083,3173.88,577,Premium saree available on Flipkart.,Flipkart
FPRD-00412,Jeans (Series L319),FCAT-0083,2618.45,748,Premium jeans available on Flipkart.,Flipkart
FPRD-00413,Saree (Series X755),FCAT-0083,2352.74,564,Premium saree available on Flipkart.,Flipkart
FPRD-00414,Jeans (Series S124),FCAT-0083,299.0,450,Premium jeans available on Flipkart.,Flipkart
FPRD-00415,Jeans (Series L877),FCAT-0083,262.3,158,Premium jeans available on Flipkart.,Flipkart
FPRD-00416,T-Shirt (Series Q828),FCAT-0084,3511.7,541,Premium t-shirt available on Flipkart.,Flipkart
FPRD-00417,T-Shirt (Series I887),FCAT-0084,3767.03,499,Premium t-shirt available on Flipkart.,Flipkart
FPRD-00418,Jeans (Series L561),FCAT-0084,1957.93,699,Premium jeans available on Flipkart.,Flipkart
FPRD-00419,T-Shirt (Series Q577),FCAT-0084,3500.14,655,Premium t-shirt available on Flipkart.,Flipkart
FPRD-00420,Sneakers (Series D664),FCAT-0084,3959.6,247,Premium sneakers available on Flipkart.,Flipkart
FPRD-00421,Jeans (Series I524),FCAT-0085,1646.86,475,Premium jeans available on Flipkart.,Flipkart
FPRD-00422,Kurta (Series T433),FCAT-0085,319.23,90,Premium kurta available on Flipkart.,Flipkart
FPRD-00423,Jeans (Series F279),FCAT-0085,2989.21,83,Premium jeans available on Flipkart.,Flipkart
FPRD-00424,T-Shirt (Series L270),FCAT-0085,1720.3,12,Premium t-shirt available on Flipkart.,Flipkart
FPRD-00425,T-Shirt (Series F357),FCAT-0085,3774.0,595,Premium t-shirt available on Flipkart.,Flipkart
FPRD-00426,Sneakers (Series L581),FCAT-0086,892.27,224,Premium sneakers available on Flipkart.,Flipkart
FPRD-00427,Kurta (Series N737),FCAT-0086,2094.33,64,Premium kurta available on Flipkart.,Flipkart
FPRD-00428,Kurta (Series O225),FCAT-0086,977.83,519,Premium kurta available on Flipkart.,Flipkart
FPRD-00429,Kurta (Series C783),FCAT-0086,364.4,463,Premium kurta available on Flipkart.,Flipkart
FPRD-00430,Sneakers (Series C136),FCAT-0086,1217.1,52,Premium sneakers available on Flipkart.,Flipkart
FPRD-00431,Jacket (Series A510),FCAT-0087,1100.56,690,Premium jacket available on Flipkart.,Flipkart
FPRD-00432,T-Shirt (Series C508),FCAT-0087,2912.49,799,Premium t-shirt available on Flipkart.,Flipkart
FPRD-00433,Saree (Series O206),FCAT-0087,1713.6,570,Premium saree available on Flipkart.,Flipkart
FPRD-00434,Sneakers (Series Y741),FCAT-0087,3519.17,498,Premium sneakers available on Flipkart.,Flipkart
FPRD-00435,Jacket (Series R462),FCAT-0087,2615.56,152,Premium jacket available on Flipkart.,Flipkart
FPRD-00436,Saree (Series Q816),FCAT-0088,1986.58,792,Premium saree available on Flipkart.,Flipkart
FPRD-00437,Jeans (Series U965),FCAT-0088,3213.37,235,Premium jeans available on Flipkart.,Flipkart
FPRD-00438,Jeans (Series M834),FCAT-0088,368.52,631,Premium jeans available on Flipkart.,Flipkart
FPRD-00439,Sneakers (Series Y432),FCAT-0088,2037.68,337,Premium sneakers available on Flipkart.,Flipkart
FPRD-00440,Jeans (Series H517),FCAT-0088,2057.32,542,Premium jeans available on Flipkart.,Flipkart
FPRD-00441,Jacket (Series I383),FCAT-0089,1857.75,461,Premium jacket available on Flipkart.,Flipkart
FPRD-00442,Jacket (Series K316),FCAT-0089,1482.15,203,Premium jacket available on Flipkart.,Flipkart
FPRD-00443,Jacket (Series J183),FCAT-0089,3776.12,737,Premium jacket available on Flipkart.,Flipkart
FPRD-00444,Jeans (Series I907),FCAT-0089,1513.87,778,Premium jeans available on Flipkart.,Flipkart
FPRD-00445,T-Shirt (Series I325),FCAT-0089,947.82,377,Premium t-shirt available on Flipkart.,Flipkart
FPRD-00446,Saree (Series E558),FCAT-0090,1355.31,32,Premium saree available on Flipkart.,Flipkart
FPRD-00447,Jeans (Series A156),FCAT-0090,2367.85,660,Premium jeans available on Flipkart.,Flipkart
FPRD-00448,Kurta (Series A364),FCAT-0090,2194.69,61,Premium kurta available on Flipkart.,Flipkart
FPRD-00449,Jacket (Series I833),FCAT-0090,2688.03,258,Premium jacket available on Flipkart.,Flipkart
FPRD-00450,Jeans (Series P727),FCAT-0090,3556.99,531,Premium jeans available on Flipkart.,Flipkart
FPRD-00451,Saree (Series E542),FCAT-0091,3364.35,777,Premium saree available on Flipkart.,Flipkart
FPRD-00452,Jeans (Series I526),FCAT-0091,1987.33,142,Premium jeans available on Flipkart.,Flipkart
FPRD-00453,T-Shirt (Series N795),FCAT-0091,2084.07,97,Premium t-shirt available on Flipkart.,Flipkart
FPRD-00454,Saree (Series H661),FCAT-0091,407.25,423,Premium saree available on Flipkart.,Flipkart
FPRD-00455,Jeans (Series N154),FCAT-0091,1354.6,379,Premium jeans available on Flipkart.,Flipkart
FPRD-00456,Kurta (Series W154),FCAT-0092,3806.71,446,Premium kurta available on Flipkart.,Flipkart
FPRD-00457,T-Shirt (Series O879),FCAT-0092,3558.96,247,Premium t-shirt available on Flipkart.,Flipkart
FPRD-00458,Jacket (Series I161),FCAT-0092,1244.09,717,Premium jacket available on Flipkart.,Flipkart
FPRD-00459,Jeans (Series U666),FCAT-0092,1406.04,633,Premium jeans available on Flipkart.,Flipkart
FPRD-00460,Sneakers (Series O890),FCAT-0092,2520.62,18,Premium sneakers available on Flipkart.,Flipkart
FPRD-00461,Saree (Series S940),FCAT-0093,1079.52,749,Premium saree available on Flipkart.,Flipkart
FPRD-00462,Jeans (Series K301),FCAT-0093,3525.7,139,Premium jeans available on Flipkart.,Flipkart
FPRD-00463,Jeans (Series C451),FCAT-0093,571.52,119,Premium jeans available on Flipkart.,Flipkart
FPRD-00464,Jacket (Series Q510),FCAT-0093,602.19,331,Premium jacket available on Flipkart.,Flipkart
FPRD-00465,Jeans (Series Y295),FCAT-0093,1151.39,79,Premium jeans available on Flipkart.,Flipkart
FPRD-00466,Jeans (Series L233),FCAT-0094,3333.81,514,Premium jeans available on Flipkart.,Flipkart
FPRD-00467,Jacket (Series X750),FCAT-0094,2796.24,487,Premium jacket available on Flipkart.,Flipkart
FPRD-00468,Saree (Series D645),FCAT-0094,1945.02,661,Premium saree available on Flipkart.,Flipkart
FPRD-00469,Sneakers (Series P328),FCAT-0094,3545.65,588,Premium sneakers available on Flipkart.,Flipkart
FPRD-00470,Sneakers (Series U793),FCAT-0094,784.59,455,Premium sneakers available on Flipkart.,Flipkart
FPRD-00471,Jeans (Series P512),FCAT-0095,490.81,301,Premium jeans available on Flipkart.,Flipkart
FPRD-00472,Jacket (Series B362),FCAT-0095,835.42,324,Premium jacket available on Flipkart.,Flipkart
FPRD-00473,Sneakers (Series C705),FCAT-0095,3498.91,421,Premium sneakers available on Flipkart.,Flipkart
FPRD-00474,T-Shirt (Series C499),FCAT-0095,1122.82,345,Premium t-shirt available on Flipkart.,Flipkart
FPRD-00475,Jacket (Series W774),FCAT-0095,957.85,95,Premium jacket available on Flipkart.,Flipkart
FPRD-00476,Jacket (Series Y777),FCAT-0096,3102.75,605,Premium jacket available on Flipkart.,Flipkart
FPRD-00477,Jeans (Series X678),FCAT-0096,1193.63,576,Premium jeans available on Flipkart.,Flipkart
FPRD-00478,Jacket (Series O716),FCAT-0096,2194.48,434,Premium jacket available on Flipkart.,Flipkart
FPRD-00479,Jeans (Series C607),FCAT-0096,3335.63,716,Premium jeans available on Flipkart.,Flipkart
FPRD-00480,Saree (Series V617),FCAT-0096,2288.19,467,Premium saree available on Flipkart.,Flipkart
FPRD-00481,Jacket (Series K435),FCAT-0097,1879.01,611,Premium jacket available on Flipkart.,Flipkart
FPRD-00482,Sneakers (Series E467),FCAT-0097,1500.06,678,Premium sneakers available on Flipkart.,Flipkart
FPRD-00483,T-Shirt (Series C521),FCAT-0097,1799.44,137,Premium t-shirt available on Flipkart.,Flipkart
FPRD-00484,T-Shirt (Series T847),FCAT-0097,3137.3,666,Premium t-shirt available on Flipkart.,Flipkart
FPRD-00485,Saree (Series I920),FCAT-0097,3164.14,439,Premium saree available on Flipkart.,Flipkart
FPRD-00486,Jeans (Series D114),FCAT-0098,509.41,301,Premium jeans available on Flipkart.,Flipkart
FPRD-00487,T-Shirt (Series R561),FCAT-0098,807.05,178,Premium t-shirt available on Flipkart.,Flipkart
FPRD-00488,Jeans (Series K998),FCAT-0098,3371.56,49,Premium jeans available on Flipkart.,Flipkart
FPRD-00489,T-Shirt (Series B983),FCAT-0098,2444.49,552,Premium t-shirt available on Flipkart.,Flipkart
FPRD-00490,Kurta (Series X194),FCAT-0098,2324.2,515,Premium kurta available on Flipkart.,Flipkart
FPRD-00491,Sneakers (Series G565),FCAT-0099,3079.61,322,Premium sneakers available on Flipkart.,Flipkart
FPRD-00492,Sneakers (Series I888),FCAT-0099,963.8,386,Premium sneakers available on Flipkart.,Flipkart
FPRD-00493,Jacket (Series J207),FCAT-0099,1267.36,339,Premium jacket available on Flipkart.,Flipkart
FPRD-00494,Sneakers (Series Z672),FCAT-0099,1051.64,531,Premium sneakers available on Flipkart.,Flipkart
FPRD-00495,Saree (Series W128),FCAT-0099,2433.47,765,Premium saree available on Flipkart.,Flipkart
FPRD-00496,Jacket (Series Z715),FCAT-0100,343.94,268,Premium jacket available on Flipkart.,Flipkart
FPRD-00497,Jacket (Series V974),FCAT-0100,390.62,248,Premium jacket available on Flipkart.,Flipkart
FPRD-00498,T-Shirt (Series F535),FCAT-0100,2676.48,344,Premium t-shirt available on Flipkart.,Flipkart
FPRD-00499,Sneakers (Series Q734),FCAT-0100,3669.8,175,Premium sneakers available on Flipkart.,Flipkart
FPRD-00500,Sneakers (Series L878),FCAT-0100,1793.59,420,Premium sneakers available on Flipkart.,Flipkart
FPRD-00501,Analog Watch (Series V727),FCAT-0101,1462.32,185,Premium analog watch available on Flipkart.,Flipkart
FPRD-00502,Sunglasses (Series U102),FCAT-0101,975.78,787,Premium sunglasses available on Flipkart.,Flipkart
FPRD-00503,Belt (Series S109),FCAT-0101,643.45,637,Premium belt available on Flipkart.,Flipkart
FPRD-00504,Sunglasses (Series F448),FCAT-0101,632.05,178,Premium sunglasses available on Flipkart.,Flipkart
FPRD-00505,Wallet (Series I210),FCAT-0101,745.06,40,Premium wallet available on Flipkart.,Flipkart
FPRD-00506,Wallet (Series N570),FCAT-0102,500.64,353,Premium wallet available on Flipkart.,Flipkart
FPRD-00507,Belt (Series N452),FCAT-0102,574.01,112,Premium belt available on Flipkart.,Flipkart
FPRD-00508,Wallet (Series C653),FCAT-0102,404.92,393,Premium wallet available on Flipkart.,Flipkart
FPRD-00509,Sunglasses (Series V778),FCAT-0102,465.69,272,Premium sunglasses available on Flipkart.,Flipkart
FPRD-00510,Sunglasses (Series H149),FCAT-0102,1092.59,271,Premium sunglasses available on Flipkart.,Flipkart
FPRD-00511,Sunglasses (Series O688),FCAT-0103,559.55,528,Premium sunglasses available on Flipkart.,Flipkart
FPRD-00512,Sunglasses (Series D240),FCAT-0103,761.58,587,Premium sunglasses available on Flipkart.,Flipkart
FPRD-00513,Analog Watch (Series R256),FCAT-0103,868.59,435,Premium analog watch available on Flipkart.,Flipkart
FPRD-00514,Sunglasses (Series R825),FCAT-0103,510.26,199,Premium sunglasses available on Flipkart.,Flipkart
FPRD-00515,Sunglasses (Series L287),FCAT-0103,628.93,195,Premium sunglasses available on Flipkart.,Flipkart
FPRD-00516,Sunglasses (Series S940),FCAT-0104,531.4,360,Premium sunglasses available on Flipkart.,Flipkart
FPRD-00517,Analog Watch (Series S103),FCAT-0104,1196.07,413,Premium analog watch available on Flipkart.,Flipkart
FPRD-00518,Analog Watch (Series U982),FCAT-0104,821.16,612,Premium analog watch available on Flipkart.,Flipkart
FPRD-00519,Analog Watch (Series Y806),FCAT-0104,594.84,127,Premium analog watch available on Flipkart.,Flipkart
FPRD-00520,Belt (Series H105),FCAT-0104,381.26,614,Premium belt available on Flipkart.,Flipkart
FPRD-00521,Analog Watch (Series J488),FCAT-0105,703.64,259,Premium analog watch available on Flipkart.,Flipkart
FPRD-00522,Wallet (Series A879),FCAT-0105,301.3,615,Premium wallet available on Flipkart.,Flipkart
FPRD-00523,Sunglasses (Series M921),FCAT-0105,788.99,282,Premium sunglasses available on Flipkart.,Flipkart
FPRD-00524,Analog Watch (Series C809),FCAT-0105,956.36,509,Premium analog watch available on Flipkart.,Flipkart
FPRD-00525,Belt (Series A664),FCAT-0105,490.25,711,Premium belt available on Flipkart.,Flipkart
FPRD-00526,Belt (Series I619),FCAT-0106,954.94,530,Premium belt available on Flipkart.,Flipkart
FPRD-00527,Sunglasses (Series F654),FCAT-0106,994.47,478,Premium sunglasses available on Flipkart.,Flipkart
FPRD-00528,Analog Watch (Series D192),FCAT-0106,452.44,158,Premium analog watch available on Flipkart.,Flipkart
FPRD-00529,Sunglasses (Series B953),FCAT-0106,465.14,678,Premium sunglasses available on Flipkart.,Flipkart
FPRD-00530,Belt (Series A257),FCAT-0106,344.28,788,Premium belt available on Flipkart.,Flipkart
FPRD-00531,Belt (Series U363),FCAT-0107,1332.51,322,Premium belt available on Flipkart.,Flipkart
FPRD-00532,Analog Watch (Series R144),FCAT-0107,1054.96,659,Premium analog watch available on Flipkart.,Flipkart
FPRD-00533,Analog Watch (Series K614),FCAT-0107,674.24,493,Premium analog watch available on Flipkart.,Flipkart
FPRD-00534,Belt (Series B391),FCAT-0107,434.38,706,Premium belt available on Flipkart.,Flipkart
FPRD-00535,Sunglasses (Series U107),FCAT-0107,1402.2,246,Premium sunglasses available on Flipkart.,Flipkart
FPRD-00536,Belt (Series K497),FCAT-0108,468.4,728,Premium belt available on Flipkart.,Flipkart
FPRD-00537,Sunglasses (Series Q243),FCAT-0108,1172.54,715,Premium sunglasses available on Flipkart.,Flipkart
FPRD-00538,Belt (Series K294),FCAT-0108,362.24,249,Premium belt available on Flipkart.,Flipkart
FPRD-00539,Belt (Series Q381),FCAT-0108,473.52,106,Premium belt available on Flipkart.,Flipkart
FPRD-00540,Belt (Series Z735),FCAT-0108,1083.07,308,Premium belt available on Flipkart.,Flipkart
FPRD-00541,Wallet (Series Q207),FCAT-0109,993.27,371,Premium wallet available on Flipkart.,Flipkart
FPRD-00542,Analog Watch (Series I718),FCAT-0109,379.93,203,Premium analog watch available on Flipkart.,Flipkart
FPRD-00543,Analog Watch (Series S139),FCAT-0109,1353.58,402,Premium analog watch available on Flipkart.,Flipkart
FPRD-00544,Sunglasses (Series L559),FCAT-0109,752.6,138,Premium sunglasses available on Flipkart.,Flipkart
FPRD-00545,Wallet (Series Z721),FCAT-0109,1026.16,585,Premium wallet available on Flipkart.,Flipkart
FPRD-00546,Analog Watch (Series F435),FCAT-0110,585.67,488,Premium analog watch available on Flipkart.,Flipkart
FPRD-00547,Analog Watch (Series R167),FCAT-0110,1245.16,277,Premium analog watch available on Flipkart.,Flipkart
FPRD-00548,Belt (Series X606),FCAT-0110,337.62,264,Premium belt available on Flipkart.,Flipkart
FPRD-00549,Belt (Series Q209),FCAT-0110,1448.08,587,Premium belt available on Flipkart.,Flipkart
FPRD-00550,Belt (Series Q771),FCAT-0110,362.7,570,Premium belt available on Flipkart.,Flipkart
FPRD-00551,Belt (Series Y764),FCAT-0111,666.74,372,Premium belt available on Flipkart.,Flipkart
FPRD-00552,Belt (Series O351),FCAT-0111,497.4,697,Premium belt available on Flipkart.,Flipkart
FPRD-00553,Analog Watch (Series D945),FCAT-0111,873.37,347,Premium analog watch available on Flipkart.,Flipkart
FPRD-00554,Belt (Series O978),FCAT-0111,1265.86,492,Premium belt available on Flipkart.,Flipkart
FPRD-00555,Analog Watch (Series G892),FCAT-0111,324.11,411,Premium analog watch available on Flipkart.,Flipkart
FPRD-00556,Belt (Series R126),FCAT-0112,1051.22,434,Premium belt available on Flipkart.,Flipkart
FPRD-00557,Belt (Series C892),FCAT-0112,476.96,45,Premium belt available on Flipkart.,Flipkart
FPRD-00558,Analog Watch (Series Z969),FCAT-0112,426.19,638,Premium analog watch available on Flipkart.,Flipkart
FPRD-00559,Belt (Series W954),FCAT-0112,1163.69,99,Premium belt available on Flipkart.,Flipkart
FPRD-00560,Wallet (Series M665),FCAT-0112,680.18,282,Premium wallet available on Flipkart.,Flipkart
FPRD-00561,Belt (Series K804),FCAT-0113,771.22,441,Premium belt available on Flipkart.,Flipkart
FPRD-00562,Belt (Series V453),FCAT-0113,1468.67,658,Premium belt available on Flipkart.,Flipkart
FPRD-00563,Wallet (Series H680),FCAT-0113,583.25,547,Premium wallet available on Flipkart.,Flipkart
FPRD-00564,Wallet (Series T868),FCAT-0113,1438.43,44,Premium wallet available on Flipkart.,Flipkart
FPRD-00565,Sunglasses (Series N601),FCAT-0113,438.31,617,Premium sunglasses available on Flipkart.,Flipkart
FPRD-00566,Wallet (Series H705),FCAT-0114,248.46,35,Premium wallet available on Flipkart.,Flipkart
FPRD-00567,Belt (Series D981),FCAT-0114,595.92,213,Premium belt available on Flipkart.,Flipkart
FPRD-00568,Belt (Series B855),FCAT-0114,1251.33,310,Premium belt available on Flipkart.,Flipkart
FPRD-00569,Belt (Series Y103),FCAT-0114,725.32,21,Premium belt available on Flipkart.,Flipkart
FPRD-00570,Belt (Series A819),FCAT-0114,906.26,14,Premium belt available on Flipkart.,Flipkart
FPRD-00571,Wallet (Series R143),FCAT-0115,798.08,262,Premium wallet available on Flipkart.,Flipkart
FPRD-00572,Sunglasses (Series G302),FCAT-0115,1043.59,662,Premium sunglasses available on Flipkart.,Flipkart
FPRD-00573,Wallet (Series M969),FCAT-0115,393.67,368,Premium wallet available on Flipkart.,Flipkart
FPRD-00574,Wallet (Series M173),FCAT-0115,676.9,408,Premium wallet available on Flipkart.,Flipkart
FPRD-00575,Analog Watch (Series R801),FCAT-0115,1210.56,545,Premium analog watch available on Flipkart.,Flipkart
FPRD-00576,Analog Watch (Series A189),FCAT-0116,1129.53,401,Premium analog watch available on Flipkart.,Flipkart
FPRD-00577,Sunglasses (Series B461),FCAT-0116,975.9,384,Premium sunglasses available on Flipkart.,Flipkart
FPRD-00578,Sunglasses (Series J182),FCAT-0116,296.92,589,Premium sunglasses available on Flipkart.,Flipkart
FPRD-00579,Belt (Series X813),FCAT-0116,1378.01,377,Premium belt available on Flipkart.,Flipkart
FPRD-00580,Wallet (Series D348),FCAT-0116,269.03,248,Premium wallet available on Flipkart.,Flipkart
FPRD-00581,Wallet (Series I811),FCAT-0117,882.04,14,Premium wallet available on Flipkart.,Flipkart
FPRD-00582,Analog Watch (Series D111),FCAT-0117,497.0,130,Premium analog watch available on Flipkart.,Flipkart
FPRD-00583,Belt (Series E806),FCAT-0117,703.19,421,Premium belt available on Flipkart.,Flipkart
FPRD-00584,Analog Watch (Series R836),FCAT-0117,1229.04,65,Premium analog watch available on Flipkart.,Flipkart
FPRD-00585,Wallet (Series I707),FCAT-0117,679.98,370,Premium wallet available on Flipkart.,Flipkart
FPRD-00586,Belt (Series D785),FCAT-0118,793.18,616,Premium belt available on Flipkart.,Flipkart
FPRD-00587,Analog Watch (Series H190),FCAT-0118,181.56,757,Premium analog watch available on Flipkart.,Flipkart
FPRD-00588,Analog Watch (Series K848),FCAT-0118,163.51,44,Premium analog watch available on Flipkart.,Flipkart
FPRD-00589,Sunglasses (Series U110),FCAT-0118,1435.07,12,Premium sunglasses available on Flipkart.,Flipkart
FPRD-00590,Analog Watch (Series N393),FCAT-0118,1463.28,261,Premium analog watch available on Flipkart.,Flipkart
FPRD-00591,Analog Watch (Series H343),FCAT-0119,1349.03,506,Premium analog watch available on Flipkart.,Flipkart
FPRD-00592,Sunglasses (Series P165),FCAT-0119,569.81,24,Premium sunglasses available on Flipkart.,Flipkart
FPRD-00593,Wallet (Series P167),FCAT-0119,882.05,550,Premium wallet available on Flipkart.,Flipkart
FPRD-00594,Belt (Series P608),FCAT-0119,157.96,533,Premium belt available on Flipkart.,Flipkart
FPRD-00595,Sunglasses (Series P354),FCAT-0119,306.46,33,Premium sunglasses available on Flipkart.,Flipkart
FPRD-00596,Belt (Series H446),FCAT-0120,1007.02,94,Premium belt available on Flipkart.,Flipkart
FPRD-00597,Wallet (Series U534),FCAT-0120,768.66,575,Premium wallet available on Flipkart.,Flipkart
FPRD-00598,Analog Watch (Series P728),FCAT-0120,605.97,242,Premium analog watch available on Flipkart.,Flipkart
FPRD-00599,Belt (Series T315),FCAT-0120,746.25,259,Premium belt available on Flipkart.,Flipkart
FPRD-00600,Sunglasses (Series Z778),FCAT-0120,640.24,212,Premium sunglasses available on Flipkart.,Flipkart
FPRD-00601,Sunglasses (Series J459),FCAT-0121,583.78,555,Premium sunglasses available on Flipkart.,Flipkart
FPRD-00602,Belt (Series U473),FCAT-0121,792.08,716,Premium belt available on Flipkart.,Flipkart
FPRD-00603,Analog Watch (Series F820),FCAT-0121,1082.66,210,Premium analog watch available on Flipkart.,Flipkart
FPRD-00604,Wallet (Series J692),FCAT-0121,904.72,389,Premium wallet available on Flipkart.,Flipkart
FPRD-00605,Wallet (Series W356),FCAT-0121,370.18,320,Premium wallet available on Flipkart.,Flipkart
FPRD-00606,Belt (Series O752),FCAT-0122,602.52,753,Premium belt available on Flipkart.,Flipkart
FPRD-00607,Wallet (Series O343),FCAT-0122,625.24,748,Premium wallet available on Flipkart.,Flipkart
FPRD-00608,Wallet (Series C110),FCAT-0122,1348.02,203,Premium wallet available on Flipkart.,Flipkart
FPRD-00609,Sunglasses (Series F143),FCAT-0122,1456.84,294,Premium sunglasses available on Flipkart.,Flipkart
FPRD-00610,Analog Watch (Series K899),FCAT-0122,172.06,337,Premium analog watch available on Flipkart.,Flipkart
FPRD-00611,Analog Watch (Series X136),FCAT-0123,883.3,221,Premium analog watch available on Flipkart.,Flipkart
FPRD-00612,Sunglasses (Series Z731),FCAT-0123,473.73,619,Premium sunglasses available on Flipkart.,Flipkart
FPRD-00613,Wallet (Series Z904),FCAT-0123,920.54,482,Premium wallet available on Flipkart.,Flipkart
FPRD-00614,Sunglasses (Series M538),FCAT-0123,664.42,440,Premium sunglasses available on Flipkart.,Flipkart
FPRD-00615,Sunglasses (Series G142),FCAT-0123,1430.45,482,Premium sunglasses available on Flipkart.,Flipkart
FPRD-00616,Belt (Series X198),FCAT-0124,582.68,194,Premium belt available on Flipkart.,Flipkart
FPRD-00617,Sunglasses (Series K624),FCAT-0124,1055.83,434,Premium sunglasses available on Flipkart.,Flipkart
FPRD-00618,Analog Watch (Series I741),FCAT-0124,1345.34,419,Premium analog watch available on Flipkart.,Flipkart
FPRD-00619,Analog Watch (Series T541),FCAT-0124,169.41,469,Premium analog watch available on Flipkart.,Flipkart
FPRD-00620,Wallet (Series B427),FCAT-0124,484.54,270,Premium wallet available on Flipkart.,Flipkart
FPRD-00621,Sunglasses (Series R474),FCAT-0125,1146.72,528,Premium sunglasses available on Flipkart.,Flipkart
FPRD-00622,Sunglasses (Series B659),FCAT-0125,764.99,319,Premium sunglasses available on Flipkart.,Flipkart
FPRD-00623,Sunglasses (Series Y165),FCAT-0125,203.62,27,Premium sunglasses available on Flipkart.,Flipkart
FPRD-00624,Sunglasses (Series Q583),FCAT-0125,196.77,418,Premium sunglasses available on Flipkart.,Flipkart
FPRD-00625,Sunglasses (Series T287),FCAT-0125,1366.66,423,Premium sunglasses available on Flipkart.,Flipkart
FPRD-00626,Sunglasses (Series R763),FCAT-0126,590.07,36,Premium sunglasses available on Flipkart.,Flipkart
FPRD-00627,Belt (Series H706),FCAT-0126,766.71,800,Premium belt available on Flipkart.,Flipkart
FPRD-00628,Sunglasses (Series O777),FCAT-0126,840.52,66,Premium sunglasses available on Flipkart.,Flipkart
FPRD-00629,Sunglasses (Series S999),FCAT-0126,1007.8,576,Premium sunglasses available on Flipkart.,Flipkart
FPRD-00630,Sunglasses (Series P683),FCAT-0126,324.32,662,Premium sunglasses available on Flipkart.,Flipkart
FPRD-00631,Wallet (Series A975),FCAT-0127,1089.23,220,Premium wallet available on Flipkart.,Flipkart
FPRD-00632,Sunglasses (Series X812),FCAT-0127,948.39,364,Premium sunglasses available on Flipkart.,Flipkart
FPRD-00633,Sunglasses (Series J588),FCAT-0127,1171.32,134,Premium sunglasses available on Flipkart.,Flipkart
FPRD-00634,Sunglasses (Series Y184),FCAT-0127,1152.01,394,Premium sunglasses available on Flipkart.,Flipkart
FPRD-00635,Belt (Series Z603),FCAT-0127,721.26,720,Premium belt available on Flipkart.,Flipkart
FPRD-00636,Analog Watch (Series J691),FCAT-0128,638.61,590,Premium analog watch available on Flipkart.,Flipkart
FPRD-00637,Analog Watch (Series W341),FCAT-0128,1095.75,19,Premium analog watch available on Flipkart.,Flipkart
FPRD-00638,Sunglasses (Series F454),FCAT-0128,1184.82,223,Premium sunglasses available on Flipkart.,Flipkart
FPRD-00639,Belt (Series T806),FCAT-0128,1357.43,72,Premium belt available on Flipkart.,Flipkart
FPRD-00640,Wallet (Series T274),FCAT-0128,1291.41,392,Premium wallet available on Flipkart.,Flipkart
FPRD-00641,Wallet (Series D603),FCAT-0129,1099.07,551,Premium wallet available on Flipkart.,Flipkart
FPRD-00642,Analog Watch (Series W508),FCAT-0129,674.16,250,Premium analog watch available on Flipkart.,Flipkart
FPRD-00643,Sunglasses (Series X187),FCAT-0129,951.18,527,Premium sunglasses available on Flipkart.,Flipkart
FPRD-00644,Wallet (Series C949),FCAT-0129,840.26,206,Premium wallet available on Flipkart.,Flipkart
FPRD-00645,Belt (Series I868),FCAT-0129,1344.9,178,Premium belt available on Flipkart.,Flipkart
FPRD-00646,Belt (Series F781),FCAT-0130,941.74,625,Premium belt available on Flipkart.,Flipkart
FPRD-00647,Wallet (Series F317),FCAT-0130,1054.15,167,Premium wallet available on Flipkart.,Flipkart
FPRD-00648,Sunglasses (Series P532),FCAT-0130,173.78,290,Premium sunglasses available on Flipkart.,Flipkart
FPRD-00649,Sunglasses (Series X678),FCAT-0130,1279.43,249,Premium sunglasses available on Flipkart.,Flipkart
FPRD-00650,Sunglasses (Series Z447),FCAT-0130,718.72,159,Premium sunglasses available on Flipkart.,Flipkart
FPRD-00651,Analog Watch (Series C505),FCAT-0131,710.45,374,Premium analog watch available on Flipkart.,Flipkart
FPRD-00652,Belt (Series N758),FCAT-0131,320.72,331,Premium belt available on Flipkart.,Flipkart
FPRD-00653,Sunglasses (Series Q665),FCAT-0131,1083.78,136,Premium sunglasses available on Flipkart.,Flipkart
FPRD-00654,Wallet (Series G313),FCAT-0131,208.76,342,Premium wallet available on Flipkart.,Flipkart
FPRD-00655,Wallet (Series T321),FCAT-0131,170.12,479,Premium wallet available on Flipkart.,Flipkart
FPRD-00656,Wallet (Series R320),FCAT-0132,634.31,318,Premium wallet available on Flipkart.,Flipkart
FPRD-00657,Sunglasses (Series H179),FCAT-0132,1439.4,233,Premium sunglasses available on Flipkart.,Flipkart
FPRD-00658,Analog Watch (Series I676),FCAT-0132,1427.7,24,Premium analog watch available on Flipkart.,Flipkart
FPRD-00659,Belt (Series J142),FCAT-0132,258.22,451,Premium belt available on Flipkart.,Flipkart
FPRD-00660,Sunglasses (Series H333),FCAT-0132,249.93,641,Premium sunglasses available on Flipkart.,Flipkart
FPRD-00661,Sunglasses (Series K461),FCAT-0133,1435.82,681,Premium sunglasses available on Flipkart.,Flipkart
FPRD-00662,Sunglasses (Series T997),FCAT-0133,821.04,565,Premium sunglasses available on Flipkart.,Flipkart
FPRD-00663,Analog Watch (Series W885),FCAT-0133,768.04,447,Premium analog watch available on Flipkart.,Flipkart
FPRD-00664,Analog Watch (Series R628),FCAT-0133,1317.02,639,Premium analog watch available on Flipkart.,Flipkart
FPRD-00665,Wallet (Series Q586),FCAT-0133,584.38,257,Premium wallet available on Flipkart.,Flipkart
FPRD-00666,Sunglasses (Series Y838),FCAT-0134,455.36,187,Premium sunglasses available on Flipkart.,Flipkart
FPRD-00667,Analog Watch (Series N773),FCAT-0134,169.85,177,Premium analog watch available on Flipkart.,Flipkart
FPRD-00668,Analog Watch (Series I459),FCAT-0134,1218.04,554,Premium analog watch available on Flipkart.,Flipkart
FPRD-00669,Wallet (Series L554),FCAT-0134,632.94,138,Premium wallet available on Flipkart.,Flipkart
FPRD-00670,Analog Watch (Series O474),FCAT-0134,1413.24,568,Premium analog watch available on Flipkart.,Flipkart
FPRD-00671,Belt (Series U625),FCAT-0135,1182.28,550,Premium belt available on Flipkart.,Flipkart
FPRD-00672,Belt (Series G801),FCAT-0135,832.57,797,Premium belt available on Flipkart.,Flipkart
FPRD-00673,Sunglasses (Series X800),FCAT-0135,330.09,650,Premium sunglasses available on Flipkart.,Flipkart
FPRD-00674,Wallet (Series M440),FCAT-0135,1185.13,338,Premium wallet available on Flipkart.,Flipkart
FPRD-00675,Analog Watch (Series C325),FCAT-0135,1108.33,259,Premium analog watch available on Flipkart.,Flipkart
FPRD-00676,Analog Watch (Series D252),FCAT-0136,710.21,184,Premium analog watch available on Flipkart.,Flipkart
FPRD-00677,Analog Watch (Series M571),FCAT-0136,337.51,483,Premium analog watch available on Flipkart.,Flipkart
FPRD-00678,Analog Watch (Series T940),FCAT-0136,399.97,215,Premium analog watch available on Flipkart.,Flipkart
FPRD-00679,Analog Watch (Series J449),FCAT-0136,656.32,523,Premium analog watch available on Flipkart.,Flipkart
FPRD-00680,Belt (Series K987),FCAT-0136,750.75,140,Premium belt available on Flipkart.,Flipkart
FPRD-00681,Analog Watch (Series B405),FCAT-0137,420.41,412,Premium analog watch available on Flipkart.,Flipkart
FPRD-00682,Sunglasses (Series R654),FCAT-0137,1385.25,115,Premium sunglasses available on Flipkart.,Flipkart
FPRD-00683,Belt (Series A548),FCAT-0137,984.58,353,Premium belt available on Flipkart.,Flipkart
FPRD-00684,Wallet (Series C206),FCAT-0137,945.9,538,Premium wallet available on Flipkart.,Flipkart
FPRD-00685,Sunglasses (Series O577),FCAT-0137,757.43,770,Premium sunglasses available on Flipkart.,Flipkart
FPRD-00686,Sunglasses (Series C303),FCAT-0138,1124.08,176,Premium sunglasses available on Flipkart.,Flipkart
FPRD-00687,Sunglasses (Series E128),FCAT-0138,635.17,365,Premium sunglasses available on Flipkart.,Flipkart
FPRD-00688,Wallet (Series G355),FCAT-0138,682.61,668,Premium wallet available on Flipkart.,Flipkart
FPRD-00689,Belt (Series T638),FCAT-0138,795.17,456,Premium belt available on Flipkart.,Flipkart
FPRD-00690,Belt (Series B685),FCAT-0138,225.25,20,Premium belt available on Flipkart.,Flipkart
FPRD-00691,Belt (Series L394),FCAT-0139,702.67,341,Premium belt available on Flipkart.,Flipkart
FPRD-00692,Wallet (Series G878),FCAT-0139,252.38,464,Premium wallet available on Flipkart.,Flipkart
FPRD-00693,Sunglasses (Series C659),FCAT-0139,432.26,94,Premium sunglasses available on Flipkart.,Flipkart
FPRD-00694,Belt (Series R789),FCAT-0139,728.17,752,Premium belt available on Flipkart.,Flipkart
FPRD-00695,Wallet (Series D750),FCAT-0139,342.96,689,Premium wallet available on Flipkart.,Flipkart
FPRD-00696,Analog Watch (Series S582),FCAT-0140,548.47,231,Premium analog watch available on Flipkart.,Flipkart
FPRD-00697,Wallet (Series L894),FCAT-0140,477.46,715,Premium wallet available on Flipkart.,Flipkart
FPRD-00698,Wallet (Series C597),FCAT-0140,254.28,302,Premium wallet available on Flipkart.,Flipkart
FPRD-00699,Belt (Series F204),FCAT-0140,642.7,349,Premium belt available on Flipkart.,Flipkart
FPRD-00700,Analog Watch (Series C725),FCAT-0140,680.86,343,Premium analog watch available on Flipkart.,Flipkart
FPRD-00701,Wallet (Series Z749),FCAT-0141,478.85,569,Premium wallet available on Flipkart.,Flipkart
FPRD-00702,Analog Watch (Series S228),FCAT-0141,468.89,561,Premium analog watch available on Flipkart.,Flipkart
FPRD-00703,Wallet (Series Z932),FCAT-0141,628.51,446,Premium wallet available on Flipkart.,Flipkart
FPRD-00704,Analog Watch (Series K638),FCAT-0141,992.94,502,Premium analog watch available on Flipkart.,Flipkart
FPRD-00705,Belt (Series J372),FCAT-0141,650.38,700,Premium belt available on Flipkart.,Flipkart
FPRD-00706,Analog Watch (Series P194),FCAT-0142,980.13,144,Premium analog watch available on Flipkart.,Flipkart
FPRD-00707,Sunglasses (Series J318),FCAT-0142,428.07,642,Premium sunglasses available on Flipkart.,Flipkart
FPRD-00708,Sunglasses (Series B857),FCAT-0142,570.08,44,Premium sunglasses available on Flipkart.,Flipkart
FPRD-00709,Analog Watch (Series U136),FCAT-0142,826.2,692,Premium analog watch available on Flipkart.,Flipkart
FPRD-00710,Sunglasses (Series O486),FCAT-0142,1332.05,374,Premium sunglasses available on Flipkart.,Flipkart
FPRD-00711,Belt (Series Q436),FCAT-0143,845.62,524,Premium belt available on Flipkart.,Flipkart
FPRD-00712,Belt (Series A441),FCAT-0143,625.93,430,Premium belt available on Flipkart.,Flipkart
FPRD-00713,Analog Watch (Series P556),FCAT-0143,1424.69,499,Premium analog watch available on Flipkart.,Flipkart
FPRD-00714,Belt (Series B176),FCAT-0143,1232.65,88,Premium belt available on Flipkart.,Flipkart
FPRD-00715,Belt (Series O331),FCAT-0143,975.91,766,Premium belt available on Flipkart.,Flipkart
FPRD-00716,Belt (Series E768),FCAT-0144,341.72,455,Premium belt available on Flipkart.,Flipkart
FPRD-00717,Analog Watch (Series P162),FCAT-0144,828.43,472,Premium analog watch available on Flipkart.,Flipkart
FPRD-00718,Belt (Series Q294),FCAT-0144,412.45,143,Premium belt available on Flipkart.,Flipkart
FPRD-00719,Belt (Series S734),FCAT-0144,489.25,165,Premium belt available on Flipkart.,Flipkart
FPRD-00720,Sunglasses (Series O532),FCAT-0144,1002.11,350,Premium sunglasses available on Flipkart.,Flipkart
FPRD-00721,Analog Watch (Series B662),FCAT-0145,909.86,270,Premium analog watch available on Flipkart.,Flipkart
FPRD-00722,Analog Watch (Series F417),FCAT-0145,685.34,85,Premium analog watch available on Flipkart.,Flipkart
FPRD-00723,Wallet (Series O203),FCAT-0145,683.69,518,Premium wallet available on Flipkart.,Flipkart
FPRD-00724,Analog Watch (Series F647),FCAT-0145,1114.04,382,Premium analog watch available on Flipkart.,Flipkart
FPRD-00725,Wallet (Series S251),FCAT-0145,1451.93,542,Premium wallet available on Flipkart.,Flipkart
FPRD-00726,Analog Watch (Series G158),FCAT-0146,1331.45,699,Premium analog watch available on Flipkart.,Flipkart
FPRD-00727,Analog Watch (Series N186),FCAT-0146,977.98,121,Premium analog watch available on Flipkart.,Flipkart
FPRD-00728,Belt (Series X346),FCAT-0146,758.42,259,Premium belt available on Flipkart.,Flipkart
FPRD-00729,Sunglasses (Series J972),FCAT-0146,1256.57,43,Premium sunglasses available on Flipkart.,Flipkart
FPRD-00730,Wallet (Series C928),FCAT-0146,1333.8,328,Premium wallet available on Flipkart.,Flipkart
FPRD-00731,Belt (Series L738),FCAT-0147,555.6,683,Premium belt available on Flipkart.,Flipkart
FPRD-00732,Belt (Series G871),FCAT-0147,234.94,563,Premium belt available on Flipkart.,Flipkart
FPRD-00733,Sunglasses (Series S388),FCAT-0147,443.09,355,Premium sunglasses available on Flipkart.,Flipkart
FPRD-00734,Belt (Series C536),FCAT-0147,400.02,338,Premium belt available on Flipkart.,Flipkart
FPRD-00735,Analog Watch (Series P626),FCAT-0147,1410.03,399,Premium analog watch available on Flipkart.,Flipkart
FPRD-00736,Belt (Series G393),FCAT-0148,756.54,485,Premium belt available on Flipkart.,Flipkart
FPRD-00737,Sunglasses (Series K367),FCAT-0148,1330.06,464,Premium sunglasses available on Flipkart.,Flipkart
FPRD-00738,Analog Watch (Series T632),FCAT-0148,650.85,521,Premium analog watch available on Flipkart.,Flipkart
FPRD-00739,Wallet (Series P199),FCAT-0148,1053.4,700,Premium wallet available on Flipkart.,Flipkart
FPRD-00740,Analog Watch (Series Q253),FCAT-0148,404.37,246,Premium analog watch available on Flipkart.,Flipkart
FPRD-00741,Analog Watch (Series D338),FCAT-0149,886.77,497,Premium analog watch available on Flipkart.,Flipkart
FPRD-00742,Wallet (Series K912),FCAT-0149,659.8,133,Premium wallet available on Flipkart.,Flipkart
FPRD-00743,Belt (Series D829),FCAT-0149,604.35,338,Premium belt available on Flipkart.,Flipkart
FPRD-00744,Sunglasses (Series K858),FCAT-0149,980.72,334,Premium sunglasses available on Flipkart.,Flipkart
FPRD-00745,Belt (Series Q631),FCAT-0149,1142.11,532,Premium belt available on Flipkart.,Flipkart
FPRD-00746,Belt (Series Q430),FCAT-0150,985.15,780,Premium belt available on Flipkart.,Flipkart
FPRD-00747,Analog Watch (Series R484),FCAT-0150,1443.74,102,Premium analog watch available on Flipkart.,Flipkart
FPRD-00748,Wallet (Series G774),FCAT-0150,1260.79,225,Premium wallet available on Flipkart.,Flipkart
FPRD-00749,Belt (Series T738),FCAT-0150,394.26,590,Premium belt available on Flipkart.,Flipkart
FPRD-00750,Wallet (Series C540),FCAT-0150,156.79,127,Premium wallet available on Flipkart.,Flipkart
FPRD-00751,Sofa Cover (Series L416),FCAT-0151,14274.42,770,Premium sofa cover available on Flipkart.,Flipkart
FPRD-00752,Water Purifier (Series F549),FCAT-0151,19010.32,503,Premium water purifier available on Flipkart.,Flipkart
FPRD-00753,Blender (Series L151),FCAT-0151,6895.53,645,Premium blender available on Flipkart.,Flipkart
FPRD-00754,Water Purifier (Series H383),FCAT-0151,19021.88,36,Premium water purifier available on Flipkart.,Flipkart
FPRD-00755,Bedsheet (Series V431),FCAT-0151,13610.7,677,Premium bedsheet available on Flipkart.,Flipkart
FPRD-00756,Office Chair (Series U175),FCAT-0152,11710.04,549,Premium office chair available on Flipkart.,Flipkart
FPRD-00757,Blender (Series K570),FCAT-0152,4352.16,757,Premium blender available on Flipkart.,Flipkart
FPRD-00758,Bedsheet (Series A752),FCAT-0152,10186.35,461,Premium bedsheet available on Flipkart.,Flipkart
FPRD-00759,Office Chair (Series F344),FCAT-0152,10062.97,299,Premium office chair available on Flipkart.,Flipkart
FPRD-00760,Office Chair (Series Q489),FCAT-0152,4761.59,397,Premium office chair available on Flipkart.,Flipkart
FPRD-00761,Sofa Cover (Series H980),FCAT-0153,12847.94,276,Premium sofa cover available on Flipkart.,Flipkart
FPRD-00762,Office Chair (Series L255),FCAT-0153,2588.03,777,Premium office chair available on Flipkart.,Flipkart
FPRD-00763,Sofa Cover (Series Q268),FCAT-0153,3434.83,575,Premium sofa cover available on Flipkart.,Flipkart
FPRD-00764,Sofa Cover (Series X654),FCAT-0153,16301.6,129,Premium sofa cover available on Flipkart.,Flipkart
FPRD-00765,Water Purifier (Series T333),FCAT-0153,3440.15,393,Premium water purifier available on Flipkart.,Flipkart
FPRD-00766,Office Chair (Series R415),FCAT-0154,13249.77,84,Premium office chair available on Flipkart.,Flipkart
FPRD-00767,Sofa Cover (Series X287),FCAT-0154,3580.26,129,Premium sofa cover available on Flipkart.,Flipkart
FPRD-00768,Sofa Cover (Series U642),FCAT-0154,8043.64,586,Premium sofa cover available on Flipkart.,Flipkart
FPRD-00769,Sofa Cover (Series M509),FCAT-0154,18229.3,299,Premium sofa cover available on Flipkart.,Flipkart
FPRD-00770,Office Chair (Series I618),FCAT-0154,13965.8,520,Premium office chair available on Flipkart.,Flipkart
FPRD-00771,Water Purifier (Series S900),FCAT-0155,7354.95,738,Premium water purifier available on Flipkart.,Flipkart
FPRD-00772,Sofa Cover (Series Z946),FCAT-0155,3665.27,323,Premium sofa cover available on Flipkart.,Flipkart
FPRD-00773,Bedsheet (Series A706),FCAT-0155,5874.05,28,Premium bedsheet available on Flipkart.,Flipkart
FPRD-00774,Bedsheet (Series V852),FCAT-0155,3156.49,150,Premium bedsheet available on Flipkart.,Flipkart
FPRD-00775,Water Purifier (Series K475),FCAT-0155,7682.66,287,Premium water purifier available on Flipkart.,Flipkart
FPRD-00776,Sofa Cover (Series F858),FCAT-0156,4548.59,582,Premium sofa cover available on Flipkart.,Flipkart
FPRD-00777,Sofa Cover (Series O212),FCAT-0156,6818.28,539,Premium sofa cover available on Flipkart.,Flipkart
FPRD-00778,Water Purifier (Series L245),FCAT-0156,4438.27,98,Premium water purifier available on Flipkart.,Flipkart
FPRD-00779,Water Purifier (Series O878),FCAT-0156,1702.77,620,Premium water purifier available on Flipkart.,Flipkart
FPRD-00780,Blender (Series O837),FCAT-0156,3021.74,92,Premium blender available on Flipkart.,Flipkart
FPRD-00781,Sofa Cover (Series J152),FCAT-0157,7048.98,294,Premium sofa cover available on Flipkart.,Flipkart
FPRD-00782,Water Purifier (Series Z433),FCAT-0157,18353.84,684,Premium water purifier available on Flipkart.,Flipkart
FPRD-00783,Blender (Series I447),FCAT-0157,15444.97,771,Premium blender available on Flipkart.,Flipkart
FPRD-00784,Blender (Series K207),FCAT-0157,17176.13,660,Premium blender available on Flipkart.,Flipkart
FPRD-00785,Blender (Series D861),FCAT-0157,14616.06,432,Premium blender available on Flipkart.,Flipkart
FPRD-00786,Bedsheet (Series C440),FCAT-0158,18247.23,74,Premium bedsheet available on Flipkart.,Flipkart
FPRD-00787,Water Purifier (Series Y765),FCAT-0158,16812.81,769,Premium water purifier available on Flipkart.,Flipkart
FPRD-00788,Bedsheet (Series T885),FCAT-0158,18056.49,667,Premium bedsheet available on Flipkart.,Flipkart
FPRD-00789,Blender (Series A506),FCAT-0158,12242.13,551,Premium blender available on Flipkart.,Flipkart
FPRD-00790,Water Purifier (Series S468),FCAT-0158,4962.16,353,Premium water purifier available on Flipkart.,Flipkart
FPRD-00791,Blender (Series H395),FCAT-0159,5575.55,171,Premium blender available on Flipkart.,Flipkart
FPRD-00792,Bedsheet (Series Y574),FCAT-0159,1820.14,39,Premium bedsheet available on Flipkart.,Flipkart
FPRD-00793,Sofa Cover (Series A759),FCAT-0159,1967.91,111,Premium sofa cover available on Flipkart.,Flipkart
FPRD-00794,Office Chair (Series Y721),FCAT-0159,3495.53,131,Premium office chair available on Flipkart.,Flipkart
FPRD-00795,Water Purifier (Series U411),FCAT-0159,2198.98,288,Premium water purifier available on Flipkart.,Flipkart
FPRD-00796,Blender (Series T821),FCAT-0160,17664.11,613,Premium blender available on Flipkart.,Flipkart
FPRD-00797,Blender (Series V429),FCAT-0160,7176.58,493,Premium blender available on Flipkart.,Flipkart
FPRD-00798,Water Purifier (Series S403),FCAT-0160,1838.98,257,Premium water purifier available on Flipkart.,Flipkart
FPRD-00799,Blender (Series G342),FCAT-0160,6612.46,315,Premium blender available on Flipkart.,Flipkart
FPRD-00800,Blender (Series Q183),FCAT-0160,10342.51,117,Premium blender available on Flipkart.,Flipkart
FPRD-00801,Office Chair (Series S586),FCAT-0161,14164.85,171,Premium office chair available on Flipkart.,Flipkart
FPRD-00802,Office Chair (Series W814),FCAT-0161,4852.57,719,Premium office chair available on Flipkart.,Flipkart
FPRD-00803,Water Purifier (Series F930),FCAT-0161,1572.31,232,Premium water purifier available on Flipkart.,Flipkart
FPRD-00804,Water Purifier (Series Q343),FCAT-0161,6653.74,712,Premium water purifier available on Flipkart.,Flipkart
FPRD-00805,Water Purifier (Series R246),FCAT-0161,17281.7,609,Premium water purifier available on Flipkart.,Flipkart
FPRD-00806,Water Purifier (Series U886),FCAT-0162,4310.43,635,Premium water purifier available on Flipkart.,Flipkart
FPRD-00807,Water Purifier (Series X179),FCAT-0162,18617.71,150,Premium water purifier available on Flipkart.,Flipkart
FPRD-00808,Sofa Cover (Series A291),FCAT-0162,16657.83,53,Premium sofa cover available on Flipkart.,Flipkart
FPRD-00809,Water Purifier (Series W904),FCAT-0162,15775.5,102,Premium water purifier available on Flipkart.,Flipkart
FPRD-00810,Water Purifier (Series C872),FCAT-0162,6927.48,457,Premium water purifier available on Flipkart.,Flipkart
FPRD-00811,Water Purifier (Series K509),FCAT-0163,7054.68,784,Premium water purifier available on Flipkart.,Flipkart
FPRD-00812,Office Chair (Series I934),FCAT-0163,2099.8,283,Premium office chair available on Flipkart.,Flipkart
FPRD-00813,Bedsheet (Series O627),FCAT-0163,10752.28,648,Premium bedsheet available on Flipkart.,Flipkart
FPRD-00814,Bedsheet (Series B245),FCAT-0163,7220.35,77,Premium bedsheet available on Flipkart.,Flipkart
FPRD-00815,Bedsheet (Series A502),FCAT-0163,1634.66,708,Premium bedsheet available on Flipkart.,Flipkart
FPRD-00816,Water Purifier (Series M761),FCAT-0164,3054.43,218,Premium water purifier available on Flipkart.,Flipkart
FPRD-00817,Sofa Cover (Series D965),FCAT-0164,4584.41,159,Premium sofa cover available on Flipkart.,Flipkart
FPRD-00818,Blender (Series U458),FCAT-0164,6794.12,451,Premium blender available on Flipkart.,Flipkart
FPRD-00819,Blender (Series Y184),FCAT-0164,4065.91,587,Premium blender available on Flipkart.,Flipkart
FPRD-00820,Blender (Series Q127),FCAT-0164,11744.58,242,Premium blender available on Flipkart.,Flipkart
FPRD-00821,Office Chair (Series L391),FCAT-0165,13970.09,607,Premium office chair available on Flipkart.,Flipkart
FPRD-00822,Sofa Cover (Series G932),FCAT-0165,8286.8,777,Premium sofa cover available on Flipkart.,Flipkart
FPRD-00823,Office Chair (Series S894),FCAT-0165,15675.36,54,Premium office chair available on Flipkart.,Flipkart
FPRD-00824,Sofa Cover (Series B525),FCAT-0165,11296.36,271,Premium sofa cover available on Flipkart.,Flipkart
FPRD-00825,Sofa Cover (Series F945),FCAT-0165,12164.25,603,Premium sofa cover available on Flipkart.,Flipkart
FPRD-00826,Sofa Cover (Series L736),FCAT-0166,8033.09,124,Premium sofa cover available on Flipkart.,Flipkart
FPRD-00827,Water Purifier (Series D510),FCAT-0166,3039.45,521,Premium water purifier available on Flipkart.,Flipkart
FPRD-00828,Sofa Cover (Series A508),FCAT-0166,1755.44,100,Premium sofa cover available on Flipkart.,Flipkart
FPRD-00829,Water Purifier (Series K895),FCAT-0166,18418.6,562,Premium water purifier available on Flipkart.,Flipkart
FPRD-00830,Blender (Series Y813),FCAT-0166,10423.74,17,Premium blender available on Flipkart.,Flipkart
FPRD-00831,Water Purifier (Series L794),FCAT-0167,5461.07,660,Premium water purifier available on Flipkart.,Flipkart
FPRD-00832,Office Chair (Series E378),FCAT-0167,5060.23,461,Premium office chair available on Flipkart.,Flipkart
FPRD-00833,Bedsheet (Series O918),FCAT-0167,17413.84,641,Premium bedsheet available on Flipkart.,Flipkart
FPRD-00834,Blender (Series O241),FCAT-0167,11955.73,89,Premium blender available on Flipkart.,Flipkart
FPRD-00835,Office Chair (Series P564),FCAT-0167,19971.73,114,Premium office chair available on Flipkart.,Flipkart
FPRD-00836,Office Chair (Series B277),FCAT-0168,9447.99,253,Premium office chair available on Flipkart.,Flipkart
FPRD-00837,Water Purifier (Series N577),FCAT-0168,19128.53,282,Premium water purifier available on Flipkart.,Flipkart
FPRD-00838,Office Chair (Series I293),FCAT-0168,1243.29,280,Premium office chair available on Flipkart.,Flipkart
FPRD-00839,Sofa Cover (Series F546),FCAT-0168,10024.69,558,Premium sofa cover available on Flipkart.,Flipkart
FPRD-00840,Blender (Series A470),FCAT-0168,7670.39,412,Premium blender available on Flipkart.,Flipkart
FPRD-00841,Bedsheet (Series F512),FCAT-0169,14553.79,589,Premium bedsheet available on Flipkart.,Flipkart
FPRD-00842,Office Chair (Series G594),FCAT-0169,11719.95,160,Premium office chair available on Flipkart.,Flipkart
FPRD-00843,Water Purifier (Series N389),FCAT-0169,15006.6,472,Premium water purifier available on Flipkart.,Flipkart
FPRD-00844,Blender (Series P770),FCAT-0169,4564.29,316,Premium blender available on Flipkart.,Flipkart
FPRD-00845,Sofa Cover (Series Y701),FCAT-0169,18181.6,625,Premium sofa cover available on Flipkart.,Flipkart
FPRD-00846,Blender (Series E338),FCAT-0170,12013.9,208,Premium blender available on Flipkart.,Flipkart
FPRD-00847,Office Chair (Series W622),FCAT-0170,8192.32,19,Premium office chair available on Flipkart.,Flipkart
FPRD-00848,Water Purifier (Series V627),FCAT-0170,6738.76,477,Premium water purifier available on Flipkart.,Flipkart
FPRD-00849,Bedsheet (Series P353),FCAT-0170,14486.61,103,Premium bedsheet available on Flipkart.,Flipkart
FPRD-00850,Blender (Series D428),FCAT-0170,13019.39,467,Premium blender available on Flipkart.,Flipkart
FPRD-00851,Blender (Series Y556),FCAT-0171,10973.78,719,Premium blender available on Flipkart.,Flipkart
FPRD-00852,Sofa Cover (Series L500),FCAT-0171,9999.91,302,Premium sofa cover available on Flipkart.,Flipkart
FPRD-00853,Sofa Cover (Series O367),FCAT-0171,14350.4,726,Premium sofa cover available on Flipkart.,Flipkart
FPRD-00854,Blender (Series U702),FCAT-0171,14208.79,642,Premium blender available on Flipkart.,Flipkart
FPRD-00855,Water Purifier (Series J841),FCAT-0171,1392.21,374,Premium water purifier available on Flipkart.,Flipkart
FPRD-00856,Sofa Cover (Series M638),FCAT-0172,4209.38,25,Premium sofa cover available on Flipkart.,Flipkart
FPRD-00857,Office Chair (Series O591),FCAT-0172,14520.29,254,Premium office chair available on Flipkart.,Flipkart
FPRD-00858,Office Chair (Series P516),FCAT-0172,4601.57,302,Premium office chair available on Flipkart.,Flipkart
FPRD-00859,Water Purifier (Series T226),FCAT-0172,3195.17,74,Premium water purifier available on Flipkart.,Flipkart
FPRD-00860,Blender (Series G496),FCAT-0172,4563.85,493,Premium blender available on Flipkart.,Flipkart
FPRD-00861,Water Purifier (Series O296),FCAT-0173,14136.43,31,Premium water purifier available on Flipkart.,Flipkart
FPRD-00862,Blender (Series G922),FCAT-0173,16444.1,699,Premium blender available on Flipkart.,Flipkart
FPRD-00863,Blender (Series U556),FCAT-0173,10880.26,609,Premium blender available on Flipkart.,Flipkart
FPRD-00864,Blender (Series O805),FCAT-0173,2983.13,32,Premium blender available on Flipkart.,Flipkart
FPRD-00865,Blender (Series L983),FCAT-0173,9089.73,343,Premium blender available on Flipkart.,Flipkart
FPRD-00866,Bedsheet (Series Z649),FCAT-0174,6112.73,181,Premium bedsheet available on Flipkart.,Flipkart
FPRD-00867,Blender (Series V947),FCAT-0174,1911.04,408,Premium blender available on Flipkart.,Flipkart
FPRD-00868,Bedsheet (Series T955),FCAT-0174,17607.41,515,Premium bedsheet available on Flipkart.,Flipkart
FPRD-00869,Blender (Series Y299),FCAT-0174,16391.59,655,Premium blender available on Flipkart.,Flipkart
FPRD-00870,Sofa Cover (Series D477),FCAT-0174,2608.83,156,Premium sofa cover available on Flipkart.,Flipkart
FPRD-00871,Sofa Cover (Series G734),FCAT-0175,4215.9,70,Premium sofa cover available on Flipkart.,Flipkart
FPRD-00872,Water Purifier (Series Z225),FCAT-0175,12680.06,263,Premium water purifier available on Flipkart.,Flipkart
FPRD-00873,Blender (Series W838),FCAT-0175,17991.32,123,Premium blender available on Flipkart.,Flipkart
FPRD-00874,Blender (Series W505),FCAT-0175,6518.68,299,Premium blender available on Flipkart.,Flipkart
FPRD-00875,Blender (Series G612),FCAT-0175,4242.14,624,Premium blender available on Flipkart.,Flipkart
FPRD-00876,Water Purifier (Series S560),FCAT-0176,16727.59,612,Premium water purifier available on Flipkart.,Flipkart
FPRD-00877,Sofa Cover (Series E897),FCAT-0176,17512.97,633,Premium sofa cover available on Flipkart.,Flipkart
FPRD-00878,Blender (Series M948),FCAT-0176,15314.46,414,Premium blender available on Flipkart.,Flipkart
FPRD-00879,Office Chair (Series K675),FCAT-0176,10485.18,335,Premium office chair available on Flipkart.,Flipkart
FPRD-00880,Sofa Cover (Series S478),FCAT-0176,7399.95,95,Premium sofa cover available on Flipkart.,Flipkart
FPRD-00881,Sofa Cover (Series Y436),FCAT-0177,8841.0,510,Premium sofa cover available on Flipkart.,Flipkart
FPRD-00882,Sofa Cover (Series Z429),FCAT-0177,6656.94,446,Premium sofa cover available on Flipkart.,Flipkart
FPRD-00883,Sofa Cover (Series O787),FCAT-0177,13046.6,744,Premium sofa cover available on Flipkart.,Flipkart
FPRD-00884,Water Purifier (Series F326),FCAT-0177,13915.8,395,Premium water purifier available on Flipkart.,Flipkart
FPRD-00885,Blender (Series M131),FCAT-0177,5642.65,734,Premium blender available on Flipkart.,Flipkart
FPRD-00886,Water Purifier (Series T267),FCAT-0178,737.91,670,Premium water purifier available on Flipkart.,Flipkart
FPRD-00887,Office Chair (Series E459),FCAT-0178,851.7,253,Premium office chair available on Flipkart.,Flipkart
FPRD-00888,Bedsheet (Series N478),FCAT-0178,3976.61,616,Premium bedsheet available on Flipkart.,Flipkart
FPRD-00889,Blender (Series D255),FCAT-0178,14345.67,568,Premium blender available on Flipkart.,Flipkart
FPRD-00890,Office Chair (Series T916),FCAT-0178,5522.72,79,Premium office chair available on Flipkart.,Flipkart
FPRD-00891,Office Chair (Series F993),FCAT-0179,8760.09,314,Premium office chair available on Flipkart.,Flipkart
FPRD-00892,Blender (Series Y393),FCAT-0179,5468.91,201,Premium blender available on Flipkart.,Flipkart
FPRD-00893,Sofa Cover (Series Q863),FCAT-0179,7768.96,38,Premium sofa cover available on Flipkart.,Flipkart
FPRD-00894,Blender (Series Y871),FCAT-0179,12139.6,203,Premium blender available on Flipkart.,Flipkart
FPRD-00895,Water Purifier (Series Z869),FCAT-0179,4184.64,729,Premium water purifier available on Flipkart.,Flipkart
FPRD-00896,Water Purifier (Series X697),FCAT-0180,14220.99,738,Premium water purifier available on Flipkart.,Flipkart
FPRD-00897,Water Purifier (Series I661),FCAT-0180,7555.36,509,Premium water purifier available on Flipkart.,Flipkart
FPRD-00898,Blender (Series V618),FCAT-0180,13830.6,302,Premium blender available on Flipkart.,Flipkart
FPRD-00899,Sofa Cover (Series F990),FCAT-0180,2220.05,672,Premium sofa cover available on Flipkart.,Flipkart
FPRD-00900,Blender (Series H194),FCAT-0180,7955.79,663,Premium blender available on Flipkart.,Flipkart
FPRD-00901,Water Purifier (Series E657),FCAT-0181,719.95,356,Premium water purifier available on Flipkart.,Flipkart
FPRD-00902,Sofa Cover (Series M526),FCAT-0181,19751.76,277,Premium sofa cover available on Flipkart.,Flipkart
FPRD-00903,Sofa Cover (Series X923),FCAT-0181,11733.66,616,Premium sofa cover available on Flipkart.,Flipkart
FPRD-00904,Bedsheet (Series O326),FCAT-0181,11013.4,40,Premium bedsheet available on Flipkart.,Flipkart
FPRD-00905,Bedsheet (Series M321),FCAT-0181,19475.16,374,Premium bedsheet available on Flipkart.,Flipkart
FPRD-00906,Water Purifier (Series R937),FCAT-0182,5495.46,182,Premium water purifier available on Flipkart.,Flipkart
FPRD-00907,Water Purifier (Series E125),FCAT-0182,16967.38,357,Premium water purifier available on Flipkart.,Flipkart
FPRD-00908,Bedsheet (Series Q781),FCAT-0182,1536.9,269,Premium bedsheet available on Flipkart.,Flipkart
FPRD-00909,Water Purifier (Series Q651),FCAT-0182,1897.46,449,Premium water purifier available on Flipkart.,Flipkart
FPRD-00910,Office Chair (Series Q525),FCAT-0182,6815.69,719,Premium office chair available on Flipkart.,Flipkart
FPRD-00911,Sofa Cover (Series B606),FCAT-0183,17767.26,712,Premium sofa cover available on Flipkart.,Flipkart
FPRD-00912,Office Chair (Series S612),FCAT-0183,16181.91,792,Premium office chair available on Flipkart.,Flipkart
FPRD-00913,Office Chair (Series I729),FCAT-0183,8491.35,794,Premium office chair available on Flipkart.,Flipkart
FPRD-00914,Sofa Cover (Series N505),FCAT-0183,19736.31,20,Premium sofa cover available on Flipkart.,Flipkart
FPRD-00915,Sofa Cover (Series V916),FCAT-0183,10276.32,743,Premium sofa cover available on Flipkart.,Flipkart
FPRD-00916,Water Purifier (Series W340),FCAT-0184,12669.62,370,Premium water purifier available on Flipkart.,Flipkart
FPRD-00917,Water Purifier (Series T174),FCAT-0184,2764.56,21,Premium water purifier available on Flipkart.,Flipkart
FPRD-00918,Water Purifier (Series Q272),FCAT-0184,8514.12,743,Premium water purifier available on Flipkart.,Flipkart
FPRD-00919,Sofa Cover (Series C718),FCAT-0184,2631.38,584,Premium sofa cover available on Flipkart.,Flipkart
FPRD-00920,Sofa Cover (Series I140),FCAT-0184,8224.42,440,Premium sofa cover available on Flipkart.,Flipkart
FPRD-00921,Sofa Cover (Series R610),FCAT-0185,12824.56,32,Premium sofa cover available on Flipkart.,Flipkart
FPRD-00922,Water Purifier (Series V648),FCAT-0185,764.09,68,Premium water purifier available on Flipkart.,Flipkart
FPRD-00923,Bedsheet (Series O179),FCAT-0185,9114.11,679,Premium bedsheet available on Flipkart.,Flipkart
FPRD-00924,Bedsheet (Series L551),FCAT-0185,19156.01,127,Premium bedsheet available on Flipkart.,Flipkart
FPRD-00925,Office Chair (Series W516),FCAT-0185,19301.91,98,Premium office chair available on Flipkart.,Flipkart
FPRD-00926,Sofa Cover (Series N513),FCAT-0186,11062.25,502,Premium sofa cover available on Flipkart.,Flipkart
FPRD-00927,Office Chair (Series B415),FCAT-0186,17388.75,708,Premium office chair available on Flipkart.,Flipkart
FPRD-00928,Sofa Cover (Series I576),FCAT-0186,15089.94,524,Premium sofa cover available on Flipkart.,Flipkart
FPRD-00929,Sofa Cover (Series O481),FCAT-0186,8321.38,114,Premium sofa cover available on Flipkart.,Flipkart
FPRD-00930,Sofa Cover (Series B559),FCAT-0186,12928.48,727,Premium sofa cover available on Flipkart.,Flipkart
FPRD-00931,Bedsheet (Series F921),FCAT-0187,8360.9,117,Premium bedsheet available on Flipkart.,Flipkart
FPRD-00932,Sofa Cover (Series Z188),FCAT-0187,19573.63,327,Premium sofa cover available on Flipkart.,Flipkart
FPRD-00933,Water Purifier (Series P935),FCAT-0187,11511.67,653,Premium water purifier available on Flipkart.,Flipkart
FPRD-00934,Sofa Cover (Series X705),FCAT-0187,7007.72,624,Premium sofa cover available on Flipkart.,Flipkart
FPRD-00935,Office Chair (Series P212),FCAT-0187,15847.03,104,Premium office chair available on Flipkart.,Flipkart
FPRD-00936,Office Chair (Series Z323),FCAT-0188,4957.17,673,Premium office chair available on Flipkart.,Flipkart
FPRD-00937,Sofa Cover (Series E361),FCAT-0188,2408.03,572,Premium sofa cover available on Flipkart.,Flipkart
FPRD-00938,Blender (Series N141),FCAT-0188,10045.75,483,Premium blender available on Flipkart.,Flipkart
FPRD-00939,Blender (Series M380),FCAT-0188,15072.16,761,Premium blender available on Flipkart.,Flipkart
FPRD-00940,Water Purifier (Series P647),FCAT-0188,6459.34,627,Premium water purifier available on Flipkart.,Flipkart
FPRD-00941,Bedsheet (Series R764),FCAT-0189,14623.53,602,Premium bedsheet available on Flipkart.,Flipkart
FPRD-00942,Water Purifier (Series V386),FCAT-0189,13213.58,37,Premium water purifier available on Flipkart.,Flipkart
FPRD-00943,Water Purifier (Series W369),FCAT-0189,15184.02,404,Premium water purifier available on Flipkart.,Flipkart
FPRD-00944,Sofa Cover (Series P162),FCAT-0189,15964.68,117,Premium sofa cover available on Flipkart.,Flipkart
FPRD-00945,Sofa Cover (Series M614),FCAT-0189,13289.1,592,Premium sofa cover available on Flipkart.,Flipkart
FPRD-00946,Water Purifier (Series C441),FCAT-0190,13103.63,387,Premium water purifier available on Flipkart.,Flipkart
FPRD-00947,Water Purifier (Series X258),FCAT-0190,17026.24,165,Premium water purifier available on Flipkart.,Flipkart
FPRD-00948,Bedsheet (Series D475),FCAT-0190,1506.92,663,Premium bedsheet available on Flipkart.,Flipkart
FPRD-00949,Bedsheet (Series M263),FCAT-0190,15966.93,501,Premium bedsheet available on Flipkart.,Flipkart
FPRD-00950,Sofa Cover (Series Y275),FCAT-0190,4112.25,204,Premium sofa cover available on Flipkart.,Flipkart
FPRD-00951,Sofa Cover (Series Y178),FCAT-0191,1323.9,340,Premium sofa cover available on Flipkart.,Flipkart
FPRD-00952,Office Chair (Series B347),FCAT-0191,14696.75,547,Premium office chair available on Flipkart.,Flipkart
FPRD-00953,Bedsheet (Series P661),FCAT-0191,11593.05,112,Premium bedsheet available on Flipkart.,Flipkart
FPRD-00954,Sofa Cover (Series L759),FCAT-0191,8607.46,123,Premium sofa cover available on Flipkart.,Flipkart
FPRD-00955,Bedsheet (Series A872),FCAT-0191,8115.16,355,Premium bedsheet available on Flipkart.,Flipkart
FPRD-00956,Blender (Series S589),FCAT-0192,875.84,203,Premium blender available on Flipkart.,Flipkart
FPRD-00957,Water Purifier (Series R379),FCAT-0192,19193.26,786,Premium water purifier available on Flipkart.,Flipkart
FPRD-00958,Water Purifier (Series Y906),FCAT-0192,13156.61,168,Premium water purifier available on Flipkart.,Flipkart
FPRD-00959,Water Purifier (Series E636),FCAT-0192,18337.95,290,Premium water purifier available on Flipkart.,Flipkart
FPRD-00960,Blender (Series H443),FCAT-0192,4868.25,567,Premium blender available on Flipkart.,Flipkart
FPRD-00961,Office Chair (Series I952),FCAT-0193,16198.4,476,Premium office chair available on Flipkart.,Flipkart
FPRD-00962,Water Purifier (Series K721),FCAT-0193,1498.6,473,Premium water purifier available on Flipkart.,Flipkart
FPRD-00963,Bedsheet (Series X795),FCAT-0193,4051.53,748,Premium bedsheet available on Flipkart.,Flipkart
FPRD-00964,Sofa Cover (Series Y954),FCAT-0193,16380.81,768,Premium sofa cover available on Flipkart.,Flipkart
FPRD-00965,Water Purifier (Series Q853),FCAT-0193,2473.37,403,Premium water purifier available on Flipkart.,Flipkart
FPRD-00966,Office Chair (Series R978),FCAT-0194,6294.82,773,Premium office chair available on Flipkart.,Flipkart
FPRD-00967,Bedsheet (Series K310),FCAT-0194,1118.93,522,Premium bedsheet available on Flipkart.,Flipkart
FPRD-00968,Blender (Series M264),FCAT-0194,6962.88,514,Premium blender available on Flipkart.,Flipkart
FPRD-00969,Office Chair (Series E337),FCAT-0194,15458.97,545,Premium office chair available on Flipkart.,Flipkart
FPRD-00970,Bedsheet (Series C274),FCAT-0194,5710.4,198,Premium bedsheet available on Flipkart.,Flipkart
FPRD-00971,Sofa Cover (Series B515),FCAT-0195,14626.91,108,Premium sofa cover available on Flipkart.,Flipkart
FPRD-00972,Water Purifier (Series G157),FCAT-0195,13109.22,647,Premium water purifier available on Flipkart.,Flipkart
FPRD-00973,Sofa Cover (Series K909),FCAT-0195,11775.96,299,Premium sofa cover available on Flipkart.,Flipkart
FPRD-00974,Bedsheet (Series N239),FCAT-0195,13685.38,335,Premium bedsheet available on Flipkart.,Flipkart
FPRD-00975,Sofa Cover (Series F810),FCAT-0195,3335.43,797,Premium sofa cover available on Flipkart.,Flipkart
FPRD-00976,Office Chair (Series M906),FCAT-0196,3278.3,661,Premium office chair available on Flipkart.,Flipkart
FPRD-00977,Bedsheet (Series Q580),FCAT-0196,14235.7,423,Premium bedsheet available on Flipkart.,Flipkart
FPRD-00978,Office Chair (Series J912),FCAT-0196,2784.9,139,Premium office chair available on Flipkart.,Flipkart
FPRD-00979,Water Purifier (Series E293),FCAT-0196,4179.2,312,Premium water purifier available on Flipkart.,Flipkart
FPRD-00980,Office Chair (Series B732),FCAT-0196,6596.92,293,Premium office chair available on Flipkart.,Flipkart
FPRD-00981,Water Purifier (Series B522),FCAT-0197,9630.44,633,Premium water purifier available on Flipkart.,Flipkart
FPRD-00982,Bedsheet (Series T439),FCAT-0197,19488.72,591,Premium bedsheet available on Flipkart.,Flipkart
FPRD-00983,Bedsheet (Series W620),FCAT-0197,17537.76,590,Premium bedsheet available on Flipkart.,Flipkart
FPRD-00984,Blender (Series U311),FCAT-0197,13572.68,759,Premium blender available on Flipkart.,Flipkart
FPRD-00985,Blender (Series L264),FCAT-0197,9700.11,656,Premium blender available on Flipkart.,Flipkart
FPRD-00986,Blender (Series F877),FCAT-0198,15832.95,315,Premium blender available on Flipkart.,Flipkart
FPRD-00987,Office Chair (Series F958),FCAT-0198,1453.43,238,Premium office chair available on Flipkart.,Flipkart
FPRD-00988,Office Chair (Series D410),FCAT-0198,19046.9,518,Premium office chair available on Flipkart.,Flipkart
FPRD-00989,Office Chair (Series Z109),FCAT-0198,6661.67,444,Premium office chair available on Flipkart.,Flipkart
FPRD-00990,Blender (Series P809),FCAT-0198,15065.06,147,Premium blender available on Flipkart.,Flipkart
FPRD-00991,Sofa Cover (Series E158),FCAT-0199,7119.32,233,Premium sofa cover available on Flipkart.,Flipkart
FPRD-00992,Bedsheet (Series N934),FCAT-0199,17152.95,794,Premium bedsheet available on Flipkart.,Flipkart
FPRD-00993,Sofa Cover (Series X649),FCAT-0199,17444.99,357,Premium sofa cover available on Flipkart.,Flipkart
FPRD-00994,Blender (Series H509),FCAT-0199,4684.19,635,Premium blender available on Flipkart.,Flipkart
FPRD-00995,Bedsheet (Series I225),FCAT-0199,5089.06,592,Premium bedsheet available on Flipkart.,Flipkart
FPRD-00996,Office Chair (Series O257),FCAT-0200,11422.14,393,Premium office chair available on Flipkart.,Flipkart
FPRD-00997,Sofa Cover (Series P844),FCAT-0200,13350.72,118,Premium sofa cover available on Flipkart.,Flipkart
FPRD-00998,Office Chair (Series M609),FCAT-0200,13301.19,138,Premium office chair available on Flipkart.,Flipkart
FPRD-00999,Blender (Series M467),FCAT-0200,15875.5,437,Premium blender available on Flipkart.,Flipkart
FPRD-01000,Blender (Series Y801),FCAT-0200,9752.86,175,Premium blender available on Flipkart.,Flipkart
FPRD-01001,Trimmer (Series A611),FCAT-0201,819.18,293,Premium trimmer available on Flipkart.,Flipkart
FPRD-01002,Lipstick (Series W778),FCAT-0201,2243.9,212,Premium lipstick available on Flipkart.,Flipkart
FPRD-01003,Hair Oil (Series G992),FCAT-0201,1822.31,787,Premium hair oil available on Flipkart.,Flipkart
FPRD-01004,Perfume (Series D525),FCAT-0201,2130.03,265,Premium perfume available on Flipkart.,Flipkart
FPRD-01005,Lipstick (Series F517),FCAT-0201,2093.95,713,Premium lipstick available on Flipkart.,Flipkart
FPRD-01006,Face Wash (Series P577),FCAT-0202,1628.36,601,Premium face wash available on Flipkart.,Flipkart
FPRD-01007,Perfume (Series G830),FCAT-0202,2325.66,314,Premium perfume available on Flipkart.,Flipkart
FPRD-01008,Lipstick (Series R232),FCAT-0202,2154.48,536,Premium lipstick available on Flipkart.,Flipkart
FPRD-01009,Lipstick (Series G246),FCAT-0202,2207.88,499,Premium lipstick available on Flipkart.,Flipkart
FPRD-01010,Perfume (Series M159),FCAT-0202,1098.4,714,Premium perfume available on Flipkart.,Flipkart
FPRD-01011,Face Wash (Series J181),FCAT-0203,1663.41,665,Premium face wash available on Flipkart.,Flipkart
FPRD-01012,Perfume (Series J298),FCAT-0203,1407.72,389,Premium perfume available on Flipkart.,Flipkart
FPRD-01013,Face Wash (Series F776),FCAT-0203,1812.95,767,Premium face wash available on Flipkart.,Flipkart
FPRD-01014,Trimmer (Series H859),FCAT-0203,2523.15,85,Premium trimmer available on Flipkart.,Flipkart
FPRD-01015,Perfume (Series P815),FCAT-0203,1904.07,602,Premium perfume available on Flipkart.,Flipkart
FPRD-01016,Trimmer (Series I605),FCAT-0204,960.51,209,Premium trimmer available on Flipkart.,Flipkart
FPRD-01017,Face Wash (Series K970),FCAT-0204,1473.61,194,Premium face wash available on Flipkart.,Flipkart
FPRD-01018,Trimmer (Series I185),FCAT-0204,342.69,491,Premium trimmer available on Flipkart.,Flipkart
FPRD-01019,Lipstick (Series Y407),FCAT-0204,1074.64,573,Premium lipstick available on Flipkart.,Flipkart
FPRD-01020,Hair Oil (Series Y612),FCAT-0204,923.72,408,Premium hair oil available on Flipkart.,Flipkart
FPRD-01021,Perfume (Series P939),FCAT-0205,458.98,784,Premium perfume available on Flipkart.,Flipkart
FPRD-01022,Hair Oil (Series S336),FCAT-0205,1871.03,748,Premium hair oil available on Flipkart.,Flipkart
FPRD-01023,Face Wash (Series Q562),FCAT-0205,960.26,159,Premium face wash available on Flipkart.,Flipkart
FPRD-01024,Perfume (Series D582),FCAT-0205,2797.23,764,Premium perfume available on Flipkart.,Flipkart
FPRD-01025,Face Wash (Series G468),FCAT-0205,724.39,119,Premium face wash available on Flipkart.,Flipkart
FPRD-01026,Hair Oil (Series M133),FCAT-0206,2394.36,255,Premium hair oil available on Flipkart.,Flipkart
FPRD-01027,Hair Oil (Series I374),FCAT-0206,2145.01,374,Premium hair oil available on Flipkart.,Flipkart
FPRD-01028,Hair Oil (Series I633),FCAT-0206,2721.24,531,Premium hair oil available on Flipkart.,Flipkart
FPRD-01029,Face Wash (Series A352),FCAT-0206,2218.61,540,Premium face wash available on Flipkart.,Flipkart
FPRD-01030,Trimmer (Series V808),FCAT-0206,1064.94,613,Premium trimmer available on Flipkart.,Flipkart
FPRD-01031,Perfume (Series E756),FCAT-0207,2138.2,360,Premium perfume available on Flipkart.,Flipkart
FPRD-01032,Trimmer (Series Y341),FCAT-0207,201.68,797,Premium trimmer available on Flipkart.,Flipkart
FPRD-01033,Face Wash (Series B367),FCAT-0207,2917.21,684,Premium face wash available on Flipkart.,Flipkart
FPRD-01034,Face Wash (Series R428),FCAT-0207,1056.32,30,Premium face wash available on Flipkart.,Flipkart
FPRD-01035,Trimmer (Series U214),FCAT-0207,338.24,286,Premium trimmer available on Flipkart.,Flipkart
FPRD-01036,Lipstick (Series X273),FCAT-0208,909.37,426,Premium lipstick available on Flipkart.,Flipkart
FPRD-01037,Trimmer (Series Q847),FCAT-0208,2024.23,524,Premium trimmer available on Flipkart.,Flipkart
FPRD-01038,Lipstick (Series J620),FCAT-0208,278.54,100,Premium lipstick available on Flipkart.,Flipkart
FPRD-01039,Hair Oil (Series Q469),FCAT-0208,1394.77,55,Premium hair oil available on Flipkart.,Flipkart
FPRD-01040,Perfume (Series E755),FCAT-0208,1989.09,554,Premium perfume available on Flipkart.,Flipkart
FPRD-01041,Trimmer (Series Q929),FCAT-0209,2894.51,379,Premium trimmer available on Flipkart.,Flipkart
FPRD-01042,Hair Oil (Series E101),FCAT-0209,205.92,738,Premium hair oil available on Flipkart.,Flipkart
FPRD-01043,Perfume (Series Z199),FCAT-0209,1193.41,77,Premium perfume available on Flipkart.,Flipkart
FPRD-01044,Trimmer (Series U105),FCAT-0209,1650.2,241,Premium trimmer available on Flipkart.,Flipkart
FPRD-01045,Trimmer (Series S895),FCAT-0209,2302.82,56,Premium trimmer available on Flipkart.,Flipkart
FPRD-01046,Trimmer (Series Z361),FCAT-0210,879.67,177,Premium trimmer available on Flipkart.,Flipkart
FPRD-01047,Trimmer (Series O631),FCAT-0210,2378.77,359,Premium trimmer available on Flipkart.,Flipkart
FPRD-01048,Trimmer (Series K592),FCAT-0210,2667.27,404,Premium trimmer available on Flipkart.,Flipkart
FPRD-01049,Perfume (Series C357),FCAT-0210,2555.13,294,Premium perfume available on Flipkart.,Flipkart
FPRD-01050,Hair Oil (Series O920),FCAT-0210,1752.03,127,Premium hair oil available on Flipkart.,Flipkart
FPRD-01051,Lipstick (Series L125),FCAT-0211,2616.6,423,Premium lipstick available on Flipkart.,Flipkart
FPRD-01052,Perfume (Series X953),FCAT-0211,155.06,142,Premium perfume available on Flipkart.,Flipkart
FPRD-01053,Perfume (Series J542),FCAT-0211,2212.7,652,Premium perfume available on Flipkart.,Flipkart
FPRD-01054,Perfume (Series J865),FCAT-0211,2149.31,635,Premium perfume available on Flipkart.,Flipkart
FPRD-01055,Face Wash (Series H492),FCAT-0211,1963.81,785,Premium face wash available on Flipkart.,Flipkart
FPRD-01056,Face Wash (Series J294),FCAT-0212,398.78,160,Premium face wash available on Flipkart.,Flipkart
FPRD-01057,Trimmer (Series O592),FCAT-0212,2393.02,482,Premium trimmer available on Flipkart.,Flipkart
FPRD-01058,Trimmer (Series U982),FCAT-0212,294.93,619,Premium trimmer available on Flipkart.,Flipkart
FPRD-01059,Trimmer (Series O943),FCAT-0212,2409.73,266,Premium trimmer available on Flipkart.,Flipkart
FPRD-01060,Hair Oil (Series P754),FCAT-0212,2308.78,77,Premium hair oil available on Flipkart.,Flipkart
FPRD-01061,Perfume (Series H186),FCAT-0213,1034.39,593,Premium perfume available on Flipkart.,Flipkart
FPRD-01062,Perfume (Series G454),FCAT-0213,1758.81,85,Premium perfume available on Flipkart.,Flipkart
FPRD-01063,Lipstick (Series D593),FCAT-0213,2658.14,261,Premium lipstick available on Flipkart.,Flipkart
FPRD-01064,Lipstick (Series H826),FCAT-0213,1841.93,93,Premium lipstick available on Flipkart.,Flipkart
FPRD-01065,Trimmer (Series B975),FCAT-0213,1240.76,326,Premium trimmer available on Flipkart.,Flipkart
FPRD-01066,Lipstick (Series O792),FCAT-0214,1642.65,402,Premium lipstick available on Flipkart.,Flipkart
FPRD-01067,Face Wash (Series R997),FCAT-0214,2614.4,629,Premium face wash available on Flipkart.,Flipkart
FPRD-01068,Lipstick (Series K129),FCAT-0214,543.92,473,Premium lipstick available on Flipkart.,Flipkart
FPRD-01069,Hair Oil (Series V443),FCAT-0214,1416.36,54,Premium hair oil available on Flipkart.,Flipkart
FPRD-01070,Trimmer (Series F719),FCAT-0214,2007.63,580,Premium trimmer available on Flipkart.,Flipkart
FPRD-01071,Perfume (Series O346),FCAT-0215,2521.25,516,Premium perfume available on Flipkart.,Flipkart
FPRD-01072,Perfume (Series N936),FCAT-0215,1660.21,272,Premium perfume available on Flipkart.,Flipkart
FPRD-01073,Face Wash (Series Z614),FCAT-0215,2416.92,241,Premium face wash available on Flipkart.,Flipkart
FPRD-01074,Hair Oil (Series W632),FCAT-0215,2912.96,72,Premium hair oil available on Flipkart.,Flipkart
FPRD-01075,Trimmer (Series N930),FCAT-0215,1221.42,469,Premium trimmer available on Flipkart.,Flipkart
FPRD-01076,Perfume (Series H676),FCAT-0216,2196.89,86,Premium perfume available on Flipkart.,Flipkart
FPRD-01077,Lipstick (Series O138),FCAT-0216,804.62,675,Premium lipstick available on Flipkart.,Flipkart
FPRD-01078,Lipstick (Series C543),FCAT-0216,2833.59,201,Premium lipstick available on Flipkart.,Flipkart
FPRD-01079,Hair Oil (Series R670),FCAT-0216,610.85,471,Premium hair oil available on Flipkart.,Flipkart
FPRD-01080,Face Wash (Series P726),FCAT-0216,1581.9,48,Premium face wash available on Flipkart.,Flipkart
FPRD-01081,Hair Oil (Series U921),FCAT-0217,2013.51,12,Premium hair oil available on Flipkart.,Flipkart
FPRD-01082,Trimmer (Series Z880),FCAT-0217,766.05,441,Premium trimmer available on Flipkart.,Flipkart
FPRD-01083,Lipstick (Series L847),FCAT-0217,1008.36,794,Premium lipstick available on Flipkart.,Flipkart
FPRD-01084,Perfume (Series N286),FCAT-0217,2302.35,345,Premium perfume available on Flipkart.,Flipkart
FPRD-01085,Trimmer (Series V318),FCAT-0217,1457.45,788,Premium trimmer available on Flipkart.,Flipkart
FPRD-01086,Hair Oil (Series J779),FCAT-0218,991.85,552,Premium hair oil available on Flipkart.,Flipkart
FPRD-01087,Perfume (Series R425),FCAT-0218,589.56,349,Premium perfume available on Flipkart.,Flipkart
FPRD-01088,Hair Oil (Series A999),FCAT-0218,606.72,236,Premium hair oil available on Flipkart.,Flipkart
FPRD-01089,Perfume (Series D245),FCAT-0218,1423.65,693,Premium perfume available on Flipkart.,Flipkart
FPRD-01090,Perfume (Series P212),FCAT-0218,1131.11,675,Premium perfume available on Flipkart.,Flipkart
FPRD-01091,Hair Oil (Series U794),FCAT-0219,844.05,26,Premium hair oil available on Flipkart.,Flipkart
FPRD-01092,Hair Oil (Series Y872),FCAT-0219,863.29,140,Premium hair oil available on Flipkart.,Flipkart
FPRD-01093,Perfume (Series P793),FCAT-0219,2669.11,541,Premium perfume available on Flipkart.,Flipkart
FPRD-01094,Trimmer (Series C819),FCAT-0219,685.21,570,Premium trimmer available on Flipkart.,Flipkart
FPRD-01095,Hair Oil (Series S455),FCAT-0219,1255.12,568,Premium hair oil available on Flipkart.,Flipkart
FPRD-01096,Trimmer (Series C233),FCAT-0220,2531.07,517,Premium trimmer available on Flipkart.,Flipkart
FPRD-01097,Lipstick (Series T259),FCAT-0220,587.2,240,Premium lipstick available on Flipkart.,Flipkart
FPRD-01098,Lipstick (Series I605),FCAT-0220,504.01,513,Premium lipstick available on Flipkart.,Flipkart
FPRD-01099,Trimmer (Series S544),FCAT-0220,2289.41,653,Premium trimmer available on Flipkart.,Flipkart
FPRD-01100,Trimmer (Series B229),FCAT-0220,1785.9,332,Premium trimmer available on Flipkart.,Flipkart
FPRD-01101,Lipstick (Series U755),FCAT-0221,2805.81,24,Premium lipstick available on Flipkart.,Flipkart
FPRD-01102,Perfume (Series X769),FCAT-0221,506.54,346,Premium perfume available on Flipkart.,Flipkart
FPRD-01103,Lipstick (Series S253),FCAT-0221,519.18,555,Premium lipstick available on Flipkart.,Flipkart
FPRD-01104,Hair Oil (Series P610),FCAT-0221,2850.95,156,Premium hair oil available on Flipkart.,Flipkart
FPRD-01105,Lipstick (Series R516),FCAT-0221,2044.81,394,Premium lipstick available on Flipkart.,Flipkart
FPRD-01106,Face Wash (Series Q847),FCAT-0222,196.48,389,Premium face wash available on Flipkart.,Flipkart
FPRD-01107,Perfume (Series A462),FCAT-0222,1174.84,317,Premium perfume available on Flipkart.,Flipkart
FPRD-01108,Lipstick (Series G361),FCAT-0222,1094.97,408,Premium lipstick available on Flipkart.,Flipkart
FPRD-01109,Hair Oil (Series U560),FCAT-0222,1563.39,758,Premium hair oil available on Flipkart.,Flipkart
FPRD-01110,Face Wash (Series W172),FCAT-0222,248.12,450,Premium face wash available on Flipkart.,Flipkart
FPRD-01111,Hair Oil (Series K527),FCAT-0223,723.41,570,Premium hair oil available on Flipkart.,Flipkart
FPRD-01112,Face Wash (Series H412),FCAT-0223,353.09,490,Premium face wash available on Flipkart.,Flipkart
FPRD-01113,Face Wash (Series E178),FCAT-0223,2624.67,259,Premium face wash available on Flipkart.,Flipkart
FPRD-01114,Face Wash (Series S408),FCAT-0223,2105.74,452,Premium face wash available on Flipkart.,Flipkart
FPRD-01115,Perfume (Series F682),FCAT-0223,1428.35,368,Premium perfume available on Flipkart.,Flipkart
FPRD-01116,Perfume (Series W489),FCAT-0224,1269.48,388,Premium perfume available on Flipkart.,Flipkart
FPRD-01117,Perfume (Series T949),FCAT-0224,1370.79,717,Premium perfume available on Flipkart.,Flipkart
FPRD-01118,Perfume (Series V915),FCAT-0224,2192.54,336,Premium perfume available on Flipkart.,Flipkart
FPRD-01119,Hair Oil (Series Q657),FCAT-0224,1918.29,781,Premium hair oil available on Flipkart.,Flipkart
FPRD-01120,Face Wash (Series O266),FCAT-0224,1909.72,388,Premium face wash available on Flipkart.,Flipkart
FPRD-01121,Perfume (Series V186),FCAT-0225,268.11,438,Premium perfume available on Flipkart.,Flipkart
FPRD-01122,Hair Oil (Series F886),FCAT-0225,1372.59,642,Premium hair oil available on Flipkart.,Flipkart
FPRD-01123,Perfume (Series E981),FCAT-0225,2570.32,116,Premium perfume available on Flipkart.,Flipkart
FPRD-01124,Lipstick (Series G203),FCAT-0225,1678.03,67,Premium lipstick available on Flipkart.,Flipkart
FPRD-01125,Lipstick (Series W617),FCAT-0225,2665.19,766,Premium lipstick available on Flipkart.,Flipkart
FPRD-01126,Lipstick (Series O357),FCAT-0226,1342.34,518,Premium lipstick available on Flipkart.,Flipkart
FPRD-01127,Perfume (Series W310),FCAT-0226,1312.04,326,Premium perfume available on Flipkart.,Flipkart
FPRD-01128,Perfume (Series M790),FCAT-0226,741.0,619,Premium perfume available on Flipkart.,Flipkart
FPRD-01129,Hair Oil (Series X371),FCAT-0226,139.37,108,Premium hair oil available on Flipkart.,Flipkart
FPRD-01130,Trimmer (Series J957),FCAT-0226,1190.68,723,Premium trimmer available on Flipkart.,Flipkart
FPRD-01131,Hair Oil (Series Z461),FCAT-0227,119.16,262,Premium hair oil available on Flipkart.,Flipkart
FPRD-01132,Trimmer (Series I700),FCAT-0227,2000.69,322,Premium trimmer available on Flipkart.,Flipkart
FPRD-01133,Hair Oil (Series Q509),FCAT-0227,996.55,99,Premium hair oil available on Flipkart.,Flipkart
FPRD-01134,Hair Oil (Series D276),FCAT-0227,964.54,82,Premium hair oil available on Flipkart.,Flipkart
FPRD-01135,Face Wash (Series V413),FCAT-0227,310.1,526,Premium face wash available on Flipkart.,Flipkart
FPRD-01136,Lipstick (Series Y507),FCAT-0228,2060.84,468,Premium lipstick available on Flipkart.,Flipkart
FPRD-01137,Face Wash (Series C425),FCAT-0228,1754.98,564,Premium face wash available on Flipkart.,Flipkart
FPRD-01138,Hair Oil (Series H763),FCAT-0228,1121.73,699,Premium hair oil available on Flipkart.,Flipkart
FPRD-01139,Lipstick (Series T602),FCAT-0228,2455.42,514,Premium lipstick available on Flipkart.,Flipkart
FPRD-01140,Lipstick (Series L221),FCAT-0228,2947.68,529,Premium lipstick available on Flipkart.,Flipkart
FPRD-01141,Hair Oil (Series J769),FCAT-0229,2137.25,121,Premium hair oil available on Flipkart.,Flipkart
FPRD-01142,Lipstick (Series P116),FCAT-0229,2847.3,80,Premium lipstick available on Flipkart.,Flipkart
FPRD-01143,Face Wash (Series Y558),FCAT-0229,704.62,52,Premium face wash available on Flipkart.,Flipkart
FPRD-01144,Hair Oil (Series S593),FCAT-0229,2226.84,85,Premium hair oil available on Flipkart.,Flipkart
FPRD-01145,Trimmer (Series M293),FCAT-0229,2068.25,651,Premium trimmer available on Flipkart.,Flipkart
FPRD-01146,Hair Oil (Series K288),FCAT-0230,2203.44,23,Premium hair oil available on Flipkart.,Flipkart
FPRD-01147,Hair Oil (Series P482),FCAT-0230,1984.51,69,Premium hair oil available on Flipkart.,Flipkart
FPRD-01148,Perfume (Series W661),FCAT-0230,1217.61,665,Premium perfume available on Flipkart.,Flipkart
FPRD-01149,Hair Oil (Series Q805),FCAT-0230,1198.16,581,Premium hair oil available on Flipkart.,Flipkart
FPRD-01150,Trimmer (Series L422),FCAT-0230,1636.2,566,Premium trimmer available on Flipkart.,Flipkart
FPRD-01151,Lipstick (Series F262),FCAT-0231,408.32,18,Premium lipstick available on Flipkart.,Flipkart
FPRD-01152,Hair Oil (Series R468),FCAT-0231,1907.42,715,Premium hair oil available on Flipkart.,Flipkart
FPRD-01153,Perfume (Series B318),FCAT-0231,1743.18,177,Premium perfume available on Flipkart.,Flipkart
FPRD-01154,Face Wash (Series R279),FCAT-0231,754.26,94,Premium face wash available on Flipkart.,Flipkart
FPRD-01155,Hair Oil (Series J804),FCAT-0231,2436.58,309,Premium hair oil available on Flipkart.,Flipkart
FPRD-01156,Lipstick (Series I934),FCAT-0232,498.69,759,Premium lipstick available on Flipkart.,Flipkart
FPRD-01157,Trimmer (Series M472),FCAT-0232,1264.72,307,Premium trimmer available on Flipkart.,Flipkart
FPRD-01158,Hair Oil (Series K643),FCAT-0232,1293.28,584,Premium hair oil available on Flipkart.,Flipkart
FPRD-01159,Lipstick (Series F949),FCAT-0232,993.11,339,Premium lipstick available on Flipkart.,Flipkart
FPRD-01160,Trimmer (Series S372),FCAT-0232,1840.8,697,Premium trimmer available on Flipkart.,Flipkart
FPRD-01161,Hair Oil (Series F490),FCAT-0233,1688.87,96,Premium hair oil available on Flipkart.,Flipkart
FPRD-01162,Perfume (Series U894),FCAT-0233,808.34,575,Premium perfume available on Flipkart.,Flipkart
FPRD-01163,Perfume (Series G386),FCAT-0233,184.99,201,Premium perfume available on Flipkart.,Flipkart
FPRD-01164,Perfume (Series N396),FCAT-0233,2496.19,625,Premium perfume available on Flipkart.,Flipkart
FPRD-01165,Face Wash (Series P800),FCAT-0233,2941.1,161,Premium face wash available on Flipkart.,Flipkart
FPRD-01166,Face Wash (Series N763),FCAT-0234,1594.16,375,Premium face wash available on Flipkart.,Flipkart
FPRD-01167,Lipstick (Series Z300),FCAT-0234,761.92,631,Premium lipstick available on Flipkart.,Flipkart
FPRD-01168,Hair Oil (Series P387),FCAT-0234,1371.82,307,Premium hair oil available on Flipkart.,Flipkart
FPRD-01169,Perfume (Series L488),FCAT-0234,1059.25,176,Premium perfume available on Flipkart.,Flipkart
FPRD-01170,Face Wash (Series S374),FCAT-0234,381.43,173,Premium face wash available on Flipkart.,Flipkart
FPRD-01171,Perfume (Series U676),FCAT-0235,2179.51,61,Premium perfume available on Flipkart.,Flipkart
FPRD-01172,Hair Oil (Series A777),FCAT-0235,1682.55,571,Premium hair oil available on Flipkart.,Flipkart
FPRD-01173,Perfume (Series E218),FCAT-0235,1563.55,285,Premium perfume available on Flipkart.,Flipkart
FPRD-01174,Lipstick (Series X378),FCAT-0235,2887.55,790,Premium lipstick available on Flipkart.,Flipkart
FPRD-01175,Lipstick (Series H321),FCAT-0235,293.28,11,Premium lipstick available on Flipkart.,Flipkart
FPRD-01176,Face Wash (Series C555),FCAT-0236,2917.34,265,Premium face wash available on Flipkart.,Flipkart
FPRD-01177,Hair Oil (Series X739),FCAT-0236,234.87,679,Premium hair oil available on Flipkart.,Flipkart
FPRD-01178,Lipstick (Series W572),FCAT-0236,1232.94,376,Premium lipstick available on Flipkart.,Flipkart
FPRD-01179,Lipstick (Series Z802),FCAT-0236,250.86,513,Premium lipstick available on Flipkart.,Flipkart
FPRD-01180,Hair Oil (Series H214),FCAT-0236,1535.32,635,Premium hair oil available on Flipkart.,Flipkart
FPRD-01181,Face Wash (Series K480),FCAT-0237,2399.53,695,Premium face wash available on Flipkart.,Flipkart
FPRD-01182,Perfume (Series K651),FCAT-0237,2101.98,535,Premium perfume available on Flipkart.,Flipkart
FPRD-01183,Face Wash (Series A494),FCAT-0237,1702.91,779,Premium face wash available on Flipkart.,Flipkart
FPRD-01184,Lipstick (Series T571),FCAT-0237,2929.52,309,Premium lipstick available on Flipkart.,Flipkart
FPRD-01185,Perfume (Series K749),FCAT-0237,2406.71,422,Premium perfume available on Flipkart.,Flipkart
FPRD-01186,Trimmer (Series A169),FCAT-0238,1185.48,81,Premium trimmer available on Flipkart.,Flipkart
FPRD-01187,Trimmer (Series Y675),FCAT-0238,916.34,645,Premium trimmer available on Flipkart.,Flipkart
FPRD-01188,Face Wash (Series J247),FCAT-0238,473.34,88,Premium face wash available on Flipkart.,Flipkart
FPRD-01189,Trimmer (Series B945),FCAT-0238,1407.48,141,Premium trimmer available on Flipkart.,Flipkart
FPRD-01190,Lipstick (Series W644),FCAT-0238,1556.73,49,Premium lipstick available on Flipkart.,Flipkart
FPRD-01191,Trimmer (Series O975),FCAT-0239,1583.28,77,Premium trimmer available on Flipkart.,Flipkart
FPRD-01192,Face Wash (Series H317),FCAT-0239,427.76,629,Premium face wash available on Flipkart.,Flipkart
FPRD-01193,Face Wash (Series Y377),FCAT-0239,1519.64,266,Premium face wash available on Flipkart.,Flipkart
FPRD-01194,Trimmer (Series I542),FCAT-0239,2705.87,295,Premium trimmer available on Flipkart.,Flipkart
FPRD-01195,Perfume (Series I196),FCAT-0239,2585.96,634,Premium perfume available on Flipkart.,Flipkart
FPRD-01196,Perfume (Series S475),FCAT-0240,471.58,214,Premium perfume available on Flipkart.,Flipkart
FPRD-01197,Trimmer (Series D333),FCAT-0240,746.65,239,Premium trimmer available on Flipkart.,Flipkart
FPRD-01198,Perfume (Series V523),FCAT-0240,2767.35,434,Premium perfume available on Flipkart.,Flipkart
FPRD-01199,Perfume (Series H241),FCAT-0240,185.29,86,Premium perfume available on Flipkart.,Flipkart
FPRD-01200,Lipstick (Series A754),FCAT-0240,1294.54,711,Premium lipstick available on Flipkart.,Flipkart
FPRD-01201,Lipstick (Series W301),FCAT-0241,1641.18,123,Premium lipstick available on Flipkart.,Flipkart
FPRD-01202,Perfume (Series Q826),FCAT-0241,2903.75,313,Premium perfume available on Flipkart.,Flipkart
FPRD-01203,Face Wash (Series P378),FCAT-0241,1995.07,417,Premium face wash available on Flipkart.,Flipkart
FPRD-01204,Face Wash (Series D580),FCAT-0241,1937.27,664,Premium face wash available on Flipkart.,Flipkart
FPRD-01205,Face Wash (Series R769),FCAT-0241,2067.68,205,Premium face wash available on Flipkart.,Flipkart
FPRD-01206,Lipstick (Series I773),FCAT-0242,610.27,165,Premium lipstick available on Flipkart.,Flipkart
FPRD-01207,Face Wash (Series T378),FCAT-0242,896.12,504,Premium face wash available on Flipkart.,Flipkart
FPRD-01208,Hair Oil (Series A492),FCAT-0242,2128.5,451,Premium hair oil available on Flipkart.,Flipkart
FPRD-01209,Face Wash (Series X962),FCAT-0242,624.11,726,Premium face wash available on Flipkart.,Flipkart
FPRD-01210,Face Wash (Series W484),FCAT-0242,104.48,776,Premium face wash available on Flipkart.,Flipkart
FPRD-01211,Lipstick (Series O350),FCAT-0243,928.21,12,Premium lipstick available on Flipkart.,Flipkart
FPRD-01212,Hair Oil (Series C508),FCAT-0243,1073.75,360,Premium hair oil available on Flipkart.,Flipkart
FPRD-01213,Lipstick (Series W664),FCAT-0243,1482.1,513,Premium lipstick available on Flipkart.,Flipkart
FPRD-01214,Trimmer (Series B208),FCAT-0243,1836.6,403,Premium trimmer available on Flipkart.,Flipkart
FPRD-01215,Lipstick (Series K217),FCAT-0243,2485.9,517,Premium lipstick available on Flipkart.,Flipkart
FPRD-01216,Face Wash (Series P188),FCAT-0244,1609.22,575,Premium face wash available on Flipkart.,Flipkart
FPRD-01217,Hair Oil (Series V631),FCAT-0244,2406.95,674,Premium hair oil available on Flipkart.,Flipkart
FPRD-01218,Trimmer (Series D819),FCAT-0244,1752.71,503,Premium trimmer available on Flipkart.,Flipkart
FPRD-01219,Trimmer (Series P811),FCAT-0244,2108.15,25,Premium trimmer available on Flipkart.,Flipkart
FPRD-01220,Trimmer (Series I765),FCAT-0244,1022.96,91,Premium trimmer available on Flipkart.,Flipkart
FPRD-01221,Hair Oil (Series Z218),FCAT-0245,2143.42,171,Premium hair oil available on Flipkart.,Flipkart
FPRD-01222,Lipstick (Series M605),FCAT-0245,2964.35,307,Premium lipstick available on Flipkart.,Flipkart
FPRD-01223,Trimmer (Series I978),FCAT-0245,1356.91,158,Premium trimmer available on Flipkart.,Flipkart
FPRD-01224,Lipstick (Series X720),FCAT-0245,1731.06,713,Premium lipstick available on Flipkart.,Flipkart
FPRD-01225,Trimmer (Series Q207),FCAT-0245,1037.06,711,Premium trimmer available on Flipkart.,Flipkart
FPRD-01226,Trimmer (Series E800),FCAT-0246,1602.44,423,Premium trimmer available on Flipkart.,Flipkart
FPRD-01227,Face Wash (Series G898),FCAT-0246,1483.41,246,Premium face wash available on Flipkart.,Flipkart
FPRD-01228,Trimmer (Series M664),FCAT-0246,416.92,464,Premium trimmer available on Flipkart.,Flipkart
FPRD-01229,Face Wash (Series U442),FCAT-0246,2907.41,567,Premium face wash available on Flipkart.,Flipkart
FPRD-01230,Lipstick (Series K535),FCAT-0246,2357.9,391,Premium lipstick available on Flipkart.,Flipkart
FPRD-01231,Face Wash (Series N182),FCAT-0247,274.86,118,Premium face wash available on Flipkart.,Flipkart
FPRD-01232,Face Wash (Series I727),FCAT-0247,1532.04,783,Premium face wash available on Flipkart.,Flipkart
FPRD-01233,Face Wash (Series W316),FCAT-0247,1749.31,210,Premium face wash available on Flipkart.,Flipkart
FPRD-01234,Lipstick (Series L706),FCAT-0247,1934.55,459,Premium lipstick available on Flipkart.,Flipkart
FPRD-01235,Hair Oil (Series Y130),FCAT-0247,874.44,556,Premium hair oil available on Flipkart.,Flipkart
FPRD-01236,Hair Oil (Series O530),FCAT-0248,846.2,94,Premium hair oil available on Flipkart.,Flipkart
FPRD-01237,Trimmer (Series O577),FCAT-0248,1440.96,335,Premium trimmer available on Flipkart.,Flipkart
FPRD-01238,Perfume (Series B481),FCAT-0248,1088.13,341,Premium perfume available on Flipkart.,Flipkart
FPRD-01239,Hair Oil (Series H184),FCAT-0248,1486.14,303,Premium hair oil available on Flipkart.,Flipkart
FPRD-01240,Perfume (Series A185),FCAT-0248,1863.63,74,Premium perfume available on Flipkart.,Flipkart
FPRD-01241,Lipstick (Series F718),FCAT-0249,247.46,42,Premium lipstick available on Flipkart.,Flipkart
FPRD-01242,Face Wash (Series M256),FCAT-0249,1366.26,125,Premium face wash available on Flipkart.,Flipkart
FPRD-01243,Hair Oil (Series M961),FCAT-0249,165.99,764,Premium hair oil available on Flipkart.,Flipkart
FPRD-01244,Trimmer (Series I264),FCAT-0249,1386.59,38,Premium trimmer available on Flipkart.,Flipkart
FPRD-01245,Perfume (Series V690),FCAT-0249,1668.46,105,Premium perfume available on Flipkart.,Flipkart
FPRD-01246,Face Wash (Series H700),FCAT-0250,2991.78,529,Premium face wash available on Flipkart.,Flipkart
FPRD-01247,Trimmer (Series Z648),FCAT-0250,347.91,104,Premium trimmer available on Flipkart.,Flipkart
FPRD-01248,Perfume (Series B490),FCAT-0250,2093.3,72,Premium perfume available on Flipkart.,Flipkart
FPRD-01249,Face Wash (Series T593),FCAT-0250,1513.27,477,Premium face wash available on Flipkart.,Flipkart
FPRD-01250,Lipstick (Series M867),FCAT-0250,1173.06,657,Premium lipstick available on Flipkart.,Flipkart
FPRD-01251,Treadmill Accessories (Series E123),FCAT-0251,10626.57,72,Premium treadmill accessories available on Flipkart.,Flipkart
FPRD-01252,Yoga Mat (Series K798),FCAT-0251,9061.12,22,Premium yoga mat available on Flipkart.,Flipkart
FPRD-01253,Treadmill Accessories (Series L886),FCAT-0251,7250.01,140,Premium treadmill accessories available on Flipkart.,Flipkart
FPRD-01254,Yoga Mat (Series P831),FCAT-0251,5309.19,657,Premium yoga mat available on Flipkart.,Flipkart
FPRD-01255,Yoga Mat (Series Q281),FCAT-0251,410.91,120,Premium yoga mat available on Flipkart.,Flipkart
FPRD-01256,Dumbbells (Series F751),FCAT-0252,4432.46,229,Premium dumbbells available on Flipkart.,Flipkart
FPRD-01257,Dumbbells (Series I528),FCAT-0252,11238.67,563,Premium dumbbells available on Flipkart.,Flipkart
FPRD-01258,Yoga Mat (Series K374),FCAT-0252,9086.18,52,Premium yoga mat available on Flipkart.,Flipkart
FPRD-01259,Badminton Racket (Series R300),FCAT-0252,2798.69,172,Premium badminton racket available on Flipkart.,Flipkart
FPRD-01260,Treadmill Accessories (Series W584),FCAT-0252,5086.48,252,Premium treadmill accessories available on Flipkart.,Flipkart
FPRD-01261,Badminton Racket (Series V297),FCAT-0253,8920.35,358,Premium badminton racket available on Flipkart.,Flipkart
FPRD-01262,Treadmill Accessories (Series C144),FCAT-0253,5505.46,463,Premium treadmill accessories available on Flipkart.,Flipkart
FPRD-01263,Dumbbells (Series C695),FCAT-0253,2992.47,584,Premium dumbbells available on Flipkart.,Flipkart
FPRD-01264,Badminton Racket (Series Z417),FCAT-0253,4383.42,781,Premium badminton racket available on Flipkart.,Flipkart
FPRD-01265,Badminton Racket (Series B188),FCAT-0253,2220.16,770,Premium badminton racket available on Flipkart.,Flipkart
FPRD-01266,Dumbbells (Series L795),FCAT-0254,5208.35,642,Premium dumbbells available on Flipkart.,Flipkart
FPRD-01267,Yoga Mat (Series J988),FCAT-0254,11850.59,74,Premium yoga mat available on Flipkart.,Flipkart
FPRD-01268,Treadmill Accessories (Series Q550),FCAT-0254,7636.59,305,Premium treadmill accessories available on Flipkart.,Flipkart
FPRD-01269,Badminton Racket (Series M363),FCAT-0254,9053.46,682,Premium badminton racket available on Flipkart.,Flipkart
FPRD-01270,Treadmill Accessories (Series M603),FCAT-0254,7820.26,610,Premium treadmill accessories available on Flipkart.,Flipkart
FPRD-01271,Treadmill Accessories (Series C842),FCAT-0255,3423.93,748,Premium treadmill accessories available on Flipkart.,Flipkart
FPRD-01272,Treadmill Accessories (Series I629),FCAT-0255,6308.5,503,Premium treadmill accessories available on Flipkart.,Flipkart
FPRD-01273,Treadmill Accessories (Series W493),FCAT-0255,4242.33,417,Premium treadmill accessories available on Flipkart.,Flipkart
FPRD-01274,Dumbbells (Series B366),FCAT-0255,1875.33,500,Premium dumbbells available on Flipkart.,Flipkart
FPRD-01275,Yoga Mat (Series U809),FCAT-0255,875.54,799,Premium yoga mat available on Flipkart.,Flipkart
FPRD-01276,Badminton Racket (Series R692),FCAT-0256,343.84,606,Premium badminton racket available on Flipkart.,Flipkart
FPRD-01277,Yoga Mat (Series W501),FCAT-0256,2494.44,243,Premium yoga mat available on Flipkart.,Flipkart
FPRD-01278,Badminton Racket (Series N580),FCAT-0256,3049.02,209,Premium badminton racket available on Flipkart.,Flipkart
FPRD-01279,Treadmill Accessories (Series J386),FCAT-0256,10266.17,439,Premium treadmill accessories available on Flipkart.,Flipkart
FPRD-01280,Treadmill Accessories (Series O845),FCAT-0256,6319.15,69,Premium treadmill accessories available on Flipkart.,Flipkart
FPRD-01281,Yoga Mat (Series Q939),FCAT-0257,779.95,326,Premium yoga mat available on Flipkart.,Flipkart
FPRD-01282,Dumbbells (Series H437),FCAT-0257,4676.88,442,Premium dumbbells available on Flipkart.,Flipkart
FPRD-01283,Badminton Racket (Series A660),FCAT-0257,9041.11,68,Premium badminton racket available on Flipkart.,Flipkart
FPRD-01284,Yoga Mat (Series F324),FCAT-0257,11485.08,576,Premium yoga mat available on Flipkart.,Flipkart
FPRD-01285,Badminton Racket (Series U989),FCAT-0257,3358.01,531,Premium badminton racket available on Flipkart.,Flipkart
FPRD-01286,Dumbbells (Series D375),FCAT-0258,9779.08,348,Premium dumbbells available on Flipkart.,Flipkart
FPRD-01287,Treadmill Accessories (Series V969),FCAT-0258,9305.18,514,Premium treadmill accessories available on Flipkart.,Flipkart
FPRD-01288,Dumbbells (Series I142),FCAT-0258,9304.85,71,Premium dumbbells available on Flipkart.,Flipkart
FPRD-01289,Badminton Racket (Series L173),FCAT-0258,5330.74,545,Premium badminton racket available on Flipkart.,Flipkart
FPRD-01290,Treadmill Accessories (Series M923),FCAT-0258,6433.09,524,Premium treadmill accessories available on Flipkart.,Flipkart
FPRD-01291,Yoga Mat (Series L223),FCAT-0259,4045.52,671,Premium yoga mat available on Flipkart.,Flipkart
FPRD-01292,Yoga Mat (Series H630),FCAT-0259,2560.66,79,Premium yoga mat available on Flipkart.,Flipkart
FPRD-01293,Dumbbells (Series T703),FCAT-0259,10352.36,219,Premium dumbbells available on Flipkart.,Flipkart
FPRD-01294,Dumbbells (Series H650),FCAT-0259,7881.43,612,Premium dumbbells available on Flipkart.,Flipkart
FPRD-01295,Treadmill Accessories (Series B150),FCAT-0259,11163.34,406,Premium treadmill accessories available on Flipkart.,Flipkart
FPRD-01296,Badminton Racket (Series F928),FCAT-0260,9790.59,292,Premium badminton racket available on Flipkart.,Flipkart
FPRD-01297,Yoga Mat (Series X622),FCAT-0260,1461.51,352,Premium yoga mat available on Flipkart.,Flipkart
FPRD-01298,Badminton Racket (Series F550),FCAT-0260,9058.64,290,Premium badminton racket available on Flipkart.,Flipkart
FPRD-01299,Yoga Mat (Series G389),FCAT-0260,10507.48,46,Premium yoga mat available on Flipkart.,Flipkart
FPRD-01300,Badminton Racket (Series H161),FCAT-0260,425.07,646,Premium badminton racket available on Flipkart.,Flipkart
FPRD-01301,Badminton Racket (Series A257),FCAT-0261,8839.31,387,Premium badminton racket available on Flipkart.,Flipkart
FPRD-01302,Yoga Mat (Series Z192),FCAT-0261,1314.09,574,Premium yoga mat available on Flipkart.,Flipkart
FPRD-01303,Dumbbells (Series W263),FCAT-0261,4323.3,181,Premium dumbbells available on Flipkart.,Flipkart
FPRD-01304,Treadmill Accessories (Series S655),FCAT-0261,1289.08,530,Premium treadmill accessories available on Flipkart.,Flipkart
FPRD-01305,Treadmill Accessories (Series D402),FCAT-0261,10613.38,746,Premium treadmill accessories available on Flipkart.,Flipkart
FPRD-01306,Badminton Racket (Series P696),FCAT-0262,6712.11,790,Premium badminton racket available on Flipkart.,Flipkart
FPRD-01307,Yoga Mat (Series P420),FCAT-0262,1500.7,319,Premium yoga mat available on Flipkart.,Flipkart
FPRD-01308,Badminton Racket (Series F353),FCAT-0262,6664.18,75,Premium badminton racket available on Flipkart.,Flipkart
FPRD-01309,Dumbbells (Series G106),FCAT-0262,10473.16,520,Premium dumbbells available on Flipkart.,Flipkart
FPRD-01310,Badminton Racket (Series W268),FCAT-0262,3880.01,65,Premium badminton racket available on Flipkart.,Flipkart
FPRD-01311,Badminton Racket (Series T429),FCAT-0263,9424.14,282,Premium badminton racket available on Flipkart.,Flipkart
FPRD-01312,Dumbbells (Series D263),FCAT-0263,4425.51,249,Premium dumbbells available on Flipkart.,Flipkart
FPRD-01313,Yoga Mat (Series Z498),FCAT-0263,3164.93,128,Premium yoga mat available on Flipkart.,Flipkart
FPRD-01314,Yoga Mat (Series C710),FCAT-0263,11343.92,292,Premium yoga mat available on Flipkart.,Flipkart
FPRD-01315,Dumbbells (Series U523),FCAT-0263,5780.99,225,Premium dumbbells available on Flipkart.,Flipkart
FPRD-01316,Dumbbells (Series F877),FCAT-0264,3973.58,764,Premium dumbbells available on Flipkart.,Flipkart
FPRD-01317,Treadmill Accessories (Series O857),FCAT-0264,6754.91,524,Premium treadmill accessories available on Flipkart.,Flipkart
FPRD-01318,Badminton Racket (Series V593),FCAT-0264,9849.16,613,Premium badminton racket available on Flipkart.,Flipkart
FPRD-01319,Dumbbells (Series B249),FCAT-0264,2177.53,154,Premium dumbbells available on Flipkart.,Flipkart
FPRD-01320,Treadmill Accessories (Series C579),FCAT-0264,9420.19,343,Premium treadmill accessories available on Flipkart.,Flipkart
FPRD-01321,Dumbbells (Series X942),FCAT-0265,6103.53,582,Premium dumbbells available on Flipkart.,Flipkart
FPRD-01322,Badminton Racket (Series L638),FCAT-0265,9286.53,358,Premium badminton racket available on Flipkart.,Flipkart
FPRD-01323,Dumbbells (Series I287),FCAT-0265,8457.09,417,Premium dumbbells available on Flipkart.,Flipkart
FPRD-01324,Dumbbells (Series J132),FCAT-0265,1682.87,796,Premium dumbbells available on Flipkart.,Flipkart
FPRD-01325,Treadmill Accessories (Series Y689),FCAT-0265,7292.04,279,Premium treadmill accessories available on Flipkart.,Flipkart
FPRD-01326,Yoga Mat (Series H803),FCAT-0266,8067.15,342,Premium yoga mat available on Flipkart.,Flipkart
FPRD-01327,Badminton Racket (Series A604),FCAT-0266,4858.23,397,Premium badminton racket available on Flipkart.,Flipkart
FPRD-01328,Badminton Racket (Series V814),FCAT-0266,11873.47,468,Premium badminton racket available on Flipkart.,Flipkart
FPRD-01329,Dumbbells (Series I202),FCAT-0266,366.84,663,Premium dumbbells available on Flipkart.,Flipkart
FPRD-01330,Badminton Racket (Series B153),FCAT-0266,5850.26,376,Premium badminton racket available on Flipkart.,Flipkart
FPRD-01331,Yoga Mat (Series G650),FCAT-0267,5546.91,400,Premium yoga mat available on Flipkart.,Flipkart
FPRD-01332,Yoga Mat (Series N820),FCAT-0267,11951.0,424,Premium yoga mat available on Flipkart.,Flipkart
FPRD-01333,Treadmill Accessories (Series A289),FCAT-0267,3486.33,158,Premium treadmill accessories available on Flipkart.,Flipkart
FPRD-01334,Yoga Mat (Series U592),FCAT-0267,5948.56,710,Premium yoga mat available on Flipkart.,Flipkart
FPRD-01335,Badminton Racket (Series D343),FCAT-0267,9024.43,240,Premium badminton racket available on Flipkart.,Flipkart
FPRD-01336,Yoga Mat (Series C484),FCAT-0268,10803.62,34,Premium yoga mat available on Flipkart.,Flipkart
FPRD-01337,Yoga Mat (Series X994),FCAT-0268,11522.32,302,Premium yoga mat available on Flipkart.,Flipkart
FPRD-01338,Badminton Racket (Series Y257),FCAT-0268,3821.14,697,Premium badminton racket available on Flipkart.,Flipkart
FPRD-01339,Treadmill Accessories (Series Q204),FCAT-0268,11161.68,329,Premium treadmill accessories available on Flipkart.,Flipkart
FPRD-01340,Treadmill Accessories (Series J900),FCAT-0268,5980.03,471,Premium treadmill accessories available on Flipkart.,Flipkart
FPRD-01341,Badminton Racket (Series J571),FCAT-0269,5420.2,183,Premium badminton racket available on Flipkart.,Flipkart
FPRD-01342,Badminton Racket (Series R438),FCAT-0269,5898.81,576,Premium badminton racket available on Flipkart.,Flipkart
FPRD-01343,Treadmill Accessories (Series O660),FCAT-0269,1959.43,44,Premium treadmill accessories available on Flipkart.,Flipkart
FPRD-01344,Treadmill Accessories (Series S626),FCAT-0269,7227.72,93,Premium treadmill accessories available on Flipkart.,Flipkart
FPRD-01345,Yoga Mat (Series S390),FCAT-0269,7084.9,619,Premium yoga mat available on Flipkart.,Flipkart
FPRD-01346,Yoga Mat (Series M643),FCAT-0270,7966.05,564,Premium yoga mat available on Flipkart.,Flipkart
FPRD-01347,Dumbbells (Series K567),FCAT-0270,10829.54,497,Premium dumbbells available on Flipkart.,Flipkart
FPRD-01348,Treadmill Accessories (Series E947),FCAT-0270,8094.24,168,Premium treadmill accessories available on Flipkart.,Flipkart
FPRD-01349,Dumbbells (Series M430),FCAT-0270,10600.26,662,Premium dumbbells available on Flipkart.,Flipkart
FPRD-01350,Badminton Racket (Series Y346),FCAT-0270,1758.22,76,Premium badminton racket available on Flipkart.,Flipkart
FPRD-01351,Dumbbells (Series H217),FCAT-0271,8635.19,493,Premium dumbbells available on Flipkart.,Flipkart
FPRD-01352,Treadmill Accessories (Series E826),FCAT-0271,2500.52,136,Premium treadmill accessories available on Flipkart.,Flipkart
FPRD-01353,Dumbbells (Series F982),FCAT-0271,10192.11,10,Premium dumbbells available on Flipkart.,Flipkart
FPRD-01354,Yoga Mat (Series X875),FCAT-0271,8331.51,342,Premium yoga mat available on Flipkart.,Flipkart
FPRD-01355,Badminton Racket (Series C739),FCAT-0271,9506.98,632,Premium badminton racket available on Flipkart.,Flipkart
FPRD-01356,Yoga Mat (Series U164),FCAT-0272,9456.08,114,Premium yoga mat available on Flipkart.,Flipkart
FPRD-01357,Dumbbells (Series I121),FCAT-0272,8321.52,434,Premium dumbbells available on Flipkart.,Flipkart
FPRD-01358,Treadmill Accessories (Series X222),FCAT-0272,8225.28,184,Premium treadmill accessories available on Flipkart.,Flipkart
FPRD-01359,Badminton Racket (Series O373),FCAT-0272,7937.9,782,Premium badminton racket available on Flipkart.,Flipkart
FPRD-01360,Badminton Racket (Series B182),FCAT-0272,7622.49,406,Premium badminton racket available on Flipkart.,Flipkart
FPRD-01361,Yoga Mat (Series S959),FCAT-0273,11650.7,21,Premium yoga mat available on Flipkart.,Flipkart
FPRD-01362,Yoga Mat (Series O444),FCAT-0273,10995.52,73,Premium yoga mat available on Flipkart.,Flipkart
FPRD-01363,Treadmill Accessories (Series M436),FCAT-0273,6197.06,249,Premium treadmill accessories available on Flipkart.,Flipkart
FPRD-01364,Yoga Mat (Series C332),FCAT-0273,593.96,458,Premium yoga mat available on Flipkart.,Flipkart
FPRD-01365,Dumbbells (Series S920),FCAT-0273,5481.81,607,Premium dumbbells available on Flipkart.,Flipkart
FPRD-01366,Badminton Racket (Series Z465),FCAT-0274,6709.81,151,Premium badminton racket available on Flipkart.,Flipkart
FPRD-01367,Badminton Racket (Series F290),FCAT-0274,3226.9,136,Premium badminton racket available on Flipkart.,Flipkart
FPRD-01368,Yoga Mat (Series G398),FCAT-0274,5179.48,31,Premium yoga mat available on Flipkart.,Flipkart
FPRD-01369,Treadmill Accessories (Series H589),FCAT-0274,11381.95,530,Premium treadmill accessories available on Flipkart.,Flipkart
FPRD-01370,Dumbbells (Series S321),FCAT-0274,10291.53,768,Premium dumbbells available on Flipkart.,Flipkart
FPRD-01371,Yoga Mat (Series Z922),FCAT-0275,2121.73,325,Premium yoga mat available on Flipkart.,Flipkart
FPRD-01372,Badminton Racket (Series Y594),FCAT-0275,6406.17,503,Premium badminton racket available on Flipkart.,Flipkart
FPRD-01373,Dumbbells (Series A270),FCAT-0275,5740.61,367,Premium dumbbells available on Flipkart.,Flipkart
FPRD-01374,Dumbbells (Series H570),FCAT-0275,7518.48,378,Premium dumbbells available on Flipkart.,Flipkart
FPRD-01375,Yoga Mat (Series M803),FCAT-0275,3440.37,763,Premium yoga mat available on Flipkart.,Flipkart
FPRD-01376,Dumbbells (Series R264),FCAT-0276,7268.86,587,Premium dumbbells available on Flipkart.,Flipkart
FPRD-01377,Treadmill Accessories (Series C168),FCAT-0276,11403.24,16,Premium treadmill accessories available on Flipkart.,Flipkart
FPRD-01378,Yoga Mat (Series Z718),FCAT-0276,11085.5,512,Premium yoga mat available on Flipkart.,Flipkart
FPRD-01379,Badminton Racket (Series V174),FCAT-0276,10303.36,144,Premium badminton racket available on Flipkart.,Flipkart
FPRD-01380,Yoga Mat (Series O116),FCAT-0276,8436.76,670,Premium yoga mat available on Flipkart.,Flipkart
FPRD-01381,Yoga Mat (Series P737),FCAT-0277,8559.33,581,Premium yoga mat available on Flipkart.,Flipkart
FPRD-01382,Dumbbells (Series J625),FCAT-0277,1150.97,414,Premium dumbbells available on Flipkart.,Flipkart
FPRD-01383,Dumbbells (Series T940),FCAT-0277,4872.63,59,Premium dumbbells available on Flipkart.,Flipkart
FPRD-01384,Treadmill Accessories (Series L810),FCAT-0277,3203.5,396,Premium treadmill accessories available on Flipkart.,Flipkart
FPRD-01385,Dumbbells (Series R563),FCAT-0277,10827.43,600,Premium dumbbells available on Flipkart.,Flipkart
FPRD-01386,Dumbbells (Series O881),FCAT-0278,2932.92,142,Premium dumbbells available on Flipkart.,Flipkart
FPRD-01387,Yoga Mat (Series V712),FCAT-0278,1611.69,389,Premium yoga mat available on Flipkart.,Flipkart
FPRD-01388,Treadmill Accessories (Series B860),FCAT-0278,8380.8,237,Premium treadmill accessories available on Flipkart.,Flipkart
FPRD-01389,Yoga Mat (Series Y948),FCAT-0278,4196.74,389,Premium yoga mat available on Flipkart.,Flipkart
FPRD-01390,Yoga Mat (Series U372),FCAT-0278,4464.24,173,Premium yoga mat available on Flipkart.,Flipkart
FPRD-01391,Yoga Mat (Series C321),FCAT-0279,11020.59,192,Premium yoga mat available on Flipkart.,Flipkart
FPRD-01392,Badminton Racket (Series Q973),FCAT-0279,5855.28,302,Premium badminton racket available on Flipkart.,Flipkart
FPRD-01393,Dumbbells (Series T189),FCAT-0279,9875.78,280,Premium dumbbells available on Flipkart.,Flipkart
FPRD-01394,Dumbbells (Series C227),FCAT-0279,7106.26,772,Premium dumbbells available on Flipkart.,Flipkart
FPRD-01395,Treadmill Accessories (Series C912),FCAT-0279,2434.93,374,Premium treadmill accessories available on Flipkart.,Flipkart
FPRD-01396,Dumbbells (Series L964),FCAT-0280,5873.2,692,Premium dumbbells available on Flipkart.,Flipkart
FPRD-01397,Badminton Racket (Series Q603),FCAT-0280,7301.21,580,Premium badminton racket available on Flipkart.,Flipkart
FPRD-01398,Badminton Racket (Series S852),FCAT-0280,5493.27,204,Premium badminton racket available on Flipkart.,Flipkart
FPRD-01399,Treadmill Accessories (Series O990),FCAT-0280,764.45,182,Premium treadmill accessories available on Flipkart.,Flipkart
FPRD-01400,Badminton Racket (Series U783),FCAT-0280,3875.19,171,Premium badminton racket available on Flipkart.,Flipkart
FPRD-01401,Dumbbells (Series N664),FCAT-0281,488.75,633,Premium dumbbells available on Flipkart.,Flipkart
FPRD-01402,Badminton Racket (Series U585),FCAT-0281,5357.72,340,Premium badminton racket available on Flipkart.,Flipkart
FPRD-01403,Treadmill Accessories (Series P211),FCAT-0281,2118.62,16,Premium treadmill accessories available on Flipkart.,Flipkart
FPRD-01404,Yoga Mat (Series V514),FCAT-0281,10984.57,22,Premium yoga mat available on Flipkart.,Flipkart
FPRD-01405,Treadmill Accessories (Series V410),FCAT-0281,11115.11,167,Premium treadmill accessories available on Flipkart.,Flipkart
FPRD-01406,Treadmill Accessories (Series L516),FCAT-0282,7013.75,784,Premium treadmill accessories available on Flipkart.,Flipkart
FPRD-01407,Treadmill Accessories (Series K305),FCAT-0282,8067.38,375,Premium treadmill accessories available on Flipkart.,Flipkart
FPRD-01408,Dumbbells (Series H500),FCAT-0282,10907.22,370,Premium dumbbells available on Flipkart.,Flipkart
FPRD-01409,Dumbbells (Series A632),FCAT-0282,6664.75,203,Premium dumbbells available on Flipkart.,Flipkart
FPRD-01410,Treadmill Accessories (Series N634),FCAT-0282,3086.85,512,Premium treadmill accessories available on Flipkart.,Flipkart
FPRD-01411,Yoga Mat (Series E715),FCAT-0283,11472.71,338,Premium yoga mat available on Flipkart.,Flipkart
FPRD-01412,Treadmill Accessories (Series R789),FCAT-0283,4080.16,588,Premium treadmill accessories available on Flipkart.,Flipkart
FPRD-01413,Treadmill Accessories (Series C542),FCAT-0283,1737.22,788,Premium treadmill accessories available on Flipkart.,Flipkart
FPRD-01414,Yoga Mat (Series X185),FCAT-0283,11909.87,95,Premium yoga mat available on Flipkart.,Flipkart
FPRD-01415,Dumbbells (Series W426),FCAT-0283,1275.82,775,Premium dumbbells available on Flipkart.,Flipkart
FPRD-01416,Badminton Racket (Series V325),FCAT-0284,339.74,283,Premium badminton racket available on Flipkart.,Flipkart
FPRD-01417,Dumbbells (Series D396),FCAT-0284,1635.51,197,Premium dumbbells available on Flipkart.,Flipkart
FPRD-01418,Badminton Racket (Series B675),FCAT-0284,4265.57,350,Premium badminton racket available on Flipkart.,Flipkart
FPRD-01419,Dumbbells (Series V585),FCAT-0284,10854.71,440,Premium dumbbells available on Flipkart.,Flipkart
FPRD-01420,Yoga Mat (Series I591),FCAT-0284,5145.72,484,Premium yoga mat available on Flipkart.,Flipkart
FPRD-01421,Treadmill Accessories (Series X832),FCAT-0285,3516.39,592,Premium treadmill accessories available on Flipkart.,Flipkart
FPRD-01422,Dumbbells (Series S918),FCAT-0285,487.2,432,Premium dumbbells available on Flipkart.,Flipkart
FPRD-01423,Badminton Racket (Series T966),FCAT-0285,6164.63,315,Premium badminton racket available on Flipkart.,Flipkart
FPRD-01424,Yoga Mat (Series C622),FCAT-0285,7926.95,336,Premium yoga mat available on Flipkart.,Flipkart
FPRD-01425,Badminton Racket (Series A876),FCAT-0285,7203.85,338,Premium badminton racket available on Flipkart.,Flipkart
FPRD-01426,Badminton Racket (Series Y893),FCAT-0286,4711.59,384,Premium badminton racket available on Flipkart.,Flipkart
FPRD-01427,Yoga Mat (Series T599),FCAT-0286,8936.22,757,Premium yoga mat available on Flipkart.,Flipkart
FPRD-01428,Treadmill Accessories (Series N960),FCAT-0286,10026.92,299,Premium treadmill accessories available on Flipkart.,Flipkart
FPRD-01429,Yoga Mat (Series V278),FCAT-0286,10486.97,766,Premium yoga mat available on Flipkart.,Flipkart
FPRD-01430,Yoga Mat (Series L469),FCAT-0286,5182.58,564,Premium yoga mat available on Flipkart.,Flipkart
FPRD-01431,Treadmill Accessories (Series K604),FCAT-0287,10306.34,619,Premium treadmill accessories available on Flipkart.,Flipkart
FPRD-01432,Treadmill Accessories (Series K851),FCAT-0287,9951.23,120,Premium treadmill accessories available on Flipkart.,Flipkart
FPRD-01433,Dumbbells (Series J794),FCAT-0287,2410.56,571,Premium dumbbells available on Flipkart.,Flipkart
FPRD-01434,Yoga Mat (Series G690),FCAT-0287,11352.25,199,Premium yoga mat available on Flipkart.,Flipkart
FPRD-01435,Treadmill Accessories (Series H685),FCAT-0287,9204.56,247,Premium treadmill accessories available on Flipkart.,Flipkart
FPRD-01436,Dumbbells (Series J862),FCAT-0288,7465.21,127,Premium dumbbells available on Flipkart.,Flipkart
FPRD-01437,Dumbbells (Series E671),FCAT-0288,10526.78,303,Premium dumbbells available on Flipkart.,Flipkart
FPRD-01438,Treadmill Accessories (Series M345),FCAT-0288,3723.87,649,Premium treadmill accessories available on Flipkart.,Flipkart
FPRD-01439,Yoga Mat (Series X876),FCAT-0288,8153.78,422,Premium yoga mat available on Flipkart.,Flipkart
FPRD-01440,Yoga Mat (Series R430),FCAT-0288,515.92,368,Premium yoga mat available on Flipkart.,Flipkart
FPRD-01441,Dumbbells (Series M859),FCAT-0289,6357.65,42,Premium dumbbells available on Flipkart.,Flipkart
FPRD-01442,Treadmill Accessories (Series F920),FCAT-0289,4040.73,91,Premium treadmill accessories available on Flipkart.,Flipkart
FPRD-01443,Badminton Racket (Series G413),FCAT-0289,11098.02,523,Premium badminton racket available on Flipkart.,Flipkart
FPRD-01444,Dumbbells (Series C925),FCAT-0289,9626.49,377,Premium dumbbells available on Flipkart.,Flipkart
FPRD-01445,Yoga Mat (Series M517),FCAT-0289,5815.46,452,Premium yoga mat available on Flipkart.,Flipkart
FPRD-01446,Badminton Racket (Series D511),FCAT-0290,8360.43,252,Premium badminton racket available on Flipkart.,Flipkart
FPRD-01447,Yoga Mat (Series U429),FCAT-0290,11562.11,90,Premium yoga mat available on Flipkart.,Flipkart
FPRD-01448,Treadmill Accessories (Series F352),FCAT-0290,10409.09,508,Premium treadmill accessories available on Flipkart.,Flipkart
FPRD-01449,Treadmill Accessories (Series D248),FCAT-0290,1314.09,465,Premium treadmill accessories available on Flipkart.,Flipkart
FPRD-01450,Badminton Racket (Series Y113),FCAT-0290,6553.33,729,Premium badminton racket available on Flipkart.,Flipkart
FPRD-01451,Yoga Mat (Series X745),FCAT-0291,7158.32,366,Premium yoga mat available on Flipkart.,Flipkart
FPRD-01452,Treadmill Accessories (Series N208),FCAT-0291,6082.87,690,Premium treadmill accessories available on Flipkart.,Flipkart
FPRD-01453,Treadmill Accessories (Series O640),FCAT-0291,4237.74,182,Premium treadmill accessories available on Flipkart.,Flipkart
FPRD-01454,Yoga Mat (Series R109),FCAT-0291,10890.67,482,Premium yoga mat available on Flipkart.,Flipkart
FPRD-01455,Yoga Mat (Series Z153),FCAT-0291,1077.84,174,Premium yoga mat available on Flipkart.,Flipkart
FPRD-01456,Badminton Racket (Series L203),FCAT-0292,4853.91,645,Premium badminton racket available on Flipkart.,Flipkart
FPRD-01457,Treadmill Accessories (Series N624),FCAT-0292,2280.72,285,Premium treadmill accessories available on Flipkart.,Flipkart
FPRD-01458,Treadmill Accessories (Series L180),FCAT-0292,9492.76,515,Premium treadmill accessories available on Flipkart.,Flipkart
FPRD-01459,Badminton Racket (Series L135),FCAT-0292,10256.83,576,Premium badminton racket available on Flipkart.,Flipkart
FPRD-01460,Yoga Mat (Series G849),FCAT-0292,10029.68,202,Premium yoga mat available on Flipkart.,Flipkart
FPRD-01461,Yoga Mat (Series A727),FCAT-0293,10145.71,663,Premium yoga mat available on Flipkart.,Flipkart
FPRD-01462,Yoga Mat (Series L305),FCAT-0293,1973.97,12,Premium yoga mat available on Flipkart.,Flipkart
FPRD-01463,Treadmill Accessories (Series Z570),FCAT-0293,3825.41,90,Premium treadmill accessories available on Flipkart.,Flipkart
FPRD-01464,Dumbbells (Series P106),FCAT-0293,6541.36,573,Premium dumbbells available on Flipkart.,Flipkart
FPRD-01465,Dumbbells (Series N814),FCAT-0293,8409.0,223,Premium dumbbells available on Flipkart.,Flipkart
FPRD-01466,Badminton Racket (Series G925),FCAT-0294,2981.98,222,Premium badminton racket available on Flipkart.,Flipkart
FPRD-01467,Yoga Mat (Series Y384),FCAT-0294,409.55,12,Premium yoga mat available on Flipkart.,Flipkart
FPRD-01468,Treadmill Accessories (Series U147),FCAT-0294,10423.5,567,Premium treadmill accessories available on Flipkart.,Flipkart
FPRD-01469,Yoga Mat (Series F573),FCAT-0294,11287.19,779,Premium yoga mat available on Flipkart.,Flipkart
FPRD-01470,Yoga Mat (Series I897),FCAT-0294,443.94,324,Premium yoga mat available on Flipkart.,Flipkart
FPRD-01471,Dumbbells (Series S566),FCAT-0295,5402.38,726,Premium dumbbells available on Flipkart.,Flipkart
FPRD-01472,Badminton Racket (Series G877),FCAT-0295,3508.79,567,Premium badminton racket available on Flipkart.,Flipkart
FPRD-01473,Dumbbells (Series U991),FCAT-0295,5009.84,666,Premium dumbbells available on Flipkart.,Flipkart
FPRD-01474,Badminton Racket (Series K195),FCAT-0295,4480.26,649,Premium badminton racket available on Flipkart.,Flipkart
FPRD-01475,Badminton Racket (Series V735),FCAT-0295,1810.15,470,Premium badminton racket available on Flipkart.,Flipkart
FPRD-01476,Yoga Mat (Series K917),FCAT-0296,2293.56,562,Premium yoga mat available on Flipkart.,Flipkart
FPRD-01477,Dumbbells (Series L475),FCAT-0296,2419.78,677,Premium dumbbells available on Flipkart.,Flipkart
FPRD-01478,Badminton Racket (Series K325),FCAT-0296,8592.87,265,Premium badminton racket available on Flipkart.,Flipkart
FPRD-01479,Yoga Mat (Series R545),FCAT-0296,11754.97,780,Premium yoga mat available on Flipkart.,Flipkart
FPRD-01480,Treadmill Accessories (Series A750),FCAT-0296,6793.08,670,Premium treadmill accessories available on Flipkart.,Flipkart
FPRD-01481,Treadmill Accessories (Series U912),FCAT-0297,7932.18,292,Premium treadmill accessories available on Flipkart.,Flipkart
FPRD-01482,Treadmill Accessories (Series N378),FCAT-0297,10483.09,345,Premium treadmill accessories available on Flipkart.,Flipkart
FPRD-01483,Dumbbells (Series T560),FCAT-0297,7347.43,141,Premium dumbbells available on Flipkart.,Flipkart
FPRD-01484,Badminton Racket (Series T388),FCAT-0297,9482.71,570,Premium badminton racket available on Flipkart.,Flipkart
FPRD-01485,Yoga Mat (Series P609),FCAT-0297,3387.88,430,Premium yoga mat available on Flipkart.,Flipkart
FPRD-01486,Dumbbells (Series O754),FCAT-0298,6582.42,155,Premium dumbbells available on Flipkart.,Flipkart
FPRD-01487,Dumbbells (Series M510),FCAT-0298,2741.0,112,Premium dumbbells available on Flipkart.,Flipkart
FPRD-01488,Yoga Mat (Series T922),FCAT-0298,7926.25,615,Premium yoga mat available on Flipkart.,Flipkart
FPRD-01489,Dumbbells (Series G887),FCAT-0298,11386.3,634,Premium dumbbells available on Flipkart.,Flipkart
FPRD-01490,Treadmill Accessories (Series C870),FCAT-0298,11932.42,746,Premium treadmill accessories available on Flipkart.,Flipkart
FPRD-01491,Dumbbells (Series R566),FCAT-0299,4317.04,389,Premium dumbbells available on Flipkart.,Flipkart
FPRD-01492,Dumbbells (Series N236),FCAT-0299,2703.11,350,Premium dumbbells available on Flipkart.,Flipkart
FPRD-01493,Yoga Mat (Series A905),FCAT-0299,1793.75,73,Premium yoga mat available on Flipkart.,Flipkart
FPRD-01494,Dumbbells (Series I336),FCAT-0299,6540.74,747,Premium dumbbells available on Flipkart.,Flipkart
FPRD-01495,Yoga Mat (Series I888),FCAT-0299,3098.19,383,Premium yoga mat available on Flipkart.,Flipkart
FPRD-01496,Yoga Mat (Series K655),FCAT-0300,5852.22,252,Premium yoga mat available on Flipkart.,Flipkart
FPRD-01497,Treadmill Accessories (Series C615),FCAT-0300,380.53,319,Premium treadmill accessories available on Flipkart.,Flipkart
FPRD-01498,Yoga Mat (Series J106),FCAT-0300,7389.82,309,Premium yoga mat available on Flipkart.,Flipkart
FPRD-01499,Dumbbells (Series V644),FCAT-0300,2865.13,341,Premium dumbbells available on Flipkart.,Flipkart
FPRD-01500,Dumbbells (Series U559),FCAT-0300,3151.63,367,Premium dumbbells available on Flipkart.,Flipkart
FPRD-01501,Fiction Book (Series C650),FCAT-0301,564.58,576,Premium fiction book available on Flipkart.,Flipkart
FPRD-01502,Biography (Series E134),FCAT-0301,1074.95,447,Premium biography available on Flipkart.,Flipkart
FPRD-01503,Competitive Exam Guide (Series I450),FCAT-0301,413.51,689,Premium competitive exam guide available on Flipkart.,Flipkart
FPRD-01504,Competitive Exam Guide (Series G903),FCAT-0301,378.09,557,Premium competitive exam guide available on Flipkart.,Flipkart
FPRD-01505,Competitive Exam Guide (Series R756),FCAT-0301,625.56,139,Premium competitive exam guide available on Flipkart.,Flipkart
FPRD-01506,Competitive Exam Guide (Series R617),FCAT-0302,671.41,480,Premium competitive exam guide available on Flipkart.,Flipkart
FPRD-01507,Competitive Exam Guide (Series C550),FCAT-0302,1115.58,77,Premium competitive exam guide available on Flipkart.,Flipkart
FPRD-01508,Competitive Exam Guide (Series R223),FCAT-0302,231.99,95,Premium competitive exam guide available on Flipkart.,Flipkart
FPRD-01509,Competitive Exam Guide (Series U796),FCAT-0302,695.9,121,Premium competitive exam guide available on Flipkart.,Flipkart
FPRD-01510,Biography (Series I404),FCAT-0302,1090.49,66,Premium biography available on Flipkart.,Flipkart
FPRD-01511,Biography (Series A461),FCAT-0303,160.0,322,Premium biography available on Flipkart.,Flipkart
FPRD-01512,Notebook (Series R578),FCAT-0303,669.78,620,Premium notebook available on Flipkart.,Flipkart
FPRD-01513,Competitive Exam Guide (Series V121),FCAT-0303,686.82,727,Premium competitive exam guide available on Flipkart.,Flipkart
FPRD-01514,Competitive Exam Guide (Series K266),FCAT-0303,320.35,100,Premium competitive exam guide available on Flipkart.,Flipkart
FPRD-01515,Fiction Book (Series E731),FCAT-0303,823.33,233,Premium fiction book available on Flipkart.,Flipkart
FPRD-01516,Fiction Book (Series S767),FCAT-0304,210.23,582,Premium fiction book available on Flipkart.,Flipkart
FPRD-01517,Notebook (Series A286),FCAT-0304,816.18,553,Premium notebook available on Flipkart.,Flipkart
FPRD-01518,Notebook (Series R334),FCAT-0304,281.77,672,Premium notebook available on Flipkart.,Flipkart
FPRD-01519,Competitive Exam Guide (Series T880),FCAT-0304,189.28,430,Premium competitive exam guide available on Flipkart.,Flipkart
FPRD-01520,Competitive Exam Guide (Series V287),FCAT-0304,741.24,541,Premium competitive exam guide available on Flipkart.,Flipkart
FPRD-01521,Biography (Series F338),FCAT-0305,228.17,94,Premium biography available on Flipkart.,Flipkart
FPRD-01522,Fiction Book (Series V587),FCAT-0305,660.41,641,Premium fiction book available on Flipkart.,Flipkart
FPRD-01523,Fiction Book (Series E741),FCAT-0305,983.96,523,Premium fiction book available on Flipkart.,Flipkart
FPRD-01524,Biography (Series M996),FCAT-0305,379.19,192,Premium biography available on Flipkart.,Flipkart
FPRD-01525,Notebook (Series N571),FCAT-0305,736.95,674,Premium notebook available on Flipkart.,Flipkart
FPRD-01526,Competitive Exam Guide (Series V233),FCAT-0306,390.48,614,Premium competitive exam guide available on Flipkart.,Flipkart
FPRD-01527,Notebook (Series F651),FCAT-0306,310.2,309,Premium notebook available on Flipkart.,Flipkart
FPRD-01528,Notebook (Series P666),FCAT-0306,863.0,275,Premium notebook available on Flipkart.,Flipkart
FPRD-01529,Fiction Book (Series T117),FCAT-0306,872.9,769,Premium fiction book available on Flipkart.,Flipkart
FPRD-01530,Fiction Book (Series K932),FCAT-0306,1115.75,761,Premium fiction book available on Flipkart.,Flipkart
FPRD-01531,Competitive Exam Guide (Series U953),FCAT-0307,366.76,411,Premium competitive exam guide available on Flipkart.,Flipkart
FPRD-01532,Fiction Book (Series T484),FCAT-0307,748.21,536,Premium fiction book available on Flipkart.,Flipkart
FPRD-01533,Biography (Series U577),FCAT-0307,868.11,594,Premium biography available on Flipkart.,Flipkart
FPRD-01534,Biography (Series D110),FCAT-0307,848.87,688,Premium biography available on Flipkart.,Flipkart
FPRD-01535,Competitive Exam Guide (Series C554),FCAT-0307,952.98,757,Premium competitive exam guide available on Flipkart.,Flipkart
FPRD-01536,Competitive Exam Guide (Series B361),FCAT-0308,558.25,446,Premium competitive exam guide available on Flipkart.,Flipkart
FPRD-01537,Fiction Book (Series R906),FCAT-0308,338.68,448,Premium fiction book available on Flipkart.,Flipkart
FPRD-01538,Notebook (Series R960),FCAT-0308,1175.42,176,Premium notebook available on Flipkart.,Flipkart
FPRD-01539,Competitive Exam Guide (Series I521),FCAT-0308,698.23,650,Premium competitive exam guide available on Flipkart.,Flipkart
FPRD-01540,Notebook (Series J416),FCAT-0308,737.61,254,Premium notebook available on Flipkart.,Flipkart
FPRD-01541,Notebook (Series O485),FCAT-0309,93.46,774,Premium notebook available on Flipkart.,Flipkart
FPRD-01542,Notebook (Series S356),FCAT-0309,575.48,643,Premium notebook available on Flipkart.,Flipkart
FPRD-01543,Notebook (Series P631),FCAT-0309,988.21,417,Premium notebook available on Flipkart.,Flipkart
FPRD-01544,Competitive Exam Guide (Series I116),FCAT-0309,808.07,421,Premium competitive exam guide available on Flipkart.,Flipkart
FPRD-01545,Biography (Series B622),FCAT-0309,1050.46,536,Premium biography available on Flipkart.,Flipkart
FPRD-01546,Fiction Book (Series O545),FCAT-0310,1130.38,728,Premium fiction book available on Flipkart.,Flipkart
FPRD-01547,Biography (Series W645),FCAT-0310,616.5,187,Premium biography available on Flipkart.,Flipkart
FPRD-01548,Biography (Series K951),FCAT-0310,353.63,165,Premium biography available on Flipkart.,Flipkart
FPRD-01549,Biography (Series P879),FCAT-0310,653.14,487,Premium biography available on Flipkart.,Flipkart
FPRD-01550,Competitive Exam Guide (Series E189),FCAT-0310,129.92,79,Premium competitive exam guide available on Flipkart.,Flipkart
FPRD-01551,Biography (Series T669),FCAT-0311,383.81,728,Premium biography available on Flipkart.,Flipkart
FPRD-01552,Notebook (Series L829),FCAT-0311,498.61,501,Premium notebook available on Flipkart.,Flipkart
FPRD-01553,Biography (Series U949),FCAT-0311,1023.26,560,Premium biography available on Flipkart.,Flipkart
FPRD-01554,Notebook (Series K349),FCAT-0311,254.39,684,Premium notebook available on Flipkart.,Flipkart
FPRD-01555,Fiction Book (Series F811),FCAT-0311,696.74,696,Premium fiction book available on Flipkart.,Flipkart
FPRD-01556,Competitive Exam Guide (Series I963),FCAT-0312,1034.21,706,Premium competitive exam guide available on Flipkart.,Flipkart
FPRD-01557,Biography (Series D914),FCAT-0312,326.59,639,Premium biography available on Flipkart.,Flipkart
FPRD-01558,Competitive Exam Guide (Series O710),FCAT-0312,1183.6,32,Premium competitive exam guide available on Flipkart.,Flipkart
FPRD-01559,Fiction Book (Series W416),FCAT-0312,334.24,63,Premium fiction book available on Flipkart.,Flipkart
FPRD-01560,Biography (Series A183),FCAT-0312,332.42,539,Premium biography available on Flipkart.,Flipkart
FPRD-01561,Competitive Exam Guide (Series H481),FCAT-0313,1199.96,325,Premium competitive exam guide available on Flipkart.,Flipkart
FPRD-01562,Notebook (Series M180),FCAT-0313,1155.57,715,Premium notebook available on Flipkart.,Flipkart
FPRD-01563,Competitive Exam Guide (Series S898),FCAT-0313,995.54,645,Premium competitive exam guide available on Flipkart.,Flipkart
FPRD-01564,Fiction Book (Series X309),FCAT-0313,216.22,522,Premium fiction book available on Flipkart.,Flipkart
FPRD-01565,Fiction Book (Series L769),FCAT-0313,488.27,769,Premium fiction book available on Flipkart.,Flipkart
FPRD-01566,Biography (Series C402),FCAT-0314,1122.54,279,Premium biography available on Flipkart.,Flipkart
FPRD-01567,Notebook (Series C998),FCAT-0314,856.96,758,Premium notebook available on Flipkart.,Flipkart
FPRD-01568,Fiction Book (Series A753),FCAT-0314,337.62,317,Premium fiction book available on Flipkart.,Flipkart
FPRD-01569,Notebook (Series J420),FCAT-0314,1198.37,757,Premium notebook available on Flipkart.,Flipkart
FPRD-01570,Competitive Exam Guide (Series Z518),FCAT-0314,94.12,200,Premium competitive exam guide available on Flipkart.,Flipkart
FPRD-01571,Biography (Series V941),FCAT-0315,1110.05,105,Premium biography available on Flipkart.,Flipkart
FPRD-01572,Biography (Series B260),FCAT-0315,490.18,37,Premium biography available on Flipkart.,Flipkart
FPRD-01573,Fiction Book (Series Y515),FCAT-0315,865.26,218,Premium fiction book available on Flipkart.,Flipkart
FPRD-01574,Notebook (Series A553),FCAT-0315,194.11,259,Premium notebook available on Flipkart.,Flipkart
FPRD-01575,Notebook (Series I506),FCAT-0315,104.32,230,Premium notebook available on Flipkart.,Flipkart
FPRD-01576,Competitive Exam Guide (Series L511),FCAT-0316,222.65,305,Premium competitive exam guide available on Flipkart.,Flipkart
FPRD-01577,Notebook (Series O178),FCAT-0316,392.09,360,Premium notebook available on Flipkart.,Flipkart
FPRD-01578,Competitive Exam Guide (Series H281),FCAT-0316,271.84,743,Premium competitive exam guide available on Flipkart.,Flipkart
FPRD-01579,Competitive Exam Guide (Series F320),FCAT-0316,801.27,678,Premium competitive exam guide available on Flipkart.,Flipkart
FPRD-01580,Notebook (Series C279),FCAT-0316,829.83,672,Premium notebook available on Flipkart.,Flipkart
FPRD-01581,Fiction Book (Series S856),FCAT-0317,584.1,742,Premium fiction book available on Flipkart.,Flipkart
FPRD-01582,Competitive Exam Guide (Series P391),FCAT-0317,936.02,736,Premium competitive exam guide available on Flipkart.,Flipkart
FPRD-01583,Notebook (Series T513),FCAT-0317,1191.92,534,Premium notebook available on Flipkart.,Flipkart
FPRD-01584,Notebook (Series B331),FCAT-0317,470.22,140,Premium notebook available on Flipkart.,Flipkart
FPRD-01585,Competitive Exam Guide (Series N726),FCAT-0317,471.48,194,Premium competitive exam guide available on Flipkart.,Flipkart
FPRD-01586,Biography (Series Z967),FCAT-0318,1065.95,126,Premium biography available on Flipkart.,Flipkart
FPRD-01587,Competitive Exam Guide (Series M251),FCAT-0318,466.87,384,Premium competitive exam guide available on Flipkart.,Flipkart
FPRD-01588,Notebook (Series M517),FCAT-0318,369.74,776,Premium notebook available on Flipkart.,Flipkart
FPRD-01589,Competitive Exam Guide (Series Q159),FCAT-0318,962.98,562,Premium competitive exam guide available on Flipkart.,Flipkart
FPRD-01590,Notebook (Series O280),FCAT-0318,933.71,379,Premium notebook available on Flipkart.,Flipkart
FPRD-01591,Notebook (Series L467),FCAT-0319,293.83,485,Premium notebook available on Flipkart.,Flipkart
FPRD-01592,Biography (Series Y782),FCAT-0319,947.3,273,Premium biography available on Flipkart.,Flipkart
FPRD-01593,Biography (Series D183),FCAT-0319,1070.71,723,Premium biography available on Flipkart.,Flipkart
FPRD-01594,Notebook (Series K765),FCAT-0319,721.51,297,Premium notebook available on Flipkart.,Flipkart
FPRD-01595,Competitive Exam Guide (Series K704),FCAT-0319,1063.09,696,Premium competitive exam guide available on Flipkart.,Flipkart
FPRD-01596,Competitive Exam Guide (Series B925),FCAT-0320,170.57,481,Premium competitive exam guide available on Flipkart.,Flipkart
FPRD-01597,Biography (Series L299),FCAT-0320,850.98,326,Premium biography available on Flipkart.,Flipkart
FPRD-01598,Notebook (Series Q302),FCAT-0320,815.39,515,Premium notebook available on Flipkart.,Flipkart
FPRD-01599,Competitive Exam Guide (Series V666),FCAT-0320,266.59,224,Premium competitive exam guide available on Flipkart.,Flipkart
FPRD-01600,Fiction Book (Series Q652),FCAT-0320,1157.86,312,Premium fiction book available on Flipkart.,Flipkart
FPRD-01601,Fiction Book (Series L973),FCAT-0321,834.66,614,Premium fiction book available on Flipkart.,Flipkart
FPRD-01602,Biography (Series U440),FCAT-0321,141.04,404,Premium biography available on Flipkart.,Flipkart
FPRD-01603,Competitive Exam Guide (Series M692),FCAT-0321,743.67,243,Premium competitive exam guide available on Flipkart.,Flipkart
FPRD-01604,Notebook (Series Y768),FCAT-0321,337.92,33,Premium notebook available on Flipkart.,Flipkart
FPRD-01605,Biography (Series P195),FCAT-0321,974.13,292,Premium biography available on Flipkart.,Flipkart
FPRD-01606,Fiction Book (Series M190),FCAT-0322,456.11,165,Premium fiction book available on Flipkart.,Flipkart
FPRD-01607,Fiction Book (Series R887),FCAT-0322,1173.06,488,Premium fiction book available on Flipkart.,Flipkart
FPRD-01608,Notebook (Series C920),FCAT-0322,1102.42,640,Premium notebook available on Flipkart.,Flipkart
FPRD-01609,Competitive Exam Guide (Series E696),FCAT-0322,936.78,432,Premium competitive exam guide available on Flipkart.,Flipkart
FPRD-01610,Notebook (Series H946),FCAT-0322,563.18,18,Premium notebook available on Flipkart.,Flipkart
FPRD-01611,Biography (Series P753),FCAT-0323,992.02,167,Premium biography available on Flipkart.,Flipkart
FPRD-01612,Biography (Series W487),FCAT-0323,1143.86,526,Premium biography available on Flipkart.,Flipkart
FPRD-01613,Notebook (Series A264),FCAT-0323,1011.21,337,Premium notebook available on Flipkart.,Flipkart
FPRD-01614,Competitive Exam Guide (Series S960),FCAT-0323,514.02,340,Premium competitive exam guide available on Flipkart.,Flipkart
FPRD-01615,Biography (Series U896),FCAT-0323,574.25,19,Premium biography available on Flipkart.,Flipkart
FPRD-01616,Competitive Exam Guide (Series O505),FCAT-0324,1021.41,427,Premium competitive exam guide available on Flipkart.,Flipkart
FPRD-01617,Biography (Series S894),FCAT-0324,640.82,16,Premium biography available on Flipkart.,Flipkart
FPRD-01618,Fiction Book (Series C571),FCAT-0324,205.87,301,Premium fiction book available on Flipkart.,Flipkart
FPRD-01619,Competitive Exam Guide (Series U390),FCAT-0324,873.12,267,Premium competitive exam guide available on Flipkart.,Flipkart
FPRD-01620,Fiction Book (Series F306),FCAT-0324,690.35,683,Premium fiction book available on Flipkart.,Flipkart
FPRD-01621,Notebook (Series I667),FCAT-0325,171.65,209,Premium notebook available on Flipkart.,Flipkart
FPRD-01622,Fiction Book (Series P217),FCAT-0325,683.77,28,Premium fiction book available on Flipkart.,Flipkart
FPRD-01623,Notebook (Series C527),FCAT-0325,901.56,123,Premium notebook available on Flipkart.,Flipkart
FPRD-01624,Notebook (Series R137),FCAT-0325,387.46,284,Premium notebook available on Flipkart.,Flipkart
FPRD-01625,Competitive Exam Guide (Series L265),FCAT-0325,1056.37,46,Premium competitive exam guide available on Flipkart.,Flipkart
FPRD-01626,Fiction Book (Series B371),FCAT-0326,408.72,255,Premium fiction book available on Flipkart.,Flipkart
FPRD-01627,Fiction Book (Series I829),FCAT-0326,570.41,378,Premium fiction book available on Flipkart.,Flipkart
FPRD-01628,Competitive Exam Guide (Series O631),FCAT-0326,404.06,392,Premium competitive exam guide available on Flipkart.,Flipkart
FPRD-01629,Fiction Book (Series N712),FCAT-0326,137.77,25,Premium fiction book available on Flipkart.,Flipkart
FPRD-01630,Fiction Book (Series S598),FCAT-0326,913.53,152,Premium fiction book available on Flipkart.,Flipkart
FPRD-01631,Fiction Book (Series Q175),FCAT-0327,726.98,511,Premium fiction book available on Flipkart.,Flipkart
FPRD-01632,Competitive Exam Guide (Series A945),FCAT-0327,1044.27,780,Premium competitive exam guide available on Flipkart.,Flipkart
FPRD-01633,Notebook (Series F985),FCAT-0327,273.5,82,Premium notebook available on Flipkart.,Flipkart
FPRD-01634,Notebook (Series P977),FCAT-0327,440.23,623,Premium notebook available on Flipkart.,Flipkart
FPRD-01635,Notebook (Series U337),FCAT-0327,714.73,96,Premium notebook available on Flipkart.,Flipkart
FPRD-01636,Notebook (Series V116),FCAT-0328,1147.28,48,Premium notebook available on Flipkart.,Flipkart
FPRD-01637,Fiction Book (Series O382),FCAT-0328,232.22,241,Premium fiction book available on Flipkart.,Flipkart
FPRD-01638,Fiction Book (Series T512),FCAT-0328,877.17,661,Premium fiction book available on Flipkart.,Flipkart
FPRD-01639,Competitive Exam Guide (Series S289),FCAT-0328,621.18,168,Premium competitive exam guide available on Flipkart.,Flipkart
FPRD-01640,Fiction Book (Series T417),FCAT-0328,929.66,504,Premium fiction book available on Flipkart.,Flipkart
FPRD-01641,Biography (Series G541),FCAT-0329,1181.74,316,Premium biography available on Flipkart.,Flipkart
FPRD-01642,Biography (Series K635),FCAT-0329,619.26,797,Premium biography available on Flipkart.,Flipkart
FPRD-01643,Biography (Series M702),FCAT-0329,377.3,343,Premium biography available on Flipkart.,Flipkart
FPRD-01644,Biography (Series X221),FCAT-0329,998.23,157,Premium biography available on Flipkart.,Flipkart
FPRD-01645,Fiction Book (Series D273),FCAT-0329,322.57,31,Premium fiction book available on Flipkart.,Flipkart
FPRD-01646,Competitive Exam Guide (Series Y318),FCAT-0330,1011.81,728,Premium competitive exam guide available on Flipkart.,Flipkart
FPRD-01647,Notebook (Series B119),FCAT-0330,520.52,773,Premium notebook available on Flipkart.,Flipkart
FPRD-01648,Notebook (Series O517),FCAT-0330,269.2,479,Premium notebook available on Flipkart.,Flipkart
FPRD-01649,Fiction Book (Series W150),FCAT-0330,600.38,705,Premium fiction book available on Flipkart.,Flipkart
FPRD-01650,Competitive Exam Guide (Series P421),FCAT-0330,1145.04,678,Premium competitive exam guide available on Flipkart.,Flipkart
FPRD-01651,Biography (Series D433),FCAT-0331,1140.3,404,Premium biography available on Flipkart.,Flipkart
FPRD-01652,Biography (Series Q178),FCAT-0331,1096.24,644,Premium biography available on Flipkart.,Flipkart
FPRD-01653,Biography (Series M579),FCAT-0331,448.49,53,Premium biography available on Flipkart.,Flipkart
FPRD-01654,Biography (Series X564),FCAT-0331,179.57,673,Premium biography available on Flipkart.,Flipkart
FPRD-01655,Notebook (Series H390),FCAT-0331,154.84,281,Premium notebook available on Flipkart.,Flipkart
FPRD-01656,Fiction Book (Series K801),FCAT-0332,1177.63,139,Premium fiction book available on Flipkart.,Flipkart
FPRD-01657,Biography (Series K282),FCAT-0332,461.89,594,Premium biography available on Flipkart.,Flipkart
FPRD-01658,Biography (Series R917),FCAT-0332,162.49,792,Premium biography available on Flipkart.,Flipkart
FPRD-01659,Notebook (Series I523),FCAT-0332,481.67,533,Premium notebook available on Flipkart.,Flipkart
FPRD-01660,Notebook (Series Y236),FCAT-0332,166.81,314,Premium notebook available on Flipkart.,Flipkart
FPRD-01661,Fiction Book (Series M434),FCAT-0333,1039.51,481,Premium fiction book available on Flipkart.,Flipkart
FPRD-01662,Fiction Book (Series U532),FCAT-0333,985.32,776,Premium fiction book available on Flipkart.,Flipkart
FPRD-01663,Biography (Series U407),FCAT-0333,1177.17,651,Premium biography available on Flipkart.,Flipkart
FPRD-01664,Competitive Exam Guide (Series K836),FCAT-0333,1148.63,225,Premium competitive exam guide available on Flipkart.,Flipkart
FPRD-01665,Notebook (Series A269),FCAT-0333,673.67,504,Premium notebook available on Flipkart.,Flipkart
FPRD-01666,Fiction Book (Series H414),FCAT-0334,444.2,738,Premium fiction book available on Flipkart.,Flipkart
FPRD-01667,Fiction Book (Series X150),FCAT-0334,794.0,651,Premium fiction book available on Flipkart.,Flipkart
FPRD-01668,Fiction Book (Series H203),FCAT-0334,552.24,799,Premium fiction book available on Flipkart.,Flipkart
FPRD-01669,Fiction Book (Series E167),FCAT-0334,302.46,243,Premium fiction book available on Flipkart.,Flipkart
FPRD-01670,Biography (Series M681),FCAT-0334,508.08,310,Premium biography available on Flipkart.,Flipkart
FPRD-01671,Fiction Book (Series F784),FCAT-0335,876.74,453,Premium fiction book available on Flipkart.,Flipkart
FPRD-01672,Competitive Exam Guide (Series X250),FCAT-0335,975.79,477,Premium competitive exam guide available on Flipkart.,Flipkart
FPRD-01673,Fiction Book (Series C178),FCAT-0335,642.7,319,Premium fiction book available on Flipkart.,Flipkart
FPRD-01674,Notebook (Series U718),FCAT-0335,903.43,537,Premium notebook available on Flipkart.,Flipkart
FPRD-01675,Competitive Exam Guide (Series W516),FCAT-0335,177.6,545,Premium competitive exam guide available on Flipkart.,Flipkart
FPRD-01676,Competitive Exam Guide (Series W292),FCAT-0336,680.1,306,Premium competitive exam guide available on Flipkart.,Flipkart
FPRD-01677,Notebook (Series S783),FCAT-0336,525.62,453,Premium notebook available on Flipkart.,Flipkart
FPRD-01678,Competitive Exam Guide (Series E944),FCAT-0336,823.93,68,Premium competitive exam guide available on Flipkart.,Flipkart
FPRD-01679,Fiction Book (Series X850),FCAT-0336,300.79,776,Premium fiction book available on Flipkart.,Flipkart
FPRD-01680,Notebook (Series Y157),FCAT-0336,296.16,586,Premium notebook available on Flipkart.,Flipkart
FPRD-01681,Fiction Book (Series Y120),FCAT-0337,823.31,345,Premium fiction book available on Flipkart.,Flipkart
FPRD-01682,Fiction Book (Series N420),FCAT-0337,1064.38,630,Premium fiction book available on Flipkart.,Flipkart
FPRD-01683,Notebook (Series X402),FCAT-0337,942.59,768,Premium notebook available on Flipkart.,Flipkart
FPRD-01684,Notebook (Series M307),FCAT-0337,563.87,681,Premium notebook available on Flipkart.,Flipkart
FPRD-01685,Notebook (Series K137),FCAT-0337,641.98,637,Premium notebook available on Flipkart.,Flipkart
FPRD-01686,Fiction Book (Series L736),FCAT-0338,675.15,463,Premium fiction book available on Flipkart.,Flipkart
FPRD-01687,Fiction Book (Series O284),FCAT-0338,293.31,694,Premium fiction book available on Flipkart.,Flipkart
FPRD-01688,Biography (Series K555),FCAT-0338,427.1,123,Premium biography available on Flipkart.,Flipkart
FPRD-01689,Competitive Exam Guide (Series F142),FCAT-0338,867.44,221,Premium competitive exam guide available on Flipkart.,Flipkart
FPRD-01690,Notebook (Series G552),FCAT-0338,783.95,261,Premium notebook available on Flipkart.,Flipkart
FPRD-01691,Competitive Exam Guide (Series S284),FCAT-0339,172.54,168,Premium competitive exam guide available on Flipkart.,Flipkart
FPRD-01692,Biography (Series W274),FCAT-0339,933.54,777,Premium biography available on Flipkart.,Flipkart
FPRD-01693,Notebook (Series W928),FCAT-0339,352.44,489,Premium notebook available on Flipkart.,Flipkart
FPRD-01694,Notebook (Series Q797),FCAT-0339,1059.81,217,Premium notebook available on Flipkart.,Flipkart
FPRD-01695,Notebook (Series S461),FCAT-0339,411.05,286,Premium notebook available on Flipkart.,Flipkart
FPRD-01696,Notebook (Series J338),FCAT-0340,1047.2,183,Premium notebook available on Flipkart.,Flipkart
FPRD-01697,Competitive Exam Guide (Series T954),FCAT-0340,653.8,510,Premium competitive exam guide available on Flipkart.,Flipkart
FPRD-01698,Fiction Book (Series B276),FCAT-0340,125.01,341,Premium fiction book available on Flipkart.,Flipkart
FPRD-01699,Competitive Exam Guide (Series S761),FCAT-0340,448.82,401,Premium competitive exam guide available on Flipkart.,Flipkart
FPRD-01700,Notebook (Series L695),FCAT-0340,875.36,765,Premium notebook available on Flipkart.,Flipkart
FPRD-01701,Biography (Series P611),FCAT-0341,448.77,434,Premium biography available on Flipkart.,Flipkart
FPRD-01702,Competitive Exam Guide (Series F343),FCAT-0341,106.26,118,Premium competitive exam guide available on Flipkart.,Flipkart
FPRD-01703,Fiction Book (Series W427),FCAT-0341,108.52,590,Premium fiction book available on Flipkart.,Flipkart
FPRD-01704,Fiction Book (Series M139),FCAT-0341,613.73,757,Premium fiction book available on Flipkart.,Flipkart
FPRD-01705,Notebook (Series R421),FCAT-0341,1185.43,48,Premium notebook available on Flipkart.,Flipkart
FPRD-01706,Notebook (Series N753),FCAT-0342,321.08,626,Premium notebook available on Flipkart.,Flipkart
FPRD-01707,Fiction Book (Series R373),FCAT-0342,534.89,78,Premium fiction book available on Flipkart.,Flipkart
FPRD-01708,Notebook (Series B473),FCAT-0342,906.72,465,Premium notebook available on Flipkart.,Flipkart
FPRD-01709,Competitive Exam Guide (Series B455),FCAT-0342,268.28,289,Premium competitive exam guide available on Flipkart.,Flipkart
FPRD-01710,Fiction Book (Series X980),FCAT-0342,353.27,374,Premium fiction book available on Flipkart.,Flipkart
FPRD-01711,Competitive Exam Guide (Series T901),FCAT-0343,643.03,666,Premium competitive exam guide available on Flipkart.,Flipkart
FPRD-01712,Notebook (Series E622),FCAT-0343,343.71,220,Premium notebook available on Flipkart.,Flipkart
FPRD-01713,Notebook (Series Z966),FCAT-0343,314.77,530,Premium notebook available on Flipkart.,Flipkart
FPRD-01714,Biography (Series L619),FCAT-0343,379.15,170,Premium biography available on Flipkart.,Flipkart
FPRD-01715,Competitive Exam Guide (Series J622),FCAT-0343,449.44,492,Premium competitive exam guide available on Flipkart.,Flipkart
FPRD-01716,Competitive Exam Guide (Series U165),FCAT-0344,597.0,173,Premium competitive exam guide available on Flipkart.,Flipkart
FPRD-01717,Biography (Series I337),FCAT-0344,537.65,619,Premium biography available on Flipkart.,Flipkart
FPRD-01718,Competitive Exam Guide (Series X956),FCAT-0344,503.29,630,Premium competitive exam guide available on Flipkart.,Flipkart
FPRD-01719,Biography (Series P869),FCAT-0344,328.48,545,Premium biography available on Flipkart.,Flipkart
FPRD-01720,Biography (Series J268),FCAT-0344,289.88,136,Premium biography available on Flipkart.,Flipkart
FPRD-01721,Notebook (Series G305),FCAT-0345,275.58,694,Premium notebook available on Flipkart.,Flipkart
FPRD-01722,Notebook (Series N772),FCAT-0345,769.99,210,Premium notebook available on Flipkart.,Flipkart
FPRD-01723,Competitive Exam Guide (Series I528),FCAT-0345,1076.25,49,Premium competitive exam guide available on Flipkart.,Flipkart
FPRD-01724,Biography (Series N535),FCAT-0345,512.93,755,Premium biography available on Flipkart.,Flipkart
FPRD-01725,Competitive Exam Guide (Series L474),FCAT-0345,611.64,322,Premium competitive exam guide available on Flipkart.,Flipkart
FPRD-01726,Notebook (Series Z186),FCAT-0346,565.38,593,Premium notebook available on Flipkart.,Flipkart
FPRD-01727,Competitive Exam Guide (Series W179),FCAT-0346,1015.73,609,Premium competitive exam guide available on Flipkart.,Flipkart
FPRD-01728,Competitive Exam Guide (Series F768),FCAT-0346,727.08,237,Premium competitive exam guide available on Flipkart.,Flipkart
FPRD-01729,Notebook (Series K523),FCAT-0346,356.94,573,Premium notebook available on Flipkart.,Flipkart
FPRD-01730,Competitive Exam Guide (Series E328),FCAT-0346,1050.8,390,Premium competitive exam guide available on Flipkart.,Flipkart
FPRD-01731,Biography (Series A510),FCAT-0347,385.56,790,Premium biography available on Flipkart.,Flipkart
FPRD-01732,Notebook (Series V462),FCAT-0347,123.41,294,Premium notebook available on Flipkart.,Flipkart
FPRD-01733,Biography (Series Z102),FCAT-0347,266.18,208,Premium biography available on Flipkart.,Flipkart
FPRD-01734,Competitive Exam Guide (Series I903),FCAT-0347,731.78,403,Premium competitive exam guide available on Flipkart.,Flipkart
FPRD-01735,Competitive Exam Guide (Series S363),FCAT-0347,417.32,371,Premium competitive exam guide available on Flipkart.,Flipkart
FPRD-01736,Fiction Book (Series B470),FCAT-0348,417.39,20,Premium fiction book available on Flipkart.,Flipkart
FPRD-01737,Fiction Book (Series F298),FCAT-0348,732.09,87,Premium fiction book available on Flipkart.,Flipkart
FPRD-01738,Fiction Book (Series S302),FCAT-0348,467.91,469,Premium fiction book available on Flipkart.,Flipkart
FPRD-01739,Competitive Exam Guide (Series E631),FCAT-0348,812.39,373,Premium competitive exam guide available on Flipkart.,Flipkart
FPRD-01740,Fiction Book (Series T224),FCAT-0348,794.51,118,Premium fiction book available on Flipkart.,Flipkart
FPRD-01741,Competitive Exam Guide (Series O161),FCAT-0349,252.87,70,Premium competitive exam guide available on Flipkart.,Flipkart
FPRD-01742,Biography (Series N615),FCAT-0349,688.2,416,Premium biography available on Flipkart.,Flipkart
FPRD-01743,Fiction Book (Series Q166),FCAT-0349,780.67,718,Premium fiction book available on Flipkart.,Flipkart
FPRD-01744,Competitive Exam Guide (Series W337),FCAT-0349,1121.75,730,Premium competitive exam guide available on Flipkart.,Flipkart
FPRD-01745,Fiction Book (Series H862),FCAT-0349,373.67,462,Premium fiction book available on Flipkart.,Flipkart
FPRD-01746,Fiction Book (Series M193),FCAT-0350,1117.07,379,Premium fiction book available on Flipkart.,Flipkart
FPRD-01747,Notebook (Series L183),FCAT-0350,1018.41,455,Premium notebook available on Flipkart.,Flipkart
FPRD-01748,Biography (Series R874),FCAT-0350,851.71,22,Premium biography available on Flipkart.,Flipkart
FPRD-01749,Fiction Book (Series K283),FCAT-0350,919.15,672,Premium fiction book available on Flipkart.,Flipkart
FPRD-01750,Fiction Book (Series Q554),FCAT-0350,850.19,304,Premium fiction book available on Flipkart.,Flipkart
FPRD-01751,Diapers (Series T538),FCAT-0351,2510.9,430,Premium diapers available on Flipkart.,Flipkart
FPRD-01752,Action Figure (Series V114),FCAT-0351,5908.98,692,Premium action figure available on Flipkart.,Flipkart
FPRD-01753,Board Game (Series D883),FCAT-0351,5066.95,454,Premium board game available on Flipkart.,Flipkart
FPRD-01754,Action Figure (Series C649),FCAT-0351,2719.77,531,Premium action figure available on Flipkart.,Flipkart
FPRD-01755,Diapers (Series F179),FCAT-0351,5787.35,378,Premium diapers available on Flipkart.,Flipkart
FPRD-01756,Diapers (Series O197),FCAT-0352,608.26,630,Premium diapers available on Flipkart.,Flipkart
FPRD-01757,Action Figure (Series P925),FCAT-0352,4372.29,70,Premium action figure available on Flipkart.,Flipkart
FPRD-01758,Action Figure (Series Z340),FCAT-0352,5474.06,121,Premium action figure available on Flipkart.,Flipkart
FPRD-01759,Board Game (Series M170),FCAT-0352,1375.12,424,Premium board game available on Flipkart.,Flipkart
FPRD-01760,Soft Toy (Series A409),FCAT-0352,4850.46,42,Premium soft toy available on Flipkart.,Flipkart
FPRD-01761,Board Game (Series R991),FCAT-0353,1320.05,605,Premium board game available on Flipkart.,Flipkart
FPRD-01762,Diapers (Series B389),FCAT-0353,3653.21,476,Premium diapers available on Flipkart.,Flipkart
FPRD-01763,Soft Toy (Series T846),FCAT-0353,5803.43,561,Premium soft toy available on Flipkart.,Flipkart
FPRD-01764,Board Game (Series F285),FCAT-0353,1863.52,115,Premium board game available on Flipkart.,Flipkart
FPRD-01765,Board Game (Series S498),FCAT-0353,2168.06,649,Premium board game available on Flipkart.,Flipkart
FPRD-01766,Action Figure (Series V722),FCAT-0354,2640.16,481,Premium action figure available on Flipkart.,Flipkart
FPRD-01767,Action Figure (Series V607),FCAT-0354,3188.27,786,Premium action figure available on Flipkart.,Flipkart
FPRD-01768,Diapers (Series L662),FCAT-0354,5839.14,747,Premium diapers available on Flipkart.,Flipkart
FPRD-01769,Diapers (Series Q174),FCAT-0354,948.55,253,Premium diapers available on Flipkart.,Flipkart
FPRD-01770,Board Game (Series L303),FCAT-0354,1401.42,10,Premium board game available on Flipkart.,Flipkart
FPRD-01771,Diapers (Series I597),FCAT-0355,4091.86,536,Premium diapers available on Flipkart.,Flipkart
FPRD-01772,Soft Toy (Series J758),FCAT-0355,5521.15,626,Premium soft toy available on Flipkart.,Flipkart
FPRD-01773,Soft Toy (Series Q968),FCAT-0355,4703.8,645,Premium soft toy available on Flipkart.,Flipkart
FPRD-01774,Action Figure (Series A963),FCAT-0355,1398.23,78,Premium action figure available on Flipkart.,Flipkart
FPRD-01775,Board Game (Series R808),FCAT-0355,1540.31,708,Premium board game available on Flipkart.,Flipkart
FPRD-01776,Diapers (Series K386),FCAT-0356,2044.9,394,Premium diapers available on Flipkart.,Flipkart
FPRD-01777,Diapers (Series N367),FCAT-0356,1830.18,22,Premium diapers available on Flipkart.,Flipkart
FPRD-01778,Soft Toy (Series V925),FCAT-0356,1862.5,620,Premium soft toy available on Flipkart.,Flipkart
FPRD-01779,Diapers (Series S676),FCAT-0356,974.07,86,Premium diapers available on Flipkart.,Flipkart
FPRD-01780,Soft Toy (Series Y351),FCAT-0356,1167.63,308,Premium soft toy available on Flipkart.,Flipkart
FPRD-01781,Action Figure (Series O332),FCAT-0357,3691.63,610,Premium action figure available on Flipkart.,Flipkart
FPRD-01782,Action Figure (Series L336),FCAT-0357,4616.74,722,Premium action figure available on Flipkart.,Flipkart
FPRD-01783,Board Game (Series L889),FCAT-0357,4933.27,599,Premium board game available on Flipkart.,Flipkart
FPRD-01784,Diapers (Series O208),FCAT-0357,1978.44,700,Premium diapers available on Flipkart.,Flipkart
FPRD-01785,Action Figure (Series N144),FCAT-0357,4896.19,35,Premium action figure available on Flipkart.,Flipkart
FPRD-01786,Soft Toy (Series E854),FCAT-0358,3576.28,740,Premium soft toy available on Flipkart.,Flipkart
FPRD-01787,Diapers (Series J278),FCAT-0358,3275.4,116,Premium diapers available on Flipkart.,Flipkart
FPRD-01788,Board Game (Series E946),FCAT-0358,4829.52,533,Premium board game available on Flipkart.,Flipkart
FPRD-01789,Action Figure (Series R559),FCAT-0358,4229.9,480,Premium action figure available on Flipkart.,Flipkart
FPRD-01790,Diapers (Series R854),FCAT-0358,623.03,291,Premium diapers available on Flipkart.,Flipkart
FPRD-01791,Diapers (Series E880),FCAT-0359,291.84,259,Premium diapers available on Flipkart.,Flipkart
FPRD-01792,Diapers (Series Z420),FCAT-0359,3688.17,217,Premium diapers available on Flipkart.,Flipkart
FPRD-01793,Action Figure (Series E340),FCAT-0359,4860.29,303,Premium action figure available on Flipkart.,Flipkart
FPRD-01794,Diapers (Series Y115),FCAT-0359,954.83,270,Premium diapers available on Flipkart.,Flipkart
FPRD-01795,Board Game (Series M964),FCAT-0359,3119.49,217,Premium board game available on Flipkart.,Flipkart
FPRD-01796,Board Game (Series Y469),FCAT-0360,4389.94,61,Premium board game available on Flipkart.,Flipkart
FPRD-01797,Soft Toy (Series M420),FCAT-0360,1014.71,761,Premium soft toy available on Flipkart.,Flipkart
FPRD-01798,Action Figure (Series G219),FCAT-0360,2144.85,564,Premium action figure available on Flipkart.,Flipkart
FPRD-01799,Action Figure (Series Z830),FCAT-0360,2759.76,289,Premium action figure available on Flipkart.,Flipkart
FPRD-01800,Action Figure (Series Y985),FCAT-0360,3903.06,124,Premium action figure available on Flipkart.,Flipkart
FPRD-01801,Board Game (Series A425),FCAT-0361,3687.0,372,Premium board game available on Flipkart.,Flipkart
FPRD-01802,Board Game (Series W769),FCAT-0361,5040.15,759,Premium board game available on Flipkart.,Flipkart
FPRD-01803,Soft Toy (Series W371),FCAT-0361,2813.86,94,Premium soft toy available on Flipkart.,Flipkart
FPRD-01804,Board Game (Series R554),FCAT-0361,291.82,623,Premium board game available on Flipkart.,Flipkart
FPRD-01805,Board Game (Series I672),FCAT-0361,1706.49,391,Premium board game available on Flipkart.,Flipkart
FPRD-01806,Board Game (Series A758),FCAT-0362,1754.72,202,Premium board game available on Flipkart.,Flipkart
FPRD-01807,Diapers (Series Z287),FCAT-0362,4396.37,693,Premium diapers available on Flipkart.,Flipkart
FPRD-01808,Diapers (Series H130),FCAT-0362,1369.8,262,Premium diapers available on Flipkart.,Flipkart
FPRD-01809,Soft Toy (Series L555),FCAT-0362,3057.62,430,Premium soft toy available on Flipkart.,Flipkart
FPRD-01810,Diapers (Series V258),FCAT-0362,3008.36,227,Premium diapers available on Flipkart.,Flipkart
FPRD-01811,Soft Toy (Series Y979),FCAT-0363,4728.11,51,Premium soft toy available on Flipkart.,Flipkart
FPRD-01812,Soft Toy (Series G194),FCAT-0363,2986.3,795,Premium soft toy available on Flipkart.,Flipkart
FPRD-01813,Soft Toy (Series W339),FCAT-0363,650.4,616,Premium soft toy available on Flipkart.,Flipkart
FPRD-01814,Board Game (Series U912),FCAT-0363,1978.82,452,Premium board game available on Flipkart.,Flipkart
FPRD-01815,Board Game (Series E180),FCAT-0363,3655.95,92,Premium board game available on Flipkart.,Flipkart
FPRD-01816,Soft Toy (Series F442),FCAT-0364,733.34,775,Premium soft toy available on Flipkart.,Flipkart
FPRD-01817,Board Game (Series Y280),FCAT-0364,646.8,125,Premium board game available on Flipkart.,Flipkart
FPRD-01818,Diapers (Series F261),FCAT-0364,5736.71,255,Premium diapers available on Flipkart.,Flipkart
FPRD-01819,Board Game (Series Z970),FCAT-0364,4587.32,382,Premium board game available on Flipkart.,Flipkart
FPRD-01820,Diapers (Series L568),FCAT-0364,1661.1,423,Premium diapers available on Flipkart.,Flipkart
FPRD-01821,Action Figure (Series D241),FCAT-0365,4743.32,147,Premium action figure available on Flipkart.,Flipkart
FPRD-01822,Soft Toy (Series X631),FCAT-0365,3926.38,622,Premium soft toy available on Flipkart.,Flipkart
FPRD-01823,Soft Toy (Series B762),FCAT-0365,622.77,293,Premium soft toy available on Flipkart.,Flipkart
FPRD-01824,Action Figure (Series F783),FCAT-0365,3387.71,422,Premium action figure available on Flipkart.,Flipkart
FPRD-01825,Action Figure (Series M876),FCAT-0365,4858.43,231,Premium action figure available on Flipkart.,Flipkart
FPRD-01826,Soft Toy (Series Y121),FCAT-0366,4136.32,147,Premium soft toy available on Flipkart.,Flipkart
FPRD-01827,Soft Toy (Series A523),FCAT-0366,3557.87,349,Premium soft toy available on Flipkart.,Flipkart
FPRD-01828,Soft Toy (Series E404),FCAT-0366,747.63,496,Premium soft toy available on Flipkart.,Flipkart
FPRD-01829,Soft Toy (Series O118),FCAT-0366,1835.75,213,Premium soft toy available on Flipkart.,Flipkart
FPRD-01830,Soft Toy (Series B472),FCAT-0366,5956.65,622,Premium soft toy available on Flipkart.,Flipkart
FPRD-01831,Board Game (Series J310),FCAT-0367,909.56,681,Premium board game available on Flipkart.,Flipkart
FPRD-01832,Action Figure (Series K214),FCAT-0367,1025.18,567,Premium action figure available on Flipkart.,Flipkart
FPRD-01833,Action Figure (Series P558),FCAT-0367,1386.54,548,Premium action figure available on Flipkart.,Flipkart
FPRD-01834,Action Figure (Series D133),FCAT-0367,3141.58,505,Premium action figure available on Flipkart.,Flipkart
FPRD-01835,Action Figure (Series M132),FCAT-0367,4855.36,279,Premium action figure available on Flipkart.,Flipkart
FPRD-01836,Board Game (Series N256),FCAT-0368,5700.32,169,Premium board game available on Flipkart.,Flipkart
FPRD-01837,Board Game (Series I738),FCAT-0368,3534.32,63,Premium board game available on Flipkart.,Flipkart
FPRD-01838,Board Game (Series Q348),FCAT-0368,5134.63,80,Premium board game available on Flipkart.,Flipkart
FPRD-01839,Action Figure (Series U767),FCAT-0368,2430.65,155,Premium action figure available on Flipkart.,Flipkart
FPRD-01840,Action Figure (Series J324),FCAT-0368,4077.58,694,Premium action figure available on Flipkart.,Flipkart
FPRD-01841,Diapers (Series Z389),FCAT-0369,4284.0,608,Premium diapers available on Flipkart.,Flipkart
FPRD-01842,Action Figure (Series S130),FCAT-0369,1746.06,116,Premium action figure available on Flipkart.,Flipkart
FPRD-01843,Soft Toy (Series W526),FCAT-0369,640.62,20,Premium soft toy available on Flipkart.,Flipkart
FPRD-01844,Soft Toy (Series Y747),FCAT-0369,4630.29,597,Premium soft toy available on Flipkart.,Flipkart
FPRD-01845,Soft Toy (Series V156),FCAT-0369,337.56,325,Premium soft toy available on Flipkart.,Flipkart
FPRD-01846,Soft Toy (Series T257),FCAT-0370,4604.43,120,Premium soft toy available on Flipkart.,Flipkart
FPRD-01847,Action Figure (Series M518),FCAT-0370,365.19,749,Premium action figure available on Flipkart.,Flipkart
FPRD-01848,Board Game (Series G950),FCAT-0370,337.56,462,Premium board game available on Flipkart.,Flipkart
FPRD-01849,Diapers (Series D983),FCAT-0370,3515.88,64,Premium diapers available on Flipkart.,Flipkart
FPRD-01850,Board Game (Series X243),FCAT-0370,4914.94,355,Premium board game available on Flipkart.,Flipkart
FPRD-01851,Board Game (Series M373),FCAT-0371,1521.47,250,Premium board game available on Flipkart.,Flipkart
FPRD-01852,Diapers (Series Y297),FCAT-0371,785.09,445,Premium diapers available on Flipkart.,Flipkart
FPRD-01853,Diapers (Series L133),FCAT-0371,3034.76,258,Premium diapers available on Flipkart.,Flipkart
FPRD-01854,Action Figure (Series Z566),FCAT-0371,4265.2,554,Premium action figure available on Flipkart.,Flipkart
FPRD-01855,Action Figure (Series Z316),FCAT-0371,3269.49,483,Premium action figure available on Flipkart.,Flipkart
FPRD-01856,Diapers (Series V654),FCAT-0372,2390.99,611,Premium diapers available on Flipkart.,Flipkart
FPRD-01857,Soft Toy (Series B566),FCAT-0372,2222.16,387,Premium soft toy available on Flipkart.,Flipkart
FPRD-01858,Action Figure (Series A156),FCAT-0372,2344.68,70,Premium action figure available on Flipkart.,Flipkart
FPRD-01859,Board Game (Series C677),FCAT-0372,3451.14,574,Premium board game available on Flipkart.,Flipkart
FPRD-01860,Soft Toy (Series W999),FCAT-0372,5940.17,743,Premium soft toy available on Flipkart.,Flipkart
FPRD-01861,Diapers (Series D431),FCAT-0373,4753.48,724,Premium diapers available on Flipkart.,Flipkart
FPRD-01862,Action Figure (Series F611),FCAT-0373,2319.24,526,Premium action figure available on Flipkart.,Flipkart
FPRD-01863,Diapers (Series B863),FCAT-0373,2945.76,398,Premium diapers available on Flipkart.,Flipkart
FPRD-01864,Action Figure (Series H640),FCAT-0373,504.84,51,Premium action figure available on Flipkart.,Flipkart
FPRD-01865,Board Game (Series O526),FCAT-0373,4973.64,648,Premium board game available on Flipkart.,Flipkart
FPRD-01866,Action Figure (Series F242),FCAT-0374,4039.76,289,Premium action figure available on Flipkart.,Flipkart
FPRD-01867,Soft Toy (Series C243),FCAT-0374,3318.89,504,Premium soft toy available on Flipkart.,Flipkart
FPRD-01868,Diapers (Series S239),FCAT-0374,1760.79,437,Premium diapers available on Flipkart.,Flipkart
FPRD-01869,Soft Toy (Series J866),FCAT-0374,5327.35,21,Premium soft toy available on Flipkart.,Flipkart
FPRD-01870,Board Game (Series A110),FCAT-0374,2005.22,627,Premium board game available on Flipkart.,Flipkart
FPRD-01871,Soft Toy (Series L881),FCAT-0375,1591.23,235,Premium soft toy available on Flipkart.,Flipkart
FPRD-01872,Board Game (Series D504),FCAT-0375,3671.13,382,Premium board game available on Flipkart.,Flipkart
FPRD-01873,Diapers (Series K779),FCAT-0375,2622.26,728,Premium diapers available on Flipkart.,Flipkart
FPRD-01874,Soft Toy (Series Y374),FCAT-0375,4810.08,676,Premium soft toy available on Flipkart.,Flipkart
FPRD-01875,Soft Toy (Series F244),FCAT-0375,4894.56,459,Premium soft toy available on Flipkart.,Flipkart
FPRD-01876,Board Game (Series N532),FCAT-0376,5970.28,322,Premium board game available on Flipkart.,Flipkart
FPRD-01877,Action Figure (Series T930),FCAT-0376,2481.08,476,Premium action figure available on Flipkart.,Flipkart
FPRD-01878,Action Figure (Series U946),FCAT-0376,4894.13,493,Premium action figure available on Flipkart.,Flipkart
FPRD-01879,Soft Toy (Series M155),FCAT-0376,5631.33,719,Premium soft toy available on Flipkart.,Flipkart
FPRD-01880,Board Game (Series J600),FCAT-0376,1183.87,343,Premium board game available on Flipkart.,Flipkart
FPRD-01881,Diapers (Series F242),FCAT-0377,3206.71,750,Premium diapers available on Flipkart.,Flipkart
FPRD-01882,Diapers (Series W250),FCAT-0377,2087.52,188,Premium diapers available on Flipkart.,Flipkart
FPRD-01883,Soft Toy (Series Q415),FCAT-0377,1500.05,621,Premium soft toy available on Flipkart.,Flipkart
FPRD-01884,Diapers (Series U347),FCAT-0377,3174.12,574,Premium diapers available on Flipkart.,Flipkart
FPRD-01885,Board Game (Series Q266),FCAT-0377,2731.76,81,Premium board game available on Flipkart.,Flipkart
FPRD-01886,Diapers (Series M878),FCAT-0378,5019.17,137,Premium diapers available on Flipkart.,Flipkart
FPRD-01887,Action Figure (Series K200),FCAT-0378,4360.45,224,Premium action figure available on Flipkart.,Flipkart
FPRD-01888,Board Game (Series C135),FCAT-0378,5759.48,673,Premium board game available on Flipkart.,Flipkart
FPRD-01889,Soft Toy (Series B928),FCAT-0378,1656.84,428,Premium soft toy available on Flipkart.,Flipkart
FPRD-01890,Board Game (Series X350),FCAT-0378,1363.11,670,Premium board game available on Flipkart.,Flipkart
FPRD-01891,Action Figure (Series M918),FCAT-0379,4297.74,23,Premium action figure available on Flipkart.,Flipkart
FPRD-01892,Action Figure (Series Q168),FCAT-0379,2426.69,687,Premium action figure available on Flipkart.,Flipkart
FPRD-01893,Diapers (Series D208),FCAT-0379,4806.13,665,Premium diapers available on Flipkart.,Flipkart
FPRD-01894,Board Game (Series Q704),FCAT-0379,2717.95,671,Premium board game available on Flipkart.,Flipkart
FPRD-01895,Soft Toy (Series H149),FCAT-0379,1427.46,578,Premium soft toy available on Flipkart.,Flipkart
FPRD-01896,Action Figure (Series Y176),FCAT-0380,1273.4,665,Premium action figure available on Flipkart.,Flipkart
FPRD-01897,Board Game (Series A826),FCAT-0380,3716.0,557,Premium board game available on Flipkart.,Flipkart
FPRD-01898,Diapers (Series H961),FCAT-0380,5757.14,271,Premium diapers available on Flipkart.,Flipkart
FPRD-01899,Diapers (Series E110),FCAT-0380,5712.27,510,Premium diapers available on Flipkart.,Flipkart
FPRD-01900,Action Figure (Series I765),FCAT-0380,5000.56,11,Premium action figure available on Flipkart.,Flipkart
FPRD-01901,Diapers (Series G714),FCAT-0381,2231.26,107,Premium diapers available on Flipkart.,Flipkart
FPRD-01902,Diapers (Series N930),FCAT-0381,650.67,592,Premium diapers available on Flipkart.,Flipkart
FPRD-01903,Soft Toy (Series N597),FCAT-0381,3727.89,300,Premium soft toy available on Flipkart.,Flipkart
FPRD-01904,Diapers (Series N741),FCAT-0381,1831.07,69,Premium diapers available on Flipkart.,Flipkart
FPRD-01905,Action Figure (Series R227),FCAT-0381,2704.12,743,Premium action figure available on Flipkart.,Flipkart
FPRD-01906,Board Game (Series E369),FCAT-0382,5770.02,376,Premium board game available on Flipkart.,Flipkart
FPRD-01907,Board Game (Series E472),FCAT-0382,1981.21,711,Premium board game available on Flipkart.,Flipkart
FPRD-01908,Action Figure (Series L923),FCAT-0382,4148.63,799,Premium action figure available on Flipkart.,Flipkart
FPRD-01909,Soft Toy (Series U941),FCAT-0382,2641.22,41,Premium soft toy available on Flipkart.,Flipkart
FPRD-01910,Board Game (Series C484),FCAT-0382,5052.13,171,Premium board game available on Flipkart.,Flipkart
FPRD-01911,Action Figure (Series B559),FCAT-0383,2279.03,139,Premium action figure available on Flipkart.,Flipkart
FPRD-01912,Action Figure (Series Z926),FCAT-0383,2250.21,784,Premium action figure available on Flipkart.,Flipkart
FPRD-01913,Diapers (Series W325),FCAT-0383,3760.2,759,Premium diapers available on Flipkart.,Flipkart
FPRD-01914,Diapers (Series B804),FCAT-0383,4074.02,544,Premium diapers available on Flipkart.,Flipkart
FPRD-01915,Diapers (Series P673),FCAT-0383,911.0,725,Premium diapers available on Flipkart.,Flipkart
FPRD-01916,Diapers (Series G187),FCAT-0384,5939.63,715,Premium diapers available on Flipkart.,Flipkart
FPRD-01917,Action Figure (Series T556),FCAT-0384,3256.05,724,Premium action figure available on Flipkart.,Flipkart
FPRD-01918,Soft Toy (Series J557),FCAT-0384,2247.93,369,Premium soft toy available on Flipkart.,Flipkart
FPRD-01919,Board Game (Series D756),FCAT-0384,4867.19,681,Premium board game available on Flipkart.,Flipkart
FPRD-01920,Board Game (Series L473),FCAT-0384,484.58,349,Premium board game available on Flipkart.,Flipkart
FPRD-01921,Diapers (Series M345),FCAT-0385,804.12,340,Premium diapers available on Flipkart.,Flipkart
FPRD-01922,Soft Toy (Series D146),FCAT-0385,5173.28,545,Premium soft toy available on Flipkart.,Flipkart
FPRD-01923,Diapers (Series E121),FCAT-0385,5538.59,322,Premium diapers available on Flipkart.,Flipkart
FPRD-01924,Diapers (Series E442),FCAT-0385,2694.7,491,Premium diapers available on Flipkart.,Flipkart
FPRD-01925,Board Game (Series A778),FCAT-0385,1553.92,16,Premium board game available on Flipkart.,Flipkart
FPRD-01926,Diapers (Series X826),FCAT-0386,5518.03,384,Premium diapers available on Flipkart.,Flipkart
FPRD-01927,Board Game (Series M284),FCAT-0386,5402.77,48,Premium board game available on Flipkart.,Flipkart
FPRD-01928,Diapers (Series N654),FCAT-0386,1271.88,663,Premium diapers available on Flipkart.,Flipkart
FPRD-01929,Board Game (Series B669),FCAT-0386,5595.87,437,Premium board game available on Flipkart.,Flipkart
FPRD-01930,Board Game (Series N186),FCAT-0386,3853.51,535,Premium board game available on Flipkart.,Flipkart
FPRD-01931,Soft Toy (Series P872),FCAT-0387,820.68,582,Premium soft toy available on Flipkart.,Flipkart
FPRD-01932,Board Game (Series X888),FCAT-0387,3015.51,637,Premium board game available on Flipkart.,Flipkart
FPRD-01933,Action Figure (Series G743),FCAT-0387,981.87,618,Premium action figure available on Flipkart.,Flipkart
FPRD-01934,Action Figure (Series T310),FCAT-0387,2090.77,207,Premium action figure available on Flipkart.,Flipkart
FPRD-01935,Board Game (Series N555),FCAT-0387,3339.59,619,Premium board game available on Flipkart.,Flipkart
FPRD-01936,Board Game (Series J189),FCAT-0388,4975.56,98,Premium board game available on Flipkart.,Flipkart
FPRD-01937,Action Figure (Series Y222),FCAT-0388,5417.59,503,Premium action figure available on Flipkart.,Flipkart
FPRD-01938,Diapers (Series C888),FCAT-0388,265.06,322,Premium diapers available on Flipkart.,Flipkart
FPRD-01939,Action Figure (Series B266),FCAT-0388,3004.24,412,Premium action figure available on Flipkart.,Flipkart
FPRD-01940,Action Figure (Series A739),FCAT-0388,3523.88,83,Premium action figure available on Flipkart.,Flipkart
FPRD-01941,Diapers (Series O824),FCAT-0389,212.35,457,Premium diapers available on Flipkart.,Flipkart
FPRD-01942,Action Figure (Series W142),FCAT-0389,1587.01,170,Premium action figure available on Flipkart.,Flipkart
FPRD-01943,Diapers (Series M534),FCAT-0389,5809.91,584,Premium diapers available on Flipkart.,Flipkart
FPRD-01944,Board Game (Series P758),FCAT-0389,4490.22,70,Premium board game available on Flipkart.,Flipkart
FPRD-01945,Board Game (Series B844),FCAT-0389,3806.1,653,Premium board game available on Flipkart.,Flipkart
FPRD-01946,Diapers (Series I434),FCAT-0390,1014.7,727,Premium diapers available on Flipkart.,Flipkart
FPRD-01947,Soft Toy (Series B652),FCAT-0390,261.37,618,Premium soft toy available on Flipkart.,Flipkart
FPRD-01948,Soft Toy (Series L785),FCAT-0390,1522.38,102,Premium soft toy available on Flipkart.,Flipkart
FPRD-01949,Diapers (Series U378),FCAT-0390,2701.95,428,Premium diapers available on Flipkart.,Flipkart
FPRD-01950,Board Game (Series U518),FCAT-0390,1416.14,692,Premium board game available on Flipkart.,Flipkart
FPRD-01951,Board Game (Series S196),FCAT-0391,1957.75,158,Premium board game available on Flipkart.,Flipkart
FPRD-01952,Soft Toy (Series V873),FCAT-0391,2093.95,99,Premium soft toy available on Flipkart.,Flipkart
FPRD-01953,Action Figure (Series E295),FCAT-0391,5488.26,199,Premium action figure available on Flipkart.,Flipkart
FPRD-01954,Diapers (Series W776),FCAT-0391,4239.16,423,Premium diapers available on Flipkart.,Flipkart
FPRD-01955,Soft Toy (Series M141),FCAT-0391,3966.78,89,Premium soft toy available on Flipkart.,Flipkart
FPRD-01956,Diapers (Series Y784),FCAT-0392,3984.1,613,Premium diapers available on Flipkart.,Flipkart
FPRD-01957,Soft Toy (Series F736),FCAT-0392,4363.81,245,Premium soft toy available on Flipkart.,Flipkart
FPRD-01958,Action Figure (Series L694),FCAT-0392,4599.19,514,Premium action figure available on Flipkart.,Flipkart
FPRD-01959,Diapers (Series H850),FCAT-0392,2048.92,129,Premium diapers available on Flipkart.,Flipkart
FPRD-01960,Board Game (Series G242),FCAT-0392,3215.62,161,Premium board game available on Flipkart.,Flipkart
FPRD-01961,Soft Toy (Series Y633),FCAT-0393,2199.11,541,Premium soft toy available on Flipkart.,Flipkart
FPRD-01962,Board Game (Series H183),FCAT-0393,1968.69,25,Premium board game available on Flipkart.,Flipkart
FPRD-01963,Board Game (Series I216),FCAT-0393,433.71,416,Premium board game available on Flipkart.,Flipkart
FPRD-01964,Action Figure (Series D971),FCAT-0393,5266.01,754,Premium action figure available on Flipkart.,Flipkart
FPRD-01965,Board Game (Series K482),FCAT-0393,2380.07,756,Premium board game available on Flipkart.,Flipkart
FPRD-01966,Action Figure (Series X207),FCAT-0394,4181.58,57,Premium action figure available on Flipkart.,Flipkart
FPRD-01967,Diapers (Series N319),FCAT-0394,1244.16,543,Premium diapers available on Flipkart.,Flipkart
FPRD-01968,Action Figure (Series L546),FCAT-0394,4674.37,522,Premium action figure available on Flipkart.,Flipkart
FPRD-01969,Board Game (Series U637),FCAT-0394,3566.91,497,Premium board game available on Flipkart.,Flipkart
FPRD-01970,Diapers (Series N610),FCAT-0394,945.1,178,Premium diapers available on Flipkart.,Flipkart
FPRD-01971,Diapers (Series O463),FCAT-0395,728.05,102,Premium diapers available on Flipkart.,Flipkart
FPRD-01972,Action Figure (Series B381),FCAT-0395,4923.41,91,Premium action figure available on Flipkart.,Flipkart
FPRD-01973,Board Game (Series A735),FCAT-0395,4492.87,418,Premium board game available on Flipkart.,Flipkart
FPRD-01974,Board Game (Series L622),FCAT-0395,1516.42,83,Premium board game available on Flipkart.,Flipkart
FPRD-01975,Diapers (Series Z623),FCAT-0395,4262.27,201,Premium diapers available on Flipkart.,Flipkart
FPRD-01976,Diapers (Series A385),FCAT-0396,2548.09,449,Premium diapers available on Flipkart.,Flipkart
FPRD-01977,Diapers (Series Y681),FCAT-0396,4664.96,766,Premium diapers available on Flipkart.,Flipkart
FPRD-01978,Diapers (Series M592),FCAT-0396,5274.74,109,Premium diapers available on Flipkart.,Flipkart
FPRD-01979,Soft Toy (Series K184),FCAT-0396,4124.28,353,Premium soft toy available on Flipkart.,Flipkart
FPRD-01980,Board Game (Series Q226),FCAT-0396,1677.48,307,Premium board game available on Flipkart.,Flipkart
FPRD-01981,Diapers (Series Z712),FCAT-0397,2936.23,760,Premium diapers available on Flipkart.,Flipkart
FPRD-01982,Board Game (Series N225),FCAT-0397,1708.78,656,Premium board game available on Flipkart.,Flipkart
FPRD-01983,Action Figure (Series X125),FCAT-0397,2712.53,137,Premium action figure available on Flipkart.,Flipkart
FPRD-01984,Diapers (Series Z131),FCAT-0397,1451.78,430,Premium diapers available on Flipkart.,Flipkart
FPRD-01985,Action Figure (Series A238),FCAT-0397,2138.09,280,Premium action figure available on Flipkart.,Flipkart
FPRD-01986,Action Figure (Series G321),FCAT-0398,5311.31,577,Premium action figure available on Flipkart.,Flipkart
FPRD-01987,Action Figure (Series Q812),FCAT-0398,4530.76,529,Premium action figure available on Flipkart.,Flipkart
FPRD-01988,Board Game (Series Z908),FCAT-0398,5076.54,580,Premium board game available on Flipkart.,Flipkart
FPRD-01989,Board Game (Series U396),FCAT-0398,3996.38,71,Premium board game available on Flipkart.,Flipkart
FPRD-01990,Diapers (Series P727),FCAT-0398,1551.44,761,Premium diapers available on Flipkart.,Flipkart
FPRD-01991,Soft Toy (Series Q737),FCAT-0399,3087.76,382,Premium soft toy available on Flipkart.,Flipkart
FPRD-01992,Action Figure (Series Z611),FCAT-0399,2453.77,438,Premium action figure available on Flipkart.,Flipkart
FPRD-01993,Diapers (Series Y333),FCAT-0399,2611.24,592,Premium diapers available on Flipkart.,Flipkart
FPRD-01994,Soft Toy (Series F638),FCAT-0399,3219.69,165,Premium soft toy available on Flipkart.,Flipkart
FPRD-01995,Board Game (Series A343),FCAT-0399,178.17,17,Premium board game available on Flipkart.,Flipkart
FPRD-01996,Board Game (Series P350),FCAT-0400,4942.65,301,Premium board game available on Flipkart.,Flipkart
FPRD-01997,Soft Toy (Series D574),FCAT-0400,4227.18,71,Premium soft toy available on Flipkart.,Flipkart
FPRD-01998,Diapers (Series Y915),FCAT-0400,760.48,738,Premium diapers available on Flipkart.,Flipkart
FPRD-01999,Soft Toy (Series H197),FCAT-0400,4770.52,369,Premium soft toy available on Flipkart.,Flipkart
FPRD-02000,Board Game (Series V584),FCAT-0400,2946.82,341,Premium board game available on Flipkart.,Flipkart
FPRD-02001,Car Cover (Series H933),FCAT-0401,8669.61,332,Premium car cover available on Flipkart.,Flipkart
FPRD-02002,Helmet (Series R969),FCAT-0401,7140.42,289,Premium helmet available on Flipkart.,Flipkart
FPRD-02003,Dash Cam (Series I127),FCAT-0401,1571.12,612,Premium dash cam available on Flipkart.,Flipkart
FPRD-02004,Helmet (Series I669),FCAT-0401,6373.13,646,Premium helmet available on Flipkart.,Flipkart
FPRD-02005,Car Cover (Series C618),FCAT-0401,776.84,588,Premium car cover available on Flipkart.,Flipkart
FPRD-02006,Microfiber Cloth (Series L171),FCAT-0402,5540.3,692,Premium microfiber cloth available on Flipkart.,Flipkart
FPRD-02007,Microfiber Cloth (Series Y338),FCAT-0402,1507.22,349,Premium microfiber cloth available on Flipkart.,Flipkart
FPRD-02008,Helmet (Series C971),FCAT-0402,6048.24,139,Premium helmet available on Flipkart.,Flipkart
FPRD-02009,Dash Cam (Series D912),FCAT-0402,1304.0,334,Premium dash cam available on Flipkart.,Flipkart
FPRD-02010,Microfiber Cloth (Series V426),FCAT-0402,6735.04,632,Premium microfiber cloth available on Flipkart.,Flipkart
FPRD-02011,Dash Cam (Series U523),FCAT-0403,3819.26,589,Premium dash cam available on Flipkart.,Flipkart
FPRD-02012,Car Cover (Series H712),FCAT-0403,675.78,13,Premium car cover available on Flipkart.,Flipkart
FPRD-02013,Dash Cam (Series T600),FCAT-0403,1074.01,252,Premium dash cam available on Flipkart.,Flipkart
FPRD-02014,Microfiber Cloth (Series S233),FCAT-0403,778.5,221,Premium microfiber cloth available on Flipkart.,Flipkart
FPRD-02015,Dash Cam (Series A158),FCAT-0403,5075.1,504,Premium dash cam available on Flipkart.,Flipkart
FPRD-02016,Dash Cam (Series G906),FCAT-0404,1792.08,569,Premium dash cam available on Flipkart.,Flipkart
FPRD-02017,Car Cover (Series N286),FCAT-0404,5172.84,359,Premium car cover available on Flipkart.,Flipkart
FPRD-02018,Microfiber Cloth (Series F420),FCAT-0404,4821.0,516,Premium microfiber cloth available on Flipkart.,Flipkart
FPRD-02019,Microfiber Cloth (Series B332),FCAT-0404,4466.79,375,Premium microfiber cloth available on Flipkart.,Flipkart
FPRD-02020,Microfiber Cloth (Series B262),FCAT-0404,5705.37,480,Premium microfiber cloth available on Flipkart.,Flipkart
FPRD-02021,Dash Cam (Series C130),FCAT-0405,3143.76,679,Premium dash cam available on Flipkart.,Flipkart
FPRD-02022,Dash Cam (Series G435),FCAT-0405,1068.86,283,Premium dash cam available on Flipkart.,Flipkart
FPRD-02023,Car Cover (Series Q804),FCAT-0405,2419.19,325,Premium car cover available on Flipkart.,Flipkart
FPRD-02024,Car Cover (Series U686),FCAT-0405,1534.84,684,Premium car cover available on Flipkart.,Flipkart
FPRD-02025,Helmet (Series K433),FCAT-0405,4022.6,479,Premium helmet available on Flipkart.,Flipkart
FPRD-02026,Microfiber Cloth (Series I648),FCAT-0406,733.08,197,Premium microfiber cloth available on Flipkart.,Flipkart
FPRD-02027,Car Cover (Series F935),FCAT-0406,5171.43,491,Premium car cover available on Flipkart.,Flipkart
FPRD-02028,Car Cover (Series Q645),FCAT-0406,2614.38,744,Premium car cover available on Flipkart.,Flipkart
FPRD-02029,Dash Cam (Series M205),FCAT-0406,1834.52,730,Premium dash cam available on Flipkart.,Flipkart
FPRD-02030,Dash Cam (Series O817),FCAT-0406,3667.71,455,Premium dash cam available on Flipkart.,Flipkart
FPRD-02031,Helmet (Series O306),FCAT-0407,2691.35,234,Premium helmet available on Flipkart.,Flipkart
FPRD-02032,Dash Cam (Series L329),FCAT-0407,3792.09,146,Premium dash cam available on Flipkart.,Flipkart
FPRD-02033,Microfiber Cloth (Series U793),FCAT-0407,2196.58,72,Premium microfiber cloth available on Flipkart.,Flipkart
FPRD-02034,Dash Cam (Series Q338),FCAT-0407,5990.52,601,Premium dash cam available on Flipkart.,Flipkart
FPRD-02035,Car Cover (Series J303),FCAT-0407,3738.34,597,Premium car cover available on Flipkart.,Flipkart
FPRD-02036,Helmet (Series I476),FCAT-0408,3119.05,510,Premium helmet available on Flipkart.,Flipkart
FPRD-02037,Dash Cam (Series F140),FCAT-0408,2155.87,415,Premium dash cam available on Flipkart.,Flipkart
FPRD-02038,Car Cover (Series U552),FCAT-0408,3569.9,115,Premium car cover available on Flipkart.,Flipkart
FPRD-02039,Dash Cam (Series T867),FCAT-0408,5349.17,746,Premium dash cam available on Flipkart.,Flipkart
FPRD-02040,Microfiber Cloth (Series L923),FCAT-0408,2713.1,204,Premium microfiber cloth available on Flipkart.,Flipkart
FPRD-02041,Car Cover (Series D578),FCAT-0409,409.64,211,Premium car cover available on Flipkart.,Flipkart
FPRD-02042,Dash Cam (Series A428),FCAT-0409,2580.73,731,Premium dash cam available on Flipkart.,Flipkart
FPRD-02043,Helmet (Series T520),FCAT-0409,7985.94,606,Premium helmet available on Flipkart.,Flipkart
FPRD-02044,Dash Cam (Series U955),FCAT-0409,2519.57,546,Premium dash cam available on Flipkart.,Flipkart
FPRD-02045,Helmet (Series V557),FCAT-0409,1386.01,30,Premium helmet available on Flipkart.,Flipkart
FPRD-02046,Dash Cam (Series E219),FCAT-0410,8024.04,643,Premium dash cam available on Flipkart.,Flipkart
FPRD-02047,Dash Cam (Series F172),FCAT-0410,717.99,177,Premium dash cam available on Flipkart.,Flipkart
FPRD-02048,Car Cover (Series K802),FCAT-0410,1797.11,468,Premium car cover available on Flipkart.,Flipkart
FPRD-02049,Microfiber Cloth (Series L803),FCAT-0410,6351.99,253,Premium microfiber cloth available on Flipkart.,Flipkart
FPRD-02050,Microfiber Cloth (Series P198),FCAT-0410,995.17,549,Premium microfiber cloth available on Flipkart.,Flipkart
FPRD-02051,Car Cover (Series R379),FCAT-0411,8992.5,565,Premium car cover available on Flipkart.,Flipkart
FPRD-02052,Car Cover (Series E135),FCAT-0411,783.45,473,Premium car cover available on Flipkart.,Flipkart
FPRD-02053,Car Cover (Series J261),FCAT-0411,1384.83,249,Premium car cover available on Flipkart.,Flipkart
FPRD-02054,Car Cover (Series Y252),FCAT-0411,2937.72,636,Premium car cover available on Flipkart.,Flipkart
FPRD-02055,Helmet (Series Y664),FCAT-0411,4157.48,363,Premium helmet available on Flipkart.,Flipkart
FPRD-02056,Dash Cam (Series Q120),FCAT-0412,2952.25,158,Premium dash cam available on Flipkart.,Flipkart
FPRD-02057,Microfiber Cloth (Series Q328),FCAT-0412,3610.81,672,Premium microfiber cloth available on Flipkart.,Flipkart
FPRD-02058,Car Cover (Series T719),FCAT-0412,392.26,525,Premium car cover available on Flipkart.,Flipkart
FPRD-02059,Dash Cam (Series U584),FCAT-0412,6448.81,346,Premium dash cam available on Flipkart.,Flipkart
FPRD-02060,Microfiber Cloth (Series J380),FCAT-0412,1239.31,57,Premium microfiber cloth available on Flipkart.,Flipkart
FPRD-02061,Car Cover (Series M742),FCAT-0413,1444.18,224,Premium car cover available on Flipkart.,Flipkart
FPRD-02062,Dash Cam (Series L405),FCAT-0413,2839.7,788,Premium dash cam available on Flipkart.,Flipkart
FPRD-02063,Microfiber Cloth (Series G610),FCAT-0413,2970.07,248,Premium microfiber cloth available on Flipkart.,Flipkart
FPRD-02064,Dash Cam (Series T581),FCAT-0413,3592.34,489,Premium dash cam available on Flipkart.,Flipkart
FPRD-02065,Microfiber Cloth (Series L469),FCAT-0413,1371.04,306,Premium microfiber cloth available on Flipkart.,Flipkart
FPRD-02066,Helmet (Series X102),FCAT-0414,6024.61,497,Premium helmet available on Flipkart.,Flipkart
FPRD-02067,Dash Cam (Series L442),FCAT-0414,321.96,299,Premium dash cam available on Flipkart.,Flipkart
FPRD-02068,Microfiber Cloth (Series M122),FCAT-0414,2667.9,723,Premium microfiber cloth available on Flipkart.,Flipkart
FPRD-02069,Car Cover (Series G121),FCAT-0414,4865.85,304,Premium car cover available on Flipkart.,Flipkart
FPRD-02070,Dash Cam (Series T905),FCAT-0414,4824.45,648,Premium dash cam available on Flipkart.,Flipkart
FPRD-02071,Dash Cam (Series K377),FCAT-0415,8604.52,262,Premium dash cam available on Flipkart.,Flipkart
FPRD-02072,Microfiber Cloth (Series F352),FCAT-0415,5802.56,301,Premium microfiber cloth available on Flipkart.,Flipkart
FPRD-02073,Helmet (Series G483),FCAT-0415,6096.98,485,Premium helmet available on Flipkart.,Flipkart
FPRD-02074,Microfiber Cloth (Series J918),FCAT-0415,916.22,778,Premium microfiber cloth available on Flipkart.,Flipkart
FPRD-02075,Microfiber Cloth (Series A990),FCAT-0415,1175.15,611,Premium microfiber cloth available on Flipkart.,Flipkart
FPRD-02076,Car Cover (Series H185),FCAT-0416,1285.57,797,Premium car cover available on Flipkart.,Flipkart
FPRD-02077,Car Cover (Series Y294),FCAT-0416,4016.24,629,Premium car cover available on Flipkart.,Flipkart
FPRD-02078,Helmet (Series B868),FCAT-0416,6954.86,351,Premium helmet available on Flipkart.,Flipkart
FPRD-02079,Dash Cam (Series Q858),FCAT-0416,8078.76,744,Premium dash cam available on Flipkart.,Flipkart
FPRD-02080,Helmet (Series H647),FCAT-0416,811.26,608,Premium helmet available on Flipkart.,Flipkart
FPRD-02081,Microfiber Cloth (Series F156),FCAT-0417,3776.47,544,Premium microfiber cloth available on Flipkart.,Flipkart
FPRD-02082,Dash Cam (Series U340),FCAT-0417,6910.41,609,Premium dash cam available on Flipkart.,Flipkart
FPRD-02083,Car Cover (Series J373),FCAT-0417,7838.03,764,Premium car cover available on Flipkart.,Flipkart
FPRD-02084,Microfiber Cloth (Series D162),FCAT-0417,1474.6,468,Premium microfiber cloth available on Flipkart.,Flipkart
FPRD-02085,Helmet (Series Z902),FCAT-0417,1347.88,284,Premium helmet available on Flipkart.,Flipkart
FPRD-02086,Dash Cam (Series W175),FCAT-0418,975.7,684,Premium dash cam available on Flipkart.,Flipkart
FPRD-02087,Helmet (Series P539),FCAT-0418,6985.08,539,Premium helmet available on Flipkart.,Flipkart
FPRD-02088,Helmet (Series A689),FCAT-0418,3485.43,77,Premium helmet available on Flipkart.,Flipkart
FPRD-02089,Helmet (Series D669),FCAT-0418,2650.77,496,Premium helmet available on Flipkart.,Flipkart
FPRD-02090,Car Cover (Series I466),FCAT-0418,6407.8,112,Premium car cover available on Flipkart.,Flipkart
FPRD-02091,Microfiber Cloth (Series S705),FCAT-0419,7875.45,793,Premium microfiber cloth available on Flipkart.,Flipkart
FPRD-02092,Microfiber Cloth (Series T277),FCAT-0419,1027.76,72,Premium microfiber cloth available on Flipkart.,Flipkart
FPRD-02093,Car Cover (Series Q970),FCAT-0419,7550.06,36,Premium car cover available on Flipkart.,Flipkart
FPRD-02094,Microfiber Cloth (Series T448),FCAT-0419,4958.89,231,Premium microfiber cloth available on Flipkart.,Flipkart
FPRD-02095,Microfiber Cloth (Series S756),FCAT-0419,2127.57,787,Premium microfiber cloth available on Flipkart.,Flipkart
FPRD-02096,Dash Cam (Series B638),FCAT-0420,1527.72,623,Premium dash cam available on Flipkart.,Flipkart
FPRD-02097,Microfiber Cloth (Series D856),FCAT-0420,3505.48,799,Premium microfiber cloth available on Flipkart.,Flipkart
FPRD-02098,Helmet (Series G400),FCAT-0420,671.04,202,Premium helmet available on Flipkart.,Flipkart
FPRD-02099,Microfiber Cloth (Series M910),FCAT-0420,5827.65,345,Premium microfiber cloth available on Flipkart.,Flipkart
FPRD-02100,Dash Cam (Series I917),FCAT-0420,5198.28,553,Premium dash cam available on Flipkart.,Flipkart
FPRD-02101,Car Cover (Series U283),FCAT-0421,4853.51,365,Premium car cover available on Flipkart.,Flipkart
FPRD-02102,Microfiber Cloth (Series W783),FCAT-0421,4890.22,170,Premium microfiber cloth available on Flipkart.,Flipkart
FPRD-02103,Helmet (Series X411),FCAT-0421,5304.2,442,Premium helmet available on Flipkart.,Flipkart
FPRD-02104,Microfiber Cloth (Series H829),FCAT-0421,6658.2,349,Premium microfiber cloth available on Flipkart.,Flipkart
FPRD-02105,Helmet (Series K752),FCAT-0421,7663.53,177,Premium helmet available on Flipkart.,Flipkart
FPRD-02106,Helmet (Series Q522),FCAT-0422,7978.86,239,Premium helmet available on Flipkart.,Flipkart
FPRD-02107,Microfiber Cloth (Series E527),FCAT-0422,8359.59,578,Premium microfiber cloth available on Flipkart.,Flipkart
FPRD-02108,Helmet (Series M209),FCAT-0422,3073.22,96,Premium helmet available on Flipkart.,Flipkart
FPRD-02109,Dash Cam (Series P803),FCAT-0422,5653.24,738,Premium dash cam available on Flipkart.,Flipkart
FPRD-02110,Car Cover (Series D224),FCAT-0422,4128.43,132,Premium car cover available on Flipkart.,Flipkart
FPRD-02111,Car Cover (Series K702),FCAT-0423,5235.43,512,Premium car cover available on Flipkart.,Flipkart
FPRD-02112,Helmet (Series X549),FCAT-0423,1910.23,607,Premium helmet available on Flipkart.,Flipkart
FPRD-02113,Helmet (Series D271),FCAT-0423,7954.07,323,Premium helmet available on Flipkart.,Flipkart
FPRD-02114,Dash Cam (Series B172),FCAT-0423,5462.84,500,Premium dash cam available on Flipkart.,Flipkart
FPRD-02115,Helmet (Series D941),FCAT-0423,8789.63,588,Premium helmet available on Flipkart.,Flipkart
FPRD-02116,Car Cover (Series H483),FCAT-0424,4901.98,241,Premium car cover available on Flipkart.,Flipkart
FPRD-02117,Helmet (Series F898),FCAT-0424,2919.86,626,Premium helmet available on Flipkart.,Flipkart
FPRD-02118,Dash Cam (Series J838),FCAT-0424,2753.66,212,Premium dash cam available on Flipkart.,Flipkart
FPRD-02119,Helmet (Series C296),FCAT-0424,5816.29,305,Premium helmet available on Flipkart.,Flipkart
FPRD-02120,Car Cover (Series Y637),FCAT-0424,7660.31,228,Premium car cover available on Flipkart.,Flipkart
FPRD-02121,Helmet (Series L881),FCAT-0425,3418.72,535,Premium helmet available on Flipkart.,Flipkart
FPRD-02122,Helmet (Series I867),FCAT-0425,3389.73,324,Premium helmet available on Flipkart.,Flipkart
FPRD-02123,Dash Cam (Series L252),FCAT-0425,7461.04,390,Premium dash cam available on Flipkart.,Flipkart
FPRD-02124,Dash Cam (Series W630),FCAT-0425,2168.1,499,Premium dash cam available on Flipkart.,Flipkart
FPRD-02125,Microfiber Cloth (Series V737),FCAT-0425,5945.49,23,Premium microfiber cloth available on Flipkart.,Flipkart
FPRD-02126,Helmet (Series P601),FCAT-0426,586.94,143,Premium helmet available on Flipkart.,Flipkart
FPRD-02127,Microfiber Cloth (Series N822),FCAT-0426,6005.78,403,Premium microfiber cloth available on Flipkart.,Flipkart
FPRD-02128,Helmet (Series K707),FCAT-0426,5462.83,265,Premium helmet available on Flipkart.,Flipkart
FPRD-02129,Helmet (Series Q776),FCAT-0426,3951.9,334,Premium helmet available on Flipkart.,Flipkart
FPRD-02130,Dash Cam (Series J965),FCAT-0426,5690.63,665,Premium dash cam available on Flipkart.,Flipkart
FPRD-02131,Car Cover (Series X106),FCAT-0427,3975.23,551,Premium car cover available on Flipkart.,Flipkart
FPRD-02132,Helmet (Series A527),FCAT-0427,6769.66,482,Premium helmet available on Flipkart.,Flipkart
FPRD-02133,Microfiber Cloth (Series E828),FCAT-0427,4558.09,406,Premium microfiber cloth available on Flipkart.,Flipkart
FPRD-02134,Helmet (Series R864),FCAT-0427,538.2,528,Premium helmet available on Flipkart.,Flipkart
FPRD-02135,Car Cover (Series Y163),FCAT-0427,7676.96,224,Premium car cover available on Flipkart.,Flipkart
FPRD-02136,Microfiber Cloth (Series R868),FCAT-0428,2104.77,300,Premium microfiber cloth available on Flipkart.,Flipkart
FPRD-02137,Helmet (Series M587),FCAT-0428,6268.57,52,Premium helmet available on Flipkart.,Flipkart
FPRD-02138,Helmet (Series F376),FCAT-0428,2772.18,364,Premium helmet available on Flipkart.,Flipkart
FPRD-02139,Microfiber Cloth (Series F283),FCAT-0428,692.1,159,Premium microfiber cloth available on Flipkart.,Flipkart
FPRD-02140,Car Cover (Series V694),FCAT-0428,2004.43,689,Premium car cover available on Flipkart.,Flipkart
FPRD-02141,Dash Cam (Series M184),FCAT-0429,6324.61,593,Premium dash cam available on Flipkart.,Flipkart
FPRD-02142,Helmet (Series T336),FCAT-0429,5354.34,712,Premium helmet available on Flipkart.,Flipkart
FPRD-02143,Dash Cam (Series Y627),FCAT-0429,6364.75,286,Premium dash cam available on Flipkart.,Flipkart
FPRD-02144,Microfiber Cloth (Series U979),FCAT-0429,2060.08,571,Premium microfiber cloth available on Flipkart.,Flipkart
FPRD-02145,Helmet (Series B779),FCAT-0429,3180.15,793,Premium helmet available on Flipkart.,Flipkart
FPRD-02146,Helmet (Series Y891),FCAT-0430,8027.55,24,Premium helmet available on Flipkart.,Flipkart
FPRD-02147,Dash Cam (Series V740),FCAT-0430,4219.05,299,Premium dash cam available on Flipkart.,Flipkart
FPRD-02148,Car Cover (Series A278),FCAT-0430,2823.83,25,Premium car cover available on Flipkart.,Flipkart
FPRD-02149,Helmet (Series D848),FCAT-0430,6081.75,659,Premium helmet available on Flipkart.,Flipkart
FPRD-02150,Dash Cam (Series Q784),FCAT-0430,2178.83,794,Premium dash cam available on Flipkart.,Flipkart
FPRD-02151,Microfiber Cloth (Series G841),FCAT-0431,2252.42,330,Premium microfiber cloth available on Flipkart.,Flipkart
FPRD-02152,Dash Cam (Series W999),FCAT-0431,8264.67,410,Premium dash cam available on Flipkart.,Flipkart
FPRD-02153,Helmet (Series O892),FCAT-0431,8074.24,132,Premium helmet available on Flipkart.,Flipkart
FPRD-02154,Dash Cam (Series C552),FCAT-0431,6231.58,67,Premium dash cam available on Flipkart.,Flipkart
FPRD-02155,Microfiber Cloth (Series P987),FCAT-0431,3580.09,778,Premium microfiber cloth available on Flipkart.,Flipkart
FPRD-02156,Helmet (Series Z975),FCAT-0432,5061.46,683,Premium helmet available on Flipkart.,Flipkart
FPRD-02157,Helmet (Series G532),FCAT-0432,359.82,418,Premium helmet available on Flipkart.,Flipkart
FPRD-02158,Helmet (Series K964),FCAT-0432,7072.48,417,Premium helmet available on Flipkart.,Flipkart
FPRD-02159,Microfiber Cloth (Series T516),FCAT-0432,7017.12,353,Premium microfiber cloth available on Flipkart.,Flipkart
FPRD-02160,Car Cover (Series F449),FCAT-0432,5569.6,232,Premium car cover available on Flipkart.,Flipkart
FPRD-02161,Helmet (Series C494),FCAT-0433,7567.62,133,Premium helmet available on Flipkart.,Flipkart
FPRD-02162,Microfiber Cloth (Series I468),FCAT-0433,4552.22,473,Premium microfiber cloth available on Flipkart.,Flipkart
FPRD-02163,Helmet (Series E772),FCAT-0433,2660.49,458,Premium helmet available on Flipkart.,Flipkart
FPRD-02164,Helmet (Series T449),FCAT-0433,8263.73,724,Premium helmet available on Flipkart.,Flipkart
FPRD-02165,Microfiber Cloth (Series L992),FCAT-0433,8296.86,700,Premium microfiber cloth available on Flipkart.,Flipkart
FPRD-02166,Car Cover (Series C140),FCAT-0434,3562.45,602,Premium car cover available on Flipkart.,Flipkart
FPRD-02167,Car Cover (Series Q998),FCAT-0434,6237.2,495,Premium car cover available on Flipkart.,Flipkart
FPRD-02168,Car Cover (Series D353),FCAT-0434,634.47,200,Premium car cover available on Flipkart.,Flipkart
FPRD-02169,Microfiber Cloth (Series A636),FCAT-0434,3183.4,607,Premium microfiber cloth available on Flipkart.,Flipkart
FPRD-02170,Microfiber Cloth (Series H446),FCAT-0434,512.24,307,Premium microfiber cloth available on Flipkart.,Flipkart
FPRD-02171,Helmet (Series Y670),FCAT-0435,5810.03,372,Premium helmet available on Flipkart.,Flipkart
FPRD-02172,Car Cover (Series P337),FCAT-0435,3085.57,145,Premium car cover available on Flipkart.,Flipkart
FPRD-02173,Microfiber Cloth (Series X456),FCAT-0435,3104.24,399,Premium microfiber cloth available on Flipkart.,Flipkart
FPRD-02174,Car Cover (Series Z373),FCAT-0435,2654.48,620,Premium car cover available on Flipkart.,Flipkart
FPRD-02175,Helmet (Series N103),FCAT-0435,2371.64,647,Premium helmet available on Flipkart.,Flipkart
FPRD-02176,Car Cover (Series X155),FCAT-0436,2616.0,30,Premium car cover available on Flipkart.,Flipkart
FPRD-02177,Microfiber Cloth (Series B440),FCAT-0436,8358.86,319,Premium microfiber cloth available on Flipkart.,Flipkart
FPRD-02178,Car Cover (Series W935),FCAT-0436,8216.52,180,Premium car cover available on Flipkart.,Flipkart
FPRD-02179,Dash Cam (Series C318),FCAT-0436,4473.54,129,Premium dash cam available on Flipkart.,Flipkart
FPRD-02180,Microfiber Cloth (Series T835),FCAT-0436,8022.83,710,Premium microfiber cloth available on Flipkart.,Flipkart
FPRD-02181,Dash Cam (Series W394),FCAT-0437,7941.92,638,Premium dash cam available on Flipkart.,Flipkart
FPRD-02182,Helmet (Series E805),FCAT-0437,2585.06,263,Premium helmet available on Flipkart.,Flipkart
FPRD-02183,Car Cover (Series Q539),FCAT-0437,2040.26,775,Premium car cover available on Flipkart.,Flipkart
FPRD-02184,Car Cover (Series Y940),FCAT-0437,3671.71,234,Premium car cover available on Flipkart.,Flipkart
FPRD-02185,Microfiber Cloth (Series M821),FCAT-0437,3926.92,188,Premium microfiber cloth available on Flipkart.,Flipkart
FPRD-02186,Helmet (Series Q405),FCAT-0438,3734.55,538,Premium helmet available on Flipkart.,Flipkart
FPRD-02187,Car Cover (Series H674),FCAT-0438,7264.61,188,Premium car cover available on Flipkart.,Flipkart
FPRD-02188,Helmet (Series L834),FCAT-0438,6311.12,786,Premium helmet available on Flipkart.,Flipkart
FPRD-02189,Helmet (Series E803),FCAT-0438,1172.49,553,Premium helmet available on Flipkart.,Flipkart
FPRD-02190,Car Cover (Series V312),FCAT-0438,8175.62,315,Premium car cover available on Flipkart.,Flipkart
FPRD-02191,Helmet (Series Y955),FCAT-0439,4754.6,769,Premium helmet available on Flipkart.,Flipkart
FPRD-02192,Car Cover (Series Z840),FCAT-0439,253.39,42,Premium car cover available on Flipkart.,Flipkart
FPRD-02193,Dash Cam (Series Q524),FCAT-0439,2573.06,165,Premium dash cam available on Flipkart.,Flipkart
FPRD-02194,Helmet (Series K739),FCAT-0439,5958.92,502,Premium helmet available on Flipkart.,Flipkart
FPRD-02195,Dash Cam (Series K407),FCAT-0439,476.36,614,Premium dash cam available on Flipkart.,Flipkart
FPRD-02196,Car Cover (Series E888),FCAT-0440,7505.01,652,Premium car cover available on Flipkart.,Flipkart
FPRD-02197,Car Cover (Series Q350),FCAT-0440,3008.65,720,Premium car cover available on Flipkart.,Flipkart
FPRD-02198,Dash Cam (Series U548),FCAT-0440,6216.96,21,Premium dash cam available on Flipkart.,Flipkart
FPRD-02199,Car Cover (Series T186),FCAT-0440,7562.97,106,Premium car cover available on Flipkart.,Flipkart
FPRD-02200,Microfiber Cloth (Series U284),FCAT-0440,5898.13,582,Premium microfiber cloth available on Flipkart.,Flipkart
FPRD-02201,Dash Cam (Series M618),FCAT-0441,3819.73,580,Premium dash cam available on Flipkart.,Flipkart
FPRD-02202,Helmet (Series S957),FCAT-0441,725.23,234,Premium helmet available on Flipkart.,Flipkart
FPRD-02203,Dash Cam (Series I622),FCAT-0441,2730.18,313,Premium dash cam available on Flipkart.,Flipkart
FPRD-02204,Helmet (Series B900),FCAT-0441,3235.07,251,Premium helmet available on Flipkart.,Flipkart
FPRD-02205,Helmet (Series P690),FCAT-0441,6328.23,148,Premium helmet available on Flipkart.,Flipkart
FPRD-02206,Microfiber Cloth (Series V275),FCAT-0442,5812.67,597,Premium microfiber cloth available on Flipkart.,Flipkart
FPRD-02207,Helmet (Series W935),FCAT-0442,345.29,756,Premium helmet available on Flipkart.,Flipkart
FPRD-02208,Microfiber Cloth (Series B532),FCAT-0442,4141.15,766,Premium microfiber cloth available on Flipkart.,Flipkart
FPRD-02209,Car Cover (Series Z750),FCAT-0442,6494.11,220,Premium car cover available on Flipkart.,Flipkart
FPRD-02210,Car Cover (Series K713),FCAT-0442,493.14,407,Premium car cover available on Flipkart.,Flipkart
FPRD-02211,Microfiber Cloth (Series A207),FCAT-0443,7222.81,626,Premium microfiber cloth available on Flipkart.,Flipkart
FPRD-02212,Helmet (Series H278),FCAT-0443,8528.77,509,Premium helmet available on Flipkart.,Flipkart
FPRD-02213,Helmet (Series X273),FCAT-0443,5673.81,50,Premium helmet available on Flipkart.,Flipkart
FPRD-02214,Helmet (Series H502),FCAT-0443,5574.46,328,Premium helmet available on Flipkart.,Flipkart
FPRD-02215,Car Cover (Series D399),FCAT-0443,7734.33,284,Premium car cover available on Flipkart.,Flipkart
FPRD-02216,Microfiber Cloth (Series D112),FCAT-0444,1730.03,202,Premium microfiber cloth available on Flipkart.,Flipkart
FPRD-02217,Helmet (Series J657),FCAT-0444,659.58,111,Premium helmet available on Flipkart.,Flipkart
FPRD-02218,Helmet (Series S892),FCAT-0444,7351.13,588,Premium helmet available on Flipkart.,Flipkart
FPRD-02219,Dash Cam (Series S817),FCAT-0444,7171.78,161,Premium dash cam available on Flipkart.,Flipkart
FPRD-02220,Microfiber Cloth (Series V901),FCAT-0444,1966.03,529,Premium microfiber cloth available on Flipkart.,Flipkart
FPRD-02221,Microfiber Cloth (Series S597),FCAT-0445,3834.35,609,Premium microfiber cloth available on Flipkart.,Flipkart
FPRD-02222,Microfiber Cloth (Series S728),FCAT-0445,708.05,671,Premium microfiber cloth available on Flipkart.,Flipkart
FPRD-02223,Car Cover (Series I578),FCAT-0445,6750.53,723,Premium car cover available on Flipkart.,Flipkart
FPRD-02224,Car Cover (Series A392),FCAT-0445,2011.78,197,Premium car cover available on Flipkart.,Flipkart
FPRD-02225,Helmet (Series Q229),FCAT-0445,5438.44,72,Premium helmet available on Flipkart.,Flipkart
FPRD-02226,Car Cover (Series H229),FCAT-0446,8415.56,689,Premium car cover available on Flipkart.,Flipkart
FPRD-02227,Dash Cam (Series W791),FCAT-0446,3977.49,437,Premium dash cam available on Flipkart.,Flipkart
FPRD-02228,Car Cover (Series R574),FCAT-0446,3818.57,798,Premium car cover available on Flipkart.,Flipkart
FPRD-02229,Helmet (Series K338),FCAT-0446,3962.8,114,Premium helmet available on Flipkart.,Flipkart
FPRD-02230,Helmet (Series C988),FCAT-0446,7443.51,145,Premium helmet available on Flipkart.,Flipkart
FPRD-02231,Car Cover (Series D334),FCAT-0447,3914.05,722,Premium car cover available on Flipkart.,Flipkart
FPRD-02232,Helmet (Series H818),FCAT-0447,900.52,175,Premium helmet available on Flipkart.,Flipkart
FPRD-02233,Helmet (Series C630),FCAT-0447,6166.86,336,Premium helmet available on Flipkart.,Flipkart
FPRD-02234,Microfiber Cloth (Series I593),FCAT-0447,5611.04,453,Premium microfiber cloth available on Flipkart.,Flipkart
FPRD-02235,Microfiber Cloth (Series N916),FCAT-0447,8784.04,642,Premium microfiber cloth available on Flipkart.,Flipkart
FPRD-02236,Dash Cam (Series P698),FCAT-0448,4661.42,557,Premium dash cam available on Flipkart.,Flipkart
FPRD-02237,Microfiber Cloth (Series C232),FCAT-0448,1972.97,346,Premium microfiber cloth available on Flipkart.,Flipkart
FPRD-02238,Microfiber Cloth (Series F999),FCAT-0448,497.6,438,Premium microfiber cloth available on Flipkart.,Flipkart
FPRD-02239,Car Cover (Series A222),FCAT-0448,7308.08,206,Premium car cover available on Flipkart.,Flipkart
FPRD-02240,Dash Cam (Series P149),FCAT-0448,6222.94,460,Premium dash cam available on Flipkart.,Flipkart
FPRD-02241,Car Cover (Series Q833),FCAT-0449,5241.71,670,Premium car cover available on Flipkart.,Flipkart
FPRD-02242,Dash Cam (Series K157),FCAT-0449,2711.22,697,Premium dash cam available on Flipkart.,Flipkart
FPRD-02243,Helmet (Series C248),FCAT-0449,1548.42,562,Premium helmet available on Flipkart.,Flipkart
FPRD-02244,Dash Cam (Series N471),FCAT-0449,7788.68,94,Premium dash cam available on Flipkart.,Flipkart
FPRD-02245,Dash Cam (Series E689),FCAT-0449,6191.37,595,Premium dash cam available on Flipkart.,Flipkart
FPRD-02246,Microfiber Cloth (Series F972),FCAT-0450,3994.21,95,Premium microfiber cloth available on Flipkart.,Flipkart
FPRD-02247,Helmet (Series L393),FCAT-0450,555.43,509,Premium helmet available on Flipkart.,Flipkart
FPRD-02248,Dash Cam (Series I739),FCAT-0450,2672.72,438,Premium dash cam available on Flipkart.,Flipkart
FPRD-02249,Dash Cam (Series F385),FCAT-0450,6105.58,527,Premium dash cam available on Flipkart.,Flipkart
FPRD-02250,Helmet (Series F778),FCAT-0450,5590.8,718,Premium helmet available on Flipkart.,Flipkart
FPRD-02251,Spices (Series T820),FCAT-0451,35.38,753,Premium spices available on Flipkart.,Flipkart
FPRD-02252,Cooking Oil (Series R484),FCAT-0451,1705.28,79,Premium cooking oil available on Flipkart.,Flipkart
FPRD-02253,Dry Fruits (Series H727),FCAT-0451,53.9,211,Premium dry fruits available on Flipkart.,Flipkart
FPRD-02254,Dry Fruits (Series L745),FCAT-0451,510.4,162,Premium dry fruits available on Flipkart.,Flipkart
FPRD-02255,Dry Fruits (Series Z330),FCAT-0451,1647.13,275,Premium dry fruits available on Flipkart.,Flipkart
FPRD-02256,Spices (Series D345),FCAT-0452,147.62,573,Premium spices available on Flipkart.,Flipkart
FPRD-02257,Cooking Oil (Series V197),FCAT-0452,1593.97,341,Premium cooking oil available on Flipkart.,Flipkart
FPRD-02258,Dry Fruits (Series H808),FCAT-0452,253.51,458,Premium dry fruits available on Flipkart.,Flipkart
FPRD-02259,Dry Fruits (Series D942),FCAT-0452,1812.0,796,Premium dry fruits available on Flipkart.,Flipkart
FPRD-02260,Dry Fruits (Series R675),FCAT-0452,1173.75,402,Premium dry fruits available on Flipkart.,Flipkart
FPRD-02261,Dry Fruits (Series X528),FCAT-0453,1834.06,313,Premium dry fruits available on Flipkart.,Flipkart
FPRD-02262,Dry Fruits (Series A148),FCAT-0453,773.37,350,Premium dry fruits available on Flipkart.,Flipkart
FPRD-02263,Spices (Series Y251),FCAT-0453,1064.6,20,Premium spices available on Flipkart.,Flipkart
FPRD-02264,Cooking Oil (Series Z802),FCAT-0453,678.48,130,Premium cooking oil available on Flipkart.,Flipkart
FPRD-02265,Dry Fruits (Series D889),FCAT-0453,267.1,448,Premium dry fruits available on Flipkart.,Flipkart
FPRD-02266,Dry Fruits (Series R434),FCAT-0454,1846.61,614,Premium dry fruits available on Flipkart.,Flipkart
FPRD-02267,Dry Fruits (Series A963),FCAT-0454,1736.02,53,Premium dry fruits available on Flipkart.,Flipkart
FPRD-02268,Cooking Oil (Series Y270),FCAT-0454,287.81,648,Premium cooking oil available on Flipkart.,Flipkart
FPRD-02269,Cooking Oil (Series Z640),FCAT-0454,694.35,62,Premium cooking oil available on Flipkart.,Flipkart
FPRD-02270,Dry Fruits (Series Q711),FCAT-0454,1970.1,436,Premium dry fruits available on Flipkart.,Flipkart
FPRD-02271,Rice (Series Y216),FCAT-0455,1854.61,480,Premium rice available on Flipkart.,Flipkart
FPRD-02272,Dry Fruits (Series F774),FCAT-0455,1847.59,292,Premium dry fruits available on Flipkart.,Flipkart
FPRD-02273,Rice (Series G128),FCAT-0455,245.96,144,Premium rice available on Flipkart.,Flipkart
FPRD-02274,Dry Fruits (Series V650),FCAT-0455,1865.29,517,Premium dry fruits available on Flipkart.,Flipkart
FPRD-02275,Cooking Oil (Series F497),FCAT-0455,356.06,81,Premium cooking oil available on Flipkart.,Flipkart
FPRD-02276,Cooking Oil (Series S878),FCAT-0456,1917.73,224,Premium cooking oil available on Flipkart.,Flipkart
FPRD-02277,Spices (Series Y162),FCAT-0456,1062.74,366,Premium spices available on Flipkart.,Flipkart
FPRD-02278,Cooking Oil (Series S755),FCAT-0456,365.4,229,Premium cooking oil available on Flipkart.,Flipkart
FPRD-02279,Spices (Series K394),FCAT-0456,247.47,193,Premium spices available on Flipkart.,Flipkart
FPRD-02280,Dry Fruits (Series W243),FCAT-0456,1841.76,219,Premium dry fruits available on Flipkart.,Flipkart
FPRD-02281,Dry Fruits (Series B857),FCAT-0457,1649.73,643,Premium dry fruits available on Flipkart.,Flipkart
FPRD-02282,Dry Fruits (Series N856),FCAT-0457,1650.87,437,Premium dry fruits available on Flipkart.,Flipkart
FPRD-02283,Spices (Series W984),FCAT-0457,166.67,105,Premium spices available on Flipkart.,Flipkart
FPRD-02284,Cooking Oil (Series L132),FCAT-0457,498.1,702,Premium cooking oil available on Flipkart.,Flipkart
FPRD-02285,Spices (Series F803),FCAT-0457,599.87,717,Premium spices available on Flipkart.,Flipkart
FPRD-02286,Cooking Oil (Series A198),FCAT-0458,1415.96,728,Premium cooking oil available on Flipkart.,Flipkart
FPRD-02287,Cooking Oil (Series S864),FCAT-0458,113.7,503,Premium cooking oil available on Flipkart.,Flipkart
FPRD-02288,Rice (Series Y839),FCAT-0458,1937.33,346,Premium rice available on Flipkart.,Flipkart
FPRD-02289,Rice (Series V357),FCAT-0458,459.5,571,Premium rice available on Flipkart.,Flipkart
FPRD-02290,Dry Fruits (Series E470),FCAT-0458,1195.56,693,Premium dry fruits available on Flipkart.,Flipkart
FPRD-02291,Cooking Oil (Series K309),FCAT-0459,1591.17,220,Premium cooking oil available on Flipkart.,Flipkart
FPRD-02292,Rice (Series E220),FCAT-0459,1351.56,190,Premium rice available on Flipkart.,Flipkart
FPRD-02293,Spices (Series X286),FCAT-0459,1562.73,198,Premium spices available on Flipkart.,Flipkart
FPRD-02294,Rice (Series O926),FCAT-0459,757.56,149,Premium rice available on Flipkart.,Flipkart
FPRD-02295,Spices (Series A562),FCAT-0459,1143.87,498,Premium spices available on Flipkart.,Flipkart
FPRD-02296,Rice (Series F589),FCAT-0460,397.82,429,Premium rice available on Flipkart.,Flipkart
FPRD-02297,Dry Fruits (Series C511),FCAT-0460,1817.1,505,Premium dry fruits available on Flipkart.,Flipkart
FPRD-02298,Cooking Oil (Series R128),FCAT-0460,697.17,561,Premium cooking oil available on Flipkart.,Flipkart
FPRD-02299,Rice (Series R876),FCAT-0460,1696.8,679,Premium rice available on Flipkart.,Flipkart
FPRD-02300,Cooking Oil (Series L712),FCAT-0460,891.71,385,Premium cooking oil available on Flipkart.,Flipkart
FPRD-02301,Spices (Series D509),FCAT-0461,1548.67,103,Premium spices available on Flipkart.,Flipkart
FPRD-02302,Dry Fruits (Series U920),FCAT-0461,136.11,120,Premium dry fruits available on Flipkart.,Flipkart
FPRD-02303,Dry Fruits (Series N846),FCAT-0461,1281.19,260,Premium dry fruits available on Flipkart.,Flipkart
FPRD-02304,Spices (Series B212),FCAT-0461,1049.7,701,Premium spices available on Flipkart.,Flipkart
FPRD-02305,Dry Fruits (Series M412),FCAT-0461,1659.92,545,Premium dry fruits available on Flipkart.,Flipkart
FPRD-02306,Cooking Oil (Series N719),FCAT-0462,523.93,273,Premium cooking oil available on Flipkart.,Flipkart
FPRD-02307,Spices (Series L336),FCAT-0462,1255.19,155,Premium spices available on Flipkart.,Flipkart
FPRD-02308,Rice (Series O846),FCAT-0462,1434.3,301,Premium rice available on Flipkart.,Flipkart
FPRD-02309,Dry Fruits (Series J895),FCAT-0462,1385.52,327,Premium dry fruits available on Flipkart.,Flipkart
FPRD-02310,Dry Fruits (Series K808),FCAT-0462,1083.11,449,Premium dry fruits available on Flipkart.,Flipkart
FPRD-02311,Rice (Series M495),FCAT-0463,1079.3,420,Premium rice available on Flipkart.,Flipkart
FPRD-02312,Cooking Oil (Series Q477),FCAT-0463,1439.05,30,Premium cooking oil available on Flipkart.,Flipkart
FPRD-02313,Spices (Series F817),FCAT-0463,1968.09,760,Premium spices available on Flipkart.,Flipkart
FPRD-02314,Cooking Oil (Series F201),FCAT-0463,298.78,181,Premium cooking oil available on Flipkart.,Flipkart
FPRD-02315,Spices (Series Q814),FCAT-0463,146.49,239,Premium spices available on Flipkart.,Flipkart
FPRD-02316,Rice (Series Q428),FCAT-0464,455.98,203,Premium rice available on Flipkart.,Flipkart
FPRD-02317,Dry Fruits (Series K475),FCAT-0464,1704.38,510,Premium dry fruits available on Flipkart.,Flipkart
FPRD-02318,Rice (Series W729),FCAT-0464,1420.12,535,Premium rice available on Flipkart.,Flipkart
FPRD-02319,Spices (Series C768),FCAT-0464,1758.6,506,Premium spices available on Flipkart.,Flipkart
FPRD-02320,Spices (Series Y960),FCAT-0464,1995.83,78,Premium spices available on Flipkart.,Flipkart
FPRD-02321,Spices (Series Q453),FCAT-0465,857.17,714,Premium spices available on Flipkart.,Flipkart
FPRD-02322,Dry Fruits (Series Y685),FCAT-0465,830.56,799,Premium dry fruits available on Flipkart.,Flipkart
FPRD-02323,Rice (Series O761),FCAT-0465,1667.54,288,Premium rice available on Flipkart.,Flipkart
FPRD-02324,Cooking Oil (Series T228),FCAT-0465,1686.64,553,Premium cooking oil available on Flipkart.,Flipkart
FPRD-02325,Rice (Series Z539),FCAT-0465,553.07,84,Premium rice available on Flipkart.,Flipkart
FPRD-02326,Cooking Oil (Series O115),FCAT-0466,1413.41,340,Premium cooking oil available on Flipkart.,Flipkart
FPRD-02327,Spices (Series N499),FCAT-0466,466.87,328,Premium spices available on Flipkart.,Flipkart
FPRD-02328,Spices (Series Q539),FCAT-0466,1049.72,743,Premium spices available on Flipkart.,Flipkart
FPRD-02329,Spices (Series E680),FCAT-0466,661.12,609,Premium spices available on Flipkart.,Flipkart
FPRD-02330,Dry Fruits (Series O281),FCAT-0466,1851.84,512,Premium dry fruits available on Flipkart.,Flipkart
FPRD-02331,Dry Fruits (Series A429),FCAT-0467,1943.32,231,Premium dry fruits available on Flipkart.,Flipkart
FPRD-02332,Dry Fruits (Series T361),FCAT-0467,1178.14,304,Premium dry fruits available on Flipkart.,Flipkart
FPRD-02333,Spices (Series B641),FCAT-0467,594.41,148,Premium spices available on Flipkart.,Flipkart
FPRD-02334,Cooking Oil (Series I522),FCAT-0467,1460.72,331,Premium cooking oil available on Flipkart.,Flipkart
FPRD-02335,Rice (Series T757),FCAT-0467,924.39,443,Premium rice available on Flipkart.,Flipkart
FPRD-02336,Rice (Series C817),FCAT-0468,595.93,430,Premium rice available on Flipkart.,Flipkart
FPRD-02337,Rice (Series Z113),FCAT-0468,1373.42,754,Premium rice available on Flipkart.,Flipkart
FPRD-02338,Rice (Series R289),FCAT-0468,1184.92,426,Premium rice available on Flipkart.,Flipkart
FPRD-02339,Dry Fruits (Series Y466),FCAT-0468,171.41,622,Premium dry fruits available on Flipkart.,Flipkart
FPRD-02340,Spices (Series C376),FCAT-0468,1396.26,58,Premium spices available on Flipkart.,Flipkart
FPRD-02341,Cooking Oil (Series Z163),FCAT-0469,835.47,693,Premium cooking oil available on Flipkart.,Flipkart
FPRD-02342,Spices (Series B139),FCAT-0469,1826.13,775,Premium spices available on Flipkart.,Flipkart
FPRD-02343,Spices (Series T658),FCAT-0469,51.3,771,Premium spices available on Flipkart.,Flipkart
FPRD-02344,Dry Fruits (Series X957),FCAT-0469,498.13,258,Premium dry fruits available on Flipkart.,Flipkart
FPRD-02345,Cooking Oil (Series V162),FCAT-0469,179.43,367,Premium cooking oil available on Flipkart.,Flipkart
FPRD-02346,Cooking Oil (Series B750),FCAT-0470,836.84,293,Premium cooking oil available on Flipkart.,Flipkart
FPRD-02347,Cooking Oil (Series M948),FCAT-0470,1453.69,702,Premium cooking oil available on Flipkart.,Flipkart
FPRD-02348,Spices (Series N896),FCAT-0470,496.21,457,Premium spices available on Flipkart.,Flipkart
FPRD-02349,Rice (Series M340),FCAT-0470,1094.41,792,Premium rice available on Flipkart.,Flipkart
FPRD-02350,Dry Fruits (Series Q881),FCAT-0470,514.58,306,Premium dry fruits available on Flipkart.,Flipkart
FPRD-02351,Rice (Series J187),FCAT-0471,826.69,115,Premium rice available on Flipkart.,Flipkart
FPRD-02352,Cooking Oil (Series N601),FCAT-0471,63.02,129,Premium cooking oil available on Flipkart.,Flipkart
FPRD-02353,Rice (Series V744),FCAT-0471,101.25,87,Premium rice available on Flipkart.,Flipkart
FPRD-02354,Cooking Oil (Series C441),FCAT-0471,316.83,274,Premium cooking oil available on Flipkart.,Flipkart
FPRD-02355,Dry Fruits (Series N901),FCAT-0471,423.67,426,Premium dry fruits available on Flipkart.,Flipkart
FPRD-02356,Cooking Oil (Series W729),FCAT-0472,1159.57,433,Premium cooking oil available on Flipkart.,Flipkart
FPRD-02357,Dry Fruits (Series X164),FCAT-0472,421.04,451,Premium dry fruits available on Flipkart.,Flipkart
FPRD-02358,Rice (Series Y344),FCAT-0472,1135.32,520,Premium rice available on Flipkart.,Flipkart
FPRD-02359,Cooking Oil (Series A213),FCAT-0472,1805.1,228,Premium cooking oil available on Flipkart.,Flipkart
FPRD-02360,Rice (Series L603),FCAT-0472,477.15,631,Premium rice available on Flipkart.,Flipkart
FPRD-02361,Cooking Oil (Series H860),FCAT-0473,269.96,81,Premium cooking oil available on Flipkart.,Flipkart
FPRD-02362,Cooking Oil (Series W317),FCAT-0473,768.65,72,Premium cooking oil available on Flipkart.,Flipkart
FPRD-02363,Spices (Series W767),FCAT-0473,665.91,548,Premium spices available on Flipkart.,Flipkart
FPRD-02364,Cooking Oil (Series B442),FCAT-0473,1248.91,86,Premium cooking oil available on Flipkart.,Flipkart
FPRD-02365,Cooking Oil (Series O509),FCAT-0473,1152.75,401,Premium cooking oil available on Flipkart.,Flipkart
FPRD-02366,Cooking Oil (Series B264),FCAT-0474,957.39,542,Premium cooking oil available on Flipkart.,Flipkart
FPRD-02367,Rice (Series A955),FCAT-0474,335.57,261,Premium rice available on Flipkart.,Flipkart
FPRD-02368,Cooking Oil (Series R468),FCAT-0474,1217.5,60,Premium cooking oil available on Flipkart.,Flipkart
FPRD-02369,Rice (Series C514),FCAT-0474,1071.82,360,Premium rice available on Flipkart.,Flipkart
FPRD-02370,Dry Fruits (Series U687),FCAT-0474,1965.18,232,Premium dry fruits available on Flipkart.,Flipkart
FPRD-02371,Rice (Series V275),FCAT-0475,265.71,557,Premium rice available on Flipkart.,Flipkart
FPRD-02372,Dry Fruits (Series J371),FCAT-0475,822.02,187,Premium dry fruits available on Flipkart.,Flipkart
FPRD-02373,Rice (Series Z207),FCAT-0475,1325.47,783,Premium rice available on Flipkart.,Flipkart
FPRD-02374,Dry Fruits (Series U875),FCAT-0475,419.01,602,Premium dry fruits available on Flipkart.,Flipkart
FPRD-02375,Spices (Series F849),FCAT-0475,186.93,479,Premium spices available on Flipkart.,Flipkart
FPRD-02376,Rice (Series T943),FCAT-0476,747.63,197,Premium rice available on Flipkart.,Flipkart
FPRD-02377,Rice (Series F706),FCAT-0476,605.53,419,Premium rice available on Flipkart.,Flipkart
FPRD-02378,Spices (Series X836),FCAT-0476,603.44,623,Premium spices available on Flipkart.,Flipkart
FPRD-02379,Rice (Series Q975),FCAT-0476,774.42,676,Premium rice available on Flipkart.,Flipkart
FPRD-02380,Spices (Series Z822),FCAT-0476,1632.09,266,Premium spices available on Flipkart.,Flipkart
FPRD-02381,Cooking Oil (Series F221),FCAT-0477,576.58,28,Premium cooking oil available on Flipkart.,Flipkart
FPRD-02382,Rice (Series Q857),FCAT-0477,763.92,177,Premium rice available on Flipkart.,Flipkart
FPRD-02383,Rice (Series I191),FCAT-0477,302.34,324,Premium rice available on Flipkart.,Flipkart
FPRD-02384,Rice (Series V711),FCAT-0477,264.91,299,Premium rice available on Flipkart.,Flipkart
FPRD-02385,Rice (Series M715),FCAT-0477,150.62,518,Premium rice available on Flipkart.,Flipkart
FPRD-02386,Cooking Oil (Series J619),FCAT-0478,76.93,695,Premium cooking oil available on Flipkart.,Flipkart
FPRD-02387,Cooking Oil (Series D742),FCAT-0478,478.06,87,Premium cooking oil available on Flipkart.,Flipkart
FPRD-02388,Cooking Oil (Series Z222),FCAT-0478,834.06,428,Premium cooking oil available on Flipkart.,Flipkart
FPRD-02389,Dry Fruits (Series T443),FCAT-0478,1593.8,342,Premium dry fruits available on Flipkart.,Flipkart
FPRD-02390,Dry Fruits (Series M678),FCAT-0478,1569.39,114,Premium dry fruits available on Flipkart.,Flipkart
FPRD-02391,Dry Fruits (Series A855),FCAT-0479,597.33,123,Premium dry fruits available on Flipkart.,Flipkart
FPRD-02392,Cooking Oil (Series U318),FCAT-0479,958.97,236,Premium cooking oil available on Flipkart.,Flipkart
FPRD-02393,Cooking Oil (Series R871),FCAT-0479,183.62,787,Premium cooking oil available on Flipkart.,Flipkart
FPRD-02394,Cooking Oil (Series W377),FCAT-0479,529.1,32,Premium cooking oil available on Flipkart.,Flipkart
FPRD-02395,Rice (Series T396),FCAT-0479,1231.24,371,Premium rice available on Flipkart.,Flipkart
FPRD-02396,Spices (Series T940),FCAT-0480,493.82,309,Premium spices available on Flipkart.,Flipkart
FPRD-02397,Spices (Series A299),FCAT-0480,462.6,680,Premium spices available on Flipkart.,Flipkart
FPRD-02398,Dry Fruits (Series P993),FCAT-0480,580.71,691,Premium dry fruits available on Flipkart.,Flipkart
FPRD-02399,Spices (Series Q775),FCAT-0480,112.4,189,Premium spices available on Flipkart.,Flipkart
FPRD-02400,Dry Fruits (Series X219),FCAT-0480,817.12,652,Premium dry fruits available on Flipkart.,Flipkart
FPRD-02401,Cooking Oil (Series E755),FCAT-0481,1582.34,580,Premium cooking oil available on Flipkart.,Flipkart
FPRD-02402,Rice (Series W394),FCAT-0481,287.4,153,Premium rice available on Flipkart.,Flipkart
FPRD-02403,Dry Fruits (Series Y191),FCAT-0481,385.08,739,Premium dry fruits available on Flipkart.,Flipkart
FPRD-02404,Rice (Series C963),FCAT-0481,1784.26,372,Premium rice available on Flipkart.,Flipkart
FPRD-02405,Cooking Oil (Series Y554),FCAT-0481,431.14,95,Premium cooking oil available on Flipkart.,Flipkart
FPRD-02406,Cooking Oil (Series Q507),FCAT-0482,1401.1,557,Premium cooking oil available on Flipkart.,Flipkart
FPRD-02407,Spices (Series F492),FCAT-0482,814.69,678,Premium spices available on Flipkart.,Flipkart
FPRD-02408,Spices (Series U884),FCAT-0482,152.71,137,Premium spices available on Flipkart.,Flipkart
FPRD-02409,Cooking Oil (Series M553),FCAT-0482,1725.1,748,Premium cooking oil available on Flipkart.,Flipkart
FPRD-02410,Spices (Series L415),FCAT-0482,125.71,678,Premium spices available on Flipkart.,Flipkart
FPRD-02411,Cooking Oil (Series M902),FCAT-0483,1690.5,273,Premium cooking oil available on Flipkart.,Flipkart
FPRD-02412,Spices (Series U754),FCAT-0483,1520.88,630,Premium spices available on Flipkart.,Flipkart
FPRD-02413,Spices (Series Z921),FCAT-0483,528.07,289,Premium spices available on Flipkart.,Flipkart
FPRD-02414,Cooking Oil (Series N666),FCAT-0483,825.98,69,Premium cooking oil available on Flipkart.,Flipkart
FPRD-02415,Rice (Series V317),FCAT-0483,1678.14,88,Premium rice available on Flipkart.,Flipkart
FPRD-02416,Rice (Series U228),FCAT-0484,1094.2,714,Premium rice available on Flipkart.,Flipkart
FPRD-02417,Dry Fruits (Series A146),FCAT-0484,1383.32,247,Premium dry fruits available on Flipkart.,Flipkart
FPRD-02418,Spices (Series L641),FCAT-0484,1099.25,147,Premium spices available on Flipkart.,Flipkart
FPRD-02419,Cooking Oil (Series G478),FCAT-0484,179.27,376,Premium cooking oil available on Flipkart.,Flipkart
FPRD-02420,Spices (Series K490),FCAT-0484,1296.52,102,Premium spices available on Flipkart.,Flipkart
FPRD-02421,Cooking Oil (Series A625),FCAT-0485,853.04,319,Premium cooking oil available on Flipkart.,Flipkart
FPRD-02422,Dry Fruits (Series P188),FCAT-0485,1843.81,754,Premium dry fruits available on Flipkart.,Flipkart
FPRD-02423,Cooking Oil (Series T587),FCAT-0485,1590.14,747,Premium cooking oil available on Flipkart.,Flipkart
FPRD-02424,Dry Fruits (Series P423),FCAT-0485,717.69,516,Premium dry fruits available on Flipkart.,Flipkart
FPRD-02425,Dry Fruits (Series L207),FCAT-0485,1900.43,607,Premium dry fruits available on Flipkart.,Flipkart
FPRD-02426,Spices (Series Y821),FCAT-0486,1122.97,544,Premium spices available on Flipkart.,Flipkart
FPRD-02427,Rice (Series X259),FCAT-0486,1321.76,471,Premium rice available on Flipkart.,Flipkart
FPRD-02428,Rice (Series H985),FCAT-0486,213.37,714,Premium rice available on Flipkart.,Flipkart
FPRD-02429,Rice (Series C503),FCAT-0486,633.81,665,Premium rice available on Flipkart.,Flipkart
FPRD-02430,Rice (Series X557),FCAT-0486,929.05,95,Premium rice available on Flipkart.,Flipkart
FPRD-02431,Spices (Series H256),FCAT-0487,361.87,777,Premium spices available on Flipkart.,Flipkart
FPRD-02432,Dry Fruits (Series T240),FCAT-0487,1949.91,261,Premium dry fruits available on Flipkart.,Flipkart
FPRD-02433,Cooking Oil (Series L793),FCAT-0487,1627.8,787,Premium cooking oil available on Flipkart.,Flipkart
FPRD-02434,Spices (Series Q172),FCAT-0487,40.22,483,Premium spices available on Flipkart.,Flipkart
FPRD-02435,Spices (Series T215),FCAT-0487,206.84,442,Premium spices available on Flipkart.,Flipkart
FPRD-02436,Cooking Oil (Series O349),FCAT-0488,351.8,152,Premium cooking oil available on Flipkart.,Flipkart
FPRD-02437,Dry Fruits (Series P280),FCAT-0488,60.53,31,Premium dry fruits available on Flipkart.,Flipkart
FPRD-02438,Dry Fruits (Series J322),FCAT-0488,231.17,259,Premium dry fruits available on Flipkart.,Flipkart
FPRD-02439,Spices (Series J358),FCAT-0488,1142.24,635,Premium spices available on Flipkart.,Flipkart
FPRD-02440,Cooking Oil (Series Z862),FCAT-0488,957.01,284,Premium cooking oil available on Flipkart.,Flipkart
FPRD-02441,Rice (Series X759),FCAT-0489,1634.24,580,Premium rice available on Flipkart.,Flipkart
FPRD-02442,Cooking Oil (Series T599),FCAT-0489,382.1,758,Premium cooking oil available on Flipkart.,Flipkart
FPRD-02443,Cooking Oil (Series O753),FCAT-0489,1324.34,42,Premium cooking oil available on Flipkart.,Flipkart
FPRD-02444,Dry Fruits (Series I734),FCAT-0489,1225.76,102,Premium dry fruits available on Flipkart.,Flipkart
FPRD-02445,Dry Fruits (Series Y392),FCAT-0489,758.45,487,Premium dry fruits available on Flipkart.,Flipkart
FPRD-02446,Dry Fruits (Series S472),FCAT-0490,1041.45,715,Premium dry fruits available on Flipkart.,Flipkart
FPRD-02447,Spices (Series L370),FCAT-0490,1892.74,550,Premium spices available on Flipkart.,Flipkart
FPRD-02448,Cooking Oil (Series Y486),FCAT-0490,1570.84,91,Premium cooking oil available on Flipkart.,Flipkart
FPRD-02449,Cooking Oil (Series R799),FCAT-0490,233.62,367,Premium cooking oil available on Flipkart.,Flipkart
FPRD-02450,Spices (Series V376),FCAT-0490,834.92,628,Premium spices available on Flipkart.,Flipkart
FPRD-02451,Spices (Series J184),FCAT-0491,850.18,183,Premium spices available on Flipkart.,Flipkart
FPRD-02452,Spices (Series B123),FCAT-0491,360.63,382,Premium spices available on Flipkart.,Flipkart
FPRD-02453,Cooking Oil (Series K404),FCAT-0491,1373.81,259,Premium cooking oil available on Flipkart.,Flipkart
FPRD-02454,Spices (Series S361),FCAT-0491,1521.46,588,Premium spices available on Flipkart.,Flipkart
FPRD-02455,Cooking Oil (Series P456),FCAT-0491,225.46,290,Premium cooking oil available on Flipkart.,Flipkart
FPRD-02456,Rice (Series L536),FCAT-0492,773.78,257,Premium rice available on Flipkart.,Flipkart
FPRD-02457,Rice (Series Z192),FCAT-0492,1312.6,94,Premium rice available on Flipkart.,Flipkart
FPRD-02458,Dry Fruits (Series P194),FCAT-0492,1258.55,477,Premium dry fruits available on Flipkart.,Flipkart
FPRD-02459,Dry Fruits (Series K312),FCAT-0492,1326.78,84,Premium dry fruits available on Flipkart.,Flipkart
FPRD-02460,Dry Fruits (Series C717),FCAT-0492,1899.59,787,Premium dry fruits available on Flipkart.,Flipkart
FPRD-02461,Cooking Oil (Series A792),FCAT-0493,1526.71,58,Premium cooking oil available on Flipkart.,Flipkart
FPRD-02462,Rice (Series C682),FCAT-0493,1639.38,512,Premium rice available on Flipkart.,Flipkart
FPRD-02463,Cooking Oil (Series D647),FCAT-0493,414.18,156,Premium cooking oil available on Flipkart.,Flipkart
FPRD-02464,Rice (Series V484),FCAT-0493,1865.07,190,Premium rice available on Flipkart.,Flipkart
FPRD-02465,Dry Fruits (Series G793),FCAT-0493,1302.66,55,Premium dry fruits available on Flipkart.,Flipkart
FPRD-02466,Cooking Oil (Series D975),FCAT-0494,1480.82,240,Premium cooking oil available on Flipkart.,Flipkart
FPRD-02467,Spices (Series Q230),FCAT-0494,478.42,164,Premium spices available on Flipkart.,Flipkart
FPRD-02468,Dry Fruits (Series Y190),FCAT-0494,712.28,638,Premium dry fruits available on Flipkart.,Flipkart
FPRD-02469,Spices (Series F679),FCAT-0494,1973.8,135,Premium spices available on Flipkart.,Flipkart
FPRD-02470,Spices (Series N691),FCAT-0494,942.35,265,Premium spices available on Flipkart.,Flipkart
FPRD-02471,Dry Fruits (Series H969),FCAT-0495,343.18,222,Premium dry fruits available on Flipkart.,Flipkart
FPRD-02472,Dry Fruits (Series Y518),FCAT-0495,1389.59,526,Premium dry fruits available on Flipkart.,Flipkart
FPRD-02473,Dry Fruits (Series P275),FCAT-0495,1908.18,774,Premium dry fruits available on Flipkart.,Flipkart
FPRD-02474,Spices (Series P294),FCAT-0495,148.41,191,Premium spices available on Flipkart.,Flipkart
FPRD-02475,Cooking Oil (Series J493),FCAT-0495,859.56,150,Premium cooking oil available on Flipkart.,Flipkart
FPRD-02476,Cooking Oil (Series O328),FCAT-0496,618.46,36,Premium cooking oil available on Flipkart.,Flipkart
FPRD-02477,Rice (Series P297),FCAT-0496,142.43,539,Premium rice available on Flipkart.,Flipkart
FPRD-02478,Rice (Series H126),FCAT-0496,1513.43,33,Premium rice available on Flipkart.,Flipkart
FPRD-02479,Cooking Oil (Series S704),FCAT-0496,821.9,204,Premium cooking oil available on Flipkart.,Flipkart
FPRD-02480,Rice (Series A517),FCAT-0496,661.38,43,Premium rice available on Flipkart.,Flipkart
FPRD-02481,Spices (Series H239),FCAT-0497,511.75,535,Premium spices available on Flipkart.,Flipkart
FPRD-02482,Spices (Series R435),FCAT-0497,111.25,15,Premium spices available on Flipkart.,Flipkart
FPRD-02483,Spices (Series P903),FCAT-0497,1591.02,227,Premium spices available on Flipkart.,Flipkart
FPRD-02484,Spices (Series A637),FCAT-0497,822.25,316,Premium spices available on Flipkart.,Flipkart
FPRD-02485,Dry Fruits (Series F499),FCAT-0497,456.59,612,Premium dry fruits available on Flipkart.,Flipkart
FPRD-02486,Rice (Series I448),FCAT-0498,1682.31,216,Premium rice available on Flipkart.,Flipkart
FPRD-02487,Cooking Oil (Series O870),FCAT-0498,1467.74,420,Premium cooking oil available on Flipkart.,Flipkart
FPRD-02488,Spices (Series A934),FCAT-0498,1782.55,659,Premium spices available on Flipkart.,Flipkart
FPRD-02489,Rice (Series G552),FCAT-0498,1791.78,175,Premium rice available on Flipkart.,Flipkart
FPRD-02490,Rice (Series X792),FCAT-0498,1805.72,300,Premium rice available on Flipkart.,Flipkart
FPRD-02491,Dry Fruits (Series X413),FCAT-0499,1209.66,618,Premium dry fruits available on Flipkart.,Flipkart
FPRD-02492,Cooking Oil (Series S316),FCAT-0499,1246.73,574,Premium cooking oil available on Flipkart.,Flipkart
FPRD-02493,Spices (Series Q821),FCAT-0499,711.42,25,Premium spices available on Flipkart.,Flipkart
FPRD-02494,Spices (Series P581),FCAT-0499,523.15,523,Premium spices available on Flipkart.,Flipkart
FPRD-02495,Dry Fruits (Series U210),FCAT-0499,1123.81,606,Premium dry fruits available on Flipkart.,Flipkart
FPRD-02496,Cooking Oil (Series Q961),FCAT-0500,1936.9,320,Premium cooking oil available on Flipkart.,Flipkart
FPRD-02497,Rice (Series G849),FCAT-0500,557.3,776,Premium rice available on Flipkart.,Flipkart
FPRD-02498,Spices (Series V635),FCAT-0500,1984.42,678,Premium spices available on Flipkart.,Flipkart
FPRD-02499,Cooking Oil (Series J728),FCAT-0500,1214.21,43,Premium cooking oil available on Flipkart.,Flipkart
FPRD-02500,Spices (Series L850),FCAT-0500,209.76,142,Premium spices available on Flipkart.,Flipkart
