review_id,product_id,customer_id,rating,review_text,review_date,platform
REV-100000,PRD-02453,CUST-199504,4.0,Not what I expected.,2025-04-29 02:00:00,Amazon
REV-100001,PRD-00632,CUST-450347,2.0,Not what I expected.,2025-09-27 22:00:00,Amazon
REV-100002,PRD-00873,CUST-377125,2.0,Great!,2025-08-08 09:00:00,Amazon
REV-100003,PRD-00331,CUST-317885,3.0,Good product.,2024-10-11 06:00:00,Amazon
REV-100004,PRD-01308,CUST-474492,4.0,Not what I expected.,2024-12-18 21:00:00,Amazon
REV-100005,PRD-02430,CUST-329324,3.0,Not what I expected.,2025-11-24 13:00:00,Amazon
REV-100006,PRD-01673,CUST-101495,2.0,Loved it!,2025-06-07 14:00:00,Amazon
REV-100007,PRD-01666,CUST-247795,5.0,Good product.,2025-11-27 13:00:00,Amazon
REV-100008,PRD-02414,CUST-171128,5.0,Good product.,2025-06-14 09:00:00,Amazon
REV-100009,PRD-01816,CUST-298169,4.0,Great!,2025-05-24 20:00:00,Amazon
REV-100010,PRD-01073,CUST-405123,5.0,Loved it!,2026-01-30 02:00:00,Amazon
REV-100011,PRD-02300,CUST-278352,3.0,Great!,2025-04-02 07:00:00,Amazon
REV-100012,PRD-01481,CUST-192814,5.0,Average.,2025-04-04 12:00:00,Amazon
REV-100013,PRD-00211,CUST-250191,1.0,Great!,2025-04-23 13:00:00,Amazon
REV-100014,PRD-01759,CUST-491519,3.0,Average.,2025-12-25 00:00:00,Amazon
REV-100015,PRD-01167,CUST-141452,3.0,Good product.,2024-08-13 01:00:00,Amazon
REV-100016,PRD-00829,CUST-173420,1.0,Great!,2025-06-17 17:00:00,Amazon
REV-100017,PRD-01334,CUST-339455,4.0,Loved it!,2025-04-01 17:00:00,Amazon
REV-100018,PRD-00191,CUST-163084,4.0,Not what I expected.,2024-10-05 07:00:00,Amazon
REV-100019,PRD-00707,CUST-473606,3.0,Loved it!,2025-06-27 22:00:00,Amazon
REV-100020,PRD-01340,CUST-120922,4.0,Not what I expected.,2024-10-10 04:00:00,Amazon
REV-100021,PRD-00602,CUST-302743,3.0,Not what I expected.,2024-11-01 01:00:00,Amazon
REV-100022,PRD-01718,CUST-434880,3.0,Great!,2025-04-25 19:00:00,Amazon
REV-100023,PRD-00885,CUST-417349,2.0,Loved it!,2025-06-24 07:00:00,Amazon
REV-100024,PRD-00455,CUST-345852,5.0,Good product.,2024-10-05 07:00:00,Amazon
REV-100025,PRD-01789,CUST-448559,5.0,Loved it!,2026-07-22 11:00:00,Amazon
REV-100026,PRD-01620,CUST-330055,1.0,Not what I expected.,2025-08-20 22:00:00,Amazon
REV-100027,PRD-01237,CUST-179912,3.0,Good product.,2025-10-04 08:00:00,Amazon
REV-100028,PRD-02115,CUST-233375,5.0,Good product.,2024-09-03 12:00:00,Amazon
REV-100029,PRD-00110,CUST-218606,4.0,Average.,2025-12-15 11:00:00,Amazon
REV-100031,PRD-02406,CUST-298958,5.0,Average.,2025-09-28 16:00:00,Amazon
REV-100032,PRD-01410,CUST-327000,3.0,Not what I expected.,2026-08-01 03:00:00,Amazon
REV-100033,PRD-02101,CUST-187327,4.0,Average.,2026-03-06 02:00:00,Amazon
REV-100035,PRD-00589,CUST-293072,1.0,Great!,2025-10-22 13:00:00,Amazon
REV-100036,PRD-00937,CUST-112034,2.0,Loved it!,2026-06-08 00:00:00,Amazon
REV-100037,PRD-01982,CUST-328562,5.0,Average.,2025-09-17 06:00:00,Amazon
REV-100038,PRD-00907,CUST-480740,5.0,Loved it!,2025-08-23 09:00:00,Amazon
REV-100039,PRD-01894,CUST-271394,3.0,Not what I expected.,2026-07-29 16:00:00,Amazon
REV-100040,PRD-01953,CUST-277233,5.0,Good product.,2026-07-11 13:00:00,Amazon
REV-100041,PRD-02240,CUST-497810,5.0,Not what I expected.,2024-12-27 16:00:00,Amazon
REV-100042,PRD-00635,CUST-412199,4.0,Great!,2025-08-06 17:00:00,Amazon
REV-100043,PRD-00881,CUST-104800,2.0,Not what I expected.,2025-09-18 00:00:00,Amazon
REV-100044,PRD-01378,CUST-298876,4.0,Average.,2026-04-02 04:00:00,Amazon
REV-100045,PRD-01930,CUST-172726,1.0,Good product.,2025-11-28 04:00:00,Amazon
REV-100047,PRD-00502,CUST-444337,4.0,Average.,2025-04-01 05:00:00,Amazon
REV-100048,PRD-02308,CUST-428146,5.0,Loved it!,2025-05-20 14:00:00,Amazon
REV-100050,PRD-01813,CUST-378328,1.0,Average.,2026-01-11 04:00:00,Amazon
REV-100051,PRD-01994,CUST-351699,3.0,Average.,2026-06-10 14:00:00,Amazon
REV-100052,PRD-02419,CUST-271639,1.0,Loved it!,2024-12-31 09:00:00,Amazon
REV-100053,PRD-00213,CUST-420035,1.0,Great!,2026-05-13 23:00:00,Amazon
REV-100054,PRD-00258,CUST-494793,1.0,Good product.,2025-02-13 11:00:00,Amazon
REV-100055,PRD-00496,CUST-251557,4.0,Loved it!,2026-05-06 18:00:00,Amazon
REV-100056,PRD-00900,CUST-368621,3.0,Loved it!,2025-05-10 04:00:00,Amazon
REV-100057,PRD-00423,CUST-295617,4.0,Good product.,2025-04-10 06:00:00,Amazon
REV-100058,PRD-01344,CUST-274381,4.0,Good product.,2025-10-18 13:00:00,Amazon
REV-100059,PRD-00497,CUST-143598,4.0,Average.,2025-04-21 08:00:00,Amazon
REV-100060,PRD-01533,CUST-159092,1.0,Not what I expected.,2025-06-09 18:00:00,Amazon
REV-100061,PRD-02147,CUST-126277,3.0,Good product.,2025-09-10 10:00:00,Amazon
REV-100062,PRD-00195,CUST-127859,2.0,Good product.,2024-12-21 22:00:00,Amazon
REV-100063,PRD-02444,CUST-394890,3.0,Not what I expected.,2024-10-04 12:00:00,Amazon
REV-100064,PRD-01760,CUST-223048,3.0,Not what I expected.,2025-07-06 17:00:00,Amazon
REV-100065,PRD-00550,CUST-452190,4.0,Not what I expected.,2026-02-24 05:00:00,Amazon
REV-100067,PRD-00971,CUST-438236,3.0,Great!,2026-06-24 10:00:00,Amazon
REV-100068,PRD-01851,CUST-127797,4.0,Loved it!,2025-11-09 23:00:00,Amazon
REV-100069,PRD-00891,CUST-404733,2.0,Loved it!,2026-02-19 01:00:00,Amazon
REV-100070,PRD-00675,CUST-438409,3.0,Great!,2025-01-06 09:00:00,Amazon
REV-100071,PRD-01440,CUST-453341,4.0,Great!,2025-06-30 19:00:00,Amazon
REV-100072,PRD-01997,CUST-273802,1.0,Not what I expected.,2026-07-04 11:00:00,Amazon
REV-100073,PRD-01214,CUST-415443,5.0,Not what I expected.,2024-10-25 09:00:00,Amazon
REV-100074,PRD-01521,CUST-110861,5.0,Not what I expected.,2025-02-24 09:00:00,Amazon
REV-100076,PRD-01590,CUST-383404,2.0,Great!,2025-02-14 16:00:00,Amazon
REV-100078,PRD-00643,CUST-109184,5.0,Average.,2025-12-24 22:00:00,Amazon
REV-100079,PRD-00332,CUST-194568,3.0,Great!,2026-05-10 15:00:00,Amazon
REV-100080,PRD-01191,CUST-429683,1.0,Not what I expected.,2026-07-30 15:00:00,Amazon
REV-100081,PRD-00863,CUST-196656,1.0,Not what I expected.,2025-11-20 17:00:00,Amazon
REV-100082,PRD-02028,CUST-145995,1.0,Not what I expected.,2024-11-07 16:00:00,Amazon
REV-100083,PRD-01084,CUST-107151,3.0,Not what I expected.,2026-03-18 20:00:00,Amazon
REV-100084,PRD-01646,CUST-362930,2.0,Not what I expected.,2026-02-01 01:00:00,Amazon
REV-100085,PRD-01088,CUST-460302,2.0,Good product.,2025-01-18 17:00:00,Amazon
REV-100086,PRD-00801,CUST-394473,2.0,Not what I expected.,2025-06-23 22:00:00,Amazon
REV-100087,PRD-00725,CUST-312060,1.0,Good product.,2025-05-08 11:00:00,Amazon
REV-100088,PRD-00376,CUST-255999,4.0,Average.,2026-07-20 06:00:00,Amazon
REV-100089,PRD-00775,CUST-304784,3.0,Average.,2025-09-02 04:00:00,Amazon
REV-100090,PRD-00824,CUST-480878,3.0,Good product.,2025-09-27 20:00:00,Amazon
REV-100091,PRD-01202,CUST-204932,5.0,Great!,2025-08-31 06:00:00,Amazon
REV-100092,PRD-01697,CUST-411079,3.0,Not what I expected.,2025-06-02 23:00:00,Amazon
REV-100093,PRD-02343,CUST-149783,2.0,Loved it!,2026-01-28 17:00:00,Amazon
REV-100094,PRD-00379,CUST-350616,2.0,Great!,2025-12-16 20:00:00,Amazon
REV-100095,PRD-01995,CUST-487496,2.0,Great!,2025-09-19 04:00:00,Amazon
REV-100096,PRD-00092,CUST-230313,4.0,Loved it!,2024-10-03 19:00:00,Amazon
REV-100097,PRD-00507,CUST-298876,4.0,Loved it!,2026-04-02 04:00:00,Amazon
REV-100098,PRD-02343,CUST-421764,3.0,Not what I expected.,2025-05-23 08:00:00,Amazon
REV-100099,PRD-01359,CUST-396689,5.0,Good product.,2026-03-23 15:00:00,Amazon
REV-100100,PRD-02287,CUST-297798,5.0,Not what I expected.,2025-03-18 02:00:00,Amazon
REV-100101,PRD-01599,CUST-403833,2.0,Not what I expected.,2025-10-17 00:00:00,Amazon
REV-100102,PRD-01458,CUST-319349,5.0,Not what I expected.,2026-01-08 16:00:00,Amazon
REV-100103,PRD-01602,CUST-452642,2.0,Not what I expected.,2024-08-16 15:00:00,Amazon
REV-100104,PRD-01565,CUST-329929,2.0,Great!,2025-05-04 17:00:00,Amazon
REV-100105,PRD-00208,CUST-102651,4.0,Great!,2025-09-19 18:00:00,Amazon
REV-100106,PRD-00922,CUST-297308,4.0,Good product.,2026-07-23 07:00:00,Amazon
REV-100108,PRD-01986,CUST-390002,1.0,Average.,2025-07-28 22:00:00,Amazon
REV-100109,PRD-00589,CUST-445193,1.0,Good product.,2025-10-30 02:00:00,Amazon
REV-100110,PRD-00840,CUST-138084,3.0,Not what I expected.,2026-01-31 14:00:00,Amazon
REV-100111,PRD-02236,CUST-453548,5.0,Not what I expected.,2025-12-11 07:00:00,Amazon
REV-100112,PRD-00250,CUST-396523,1.0,Great!,2026-03-21 23:00:00,Amazon
REV-100113,PRD-01596,CUST-223048,2.0,Good product.,2026-04-15 01:00:00,Amazon
REV-100114,PRD-00975,CUST-363687,3.0,Loved it!,2024-10-30 19:00:00,Amazon
REV-100115,PRD-00077,CUST-457019,5.0,Average.,2026-03-05 20:00:00,Amazon
REV-100116,PRD-00041,CUST-443553,1.0,Good product.,2024-11-19 19:00:00,Amazon
REV-100117,PRD-01715,CUST-151045,5.0,Loved it!,2024-09-09 03:00:00,Amazon
REV-100118,PRD-01499,CUST-319204,1.0,Not what I expected.,2026-04-29 18:00:00,Amazon
REV-100119,PRD-01448,CUST-317430,2.0,Average.,2025-09-25 09:00:00,Amazon
REV-100120,PRD-01199,CUST-145995,4.0,Average.,2025-03-13 18:00:00,Amazon
REV-100121,PRD-00971,CUST-121093,5.0,Loved it!,2025-06-03 05:00:00,Amazon
REV-100122,PRD-00843,CUST-330639,4.0,Good product.,2026-07-14 01:00:00,Amazon
REV-100123,PRD-01100,CUST-368542,4.0,Good product.,2026-04-11 23:00:00,Amazon
REV-100124,PRD-00973,CUST-220196,2.0,Good product.,2026-01-14 15:00:00,Amazon
REV-100125,PRD-00906,CUST-486127,4.0,Average.,2024-10-13 23:00:00,Amazon
REV-100127,PRD-00087,CUST-319930,3.0,Great!,2026-03-30 18:00:00,Amazon
REV-100128,PRD-01885,CUST-174362,5.0,Average.,2025-05-24 07:00:00,Amazon
REV-100129,PRD-00931,CUST-231716,1.0,Average.,2025-12-31 00:00:00,Amazon
REV-100130,PRD-00866,CUST-459695,1.0,Good product.,2026-03-01 13:00:00,Amazon
REV-100132,PRD-02280,CUST-220103,5.0,Great!,2025-03-16 17:00:00,Amazon
REV-100133,PRD-01563,CUST-449756,5.0,Not what I expected.,2024-10-11 13:00:00,Amazon
REV-100135,PRD-00732,CUST-272401,4.0,Good product.,2024-09-25 00:00:00,Amazon
REV-100136,PRD-02333,CUST-168425,5.0,Not what I expected.,2025-08-04 05:00:00,Amazon
REV-100137,PRD-01065,CUST-132995,3.0,Great!,2026-04-12 15:00:00,Amazon
REV-100138,PRD-01546,CUST-252692,2.0,Loved it!,2024-09-06 09:00:00,Amazon
REV-100139,PRD-00627,CUST-493943,4.0,Not what I expected.,2026-06-21 11:00:00,Amazon
REV-100140,PRD-02200,CUST-324241,4.0,Not what I expected.,2025-07-16 08:00:00,Amazon
REV-100141,PRD-01030,CUST-166232,5.0,Good product.,2025-10-04 16:00:00,Amazon
REV-100142,PRD-02033,CUST-149783,3.0,Great!,2024-09-10 17:00:00,Amazon
REV-100143,PRD-00767,CUST-339642,4.0,Great!,2024-12-26 02:00:00,Amazon
REV-100144,PRD-00245,CUST-248624,1.0,Average.,2026-01-07 03:00:00,Amazon
REV-100145,PRD-02069,CUST-236566,1.0,Good product.,2025-05-30 03:00:00,Amazon
REV-100146,PRD-01236,CUST-166467,4.0,Great!,2025-08-10 02:00:00,Amazon
REV-100147,PRD-01816,CUST-440190,5.0,Loved it!,2025-05-07 00:00:00,Amazon
REV-100148,PRD-01824,CUST-113542,5.0,Average.,2025-05-05 05:00:00,Amazon
REV-100149,PRD-00387,CUST-107450,5.0,Loved it!,2025-04-12 23:00:00,Amazon
REV-100151,PRD-00045,CUST-254354,1.0,Good product.,2025-04-03 11:00:00,Amazon
REV-100152,PRD-01027,CUST-224607,2.0,Loved it!,2025-11-18 23:00:00,Amazon
REV-100153,PRD-02333,CUST-323595,4.0,Good product.,2026-05-26 09:00:00,Amazon
REV-100154,PRD-01470,CUST-237951,3.0,Not what I expected.,2024-08-14 16:00:00,Amazon
REV-100155,PRD-00471,CUST-289433,3.0,Not what I expected.,2025-07-14 03:00:00,Amazon
REV-100156,PRD-01386,CUST-152424,5.0,Average.,2025-01-01 08:00:00,Amazon
REV-100157,PRD-00773,CUST-186818,4.0,Loved it!,2025-06-06 01:00:00,Amazon
REV-100158,PRD-00286,CUST-409924,3.0,Not what I expected.,2025-12-09 00:00:00,Amazon
REV-100159,PRD-00188,CUST-185593,1.0,Loved it!,2026-06-17 19:00:00,Amazon
REV-100160,PRD-01333,CUST-409741,2.0,Good product.,2025-07-02 12:00:00,Amazon
REV-100161,PRD-02452,CUST-204109,4.0,Average.,2024-09-11 06:00:00,Amazon
REV-100162,PRD-02064,CUST-149783,3.0,Not what I expected.,2025-12-07 15:00:00,Amazon
REV-100163,PRD-00392,CUST-438312,3.0,Loved it!,2026-03-09 22:00:00,Amazon
REV-100164,PRD-01829,CUST-181751,1.0,Not what I expected.,2026-02-01 09:00:00,Amazon
REV-100165,PRD-01969,CUST-491337,4.0,Loved it!,2026-05-04 22:00:00,Amazon
REV-100166,PRD-00409,CUST-470973,3.0,Average.,2026-03-27 04:00:00,Amazon
REV-100167,PRD-00229,CUST-448788,2.0,Loved it!,2026-03-04 14:00:00,Amazon
REV-100168,PRD-00054,CUST-312284,2.0,Average.,2025-10-12 18:00:00,Amazon
REV-100169,PRD-00247,CUST-403748,2.0,Good product.,2024-10-17 11:00:00,Amazon
REV-100170,PRD-00035,CUST-386638,4.0,Good product.,2025-04-03 15:00:00,Amazon
REV-100171,PRD-02444,CUST-253650,2.0,Good product.,2025-11-24 06:00:00,Amazon
REV-100172,PRD-01569,CUST-372529,5.0,Not what I expected.,2026-03-19 16:00:00,Amazon
REV-100173,PRD-00073,CUST-239480,2.0,Average.,2025-08-27 15:00:00,Amazon
REV-100174,PRD-01003,CUST-474017,4.0,Loved it!,2024-09-13 11:00:00,Amazon
REV-100175,PRD-00724,CUST-202177,1.0,Great!,2025-06-12 17:00:00,Amazon
REV-100176,PRD-02226,CUST-338316,5.0,Good product.,2025-07-13 23:00:00,Amazon
REV-100177,PRD-01924,CUST-110443,3.0,Not what I expected.,2025-04-06 10:00:00,Amazon
REV-100179,PRD-02378,CUST-345509,1.0,Good product.,2025-09-14 08:00:00,Amazon
REV-100180,PRD-01383,CUST-440902,5.0,Not what I expected.,2025-12-05 13:00:00,Amazon
REV-100181,PRD-00024,CUST-440878,3.0,Average.,2024-09-16 03:00:00,Amazon
REV-100182,PRD-01170,CUST-101749,3.0,Not what I expected.,2025-03-28 13:00:00,Amazon
REV-100183,PRD-01062,CUST-412390,2.0,Good product.,2024-11-10 03:00:00,Amazon
REV-100184,PRD-00352,CUST-326941,3.0,Not what I expected.,2026-05-15 02:00:00,Amazon
REV-100185,PRD-01570,CUST-215897,2.0,Loved it!,2025-05-14 01:00:00,Amazon
REV-100186,PRD-02141,CUST-116098,2.0,Good product.,2025-08-03 00:00:00,Amazon
REV-100187,PRD-02433,CUST-130188,5.0,Loved it!,2024-10-14 08:00:00,Amazon
REV-100188,PRD-02479,CUST-400115,1.0,Loved it!,2025-02-09 22:00:00,Amazon
REV-100189,PRD-01462,CUST-125644,5.0,Great!,2025-11-04 00:00:00,Amazon
REV-100190,PRD-02196,CUST-414227,5.0,Great!,2025-12-05 17:00:00,Amazon
REV-100191,PRD-00973,CUST-279637,4.0,Good product.,2025-04-10 21:00:00,Amazon
REV-100192,PRD-01911,CUST-417972,4.0,Not what I expected.,2025-08-03 14:00:00,Amazon
REV-100193,PRD-01979,CUST-338376,2.0,Good product.,2024-12-25 08:00:00,Amazon
REV-100194,PRD-01230,CUST-317885,1.0,Loved it!,2024-10-11 06:00:00,Amazon
REV-100195,PRD-01845,CUST-129178,3.0,Good product.,2025-09-24 16:00:00,Amazon
REV-100196,PRD-02324,CUST-329695,1.0,Average.,2026-03-15 19:00:00,Amazon
REV-100197,PRD-02424,CUST-136617,3.0,Not what I expected.,2026-07-13 15:00:00,Amazon
REV-100198,PRD-00800,CUST-476038,2.0,Not what I expected.,2025-06-13 03:00:00,Amazon
REV-100199,PRD-00259,CUST-332838,1.0,Not what I expected.,2025-10-31 12:00:00,Amazon
REV-100202,PRD-01582,CUST-161450,3.0,Average.,2025-03-10 06:00:00,Amazon
REV-100203,PRD-00199,CUST-158003,2.0,Loved it!,2024-12-15 05:00:00,Amazon
REV-100204,PRD-00874,CUST-437712,2.0,Good product.,2025-02-26 23:00:00,Amazon
REV-100205,PRD-01670,CUST-242962,5.0,Great!,2024-11-22 21:00:00,Amazon
REV-100206,PRD-00490,CUST-371699,2.0,Great!,2025-11-11 07:00:00,Amazon
REV-100207,PRD-01680,CUST-176831,1.0,Average.,2026-03-05 10:00:00,Amazon
REV-100208,PRD-00103,CUST-373533,4.0,Not what I expected.,2025-05-05 19:00:00,Amazon
REV-100209,PRD-00660,CUST-240134,1.0,Average.,2025-10-18 11:00:00,Amazon
REV-100210,PRD-01477,CUST-325493,1.0,Average.,2025-01-04 01:00:00,Amazon
REV-100211,PRD-02256,CUST-228496,5.0,Average.,2026-06-01 01:00:00,Amazon
REV-100212,PRD-01639,CUST-244894,5.0,Great!,2024-10-22 06:00:00,Amazon
REV-100213,PRD-00117,CUST-450411,3.0,Average.,2025-08-27 13:00:00,Amazon
REV-100214,PRD-00999,CUST-263452,2.0,Not what I expected.,2026-01-18 11:00:00,Amazon
REV-100215,PRD-01061,CUST-450211,3.0,Loved it!,2026-03-13 13:00:00,Amazon
REV-100216,PRD-02260,CUST-283791,5.0,Loved it!,2024-09-05 15:00:00,Amazon
REV-100217,PRD-01213,CUST-356878,3.0,Great!,2026-01-23 02:00:00,Amazon
REV-100219,PRD-00350,CUST-293920,1.0,Loved it!,2026-02-22 03:00:00,Amazon
REV-100220,PRD-01892,CUST-272849,5.0,Great!,2024-11-25 00:00:00,Amazon
REV-100221,PRD-00903,CUST-343403,2.0,Average.,2025-04-30 20:00:00,Amazon
REV-100222,PRD-01880,CUST-266595,5.0,Loved it!,2026-01-22 22:00:00,Amazon
REV-100223,PRD-00854,CUST-114930,5.0,Loved it!,2025-04-18 09:00:00,Amazon
REV-100224,PRD-01084,CUST-338542,1.0,Loved it!,2024-10-13 00:00:00,Amazon
REV-100225,PRD-01214,CUST-218391,2.0,Average.,2024-12-23 14:00:00,Amazon
REV-100226,PRD-01992,CUST-112034,3.0,Great!,2026-06-08 00:00:00,Amazon
REV-100228,PRD-00730,CUST-272465,3.0,Average.,2024-09-08 23:00:00,Amazon
REV-100229,PRD-00912,CUST-213748,3.0,Average.,2024-10-21 16:00:00,Amazon
REV-100230,PRD-02016,CUST-244991,5.0,Great!,2024-09-15 22:00:00,Amazon
REV-100231,PRD-01715,CUST-281063,5.0,Great!,2025-07-28 19:00:00,Amazon
REV-100232,PRD-01206,CUST-473244,5.0,Great!,2025-12-13 15:00:00,Amazon
REV-100233,PRD-00597,CUST-115907,1.0,Great!,2025-04-15 22:00:00,Amazon
REV-100234,PRD-00037,CUST-481939,5.0,Average.,2025-07-11 09:00:00,Amazon
REV-100235,PRD-00087,CUST-409499,3.0,Good product.,2024-09-09 02:00:00,Amazon
REV-100236,PRD-01095,CUST-341790,5.0,Loved it!,2025-03-24 05:00:00,Amazon
REV-100237,PRD-01637,CUST-237917,2.0,Average.,2025-08-12 11:00:00,Amazon
REV-100238,PRD-02030,CUST-208776,4.0,Not what I expected.,2025-04-07 11:00:00,Amazon
REV-100239,PRD-01904,CUST-285952,2.0,Good product.,2025-09-15 06:00:00,Amazon
REV-100240,PRD-02207,CUST-280643,1.0,Not what I expected.,2024-10-07 17:00:00,Amazon
REV-100241,PRD-00215,CUST-415160,1.0,Loved it!,2026-01-21 07:00:00,Amazon
REV-100242,PRD-00213,CUST-153867,5.0,Not what I expected.,2025-07-05 09:00:00,Amazon
REV-100243,PRD-00642,CUST-432107,1.0,Average.,2025-11-28 00:00:00,Amazon
REV-100244,PRD-01099,CUST-143598,3.0,Loved it!,2025-04-21 08:00:00,Amazon
REV-100246,PRD-02384,CUST-187436,2.0,Not what I expected.,2026-01-05 10:00:00,Amazon
REV-100247,PRD-01981,CUST-168008,3.0,Great!,2026-01-28 08:00:00,Amazon
REV-100248,PRD-01432,CUST-279373,4.0,Not what I expected.,2025-09-17 02:00:00,Amazon
REV-100249,PRD-00154,CUST-170893,1.0,Not what I expected.,2026-01-04 07:00:00,Amazon
REV-100250,PRD-00762,CUST-498254,1.0,Great!,2026-06-21 00:00:00,Amazon
REV-100251,PRD-00648,CUST-445193,4.0,Great!,2026-01-25 22:00:00,Amazon
REV-100252,PRD-01520,CUST-295917,2.0,Great!,2024-10-18 17:00:00,Amazon
REV-100253,PRD-00996,CUST-240620,3.0,Not what I expected.,2026-05-06 19:00:00,Amazon
REV-100254,PRD-02182,CUST-315016,3.0,Good product.,2026-06-18 08:00:00,Amazon
REV-100255,PRD-01011,CUST-409585,1.0,Loved it!,2025-05-19 05:00:00,Amazon
REV-100256,PRD-01966,CUST-411122,2.0,Average.,2025-05-13 19:00:00,Amazon
REV-100257,PRD-02070,CUST-472928,5.0,Loved it!,2025-11-28 21:00:00,Amazon
REV-100258,PRD-00421,CUST-113262,5.0,Not what I expected.,2025-07-25 21:00:00,Amazon
REV-100259,PRD-02344,CUST-269022,3.0,Average.,2025-04-24 00:00:00,Amazon
REV-100260,PRD-02146,CUST-455218,1.0,Not what I expected.,2025-08-13 20:00:00,Amazon
REV-100261,PRD-00188,CUST-329204,3.0,Good product.,2026-05-30 19:00:00,Amazon
REV-100262,PRD-01106,CUST-289688,3.0,Average.,2025-12-21 22:00:00,Amazon
REV-100263,PRD-01253,CUST-158447,2.0,Not what I expected.,2024-08-16 20:00:00,Amazon
REV-100264,PRD-01523,CUST-488338,4.0,Average.,2025-08-02 00:00:00,Amazon
REV-100265,PRD-01317,CUST-328686,3.0,Loved it!,2025-12-16 22:00:00,Amazon
REV-100266,PRD-01681,CUST-268003,2.0,Loved it!,2024-08-22 03:00:00,Amazon
REV-100267,PRD-02085,CUST-201801,1.0,Good product.,2026-07-27 10:00:00,Amazon
REV-100268,PRD-02488,CUST-134478,5.0,Good product.,2026-05-26 21:00:00,Amazon
REV-100269,PRD-02461,CUST-464361,3.0,Good product.,2025-12-17 13:00:00,Amazon
REV-100270,PRD-01104,CUST-343403,4.0,Good product.,2026-01-09 17:00:00,Amazon
REV-100271,PRD-00966,CUST-286155,3.0,Good product.,2026-02-17 03:00:00,Amazon
REV-100272,PRD-02148,CUST-455451,3.0,Good product.,2026-02-23 20:00:00,Amazon
REV-100273,PRD-00765,CUST-119257,2.0,Loved it!,2024-10-13 18:00:00,Amazon
REV-100274,PRD-01599,CUST-252990,1.0,Good product.,2025-05-08 07:00:00,Amazon
REV-100276,PRD-00298,CUST-127797,4.0,Not what I expected.,2025-01-30 05:00:00,Amazon
REV-100277,PRD-01586,CUST-152424,4.0,Loved it!,2025-06-05 05:00:00,Amazon
REV-100278,PRD-00172,CUST-217509,4.0,Not what I expected.,2024-11-07 05:00:00,Amazon
REV-100279,PRD-01109,CUST-424057,4.0,Loved it!,2025-05-21 15:00:00,Amazon
REV-100280,PRD-00348,CUST-165912,5.0,Loved it!,2024-12-04 07:00:00,Amazon
REV-100281,PRD-01289,CUST-421032,4.0,Not what I expected.,2025-08-20 11:00:00,Amazon
REV-100282,PRD-01504,CUST-338316,2.0,Good product.,2024-08-17 10:00:00,Amazon
REV-100283,PRD-00350,CUST-273844,1.0,Loved it!,2025-09-28 04:00:00,Amazon
REV-100285,PRD-01111,CUST-256809,2.0,Good product.,2025-06-18 03:00:00,Amazon
REV-100286,PRD-00956,CUST-393677,1.0,Not what I expected.,2025-04-11 07:00:00,Amazon
REV-100289,PRD-01207,CUST-362622,5.0,Loved it!,2025-08-29 11:00:00,Amazon
REV-100290,PRD-01564,CUST-446901,4.0,Average.,2026-06-25 07:00:00,Amazon
REV-100291,PRD-00958,CUST-306087,4.0,Great!,2025-02-17 04:00:00,Amazon
REV-100292,PRD-01260,CUST-409394,3.0,Average.,2026-05-12 02:00:00,Amazon
REV-100293,PRD-00346,CUST-219312,5.0,Average.,2025-01-17 07:00:00,Amazon
REV-100294,PRD-01641,CUST-152626,2.0,Good product.,2026-03-12 19:00:00,Amazon
REV-100295,PRD-01677,CUST-458928,2.0,Average.,2024-10-02 11:00:00,Amazon
REV-100296,PRD-00837,CUST-214819,3.0,Great!,2025-01-21 22:00:00,Amazon
REV-100297,PRD-00529,CUST-432343,5.0,Loved it!,2024-10-01 13:00:00,Amazon
REV-100298,PRD-01488,CUST-289993,5.0,Not what I expected.,2025-12-01 03:00:00,Amazon
REV-100299,PRD-00711,CUST-398194,2.0,Not what I expected.,2026-01-18 07:00:00,Amazon
REV-100301,PRD-01349,CUST-318675,4.0,Loved it!,2025-05-22 23:00:00,Amazon
REV-100302,PRD-00575,CUST-320139,5.0,Good product.,2024-12-03 18:00:00,Amazon
REV-100304,PRD-02088,CUST-203492,2.0,Good product.,2026-03-11 16:00:00,Amazon
REV-100305,PRD-01852,CUST-275252,5.0,Good product.,2026-05-11 01:00:00,Amazon
REV-100306,PRD-01883,CUST-294484,1.0,Good product.,2025-09-20 06:00:00,Amazon
REV-100307,PRD-00176,CUST-258480,5.0,Loved it!,2026-04-02 12:00:00,Amazon
REV-100309,PRD-01414,CUST-236048,1.0,Loved it!,2024-11-14 17:00:00,Amazon
REV-100310,PRD-00524,CUST-208885,4.0,Average.,2025-04-04 14:00:00,Amazon
REV-100312,PRD-00336,CUST-446861,5.0,Loved it!,2024-08-16 22:00:00,Amazon
REV-100313,PRD-00515,CUST-129352,5.0,Not what I expected.,2026-03-12 03:00:00,Amazon
REV-100314,PRD-01537,CUST-319194,3.0,Loved it!,2026-02-11 12:00:00,Amazon
REV-100315,PRD-00930,CUST-367817,4.0,Good product.,2024-10-12 08:00:00,Amazon
REV-100317,PRD-02234,CUST-220023,2.0,Good product.,2025-09-07 18:00:00,Amazon
REV-100318,PRD-00812,CUST-486208,2.0,Average.,2026-03-14 17:00:00,Amazon
REV-100319,PRD-02471,CUST-205749,3.0,Not what I expected.,2024-10-07 09:00:00,Amazon
REV-100320,PRD-00265,CUST-134017,2.0,Average.,2026-03-01 03:00:00,Amazon
REV-100321,PRD-02464,CUST-298958,1.0,Good product.,2025-09-28 16:00:00,Amazon
REV-100322,PRD-01517,CUST-179912,4.0,Great!,2025-02-08 19:00:00,Amazon
REV-100323,PRD-01556,CUST-122545,5.0,Average.,2025-09-27 02:00:00,Amazon
REV-100324,PRD-01406,CUST-305780,2.0,Average.,2025-06-30 09:00:00,Amazon
REV-100325,PRD-01928,CUST-253022,4.0,Average.,2025-06-28 19:00:00,Amazon
REV-100326,PRD-00025,CUST-433038,5.0,Average.,2026-06-06 05:00:00,Amazon
REV-100327,PRD-01003,CUST-487106,5.0,Good product.,2026-07-13 04:00:00,Amazon
REV-100328,PRD-02025,CUST-427862,1.0,Great!,2026-06-13 03:00:00,Amazon
REV-100329,PRD-01294,CUST-206830,1.0,Loved it!,2025-11-20 15:00:00,Amazon
REV-100330,PRD-01750,CUST-289993,5.0,Loved it!,2025-12-01 03:00:00,Amazon
REV-100331,PRD-00105,CUST-292557,2.0,Loved it!,2025-07-23 03:00:00,Amazon
REV-100332,PRD-00484,CUST-487189,3.0,Good product.,2026-06-10 11:00:00,Amazon
REV-100333,PRD-00792,CUST-301362,3.0,Good product.,2026-01-24 13:00:00,Amazon
REV-100334,PRD-00600,CUST-273361,2.0,Great!,2026-04-27 16:00:00,Amazon
REV-100335,PRD-00032,CUST-110169,5.0,Loved it!,2026-01-14 10:00:00,Amazon
REV-100336,PRD-00426,CUST-345537,2.0,Loved it!,2024-10-22 20:00:00,Amazon
REV-100337,PRD-00614,CUST-260828,3.0,Loved it!,2025-08-22 17:00:00,Amazon
REV-100338,PRD-00579,CUST-248769,5.0,Not what I expected.,2026-04-10 05:00:00,Amazon
REV-100339,PRD-02265,CUST-236912,1.0,Loved it!,2025-12-13 16:00:00,Amazon
REV-100340,PRD-00580,CUST-489125,1.0,Not what I expected.,2026-06-21 18:00:00,Amazon
REV-100342,PRD-01256,CUST-319988,1.0,Good product.,2024-10-01 01:00:00,Amazon
REV-100343,PRD-00537,CUST-351201,2.0,Great!,2025-01-12 08:00:00,Amazon
REV-100344,PRD-01773,CUST-203254,4.0,Loved it!,2026-06-07 12:00:00,Amazon
REV-100345,PRD-01225,CUST-393596,4.0,Not what I expected.,2025-08-26 05:00:00,Amazon
REV-100346,PRD-00642,CUST-159340,1.0,Good product.,2025-01-26 23:00:00,Amazon
REV-100348,PRD-00371,CUST-217857,1.0,Not what I expected.,2025-12-14 17:00:00,Amazon
REV-100349,PRD-01555,CUST-201155,1.0,Average.,2026-02-27 11:00:00,Amazon
REV-100350,PRD-00372,CUST-200130,5.0,Great!,2025-08-19 09:00:00,Amazon
REV-100351,PRD-00138,CUST-162757,2.0,Average.,2026-06-29 04:00:00,Amazon
REV-100353,PRD-00146,CUST-373693,2.0,Average.,2026-03-31 22:00:00,Amazon
REV-100354,PRD-01952,CUST-149889,2.0,Great!,2025-12-10 06:00:00,Amazon
REV-100355,PRD-02217,CUST-414755,1.0,Loved it!,2025-08-12 12:00:00,Amazon
REV-100356,PRD-01019,CUST-180695,5.0,Average.,2026-02-07 10:00:00,Amazon
REV-100357,PRD-01942,CUST-210457,5.0,Not what I expected.,2025-08-08 10:00:00,Amazon
REV-100358,PRD-01506,CUST-353618,1.0,Loved it!,2025-01-02 03:00:00,Amazon
REV-100359,PRD-02070,CUST-133994,5.0,Good product.,2026-02-09 07:00:00,Amazon
REV-100360,PRD-01783,CUST-397477,2.0,Loved it!,2025-10-19 17:00:00,Amazon
REV-100361,PRD-01295,CUST-422320,3.0,Good product.,2024-09-14 14:00:00,Amazon
REV-100362,PRD-00209,CUST-308288,3.0,Loved it!,2024-12-28 05:00:00,Amazon
REV-100363,PRD-00216,CUST-322816,3.0,Average.,2024-10-25 18:00:00,Amazon
REV-100364,PRD-00257,CUST-248695,5.0,Great!,2024-11-09 04:00:00,Amazon
REV-100365,PRD-01935,CUST-482460,4.0,Not what I expected.,2026-05-12 01:00:00,Amazon
REV-100366,PRD-01432,CUST-231743,1.0,Loved it!,2025-04-11 13:00:00,Amazon
REV-100367,PRD-01912,CUST-367973,4.0,Loved it!,2026-02-11 23:00:00,Amazon
REV-100368,PRD-02324,CUST-300280,1.0,Not what I expected.,2025-12-18 08:00:00,Amazon
REV-100369,PRD-02095,CUST-444337,4.0,Average.,2025-04-01 05:00:00,Amazon
REV-100370,PRD-00831,CUST-257053,1.0,Good product.,2024-11-05 05:00:00,Amazon
REV-100371,PRD-01225,CUST-322211,3.0,Average.,2026-06-09 21:00:00,Amazon
REV-100372,PRD-00764,CUST-140078,3.0,Average.,2026-08-01 15:00:00,Amazon
REV-100373,PRD-00027,CUST-134048,2.0,Loved it!,2026-03-23 05:00:00,Amazon
REV-100374,PRD-00392,CUST-228075,4.0,Good product.,2025-02-28 08:00:00,Amazon
REV-100375,PRD-00830,CUST-472354,1.0,Great!,2025-01-08 17:00:00,Amazon
REV-100376,PRD-00109,CUST-461739,3.0,Good product.,2025-05-21 16:00:00,Amazon
REV-100377,PRD-01982,CUST-239401,1.0,Not what I expected.,2025-04-27 08:00:00,Amazon
REV-100378,PRD-00303,CUST-389880,3.0,Good product.,2026-06-17 08:00:00,Amazon
REV-100379,PRD-02486,CUST-414083,1.0,Not what I expected.,2024-12-11 18:00:00,Amazon
REV-100380,PRD-00125,CUST-436320,4.0,Loved it!,2025-05-26 09:00:00,Amazon
REV-100381,PRD-01045,CUST-483055,1.0,Not what I expected.,2025-03-04 05:00:00,Amazon
REV-100382,PRD-00580,CUST-379666,3.0,Loved it!,2026-02-03 11:00:00,Amazon
REV-100383,PRD-00615,CUST-285563,1.0,Great!,2025-06-17 09:00:00,Amazon
REV-100384,PRD-00184,CUST-197547,3.0,Good product.,2025-01-23 14:00:00,Amazon
REV-100385,PRD-02141,CUST-473980,2.0,Great!,2025-04-16 08:00:00,Amazon
REV-100386,PRD-02269,CUST-446511,5.0,Great!,2026-07-08 06:00:00,Amazon
REV-100387,PRD-01675,CUST-202177,5.0,Average.,2024-10-22 09:00:00,Amazon
REV-100388,PRD-02251,CUST-103494,4.0,Good product.,2024-12-06 13:00:00,Amazon
REV-100389,PRD-01140,CUST-461774,3.0,Average.,2025-04-26 14:00:00,Amazon
REV-100390,PRD-00058,CUST-320459,4.0,Not what I expected.,2026-04-29 09:00:00,Amazon
REV-100391,PRD-01301,CUST-223322,4.0,Loved it!,2025-10-16 03:00:00,Amazon
REV-100392,PRD-02005,CUST-350766,1.0,Not what I expected.,2025-05-15 13:00:00,Amazon
REV-100393,PRD-01062,CUST-498688,5.0,Average.,2024-11-11 16:00:00,Amazon
REV-100394,PRD-00717,CUST-468489,4.0,Not what I expected.,2026-06-08 22:00:00,Amazon
REV-100395,PRD-02042,CUST-435062,3.0,Loved it!,2024-11-17 02:00:00,Amazon
REV-100396,PRD-00708,CUST-477062,3.0,Loved it!,2026-07-17 00:00:00,Amazon
REV-100397,PRD-02103,CUST-417349,2.0,Not what I expected.,2025-06-24 07:00:00,Amazon
REV-100398,PRD-02271,CUST-381256,5.0,Good product.,2026-06-28 00:00:00,Amazon
REV-100399,PRD-00550,CUST-131206,4.0,Great!,2025-11-20 06:00:00,Amazon
REV-100400,PRD-01738,CUST-120716,2.0,Loved it!,2025-08-17 22:00:00,Amazon
REV-100401,PRD-01202,CUST-491519,3.0,Good product.,2025-03-27 01:00:00,Amazon
REV-100402,PRD-00596,CUST-306847,5.0,Not what I expected.,2026-04-12 08:00:00,Amazon
REV-100403,PRD-01918,CUST-453586,3.0,Great!,2025-01-01 14:00:00,Amazon
REV-100404,PRD-01897,CUST-398215,4.0,Loved it!,2025-06-21 08:00:00,Amazon
REV-100406,PRD-01371,CUST-337555,5.0,Good product.,2024-10-24 20:00:00,Amazon
REV-100407,PRD-01019,CUST-107140,2.0,Good product.,2025-02-20 16:00:00,Amazon
REV-100408,PRD-01305,CUST-239417,2.0,Good product.,2026-01-19 14:00:00,Amazon
REV-100409,PRD-01785,CUST-278991,1.0,Average.,2026-08-02 22:00:00,Amazon
REV-100410,PRD-01446,CUST-326677,2.0,Loved it!,2026-03-26 18:00:00,Amazon
REV-100411,PRD-01871,CUST-496013,1.0,Not what I expected.,2025-05-24 10:00:00,Amazon
REV-100412,PRD-00951,CUST-410467,5.0,Not what I expected.,2025-12-07 03:00:00,Amazon
REV-100414,PRD-00757,CUST-367848,4.0,Good product.,2025-04-26 18:00:00,Amazon
REV-100415,PRD-01483,CUST-269808,5.0,Good product.,2024-10-03 00:00:00,Amazon
REV-100416,PRD-01043,CUST-128574,2.0,Average.,2026-06-07 02:00:00,Amazon
REV-100417,PRD-01680,CUST-346348,1.0,Good product.,2025-03-19 02:00:00,Amazon
REV-100418,PRD-01030,CUST-365793,5.0,Great!,2026-01-01 01:00:00,Amazon
REV-100419,PRD-00984,CUST-391551,5.0,Average.,2024-11-16 14:00:00,Amazon
REV-100420,PRD-02066,CUST-145938,4.0,Good product.,2025-04-10 17:00:00,Amazon
REV-100422,PRD-02121,CUST-130715,3.0,Not what I expected.,2025-05-04 19:00:00,Amazon
REV-100423,PRD-02435,CUST-345368,5.0,Not what I expected.,2026-06-08 15:00:00,Amazon
REV-100424,PRD-02011,CUST-158935,1.0,Good product.,2026-08-16 11:00:00,Amazon
REV-100425,PRD-00119,CUST-155965,5.0,Good product.,2025-08-09 02:00:00,Amazon
REV-100426,PRD-01282,CUST-381511,1.0,Not what I expected.,2026-03-08 17:00:00,Amazon
REV-100427,PRD-01594,CUST-321544,4.0,Average.,2025-08-29 05:00:00,Amazon
REV-100428,PRD-00192,CUST-449553,3.0,Not what I expected.,2025-03-08 16:00:00,Amazon
REV-100429,PRD-02283,CUST-270644,3.0,Great!,2025-02-09 02:00:00,Amazon
REV-100430,PRD-01456,CUST-107534,4.0,Average.,2025-12-07 11:00:00,Amazon
REV-100431,PRD-00961,CUST-237808,2.0,Not what I expected.,2025-08-05 23:00:00,Amazon
REV-100432,PRD-01596,CUST-471458,1.0,Loved it!,2024-12-21 02:00:00,Amazon
REV-100433,PRD-01573,CUST-343009,3.0,Average.,2025-02-22 14:00:00,Amazon
REV-100435,PRD-00910,CUST-171182,1.0,Loved it!,2025-08-19 00:00:00,Amazon
REV-100436,PRD-01980,CUST-332016,4.0,Average.,2025-02-28 01:00:00,Amazon
REV-100437,PRD-01157,CUST-107960,1.0,Average.,2024-12-19 12:00:00,Amazon
REV-100438,PRD-00077,CUST-492089,3.0,Average.,2026-06-30 07:00:00,Amazon
REV-100439,PRD-01902,CUST-307527,5.0,Average.,2024-09-07 12:00:00,Amazon
REV-100440,PRD-01637,CUST-459919,1.0,Good product.,2026-02-12 21:00:00,Amazon
REV-100441,PRD-00663,CUST-139064,3.0,Great!,2025-11-19 00:00:00,Amazon
REV-100442,PRD-01017,CUST-166435,1.0,Good product.,2026-04-03 03:00:00,Amazon
REV-100443,PRD-01937,CUST-116357,3.0,Loved it!,2024-12-30 11:00:00,Amazon
REV-100444,PRD-00444,CUST-392221,3.0,Great!,2026-07-26 17:00:00,Amazon
REV-100446,PRD-00444,CUST-475496,1.0,Great!,2024-10-18 07:00:00,Amazon
REV-100447,PRD-02237,CUST-154466,5.0,Great!,2025-06-16 06:00:00,Amazon
REV-100448,PRD-01665,CUST-398194,4.0,Great!,2025-04-15 10:00:00,Amazon
REV-100449,PRD-01154,CUST-420981,1.0,Average.,2026-04-08 15:00:00,Amazon
REV-100450,PRD-01855,CUST-343008,5.0,Not what I expected.,2024-09-29 20:00:00,Amazon
REV-100451,PRD-02271,CUST-434880,4.0,Great!,2025-04-25 19:00:00,Amazon
REV-100452,PRD-00682,CUST-164467,3.0,Average.,2026-05-11 02:00:00,Amazon
REV-100453,PRD-00624,CUST-395520,5.0,Average.,2025-12-23 23:00:00,Amazon
REV-100454,PRD-00621,CUST-418124,2.0,Great!,2026-03-17 10:00:00,Amazon
REV-100455,PRD-00034,CUST-303640,2.0,Not what I expected.,2025-04-01 07:00:00,Amazon
REV-100456,PRD-01188,CUST-328562,3.0,Average.,2025-09-17 06:00:00,Amazon
REV-100458,PRD-00702,CUST-368141,4.0,Loved it!,2024-10-17 02:00:00,Amazon
REV-100459,PRD-00533,CUST-149011,2.0,Great!,2026-07-26 22:00:00,Amazon
REV-100460,PRD-01233,CUST-134356,2.0,Not what I expected.,2024-08-29 21:00:00,Amazon
REV-100461,PRD-00425,CUST-457561,1.0,Loved it!,2025-10-12 23:00:00,Amazon
REV-100462,PRD-01770,CUST-368621,3.0,Great!,2025-09-06 10:00:00,Amazon
REV-100463,PRD-01231,CUST-476584,5.0,Average.,2024-09-21 15:00:00,Amazon
REV-100464,PRD-02292,CUST-171397,1.0,Great!,2025-01-22 00:00:00,Amazon
REV-100465,PRD-01365,CUST-110410,1.0,Loved it!,2026-03-07 20:00:00,Amazon
REV-100466,PRD-01003,CUST-294650,1.0,Good product.,2026-07-30 18:00:00,Amazon
REV-100467,PRD-01045,CUST-136638,4.0,Good product.,2026-05-19 00:00:00,Amazon
REV-100468,PRD-01137,CUST-486139,4.0,Great!,2024-11-28 20:00:00,Amazon
REV-100469,PRD-00545,CUST-296522,4.0,Average.,2026-03-30 02:00:00,Amazon
REV-100470,PRD-00333,CUST-324790,4.0,Good product.,2025-09-13 16:00:00,Amazon
REV-100471,PRD-01154,CUST-401242,5.0,Loved it!,2025-03-30 07:00:00,Amazon
REV-100472,PRD-02475,CUST-353754,4.0,Average.,2026-06-29 00:00:00,Amazon
REV-100473,PRD-00140,CUST-119092,5.0,Average.,2025-06-01 06:00:00,Amazon
REV-100474,PRD-02008,CUST-402820,3.0,Loved it!,2026-06-25 09:00:00,Amazon
REV-100475,PRD-00600,CUST-439284,1.0,Not what I expected.,2024-11-17 11:00:00,Amazon
REV-100476,PRD-02115,CUST-436422,2.0,Average.,2025-07-28 04:00:00,Amazon
REV-100477,PRD-01854,CUST-321489,1.0,Good product.,2024-08-21 23:00:00,Amazon
REV-100478,PRD-00329,CUST-321111,5.0,Average.,2025-06-04 04:00:00,Amazon
REV-100479,PRD-00482,CUST-345868,4.0,Great!,2025-05-18 08:00:00,Amazon
REV-100480,PRD-02087,CUST-150540,5.0,Loved it!,2024-09-23 18:00:00,Amazon
REV-100481,PRD-01354,CUST-272465,2.0,Average.,2026-02-11 13:00:00,Amazon
REV-100482,PRD-01725,CUST-209358,1.0,Good product.,2024-11-27 09:00:00,Amazon
REV-100483,PRD-01388,CUST-337559,1.0,Loved it!,2025-08-28 14:00:00,Amazon
REV-100484,PRD-00334,CUST-313686,3.0,Loved it!,2025-08-01 04:00:00,Amazon
REV-100485,PRD-02042,CUST-480769,5.0,Not what I expected.,2025-11-08 16:00:00,Amazon
REV-100486,PRD-01764,CUST-360547,3.0,Average.,2024-11-23 01:00:00,Amazon
REV-100487,PRD-02130,CUST-187748,4.0,Good product.,2025-07-12 13:00:00,Amazon
REV-100488,PRD-00661,CUST-354546,3.0,Good product.,2025-03-24 13:00:00,Amazon
REV-100489,PRD-00042,CUST-271489,1.0,Not what I expected.,2025-07-28 10:00:00,Amazon
REV-100490,PRD-00006,CUST-358289,1.0,Average.,2026-02-19 05:00:00,Amazon
REV-100491,PRD-01549,CUST-311408,1.0,Loved it!,2025-08-27 01:00:00,Amazon
REV-100492,PRD-01225,CUST-393952,4.0,Average.,2025-08-20 13:00:00,Amazon
REV-100493,PRD-02247,CUST-111456,5.0,Not what I expected.,2024-10-29 01:00:00,Amazon
REV-100494,PRD-01141,CUST-219320,1.0,Great!,2025-05-24 05:00:00,Amazon
REV-100495,PRD-00842,CUST-315154,2.0,Average.,2024-09-23 07:00:00,Amazon
REV-100496,PRD-01765,CUST-164321,5.0,Great!,2025-05-21 23:00:00,Amazon
REV-100497,PRD-01605,CUST-180050,3.0,Great!,2025-10-26 18:00:00,Amazon
REV-100498,PRD-02267,CUST-416138,5.0,Great!,2025-02-25 01:00:00,Amazon
REV-100499,PRD-00671,CUST-408670,4.0,Average.,2026-03-12 12:00:00,Amazon
REV-100500,PRD-01423,CUST-304784,4.0,Average.,2024-09-06 04:00:00,Amazon
REV-100503,PRD-00381,CUST-195333,1.0,Loved it!,2025-02-04 02:00:00,Amazon
REV-100504,PRD-00236,CUST-113792,1.0,Great!,2026-01-20 08:00:00,Amazon
REV-100505,PRD-01045,CUST-297986,3.0,Good product.,2024-11-25 02:00:00,Amazon
REV-100506,PRD-02338,CUST-231036,3.0,Not what I expected.,2026-02-24 14:00:00,Amazon
REV-100507,PRD-00520,CUST-101586,1.0,Good product.,2024-09-07 14:00:00,Amazon
REV-100508,PRD-00842,CUST-380610,5.0,Loved it!,2025-08-09 14:00:00,Amazon
REV-100509,PRD-00212,CUST-182954,3.0,Not what I expected.,2025-08-09 15:00:00,Amazon
REV-100510,PRD-00941,CUST-355966,4.0,Loved it!,2026-05-27 05:00:00,Amazon
REV-100511,PRD-00483,CUST-149124,4.0,Not what I expected.,2024-08-13 06:00:00,Amazon
REV-100512,PRD-00324,CUST-458183,4.0,Not what I expected.,2025-08-26 01:00:00,Amazon
REV-100513,PRD-00365,CUST-445784,1.0,Not what I expected.,2025-03-17 13:00:00,Amazon
REV-100514,PRD-02460,CUST-202707,5.0,Loved it!,2026-03-22 08:00:00,Amazon
REV-100515,PRD-02435,CUST-212244,3.0,Good product.,2026-07-25 14:00:00,Amazon
REV-100516,PRD-02191,CUST-147470,1.0,Good product.,2026-07-13 11:00:00,Amazon
REV-100517,PRD-02214,CUST-219233,1.0,Good product.,2025-04-05 07:00:00,Amazon
REV-100518,PRD-02062,CUST-193322,1.0,Great!,2024-09-17 08:00:00,Amazon
REV-100519,PRD-01841,CUST-414410,5.0,Loved it!,2025-03-19 10:00:00,Amazon
REV-100520,PRD-00069,CUST-407693,1.0,Average.,2026-06-06 18:00:00,Amazon
REV-100522,PRD-01945,CUST-354528,4.0,Good product.,2025-07-11 02:00:00,Amazon
REV-100523,PRD-00764,CUST-327252,3.0,Average.,2025-12-14 15:00:00,Amazon
REV-100524,PRD-01388,CUST-192612,3.0,Good product.,2024-10-12 16:00:00,Amazon
REV-100527,PRD-01093,CUST-107151,2.0,Average.,2026-03-18 20:00:00,Amazon
REV-100528,PRD-02081,CUST-345096,1.0,Average.,2025-07-22 07:00:00,Amazon
REV-100529,PRD-01049,CUST-306778,4.0,Not what I expected.,2026-07-02 10:00:00,Amazon
REV-100530,PRD-01729,CUST-393952,2.0,Good product.,2025-08-20 13:00:00,Amazon
REV-100531,PRD-02110,CUST-268590,5.0,Good product.,2025-01-27 18:00:00,Amazon
REV-100532,PRD-01750,CUST-327580,5.0,Great!,2025-06-19 18:00:00,Amazon
REV-100533,PRD-00429,CUST-437712,1.0,Good product.,2025-02-26 23:00:00,Amazon
REV-100534,PRD-00500,CUST-444470,3.0,Not what I expected.,2026-03-27 05:00:00,Amazon
REV-100535,PRD-00816,CUST-202177,2.0,Average.,2026-08-01 00:00:00,Amazon
REV-100537,PRD-01523,CUST-402761,2.0,Loved it!,2026-04-26 00:00:00,Amazon
REV-100538,PRD-01168,CUST-304428,1.0,Great!,2026-06-26 20:00:00,Amazon
REV-100539,PRD-00496,CUST-425553,5.0,Great!,2025-07-14 15:00:00,Amazon
REV-100540,PRD-02118,CUST-173259,5.0,Average.,2025-08-03 22:00:00,Amazon
REV-100541,PRD-01244,CUST-250176,1.0,Not what I expected.,2024-10-23 04:00:00,Amazon
REV-100542,PRD-00720,CUST-367489,5.0,Average.,2025-10-21 21:00:00,Amazon
REV-100543,PRD-01367,CUST-402954,5.0,Not what I expected.,2024-10-27 04:00:00,Amazon
REV-100544,PRD-01523,CUST-302343,4.0,Great!,2024-11-21 17:00:00,Amazon
REV-100546,PRD-00889,CUST-358765,1.0,Average.,2026-06-07 09:00:00,Amazon
REV-100548,PRD-00576,CUST-180267,5.0,Good product.,2026-02-08 13:00:00,Amazon
REV-100549,PRD-00237,CUST-332475,3.0,Not what I expected.,2025-12-14 02:00:00,Amazon
REV-100550,PRD-01014,CUST-186111,1.0,Great!,2025-12-27 02:00:00,Amazon
REV-100551,PRD-01644,CUST-414334,3.0,Loved it!,2024-08-25 15:00:00,Amazon
REV-100552,PRD-01070,CUST-231238,1.0,Good product.,2025-01-19 23:00:00,Amazon
REV-100553,PRD-00792,CUST-329929,1.0,Great!,2025-05-04 17:00:00,Amazon
REV-100554,PRD-01793,CUST-270026,4.0,Great!,2025-10-15 16:00:00,Amazon
REV-100555,PRD-00982,CUST-370593,4.0,Great!,2025-08-30 13:00:00,Amazon
REV-100557,PRD-02304,CUST-260609,3.0,Great!,2025-04-24 03:00:00,Amazon
REV-100558,PRD-01946,CUST-267525,2.0,Loved it!,2026-05-17 07:00:00,Amazon
REV-100559,PRD-01316,CUST-281294,4.0,Loved it!,2025-07-26 18:00:00,Amazon
REV-100561,PRD-01528,CUST-112656,3.0,Good product.,2024-10-27 13:00:00,Amazon
REV-100562,PRD-01602,CUST-411488,4.0,Loved it!,2024-09-07 22:00:00,Amazon
REV-100563,PRD-00210,CUST-233375,1.0,Not what I expected.,2024-09-03 12:00:00,Amazon
REV-100564,PRD-00326,CUST-187272,4.0,Good product.,2026-03-14 19:00:00,Amazon
REV-100565,PRD-01882,CUST-203492,4.0,Not what I expected.,2024-09-05 10:00:00,Amazon
REV-100567,PRD-01039,CUST-159876,1.0,Good product.,2025-02-07 13:00:00,Amazon
REV-100568,PRD-00217,CUST-368141,4.0,Loved it!,2024-10-17 02:00:00,Amazon
REV-100569,PRD-00406,CUST-251993,2.0,Great!,2026-04-19 23:00:00,Amazon
REV-100570,PRD-01997,CUST-480486,3.0,Good product.,2026-06-19 03:00:00,Amazon
REV-100571,PRD-01926,CUST-347714,1.0,Loved it!,2025-03-10 22:00:00,Amazon
REV-100572,PRD-00400,CUST-483075,4.0,Not what I expected.,2025-02-08 13:00:00,Amazon
REV-100573,PRD-00816,CUST-112947,5.0,Good product.,2024-08-15 04:00:00,Amazon
REV-100574,PRD-00927,CUST-260903,2.0,Good product.,2026-01-05 14:00:00,Amazon
REV-100575,PRD-01885,CUST-407331,3.0,Good product.,2025-07-30 07:00:00,Amazon
REV-100576,PRD-02307,CUST-269022,2.0,Average.,2025-04-24 00:00:00,Amazon
REV-100577,PRD-00943,CUST-243530,1.0,Great!,2025-06-07 06:00:00,Amazon
REV-100579,PRD-01380,CUST-372899,3.0,Loved it!,2025-11-21 14:00:00,Amazon
REV-100580,PRD-02359,CUST-189418,4.0,Not what I expected.,2024-12-07 00:00:00,Amazon
REV-100581,PRD-00421,CUST-432331,1.0,Loved it!,2024-10-17 08:00:00,Amazon
REV-100584,PRD-00420,CUST-112517,4.0,Great!,2026-04-04 10:00:00,Amazon
REV-100585,PRD-01008,CUST-174284,5.0,Not what I expected.,2025-02-26 11:00:00,Amazon
REV-100586,PRD-00984,CUST-258320,5.0,Average.,2024-09-03 18:00:00,Amazon
REV-100587,PRD-01013,CUST-383661,2.0,Good product.,2025-01-25 12:00:00,Amazon
REV-100588,PRD-02119,CUST-420469,2.0,Great!,2026-04-17 11:00:00,Amazon
REV-100591,PRD-01370,CUST-125847,5.0,Not what I expected.,2025-10-10 09:00:00,Amazon
REV-100592,PRD-00498,CUST-347714,5.0,Not what I expected.,2025-03-10 22:00:00,Amazon
REV-100593,PRD-01638,CUST-366534,1.0,Great!,2025-01-13 08:00:00,Amazon
REV-100594,PRD-01713,CUST-265051,4.0,Good product.,2024-12-23 15:00:00,Amazon
REV-100595,PRD-01597,CUST-379289,1.0,Good product.,2026-01-10 23:00:00,Amazon
REV-100596,PRD-00028,CUST-492337,3.0,Great!,2026-01-19 21:00:00,Amazon
REV-100597,PRD-01871,CUST-276238,3.0,Not what I expected.,2026-04-18 06:00:00,Amazon
REV-100598,PRD-02227,CUST-483779,4.0,Loved it!,2026-01-17 21:00:00,Amazon
REV-100599,PRD-01483,CUST-168150,4.0,Not what I expected.,2025-01-29 14:00:00,Amazon
REV-100600,PRD-00182,CUST-145179,5.0,Good product.,2024-11-07 10:00:00,Amazon
REV-100601,PRD-01720,CUST-400250,4.0,Great!,2026-03-04 00:00:00,Amazon
REV-100602,PRD-01288,CUST-299727,5.0,Not what I expected.,2025-03-27 11:00:00,Amazon
REV-100603,PRD-01254,CUST-160140,1.0,Great!,2026-04-07 22:00:00,Amazon
REV-100605,PRD-01272,CUST-279798,2.0,Loved it!,2025-10-31 00:00:00,Amazon
REV-100606,PRD-00760,CUST-383982,1.0,Great!,2024-11-01 13:00:00,Amazon
REV-100607,PRD-02498,CUST-383775,3.0,Loved it!,2026-03-25 21:00:00,Amazon
REV-100608,PRD-00473,CUST-487894,2.0,Great!,2025-06-11 02:00:00,Amazon
REV-100610,PRD-01842,CUST-438263,4.0,Great!,2026-01-27 20:00:00,Amazon
REV-100611,PRD-00996,CUST-254043,1.0,Loved it!,2024-12-05 07:00:00,Amazon
REV-100612,PRD-01029,CUST-184609,4.0,Good product.,2025-10-21 07:00:00,Amazon
REV-100613,PRD-00181,CUST-449713,2.0,Loved it!,2025-08-21 12:00:00,Amazon
REV-100614,PRD-00852,CUST-142857,1.0,Not what I expected.,2024-10-02 03:00:00,Amazon
REV-100615,PRD-01214,CUST-409973,2.0,Good product.,2025-02-13 05:00:00,Amazon
REV-100616,PRD-01198,CUST-294452,3.0,Good product.,2025-04-13 00:00:00,Amazon
REV-100617,PRD-01751,CUST-394103,2.0,Loved it!,2025-09-24 21:00:00,Amazon
REV-100618,PRD-00967,CUST-481045,2.0,Good product.,2024-09-11 05:00:00,Amazon
REV-100619,PRD-00582,CUST-105206,5.0,Not what I expected.,2026-03-26 13:00:00,Amazon
REV-100620,PRD-00060,CUST-169546,3.0,Great!,2024-09-04 03:00:00,Amazon
REV-100621,PRD-01956,CUST-439752,3.0,Loved it!,2025-03-21 18:00:00,Amazon
REV-100622,PRD-00375,CUST-353016,3.0,Not what I expected.,2025-04-20 08:00:00,Amazon
REV-100623,PRD-02461,CUST-473696,4.0,Not what I expected.,2025-03-27 10:00:00,Amazon
REV-100624,PRD-01184,CUST-126147,4.0,Great!,2025-08-16 15:00:00,Amazon
REV-100625,PRD-02160,CUST-323923,2.0,Loved it!,2024-11-23 13:00:00,Amazon
REV-100626,PRD-01250,CUST-237947,3.0,Great!,2025-11-12 20:00:00,Amazon
REV-100627,PRD-00073,CUST-369430,5.0,Great!,2024-12-29 11:00:00,Amazon
REV-100628,PRD-00079,CUST-371605,2.0,Loved it!,2025-03-14 04:00:00,Amazon
REV-100629,PRD-02292,CUST-135208,3.0,Average.,2025-08-15 12:00:00,Amazon
REV-100630,PRD-01133,CUST-424173,3.0,Good product.,2025-02-12 08:00:00,Amazon
REV-100631,PRD-01668,CUST-312821,4.0,Average.,2026-02-02 12:00:00,Amazon
REV-100632,PRD-00279,CUST-346327,3.0,Loved it!,2026-05-18 07:00:00,Amazon
REV-100633,PRD-01958,CUST-286155,5.0,Average.,2026-02-17 03:00:00,Amazon
REV-100634,PRD-02160,CUST-118750,3.0,Loved it!,2025-06-18 05:00:00,Amazon
REV-100635,PRD-01330,CUST-484147,5.0,Average.,2024-11-03 18:00:00,Amazon
REV-100636,PRD-00046,CUST-171748,2.0,Average.,2025-07-06 09:00:00,Amazon
REV-100637,PRD-01900,CUST-354933,4.0,Not what I expected.,2024-12-19 10:00:00,Amazon
REV-100638,PRD-00306,CUST-449844,3.0,Good product.,2025-05-25 13:00:00,Amazon
REV-100639,PRD-00072,CUST-306329,2.0,Great!,2024-10-10 03:00:00,Amazon
REV-100640,PRD-01070,CUST-146140,3.0,Not what I expected.,2026-02-27 12:00:00,Amazon
REV-100641,PRD-00512,CUST-498688,3.0,Loved it!,2024-11-11 16:00:00,Amazon
REV-100642,PRD-01670,CUST-164160,1.0,Loved it!,2025-07-09 07:00:00,Amazon
REV-100644,PRD-01472,CUST-102920,4.0,Not what I expected.,2026-05-20 05:00:00,Amazon
REV-100645,PRD-00157,CUST-468415,4.0,Not what I expected.,2026-03-26 07:00:00,Amazon
REV-100646,PRD-00938,CUST-356422,2.0,Good product.,2025-08-18 18:00:00,Amazon
REV-100647,PRD-01248,CUST-481598,2.0,Not what I expected.,2025-10-13 16:00:00,Amazon
REV-100648,PRD-00023,CUST-409098,1.0,Not what I expected.,2025-11-19 18:00:00,Amazon
REV-100649,PRD-00977,CUST-444612,5.0,Loved it!,2026-02-19 22:00:00,Amazon
REV-100650,PRD-02259,CUST-167310,5.0,Good product.,2024-12-12 03:00:00,Amazon
REV-100652,PRD-01612,CUST-448788,1.0,Not what I expected.,2026-03-04 14:00:00,Amazon
REV-100653,PRD-01834,CUST-125041,4.0,Not what I expected.,2025-02-13 17:00:00,Amazon
REV-100655,PRD-02165,CUST-183586,5.0,Not what I expected.,2024-09-23 19:00:00,Amazon
REV-100656,PRD-01311,CUST-280265,4.0,Average.,2025-12-08 07:00:00,Amazon
REV-100657,PRD-00619,CUST-122169,2.0,Loved it!,2026-07-04 05:00:00,Amazon
REV-100658,PRD-00814,CUST-233562,3.0,Average.,2025-10-21 02:00:00,Amazon
REV-100659,PRD-00323,CUST-296421,3.0,Good product.,2026-05-04 19:00:00,Amazon
REV-100660,PRD-01094,CUST-341298,4.0,Loved it!,2026-06-15 06:00:00,Amazon
REV-100661,PRD-00107,CUST-474739,2.0,Average.,2024-08-21 05:00:00,Amazon
REV-100662,PRD-02274,CUST-156452,4.0,Not what I expected.,2025-03-07 05:00:00,Amazon
REV-100663,PRD-00545,CUST-481547,1.0,Average.,2025-04-08 17:00:00,Amazon
REV-100664,PRD-00832,CUST-419165,5.0,Average.,2025-05-15 21:00:00,Amazon
REV-100665,PRD-01080,CUST-447690,3.0,Not what I expected.,2025-07-28 09:00:00,Amazon
REV-100667,PRD-01150,CUST-429626,5.0,Great!,2025-08-19 08:00:00,Amazon
REV-100668,PRD-01518,CUST-461947,4.0,Not what I expected.,2025-02-14 06:00:00,Amazon
REV-100669,PRD-01033,CUST-343403,1.0,Not what I expected.,2025-04-30 20:00:00,Amazon
REV-100670,PRD-00139,CUST-194590,3.0,Loved it!,2026-04-26 03:00:00,Amazon
REV-100671,PRD-01771,CUST-137155,4.0,Good product.,2025-05-28 13:00:00,Amazon
REV-100672,PRD-01019,CUST-108614,2.0,Not what I expected.,2026-05-31 15:00:00,Amazon
REV-100673,PRD-02269,CUST-201317,4.0,Great!,2025-08-01 23:00:00,Amazon
REV-100674,PRD-01431,CUST-184981,1.0,Great!,2024-12-20 14:00:00,Amazon
REV-100675,PRD-01467,CUST-142548,1.0,Not what I expected.,2025-01-16 04:00:00,Amazon
REV-100676,PRD-00958,CUST-488266,1.0,Not what I expected.,2026-02-15 16:00:00,Amazon
REV-100677,PRD-00361,CUST-442945,1.0,Not what I expected.,2026-03-21 11:00:00,Amazon
REV-100678,PRD-00543,CUST-199010,4.0,Not what I expected.,2024-12-20 21:00:00,Amazon
REV-100679,PRD-00173,CUST-269278,5.0,Good product.,2026-07-16 07:00:00,Amazon
REV-100680,PRD-02324,CUST-330872,3.0,Not what I expected.,2025-01-11 16:00:00,Amazon
REV-100681,PRD-01986,CUST-183600,3.0,Loved it!,2025-12-27 16:00:00,Amazon
REV-100683,PRD-01813,CUST-481640,2.0,Good product.,2026-06-25 15:00:00,Amazon
REV-100684,PRD-00510,CUST-103275,2.0,Average.,2026-03-07 00:00:00,Amazon
REV-100685,PRD-00919,CUST-160727,2.0,Good product.,2025-11-23 10:00:00,Amazon
REV-100686,PRD-01834,CUST-145311,5.0,Not what I expected.,2024-12-08 19:00:00,Amazon
REV-100687,PRD-00868,CUST-499893,4.0,Average.,2025-07-26 01:00:00,Amazon
REV-100688,PRD-00994,CUST-470340,3.0,Average.,2025-02-23 01:00:00,Amazon
REV-100689,PRD-00449,CUST-429683,4.0,Great!,2026-07-30 15:00:00,Amazon
REV-100690,PRD-02294,CUST-424817,3.0,Loved it!,2025-12-10 20:00:00,Amazon
REV-100691,PRD-00023,CUST-294281,3.0,Good product.,2026-05-27 02:00:00,Amazon
REV-100692,PRD-01843,CUST-490965,2.0,Good product.,2026-07-01 20:00:00,Amazon
REV-100693,PRD-02139,CUST-109475,1.0,Good product.,2026-06-26 13:00:00,Amazon
REV-100694,PRD-00957,CUST-337301,2.0,Not what I expected.,2025-09-26 20:00:00,Amazon
REV-100695,PRD-01866,CUST-495468,1.0,Not what I expected.,2024-12-24 18:00:00,Amazon
REV-100696,PRD-02310,CUST-235629,3.0,Great!,2025-11-09 05:00:00,Amazon
REV-100697,PRD-02146,CUST-295908,4.0,Good product.,2025-06-14 22:00:00,Amazon
REV-100698,PRD-01380,CUST-380191,1.0,Average.,2025-06-19 06:00:00,Amazon
REV-100699,PRD-01630,CUST-253821,4.0,Loved it!,2024-09-06 20:00:00,Amazon
REV-100700,PRD-00301,CUST-299993,4.0,Not what I expected.,2025-01-30 00:00:00,Amazon
REV-100701,PRD-00792,CUST-445784,4.0,Average.,2025-03-17 13:00:00,Amazon
REV-100702,PRD-01260,CUST-254226,3.0,Great!,2024-09-23 04:00:00,Amazon
REV-100703,PRD-01622,CUST-284562,4.0,Good product.,2025-12-29 03:00:00,Amazon
REV-100705,PRD-01861,CUST-122615,4.0,Average.,2026-08-06 20:00:00,Amazon
REV-100707,PRD-00137,CUST-204100,3.0,Not what I expected.,2025-08-02 21:00:00,Amazon
REV-100708,PRD-02446,CUST-411568,4.0,Average.,2025-05-18 00:00:00,Amazon
REV-100709,PRD-00200,CUST-181632,1.0,Average.,2024-12-21 05:00:00,Amazon
REV-100710,PRD-00824,CUST-263376,1.0,Loved it!,2025-03-01 21:00:00,Amazon
REV-100711,PRD-01652,CUST-478532,3.0,Loved it!,2026-07-20 09:00:00,Amazon
REV-100712,PRD-00832,CUST-325493,1.0,Not what I expected.,2026-05-21 10:00:00,Amazon
REV-100713,PRD-00738,CUST-161847,4.0,Not what I expected.,2025-10-06 13:00:00,Amazon
REV-100714,PRD-00717,CUST-338251,2.0,Not what I expected.,2025-07-26 07:00:00,Amazon
REV-100715,PRD-02413,CUST-346264,5.0,Great!,2026-02-09 12:00:00,Amazon
REV-100716,PRD-02267,CUST-302152,4.0,Loved it!,2025-02-23 02:00:00,Amazon
REV-100717,PRD-01234,CUST-412421,5.0,Average.,2026-08-10 14:00:00,Amazon
REV-100718,PRD-00402,CUST-278179,2.0,Good product.,2025-12-22 09:00:00,Amazon
REV-100719,PRD-01933,CUST-171243,4.0,Good product.,2026-06-19 06:00:00,Amazon
REV-100720,PRD-00993,CUST-191872,5.0,Great!,2026-04-12 05:00:00,Amazon
REV-100721,PRD-02353,CUST-281081,4.0,Good product.,2026-06-02 01:00:00,Amazon
REV-100722,PRD-02473,CUST-305472,5.0,Great!,2025-03-24 12:00:00,Amazon
REV-100723,PRD-01125,CUST-332249,2.0,Not what I expected.,2024-08-31 10:00:00,Amazon
REV-100724,PRD-00416,CUST-405780,1.0,Loved it!,2025-06-03 04:00:00,Amazon
REV-100725,PRD-00639,CUST-466966,5.0,Not what I expected.,2025-12-30 15:00:00,Amazon
REV-100726,PRD-01652,CUST-206184,3.0,Great!,2025-08-14 04:00:00,Amazon
REV-100727,PRD-01954,CUST-377125,5.0,Average.,2025-08-08 09:00:00,Amazon
REV-100728,PRD-00913,CUST-176851,1.0,Average.,2025-08-06 12:00:00,Amazon
REV-100729,PRD-00395,CUST-378167,1.0,Not what I expected.,2025-09-06 20:00:00,Amazon
REV-100730,PRD-02311,CUST-283714,5.0,Good product.,2025-01-18 14:00:00,Amazon
REV-100731,PRD-02352,CUST-468296,2.0,Average.,2024-10-26 15:00:00,Amazon
REV-100732,PRD-00130,CUST-428304,3.0,Great!,2025-11-14 05:00:00,Amazon
REV-100733,PRD-00752,CUST-218899,2.0,Good product.,2025-03-30 23:00:00,Amazon
REV-100734,PRD-00839,CUST-266887,1.0,Great!,2026-05-07 18:00:00,Amazon
REV-100735,PRD-01860,CUST-443462,2.0,Not what I expected.,2025-09-23 19:00:00,Amazon
REV-100736,PRD-01101,CUST-106956,4.0,Good product.,2026-03-12 05:00:00,Amazon
REV-100737,PRD-02179,CUST-240265,2.0,Average.,2026-03-27 16:00:00,Amazon
REV-100738,PRD-02451,CUST-312895,5.0,Average.,2025-01-20 23:00:00,Amazon
REV-100739,PRD-01396,CUST-399167,4.0,Loved it!,2025-08-06 17:00:00,Amazon
REV-100740,PRD-00357,CUST-220624,5.0,Not what I expected.,2025-11-01 23:00:00,Amazon
REV-100741,PRD-02301,CUST-125540,1.0,Good product.,2025-02-19 22:00:00,Amazon
REV-100742,PRD-00489,CUST-432460,2.0,Loved it!,2025-10-05 12:00:00,Amazon
REV-100744,PRD-02010,CUST-458859,4.0,Not what I expected.,2026-05-10 08:00:00,Amazon
REV-100745,PRD-00624,CUST-351902,4.0,Average.,2025-01-29 14:00:00,Amazon
REV-100746,PRD-01245,CUST-355444,3.0,Great!,2026-02-03 06:00:00,Amazon
REV-100747,PRD-01442,CUST-495465,2.0,Great!,2025-07-06 02:00:00,Amazon
REV-100748,PRD-00982,CUST-356802,3.0,Great!,2026-05-10 20:00:00,Amazon
REV-100749,PRD-00906,CUST-293197,2.0,Great!,2026-03-19 09:00:00,Amazon
REV-100750,PRD-00557,CUST-202816,5.0,Not what I expected.,2025-10-03 22:00:00,Amazon
REV-100751,PRD-01181,CUST-284660,1.0,Loved it!,2024-11-25 06:00:00,Amazon
REV-100752,PRD-00650,CUST-438379,4.0,Not what I expected.,2025-10-14 01:00:00,Amazon
REV-100753,PRD-01329,CUST-177325,4.0,Average.,2025-12-19 11:00:00,Amazon
REV-100754,PRD-02236,CUST-307527,1.0,Good product.,2024-09-07 12:00:00,Amazon
REV-100755,PRD-00161,CUST-487600,3.0,Average.,2024-09-05 09:00:00,Amazon
REV-100756,PRD-00053,CUST-243796,2.0,Good product.,2024-08-31 12:00:00,Amazon
REV-100757,PRD-00667,CUST-489158,4.0,Average.,2026-03-15 07:00:00,Amazon
REV-100758,PRD-00432,CUST-419040,2.0,Loved it!,2025-09-02 16:00:00,Amazon
REV-100759,PRD-02127,CUST-233881,2.0,Average.,2025-03-11 03:00:00,Amazon
REV-100760,PRD-00453,CUST-475297,3.0,Good product.,2025-02-16 03:00:00,Amazon
REV-100761,PRD-00018,CUST-166654,3.0,Not what I expected.,2025-10-18 22:00:00,Amazon
REV-100762,PRD-00999,CUST-101600,2.0,Good product.,2025-09-11 01:00:00,Amazon
REV-100763,PRD-02314,CUST-253634,2.0,Loved it!,2025-09-18 04:00:00,Amazon
REV-100765,PRD-00165,CUST-353674,5.0,Great!,2025-01-02 08:00:00,Amazon
REV-100767,PRD-00540,CUST-182095,2.0,Good product.,2025-09-14 10:00:00,Amazon
REV-100768,PRD-00018,CUST-125041,4.0,Average.,2025-12-24 04:00:00,Amazon
REV-100769,PRD-00091,CUST-403996,2.0,Average.,2026-06-19 15:00:00,Amazon
REV-100770,PRD-01871,CUST-352783,4.0,Not what I expected.,2025-07-04 06:00:00,Amazon
REV-100772,PRD-02481,CUST-340900,4.0,Not what I expected.,2025-11-23 05:00:00,Amazon
REV-100773,PRD-00529,CUST-217509,5.0,Great!,2024-11-07 05:00:00,Amazon
REV-100775,PRD-01696,CUST-103332,1.0,Great!,2024-10-20 21:00:00,Amazon
REV-100776,PRD-01142,CUST-251245,2.0,Loved it!,2024-10-12 09:00:00,Amazon
REV-100777,PRD-00454,CUST-127806,5.0,Good product.,2025-09-02 07:00:00,Amazon
REV-100778,PRD-01361,CUST-356368,4.0,Great!,2026-02-14 14:00:00,Amazon
REV-100779,PRD-00091,CUST-486625,4.0,Great!,2026-03-18 13:00:00,Amazon
REV-100780,PRD-01225,CUST-227895,3.0,Average.,2025-01-07 11:00:00,Amazon
REV-100781,PRD-01487,CUST-409229,2.0,Great!,2025-11-09 04:00:00,Amazon
REV-100782,PRD-00675,CUST-134161,1.0,Not what I expected.,2024-10-31 04:00:00,Amazon
REV-100784,PRD-01447,CUST-498688,1.0,Average.,2024-11-11 16:00:00,Amazon
REV-100785,PRD-01515,CUST-345565,3.0,Good product.,2025-08-01 18:00:00,Amazon
REV-100786,PRD-01262,CUST-219079,2.0,Not what I expected.,2025-12-03 23:00:00,Amazon
REV-100787,PRD-00018,CUST-197685,4.0,Good product.,2025-07-20 23:00:00,Amazon
REV-100788,PRD-02372,CUST-186315,5.0,Not what I expected.,2025-01-19 20:00:00,Amazon
REV-100789,PRD-01136,CUST-482342,4.0,Average.,2024-10-09 13:00:00,Amazon
REV-100790,PRD-00636,CUST-300727,1.0,Good product.,2025-02-17 16:00:00,Amazon
REV-100791,PRD-01395,CUST-431100,5.0,Not what I expected.,2025-04-11 02:00:00,Amazon
REV-100792,PRD-02052,CUST-182521,4.0,Good product.,2025-01-19 15:00:00,Amazon
REV-100793,PRD-01297,CUST-212321,5.0,Not what I expected.,2026-05-31 04:00:00,Amazon
REV-100794,PRD-01020,CUST-372688,1.0,Loved it!,2026-06-09 04:00:00,Amazon
REV-100795,PRD-01496,CUST-100343,5.0,Average.,2026-02-07 20:00:00,Amazon
REV-100796,PRD-00003,CUST-102974,4.0,Loved it!,2026-07-10 22:00:00,Amazon
REV-100797,PRD-00869,CUST-404556,1.0,Loved it!,2025-12-03 21:00:00,Amazon
REV-100798,PRD-01259,CUST-341510,1.0,Great!,2024-09-28 07:00:00,Amazon
REV-100799,PRD-01416,CUST-499826,3.0,Good product.,2026-01-28 15:00:00,Amazon
REV-100800,PRD-02407,CUST-251702,2.0,Loved it!,2025-05-31 02:00:00,Amazon
REV-100801,PRD-00691,CUST-149011,1.0,Not what I expected.,2026-05-20 05:00:00,Amazon
REV-100802,PRD-01862,CUST-197601,5.0,Average.,2025-10-07 16:00:00,Amazon
REV-100803,PRD-01151,CUST-273802,4.0,Great!,2025-04-04 04:00:00,Amazon
REV-100804,PRD-00306,CUST-293583,2.0,Average.,2026-03-07 09:00:00,Amazon
REV-100805,PRD-02219,CUST-292468,4.0,Great!,2025-04-20 20:00:00,Amazon
REV-100806,PRD-00477,CUST-129734,2.0,Not what I expected.,2026-01-25 19:00:00,Amazon
REV-100808,PRD-00838,CUST-225294,3.0,Loved it!,2026-07-16 01:00:00,Amazon
REV-100809,PRD-02382,CUST-132076,2.0,Great!,2026-04-22 03:00:00,Amazon
REV-100810,PRD-01578,CUST-155965,2.0,Loved it!,2025-08-09 02:00:00,Amazon
REV-100811,PRD-01827,CUST-177681,1.0,Not what I expected.,2025-12-13 21:00:00,Amazon
REV-100812,PRD-01856,CUST-168035,2.0,Loved it!,2025-11-29 04:00:00,Amazon
REV-100813,PRD-01770,CUST-338386,2.0,Good product.,2025-05-26 02:00:00,Amazon
REV-100814,PRD-00287,CUST-416673,3.0,Loved it!,2025-07-23 08:00:00,Amazon
REV-100815,PRD-01446,CUST-461616,5.0,Great!,2025-12-10 17:00:00,Amazon
REV-100817,PRD-01725,CUST-121841,1.0,Loved it!,2025-09-18 07:00:00,Amazon
REV-100818,PRD-01520,CUST-276868,2.0,Loved it!,2026-02-21 15:00:00,Amazon
REV-100819,PRD-00408,CUST-480521,4.0,Not what I expected.,2025-08-24 08:00:00,Amazon
REV-100820,PRD-00415,CUST-320937,5.0,Good product.,2026-07-07 09:00:00,Amazon
REV-100821,PRD-00134,CUST-409443,3.0,Loved it!,2025-05-07 12:00:00,Amazon
REV-100822,PRD-01808,CUST-414109,1.0,Good product.,2026-05-08 20:00:00,Amazon
REV-100823,PRD-02224,CUST-285267,5.0,Great!,2025-03-30 01:00:00,Amazon
REV-100824,PRD-01258,CUST-373670,1.0,Not what I expected.,2024-08-31 09:00:00,Amazon
REV-100825,PRD-01282,CUST-280975,4.0,Loved it!,2025-01-29 19:00:00,Amazon
REV-100826,PRD-01025,CUST-470234,5.0,Average.,2025-04-15 13:00:00,Amazon
REV-100827,PRD-00746,CUST-420981,1.0,Average.,2026-04-08 15:00:00,Amazon
REV-100828,PRD-01867,CUST-399414,3.0,Great!,2024-08-26 18:00:00,Amazon
REV-100829,PRD-00629,CUST-241524,5.0,Great!,2025-09-07 00:00:00,Amazon
REV-100830,PRD-01353,CUST-222582,4.0,Average.,2026-05-08 20:00:00,Amazon
REV-100831,PRD-02142,CUST-200582,3.0,Average.,2024-11-22 06:00:00,Amazon
REV-100832,PRD-01950,CUST-479094,2.0,Good product.,2025-06-28 08:00:00,Amazon
REV-100833,PRD-01139,CUST-409229,2.0,Great!,2025-11-09 04:00:00,Amazon
REV-100834,PRD-01930,CUST-223262,5.0,Average.,2025-05-19 12:00:00,Amazon
REV-100835,PRD-01419,CUST-178525,1.0,Average.,2026-07-04 12:00:00,Amazon
REV-100836,PRD-01028,CUST-424817,2.0,Not what I expected.,2025-12-10 20:00:00,Amazon
REV-100837,PRD-00271,CUST-106044,2.0,Average.,2025-06-20 03:00:00,Amazon
REV-100839,PRD-00786,CUST-101179,2.0,Average.,2026-05-27 00:00:00,Amazon
REV-100840,PRD-00464,CUST-167389,1.0,Loved it!,2025-10-22 14:00:00,Amazon
REV-100842,PRD-01479,CUST-394890,4.0,Great!,2026-06-26 13:00:00,Amazon
REV-100843,PRD-02253,CUST-187686,2.0,Loved it!,2025-04-17 01:00:00,Amazon
REV-100844,PRD-01926,CUST-223273,1.0,Loved it!,2025-03-01 15:00:00,Amazon
REV-100845,PRD-00815,CUST-407406,1.0,Not what I expected.,2026-01-21 23:00:00,Amazon
REV-100846,PRD-00687,CUST-280472,5.0,Loved it!,2025-05-03 03:00:00,Amazon
REV-100847,PRD-00032,CUST-289111,4.0,Average.,2025-11-10 21:00:00,Amazon
REV-100848,PRD-01850,CUST-164321,4.0,Not what I expected.,2026-03-23 05:00:00,Amazon
REV-100849,PRD-02172,CUST-312821,1.0,Not what I expected.,2026-03-17 01:00:00,Amazon
REV-100850,PRD-01685,CUST-276885,4.0,Good product.,2024-10-18 20:00:00,Amazon
REV-100851,PRD-01196,CUST-245715,5.0,Loved it!,2025-09-19 22:00:00,Amazon
REV-100852,PRD-01505,CUST-445855,5.0,Not what I expected.,2026-01-12 01:00:00,Amazon
REV-100853,PRD-01723,CUST-314436,4.0,Good product.,2026-07-19 20:00:00,Amazon
REV-100854,PRD-01204,CUST-386679,5.0,Not what I expected.,2025-04-15 14:00:00,Amazon
REV-100855,PRD-00510,CUST-276069,4.0,Loved it!,2024-09-11 19:00:00,Amazon
REV-100856,PRD-02015,CUST-112414,4.0,Loved it!,2024-10-08 06:00:00,Amazon
REV-100857,PRD-01915,CUST-254094,3.0,Great!,2024-12-22 04:00:00,Amazon
REV-100858,PRD-01852,CUST-273651,1.0,Average.,2024-11-29 13:00:00,Amazon
REV-100859,PRD-02237,CUST-194269,2.0,Average.,2026-06-27 01:00:00,Amazon
REV-100861,PRD-00041,CUST-382630,1.0,Great!,2024-11-14 08:00:00,Amazon
REV-100862,PRD-00947,CUST-386568,5.0,Great!,2025-03-22 13:00:00,Amazon
REV-100863,PRD-00888,CUST-205903,2.0,Good product.,2025-07-15 14:00:00,Amazon
REV-100864,PRD-02311,CUST-388467,4.0,Average.,2026-05-02 16:00:00,Amazon
REV-100865,PRD-01693,CUST-251208,1.0,Good product.,2025-11-26 20:00:00,Amazon
REV-100866,PRD-01020,CUST-192653,2.0,Good product.,2024-11-03 00:00:00,Amazon
REV-100867,PRD-01021,CUST-478323,5.0,Not what I expected.,2025-01-04 01:00:00,Amazon
REV-100868,PRD-01178,CUST-413962,2.0,Average.,2025-10-18 06:00:00,Amazon
REV-100869,PRD-00912,CUST-104583,5.0,Great!,2025-07-17 18:00:00,Amazon
REV-100870,PRD-01871,CUST-161801,5.0,Good product.,2025-08-27 04:00:00,Amazon
REV-100871,PRD-00633,CUST-312284,1.0,Average.,2025-05-08 07:00:00,Amazon
REV-100872,PRD-01330,CUST-350138,2.0,Loved it!,2025-12-12 20:00:00,Amazon
REV-100873,PRD-01169,CUST-340517,1.0,Average.,2025-04-27 04:00:00,Amazon
REV-100874,PRD-02058,CUST-418124,2.0,Good product.,2024-09-22 04:00:00,Amazon
REV-100876,PRD-00994,CUST-476038,4.0,Average.,2024-10-25 05:00:00,Amazon
REV-100877,PRD-00901,CUST-439260,3.0,Loved it!,2025-08-14 14:00:00,Amazon
REV-100878,PRD-01432,CUST-403212,4.0,Good product.,2024-09-18 08:00:00,Amazon
REV-100879,PRD-00771,CUST-402428,1.0,Not what I expected.,2025-05-28 23:00:00,Amazon
REV-100880,PRD-01631,CUST-191801,2.0,Average.,2025-10-02 04:00:00,Amazon
REV-100881,PRD-00460,CUST-445796,1.0,Not what I expected.,2026-01-27 06:00:00,Amazon
REV-100882,PRD-00714,CUST-389001,4.0,Loved it!,2024-11-27 11:00:00,Amazon
REV-100883,PRD-00945,CUST-104394,3.0,Average.,2025-11-03 19:00:00,Amazon
REV-100884,PRD-00745,CUST-202983,3.0,Great!,2024-10-16 14:00:00,Amazon
REV-100885,PRD-00251,CUST-295728,4.0,Not what I expected.,2025-09-26 13:00:00,Amazon
REV-100886,PRD-00552,CUST-345224,4.0,Not what I expected.,2025-01-27 19:00:00,Amazon
REV-100887,PRD-01034,CUST-377830,2.0,Loved it!,2025-02-09 19:00:00,Amazon
REV-100888,PRD-00452,CUST-193270,2.0,Good product.,2025-03-12 21:00:00,Amazon
REV-100889,PRD-00322,CUST-357403,2.0,Great!,2025-12-13 01:00:00,Amazon
REV-100890,PRD-01270,CUST-344161,1.0,Good product.,2025-02-24 14:00:00,Amazon
REV-100891,PRD-01301,CUST-181092,1.0,Average.,2024-09-20 21:00:00,Amazon
REV-100892,PRD-00354,CUST-318044,4.0,Good product.,2024-12-15 03:00:00,Amazon
REV-100893,PRD-02099,CUST-489852,1.0,Not what I expected.,2026-01-15 13:00:00,Amazon
REV-100894,PRD-00677,CUST-155746,4.0,Great!,2025-09-23 22:00:00,Amazon
REV-100895,PRD-00952,CUST-446396,5.0,Average.,2026-05-18 14:00:00,Amazon
REV-100896,PRD-01944,CUST-299381,3.0,Average.,2025-05-01 15:00:00,Amazon
REV-100897,PRD-00714,CUST-204592,1.0,Not what I expected.,2025-10-03 01:00:00,Amazon
REV-100898,PRD-00517,CUST-108174,1.0,Good product.,2026-04-29 07:00:00,Amazon
REV-100899,PRD-01720,CUST-226116,4.0,Average.,2025-01-02 06:00:00,Amazon
REV-100900,PRD-00372,CUST-468697,5.0,Average.,2024-11-02 02:00:00,Amazon
REV-100901,PRD-00033,CUST-415072,5.0,Average.,2026-04-27 04:00:00,Amazon
REV-100902,PRD-01803,CUST-145995,4.0,Great!,2024-11-07 16:00:00,Amazon
REV-100903,PRD-00589,CUST-178290,5.0,Not what I expected.,2024-08-30 00:00:00,Amazon
REV-100904,PRD-00152,CUST-145523,5.0,Average.,2024-12-04 04:00:00,Amazon
REV-100905,PRD-01466,CUST-255449,1.0,Great!,2024-12-10 08:00:00,Amazon
REV-100906,PRD-00225,CUST-404277,5.0,Great!,2026-03-26 14:00:00,Amazon
REV-100907,PRD-02168,CUST-149011,1.0,Loved it!,2026-06-06 02:00:00,Amazon
REV-100908,PRD-01395,CUST-491684,1.0,Average.,2025-07-28 01:00:00,Amazon
REV-100909,PRD-00487,CUST-180695,2.0,Loved it!,2024-12-02 00:00:00,Amazon
REV-100910,PRD-00647,CUST-433558,3.0,Loved it!,2026-01-15 11:00:00,Amazon
REV-100911,PRD-02221,CUST-324221,1.0,Great!,2026-05-18 11:00:00,Amazon
REV-100912,PRD-00279,CUST-221055,1.0,Average.,2025-10-08 23:00:00,Amazon
REV-100913,PRD-00787,CUST-102984,4.0,Great!,2026-05-17 08:00:00,Amazon
REV-100914,PRD-00930,CUST-204177,3.0,Good product.,2025-07-20 10:00:00,Amazon
REV-100915,PRD-00017,CUST-487689,2.0,Average.,2025-04-04 12:00:00,Amazon
REV-100916,PRD-01004,CUST-303961,5.0,Good product.,2025-10-04 22:00:00,Amazon
REV-100917,PRD-00238,CUST-232202,1.0,Good product.,2025-10-18 05:00:00,Amazon
REV-100918,PRD-00070,CUST-327095,3.0,Not what I expected.,2025-06-23 15:00:00,Amazon
REV-100919,PRD-02411,CUST-116489,3.0,Good product.,2025-04-17 06:00:00,Amazon
REV-100921,PRD-01109,CUST-369469,1.0,Loved it!,2025-03-26 05:00:00,Amazon
REV-100922,PRD-01502,CUST-156012,5.0,Average.,2025-09-13 11:00:00,Amazon
REV-100923,PRD-00150,CUST-111563,3.0,Good product.,2025-04-10 14:00:00,Amazon
REV-100924,PRD-01153,CUST-450299,3.0,Loved it!,2026-03-28 18:00:00,Amazon
REV-100925,PRD-01813,CUST-358322,3.0,Great!,2026-05-31 03:00:00,Amazon
REV-100926,PRD-01824,CUST-359663,4.0,Great!,2026-06-13 20:00:00,Amazon
REV-100927,PRD-01164,CUST-110542,2.0,Average.,2025-02-18 01:00:00,Amazon
REV-100928,PRD-01336,CUST-459452,5.0,Good product.,2025-08-25 08:00:00,Amazon
REV-100929,PRD-01592,CUST-307402,4.0,Not what I expected.,2026-03-13 10:00:00,Amazon
REV-100930,PRD-00216,CUST-394103,5.0,Not what I expected.,2026-05-17 14:00:00,Amazon
REV-100931,PRD-02313,CUST-386326,4.0,Good product.,2026-05-12 17:00:00,Amazon
REV-100932,PRD-00235,CUST-252062,3.0,Great!,2025-01-06 14:00:00,Amazon
REV-100933,PRD-02250,CUST-496013,2.0,Great!,2025-05-24 10:00:00,Amazon
REV-100934,PRD-01808,CUST-288916,1.0,Loved it!,2026-06-06 14:00:00,Amazon
REV-100935,PRD-00110,CUST-133124,5.0,Loved it!,2026-04-10 12:00:00,Amazon
REV-100937,PRD-00534,CUST-179799,2.0,Loved it!,2025-05-07 11:00:00,Amazon
REV-100939,PRD-01038,CUST-469165,5.0,Loved it!,2026-04-15 12:00:00,Amazon
REV-100940,PRD-00375,CUST-407418,2.0,Average.,2025-04-06 00:00:00,Amazon
REV-100941,PRD-01165,CUST-106409,3.0,Not what I expected.,2024-11-25 15:00:00,Amazon
REV-100944,PRD-01339,CUST-160380,1.0,Average.,2026-04-12 11:00:00,Amazon
REV-100945,PRD-02389,CUST-324221,2.0,Great!,2026-05-18 11:00:00,Amazon
REV-100946,PRD-02451,CUST-281063,5.0,Loved it!,2026-01-04 17:00:00,Amazon
REV-100947,PRD-01982,CUST-414619,2.0,Good product.,2025-03-02 15:00:00,Amazon
REV-100948,PRD-00973,CUST-258715,1.0,Not what I expected.,2025-01-01 03:00:00,Amazon
REV-100949,PRD-00259,CUST-401582,2.0,Great!,2025-03-23 15:00:00,Amazon
REV-100950,PRD-01140,CUST-340598,3.0,Great!,2026-02-11 14:00:00,Amazon
REV-100951,PRD-01508,CUST-345670,4.0,Average.,2026-07-01 00:00:00,Amazon
REV-100952,PRD-01937,CUST-212511,4.0,Not what I expected.,2026-06-06 18:00:00,Amazon
REV-100953,PRD-01375,CUST-176609,5.0,Not what I expected.,2026-05-14 06:00:00,Amazon
REV-100954,PRD-00295,CUST-367848,3.0,Average.,2025-04-26 18:00:00,Amazon
REV-100955,PRD-02269,CUST-142548,3.0,Loved it!,2025-01-27 17:00:00,Amazon
REV-100956,PRD-02205,CUST-285952,4.0,Average.,2025-02-04 05:00:00,Amazon
REV-100957,PRD-00793,CUST-394950,2.0,Great!,2025-05-07 12:00:00,Amazon
REV-100958,PRD-01870,CUST-139811,5.0,Great!,2024-12-08 01:00:00,Amazon
REV-100959,PRD-01111,CUST-302281,2.0,Good product.,2026-06-20 20:00:00,Amazon
REV-100961,PRD-01276,CUST-325181,2.0,Great!,2024-12-13 01:00:00,Amazon
REV-100962,PRD-00894,CUST-441884,3.0,Great!,2026-08-12 23:00:00,Amazon
REV-100963,PRD-02440,CUST-255449,5.0,Not what I expected.,2025-06-19 06:00:00,Amazon
REV-100964,PRD-02170,CUST-392568,4.0,Loved it!,2024-09-23 13:00:00,Amazon
REV-100965,PRD-00808,CUST-129946,4.0,Not what I expected.,2025-08-28 09:00:00,Amazon
REV-100966,PRD-01314,CUST-146510,1.0,Great!,2025-09-21 22:00:00,Amazon
REV-100967,PRD-00264,CUST-190069,1.0,Not what I expected.,2025-03-28 20:00:00,Amazon
REV-100968,PRD-00397,CUST-415580,4.0,Loved it!,2025-03-16 15:00:00,Amazon
REV-100969,PRD-00422,CUST-199326,2.0,Great!,2025-05-04 00:00:00,Amazon
REV-100970,PRD-00239,CUST-200184,1.0,Loved it!,2026-04-23 02:00:00,Amazon
REV-100971,PRD-02185,CUST-292999,4.0,Good product.,2025-01-05 01:00:00,Amazon
REV-100972,PRD-00575,CUST-378114,3.0,Loved it!,2025-02-21 10:00:00,Amazon
REV-100973,PRD-00185,CUST-190213,1.0,Great!,2025-03-23 10:00:00,Amazon
REV-100974,PRD-01463,CUST-426756,1.0,Not what I expected.,2025-11-21 06:00:00,Amazon
REV-100976,PRD-02199,CUST-143691,1.0,Not what I expected.,2024-10-01 07:00:00,Amazon
REV-100977,PRD-01725,CUST-250630,3.0,Great!,2025-04-25 18:00:00,Amazon
REV-100978,PRD-02274,CUST-445855,2.0,Not what I expected.,2026-01-12 01:00:00,Amazon
REV-100979,PRD-02368,CUST-132916,1.0,Great!,2026-07-03 14:00:00,Amazon
REV-100980,PRD-01151,CUST-257063,3.0,Great!,2024-12-20 00:00:00,Amazon
REV-100981,PRD-01603,CUST-127043,5.0,Loved it!,2025-03-27 18:00:00,Amazon
REV-100982,PRD-01434,CUST-289493,1.0,Good product.,2024-09-15 23:00:00,Amazon
REV-100983,PRD-00096,CUST-249296,1.0,Average.,2026-02-10 23:00:00,Amazon
REV-100984,PRD-00652,CUST-324241,2.0,Loved it!,2025-07-18 13:00:00,Amazon
REV-100985,PRD-01879,CUST-236710,1.0,Good product.,2024-08-18 02:00:00,Amazon
REV-100986,PRD-00359,CUST-275252,2.0,Loved it!,2026-05-11 01:00:00,Amazon
REV-100987,PRD-01253,CUST-494960,3.0,Loved it!,2024-11-21 22:00:00,Amazon
REV-100988,PRD-01364,CUST-420453,5.0,Great!,2025-08-22 09:00:00,Amazon
REV-100989,PRD-02299,CUST-376476,2.0,Good product.,2026-01-13 03:00:00,Amazon
REV-100990,PRD-00644,CUST-265533,1.0,Average.,2025-11-17 18:00:00,Amazon
REV-100992,PRD-00023,CUST-184609,2.0,Great!,2026-03-31 06:00:00,Amazon
REV-100993,PRD-01363,CUST-346348,1.0,Loved it!,2025-03-19 02:00:00,Amazon
REV-100994,PRD-01578,CUST-380860,4.0,Not what I expected.,2024-10-27 10:00:00,Amazon
REV-100995,PRD-01386,CUST-429837,4.0,Loved it!,2025-11-03 16:00:00,Amazon
REV-100996,PRD-01092,CUST-356841,5.0,Great!,2025-02-23 23:00:00,Amazon
REV-100997,PRD-01638,CUST-228119,4.0,Loved it!,2026-03-24 06:00:00,Amazon
REV-100998,PRD-00849,CUST-479107,2.0,Great!,2025-11-03 21:00:00,Amazon
REV-100999,PRD-00140,CUST-369835,3.0,Loved it!,2026-03-14 23:00:00,Amazon
REV-101001,PRD-00141,CUST-384312,4.0,Great!,2026-01-24 08:00:00,Amazon
REV-101002,PRD-01100,CUST-378796,1.0,Good product.,2026-06-06 17:00:00,Amazon
REV-101003,PRD-00692,CUST-143327,4.0,Not what I expected.,2025-04-14 23:00:00,Amazon
REV-101004,PRD-00754,CUST-241592,2.0,Great!,2026-08-15 20:00:00,Amazon
REV-101005,PRD-01314,CUST-424106,3.0,Great!,2025-01-17 08:00:00,Amazon
REV-101006,PRD-01476,CUST-115465,4.0,Good product.,2026-06-29 07:00:00,Amazon
REV-101007,PRD-02371,CUST-141387,3.0,Loved it!,2025-01-10 04:00:00,Amazon
REV-101008,PRD-00812,CUST-103494,1.0,Average.,2025-03-05 00:00:00,Amazon
REV-101009,PRD-00034,CUST-411096,2.0,Great!,2025-11-18 12:00:00,Amazon
REV-101010,PRD-01768,CUST-448250,2.0,Not what I expected.,2025-06-20 13:00:00,Amazon
REV-101011,PRD-02497,CUST-112947,1.0,Loved it!,2025-08-31 20:00:00,Amazon
REV-101012,PRD-02276,CUST-417783,4.0,Not what I expected.,2026-08-03 22:00:00,Amazon
REV-101013,PRD-01882,CUST-348673,2.0,Great!,2024-08-23 02:00:00,Amazon
REV-101014,PRD-00583,CUST-332006,3.0,Good product.,2026-07-09 00:00:00,Amazon
REV-101015,PRD-00511,CUST-373670,1.0,Good product.,2024-08-31 09:00:00,Amazon
REV-101016,PRD-00948,CUST-414778,5.0,Good product.,2025-03-10 11:00:00,Amazon
REV-101017,PRD-02044,CUST-298937,5.0,Loved it!,2026-07-25 10:00:00,Amazon
REV-101018,PRD-01703,CUST-112414,4.0,Good product.,2025-10-19 02:00:00,Amazon
REV-101019,PRD-01844,CUST-250510,3.0,Loved it!,2026-05-23 20:00:00,Amazon
REV-101020,PRD-01632,CUST-428671,1.0,Great!,2025-08-05 20:00:00,Amazon
REV-101021,PRD-01143,CUST-473920,4.0,Great!,2024-11-12 20:00:00,Amazon
REV-101022,PRD-01995,CUST-112436,4.0,Average.,2026-06-08 14:00:00,Amazon
REV-101023,PRD-02161,CUST-252765,1.0,Not what I expected.,2025-03-28 21:00:00,Amazon
REV-101024,PRD-01075,CUST-261739,4.0,Great!,2026-02-11 05:00:00,Amazon
REV-101025,PRD-02049,CUST-138574,4.0,Loved it!,2025-02-14 11:00:00,Amazon
REV-101026,PRD-00484,CUST-386111,2.0,Loved it!,2026-07-27 15:00:00,Amazon
REV-101027,PRD-02022,CUST-361156,5.0,Loved it!,2025-05-07 08:00:00,Amazon
REV-101028,PRD-01154,CUST-363062,3.0,Good product.,2025-01-19 14:00:00,Amazon
REV-101029,PRD-02117,CUST-413489,5.0,Not what I expected.,2025-12-16 11:00:00,Amazon
REV-101030,PRD-01371,CUST-448495,1.0,Average.,2024-12-30 06:00:00,Amazon
REV-101031,PRD-02308,CUST-336322,5.0,Not what I expected.,2025-05-30 10:00:00,Amazon
REV-101032,PRD-01235,CUST-178525,5.0,Not what I expected.,2026-07-04 12:00:00,Amazon
REV-101033,PRD-00998,CUST-179506,5.0,Great!,2026-03-21 07:00:00,Amazon
REV-101034,PRD-01383,CUST-279396,2.0,Good product.,2024-11-15 16:00:00,Amazon
REV-101035,PRD-01189,CUST-486161,5.0,Great!,2025-09-11 10:00:00,Amazon
REV-101036,PRD-00830,CUST-331709,5.0,Good product.,2026-01-11 13:00:00,Amazon
REV-101037,PRD-02417,CUST-430857,5.0,Average.,2026-05-03 19:00:00,Amazon
REV-101038,PRD-00090,CUST-102413,1.0,Great!,2025-09-12 05:00:00,Amazon
REV-101039,PRD-01235,CUST-324354,3.0,Good product.,2026-08-09 00:00:00,Amazon
REV-101040,PRD-01272,CUST-396547,5.0,Good product.,2025-11-02 14:00:00,Amazon
REV-101041,PRD-02240,CUST-189229,2.0,Loved it!,2025-05-13 05:00:00,Amazon
REV-101042,PRD-01228,CUST-166754,1.0,Great!,2026-04-17 04:00:00,Amazon
REV-101043,PRD-02174,CUST-384879,4.0,Good product.,2026-06-18 11:00:00,Amazon
REV-101044,PRD-02275,CUST-379365,4.0,Loved it!,2025-11-11 11:00:00,Amazon
REV-101045,PRD-02070,CUST-499031,2.0,Loved it!,2024-11-06 16:00:00,Amazon
REV-101046,PRD-01965,CUST-143090,1.0,Loved it!,2024-12-24 03:00:00,Amazon
REV-101047,PRD-02434,CUST-265244,4.0,Great!,2025-12-10 02:00:00,Amazon
REV-101048,PRD-00899,CUST-293871,3.0,Average.,2025-03-03 22:00:00,Amazon
REV-101049,PRD-01102,CUST-223705,1.0,Not what I expected.,2024-08-27 07:00:00,Amazon
REV-101050,PRD-01067,CUST-159347,5.0,Loved it!,2025-03-14 19:00:00,Amazon
REV-101051,PRD-00199,CUST-279038,3.0,Great!,2025-02-08 16:00:00,Amazon
REV-101052,PRD-02352,CUST-415066,3.0,Good product.,2024-10-23 12:00:00,Amazon
REV-101053,PRD-01324,CUST-241056,3.0,Good product.,2025-12-02 12:00:00,Amazon
REV-101054,PRD-01252,CUST-397886,2.0,Not what I expected.,2025-09-17 23:00:00,Amazon
REV-101055,PRD-00798,CUST-124532,2.0,Great!,2025-01-26 14:00:00,Amazon
REV-101056,PRD-01547,CUST-377292,4.0,Good product.,2025-11-25 11:00:00,Amazon
REV-101057,PRD-01279,CUST-192761,4.0,Not what I expected.,2025-12-11 11:00:00,Amazon
REV-101058,PRD-01405,CUST-289512,4.0,Loved it!,2026-06-05 21:00:00,Amazon
REV-101061,PRD-01021,CUST-341532,5.0,Loved it!,2024-10-20 03:00:00,Amazon
REV-101062,PRD-00373,CUST-144298,5.0,Good product.,2024-11-04 00:00:00,Amazon
REV-101063,PRD-02337,CUST-125655,1.0,Not what I expected.,2026-08-05 07:00:00,Amazon
REV-101064,PRD-01637,CUST-434195,2.0,Great!,2025-10-25 17:00:00,Amazon
REV-101066,PRD-02092,CUST-138140,3.0,Good product.,2024-08-24 19:00:00,Amazon
REV-101067,PRD-01791,CUST-408003,3.0,Loved it!,2025-02-24 15:00:00,Amazon
REV-101068,PRD-02213,CUST-419567,4.0,Not what I expected.,2026-03-17 13:00:00,Amazon
REV-101069,PRD-01007,CUST-177325,4.0,Average.,2025-12-19 11:00:00,Amazon
REV-101070,PRD-01272,CUST-212653,3.0,Loved it!,2025-01-08 08:00:00,Amazon
REV-101071,PRD-01477,CUST-319194,1.0,Average.,2024-09-04 16:00:00,Amazon
REV-101072,PRD-02013,CUST-353621,3.0,Not what I expected.,2026-01-15 13:00:00,Amazon
REV-101073,PRD-01103,CUST-196780,1.0,Great!,2026-03-26 04:00:00,Amazon
REV-101074,PRD-02158,CUST-486208,3.0,Great!,2026-03-14 17:00:00,Amazon
REV-101075,PRD-01966,CUST-479616,1.0,Great!,2025-10-13 23:00:00,Amazon
REV-101077,PRD-00079,CUST-484519,2.0,Good product.,2025-09-29 22:00:00,Amazon
REV-101078,PRD-00106,CUST-191225,2.0,Loved it!,2024-11-22 04:00:00,Amazon
REV-101079,PRD-02392,CUST-432729,2.0,Not what I expected.,2026-02-26 04:00:00,Amazon
REV-101080,PRD-01125,CUST-354752,1.0,Loved it!,2025-04-23 14:00:00,Amazon
REV-101081,PRD-01965,CUST-179412,3.0,Good product.,2026-08-07 17:00:00,Amazon
REV-101082,PRD-00287,CUST-491921,1.0,Great!,2025-04-21 06:00:00,Amazon
REV-101083,PRD-00974,CUST-491366,2.0,Loved it!,2026-01-19 22:00:00,Amazon
REV-101084,PRD-00383,CUST-474947,5.0,Good product.,2024-12-10 15:00:00,Amazon
REV-101085,PRD-02479,CUST-395599,4.0,Not what I expected.,2024-09-15 13:00:00,Amazon
REV-101086,PRD-01494,CUST-210215,1.0,Loved it!,2025-01-16 02:00:00,Amazon
REV-101087,PRD-02123,CUST-159092,2.0,Average.,2025-06-09 18:00:00,Amazon
REV-101088,PRD-00282,CUST-399469,5.0,Loved it!,2026-05-06 05:00:00,Amazon
REV-101089,PRD-01259,CUST-408670,4.0,Good product.,2026-03-12 12:00:00,Amazon
REV-101090,PRD-01787,CUST-367317,1.0,Average.,2025-02-27 08:00:00,Amazon
REV-101091,PRD-02214,CUST-439915,4.0,Great!,2025-06-22 15:00:00,Amazon
REV-101092,PRD-01904,CUST-100336,3.0,Average.,2025-04-09 11:00:00,Amazon
REV-101093,PRD-00907,CUST-412420,4.0,Great!,2025-07-03 18:00:00,Amazon
REV-101094,PRD-00240,CUST-361688,1.0,Great!,2025-07-03 03:00:00,Amazon
REV-101095,PRD-00039,CUST-105579,5.0,Great!,2026-01-19 22:00:00,Amazon
REV-101096,PRD-01148,CUST-317885,4.0,Good product.,2026-06-13 09:00:00,Amazon
REV-101098,PRD-01006,CUST-228034,1.0,Great!,2026-01-17 08:00:00,Amazon
REV-101099,PRD-00005,CUST-498737,3.0,Good product.,2025-11-24 13:00:00,Amazon
REV-101100,PRD-01462,CUST-231823,4.0,Loved it!,2024-12-09 09:00:00,Amazon
REV-101101,PRD-01110,CUST-275076,3.0,Great!,2026-04-09 15:00:00,Amazon
REV-101102,PRD-00232,CUST-339687,5.0,Great!,2024-08-18 19:00:00,Amazon
REV-101103,PRD-00001,CUST-469347,5.0,Great!,2026-04-22 14:00:00,Amazon
REV-101104,PRD-00989,CUST-239266,2.0,Average.,2024-11-07 12:00:00,Amazon
REV-101105,PRD-01084,CUST-195249,3.0,Good product.,2025-03-04 21:00:00,Amazon
REV-101106,PRD-02472,CUST-266054,3.0,Great!,2025-07-25 07:00:00,Amazon
REV-101107,PRD-02230,CUST-293197,4.0,Not what I expected.,2026-03-19 09:00:00,Amazon
REV-101108,PRD-00313,CUST-372403,1.0,Loved it!,2025-11-26 22:00:00,Amazon
REV-101109,PRD-00906,CUST-164615,1.0,Great!,2025-01-26 00:00:00,Amazon
REV-101110,PRD-00626,CUST-216858,5.0,Not what I expected.,2026-04-14 02:00:00,Amazon
REV-101111,PRD-00465,CUST-157837,3.0,Loved it!,2025-06-01 04:00:00,Amazon
REV-101112,PRD-01203,CUST-261739,5.0,Great!,2026-06-02 20:00:00,Amazon
REV-101113,PRD-00575,CUST-148721,3.0,Great!,2026-08-06 06:00:00,Amazon
REV-101114,PRD-01982,CUST-253258,3.0,Loved it!,2024-10-09 10:00:00,Amazon
REV-101115,PRD-02480,CUST-204102,5.0,Great!,2025-06-29 15:00:00,Amazon
REV-101116,PRD-02094,CUST-250094,3.0,Not what I expected.,2024-11-15 15:00:00,Amazon
REV-101117,PRD-00399,CUST-375083,4.0,Loved it!,2026-07-08 22:00:00,Amazon
REV-101118,PRD-00668,CUST-206061,3.0,Good product.,2025-01-16 14:00:00,Amazon
REV-101119,PRD-00310,CUST-287463,2.0,Great!,2025-07-08 13:00:00,Amazon
REV-101120,PRD-01610,CUST-123025,3.0,Not what I expected.,2025-02-12 04:00:00,Amazon
REV-101121,PRD-01834,CUST-417328,1.0,Loved it!,2025-07-09 15:00:00,Amazon
REV-101122,PRD-01866,CUST-404917,2.0,Good product.,2025-03-19 23:00:00,Amazon
REV-101123,PRD-01762,CUST-145311,4.0,Not what I expected.,2024-12-08 19:00:00,Amazon
REV-101124,PRD-00875,CUST-106409,3.0,Not what I expected.,2024-11-25 15:00:00,Amazon
REV-101125,PRD-01700,CUST-490001,5.0,Average.,2025-08-19 17:00:00,Amazon
REV-101126,PRD-01399,CUST-287440,5.0,Good product.,2026-04-14 06:00:00,Amazon
REV-101127,PRD-00798,CUST-281816,2.0,Loved it!,2024-11-14 12:00:00,Amazon
REV-101128,PRD-01432,CUST-105468,4.0,Loved it!,2025-10-19 02:00:00,Amazon
REV-101129,PRD-01621,CUST-464945,3.0,Great!,2024-10-29 20:00:00,Amazon
REV-101130,PRD-00918,CUST-113329,4.0,Great!,2026-05-11 17:00:00,Amazon
REV-101131,PRD-00697,CUST-157071,1.0,Loved it!,2025-09-07 02:00:00,Amazon
REV-101132,PRD-01177,CUST-404866,2.0,Loved it!,2026-04-17 19:00:00,Amazon
REV-101133,PRD-01392,CUST-335577,1.0,Good product.,2024-12-22 19:00:00,Amazon
REV-101134,PRD-01329,CUST-446812,2.0,Loved it!,2026-02-04 11:00:00,Amazon
REV-101135,PRD-01138,CUST-360938,5.0,Not what I expected.,2025-06-23 08:00:00,Amazon
REV-101136,PRD-00592,CUST-323322,4.0,Not what I expected.,2025-12-19 15:00:00,Amazon
REV-101137,PRD-01387,CUST-346285,4.0,Not what I expected.,2025-11-20 20:00:00,Amazon
REV-101138,PRD-00144,CUST-325940,4.0,Average.,2025-11-27 20:00:00,Amazon
REV-101139,PRD-01916,CUST-307527,1.0,Good product.,2026-02-06 21:00:00,Amazon
REV-101140,PRD-00114,CUST-432562,3.0,Loved it!,2026-04-17 09:00:00,Amazon
REV-101141,PRD-02279,CUST-401837,3.0,Great!,2025-05-04 00:00:00,Amazon
REV-101142,PRD-00351,CUST-460936,1.0,Average.,2025-04-13 11:00:00,Amazon
REV-101143,PRD-00355,CUST-268379,5.0,Good product.,2025-11-22 22:00:00,Amazon
REV-101144,PRD-01724,CUST-384879,3.0,Great!,2026-06-18 11:00:00,Amazon
REV-101145,PRD-01262,CUST-460936,5.0,Not what I expected.,2025-04-13 11:00:00,Amazon
REV-101146,PRD-02379,CUST-488941,4.0,Average.,2025-04-21 15:00:00,Amazon
REV-101147,PRD-02198,CUST-372529,1.0,Good product.,2026-03-19 16:00:00,Amazon
REV-101148,PRD-00791,CUST-408970,4.0,Not what I expected.,2026-05-01 04:00:00,Amazon
REV-101149,PRD-02034,CUST-162365,4.0,Good product.,2025-10-26 17:00:00,Amazon
REV-101150,PRD-00527,CUST-453341,5.0,Great!,2024-10-23 08:00:00,Amazon
REV-101151,PRD-01198,CUST-371042,3.0,Not what I expected.,2024-12-03 09:00:00,Amazon
REV-101152,PRD-01188,CUST-285952,1.0,Loved it!,2025-02-10 15:00:00,Amazon
REV-101153,PRD-01796,CUST-121307,1.0,Loved it!,2025-09-23 15:00:00,Amazon
REV-101154,PRD-01508,CUST-380191,2.0,Loved it!,2025-06-19 06:00:00,Amazon
REV-101155,PRD-00239,CUST-255097,3.0,Not what I expected.,2025-10-13 06:00:00,Amazon
REV-101156,PRD-01133,CUST-474042,4.0,Good product.,2026-07-08 19:00:00,Amazon
REV-101158,PRD-01479,CUST-307402,5.0,Loved it!,2025-10-24 02:00:00,Amazon
REV-101159,PRD-00505,CUST-195203,1.0,Average.,2025-07-09 06:00:00,Amazon
REV-101160,PRD-00148,CUST-307375,4.0,Not what I expected.,2025-08-01 17:00:00,Amazon
REV-101161,PRD-02270,CUST-282255,3.0,Average.,2026-06-30 06:00:00,Amazon
REV-101162,PRD-01529,CUST-428655,3.0,Great!,2026-03-08 14:00:00,Amazon
REV-101163,PRD-00631,CUST-276685,5.0,Average.,2024-09-29 01:00:00,Amazon
REV-101164,PRD-00309,CUST-121548,5.0,Not what I expected.,2025-12-13 07:00:00,Amazon
REV-101165,PRD-00463,CUST-461232,4.0,Average.,2024-09-09 06:00:00,Amazon
REV-101166,PRD-00306,CUST-176724,4.0,Loved it!,2024-08-25 00:00:00,Amazon
REV-101168,PRD-00473,CUST-414619,1.0,Loved it!,2025-03-02 15:00:00,Amazon
REV-101169,PRD-02046,CUST-210343,2.0,Great!,2024-09-06 06:00:00,Amazon
REV-101170,PRD-00434,CUST-275252,2.0,Average.,2025-12-01 13:00:00,Amazon
REV-101172,PRD-01648,CUST-407457,3.0,Average.,2025-09-02 15:00:00,Amazon
REV-101173,PRD-02416,CUST-369161,4.0,Great!,2025-08-19 00:00:00,Amazon
REV-101174,PRD-01810,CUST-100031,3.0,Average.,2024-09-12 17:00:00,Amazon
REV-101175,PRD-00284,CUST-402703,3.0,Loved it!,2025-06-21 23:00:00,Amazon
REV-101176,PRD-01992,CUST-322762,1.0,Good product.,2026-07-03 11:00:00,Amazon
REV-101177,PRD-02321,CUST-469237,3.0,Not what I expected.,2026-04-07 02:00:00,Amazon
REV-101178,PRD-00186,CUST-290638,5.0,Great!,2026-02-24 14:00:00,Amazon
REV-101179,PRD-00097,CUST-407149,4.0,Not what I expected.,2025-12-09 22:00:00,Amazon
REV-101180,PRD-01681,CUST-445725,1.0,Average.,2026-04-25 03:00:00,Amazon
REV-101181,PRD-00370,CUST-231821,2.0,Loved it!,2025-12-19 10:00:00,Amazon
REV-101182,PRD-02053,CUST-438263,5.0,Good product.,2025-11-25 02:00:00,Amazon
REV-101183,PRD-00021,CUST-310470,5.0,Good product.,2025-02-19 10:00:00,Amazon
REV-101184,PRD-02161,CUST-175840,2.0,Loved it!,2025-04-04 08:00:00,Amazon
REV-101185,PRD-00543,CUST-358552,5.0,Average.,2024-09-28 11:00:00,Amazon
REV-101186,PRD-00002,CUST-197053,3.0,Loved it!,2025-01-23 00:00:00,Amazon
REV-101187,PRD-02465,CUST-106409,4.0,Not what I expected.,2025-08-19 03:00:00,Amazon
REV-101188,PRD-01850,CUST-138833,5.0,Not what I expected.,2026-06-03 13:00:00,Amazon
REV-101189,PRD-02042,CUST-483856,2.0,Average.,2026-02-28 18:00:00,Amazon
REV-101190,PRD-00074,CUST-105206,1.0,Loved it!,2026-03-26 13:00:00,Amazon
REV-101191,PRD-00630,CUST-285362,3.0,Loved it!,2024-10-18 02:00:00,Amazon
REV-101192,PRD-00756,CUST-372856,3.0,Great!,2026-06-15 15:00:00,Amazon
REV-101193,PRD-02082,CUST-345368,3.0,Good product.,2026-06-08 15:00:00,Amazon
REV-101194,PRD-01512,CUST-143090,5.0,Great!,2025-11-22 15:00:00,Amazon
REV-101195,PRD-00376,CUST-336906,2.0,Average.,2026-01-25 23:00:00,Amazon
REV-101196,PRD-01091,CUST-176501,1.0,Good product.,2025-06-21 17:00:00,Amazon
REV-101197,PRD-02416,CUST-176397,1.0,Average.,2025-01-30 06:00:00,Amazon
REV-101199,PRD-01906,CUST-225294,3.0,Great!,2026-07-16 01:00:00,Amazon
REV-101200,PRD-01996,CUST-205755,5.0,Average.,2025-10-23 09:00:00,Amazon
REV-101201,PRD-01869,CUST-237097,1.0,Great!,2025-05-20 08:00:00,Amazon
REV-101202,PRD-00327,CUST-458588,4.0,Loved it!,2025-04-21 04:00:00,Amazon
REV-101203,PRD-00035,CUST-237951,2.0,Average.,2026-01-14 08:00:00,Amazon
REV-101204,PRD-01854,CUST-421728,1.0,Loved it!,2026-01-10 02:00:00,Amazon
REV-101205,PRD-02456,CUST-148299,2.0,Average.,2025-12-10 04:00:00,Amazon
REV-101207,PRD-02376,CUST-254257,1.0,Good product.,2025-10-07 06:00:00,Amazon
REV-101208,PRD-02115,CUST-143848,2.0,Good product.,2024-10-23 05:00:00,Amazon
REV-101210,PRD-01312,CUST-136486,1.0,Average.,2025-06-10 06:00:00,Amazon
REV-101211,PRD-00369,CUST-356348,4.0,Good product.,2025-02-12 02:00:00,Amazon
REV-101212,PRD-00859,CUST-322022,2.0,Average.,2025-11-14 17:00:00,Amazon
REV-101213,PRD-02451,CUST-200222,1.0,Great!,2025-02-16 11:00:00,Amazon
REV-101216,PRD-01553,CUST-279396,5.0,Good product.,2024-11-15 16:00:00,Amazon
REV-101217,PRD-00686,CUST-486208,3.0,Great!,2026-03-14 17:00:00,Amazon
REV-101218,PRD-00631,CUST-106378,1.0,Not what I expected.,2025-03-26 08:00:00,Amazon
REV-101219,PRD-02052,CUST-172983,1.0,Loved it!,2025-05-15 07:00:00,Amazon
REV-101220,PRD-01037,CUST-486372,5.0,Great!,2025-04-04 02:00:00,Amazon
REV-101221,PRD-02123,CUST-390604,5.0,Great!,2026-03-22 18:00:00,Amazon
REV-101222,PRD-01465,CUST-442266,2.0,Good product.,2025-11-14 18:00:00,Amazon
REV-101223,PRD-00093,CUST-426993,5.0,Not what I expected.,2025-04-16 01:00:00,Amazon
REV-101224,PRD-00458,CUST-105206,5.0,Loved it!,2026-03-26 13:00:00,Amazon
REV-101225,PRD-00041,CUST-200814,5.0,Average.,2024-10-07 01:00:00,Amazon
REV-101227,PRD-01867,CUST-384942,2.0,Good product.,2025-07-11 08:00:00,Amazon
REV-101229,PRD-02060,CUST-199024,2.0,Loved it!,2025-11-14 02:00:00,Amazon
REV-101230,PRD-01153,CUST-137155,5.0,Average.,2025-05-28 13:00:00,Amazon
REV-101231,PRD-00432,CUST-480498,2.0,Average.,2025-01-03 05:00:00,Amazon
REV-101232,PRD-00414,CUST-360401,2.0,Good product.,2025-04-27 16:00:00,Amazon
REV-101234,PRD-01213,CUST-141705,5.0,Average.,2025-04-13 21:00:00,Amazon
REV-101235,PRD-01882,CUST-139898,2.0,Loved it!,2025-09-28 06:00:00,Amazon
REV-101236,PRD-00224,CUST-118740,1.0,Average.,2025-01-29 10:00:00,Amazon
REV-101237,PRD-01839,CUST-161801,2.0,Good product.,2025-05-09 21:00:00,Amazon
REV-101239,PRD-01216,CUST-368655,4.0,Average.,2026-03-01 13:00:00,Amazon
REV-101240,PRD-01323,CUST-351902,2.0,Good product.,2025-01-29 14:00:00,Amazon
REV-101241,PRD-01395,CUST-194052,2.0,Average.,2024-08-18 22:00:00,Amazon
REV-101242,PRD-00353,CUST-337956,1.0,Great!,2025-03-02 19:00:00,Amazon
REV-101243,PRD-02352,CUST-455670,5.0,Good product.,2026-06-09 05:00:00,Amazon
REV-101244,PRD-02076,CUST-310608,1.0,Not what I expected.,2026-06-18 20:00:00,Amazon
REV-101245,PRD-00095,CUST-459818,1.0,Average.,2025-12-08 09:00:00,Amazon
REV-101246,PRD-02344,CUST-118539,1.0,Average.,2025-09-07 16:00:00,Amazon
REV-101247,PRD-00370,CUST-407820,1.0,Great!,2025-09-10 20:00:00,Amazon
REV-101248,PRD-01106,CUST-444252,1.0,Good product.,2025-07-15 02:00:00,Amazon
REV-101249,PRD-02112,CUST-474742,2.0,Good product.,2025-11-04 09:00:00,Amazon
REV-101250,PRD-02273,CUST-275145,4.0,Average.,2025-03-16 14:00:00,Amazon
REV-101251,PRD-00518,CUST-374975,1.0,Average.,2025-03-04 16:00:00,Amazon
REV-101252,PRD-02262,CUST-470873,1.0,Not what I expected.,2025-08-04 02:00:00,Amazon
REV-101253,PRD-01456,CUST-212636,1.0,Average.,2026-06-14 01:00:00,Amazon
REV-101254,PRD-00649,CUST-422397,5.0,Good product.,2025-07-07 10:00:00,Amazon
REV-101255,PRD-02329,CUST-452190,5.0,Good product.,2026-02-24 05:00:00,Amazon
REV-101256,PRD-01194,CUST-454324,2.0,Not what I expected.,2024-08-21 15:00:00,Amazon
REV-101257,PRD-02478,CUST-312821,3.0,Average.,2026-03-17 01:00:00,Amazon
REV-101258,PRD-01118,CUST-380065,2.0,Loved it!,2026-03-31 21:00:00,Amazon
REV-101259,PRD-01796,CUST-211337,1.0,Great!,2026-04-16 17:00:00,Amazon
REV-101260,PRD-01747,CUST-195218,5.0,Loved it!,2026-04-04 18:00:00,Amazon
REV-101261,PRD-00233,CUST-391474,5.0,Good product.,2025-05-05 21:00:00,Amazon
REV-101262,PRD-02279,CUST-278654,3.0,Average.,2025-10-06 02:00:00,Amazon
REV-101263,PRD-02315,CUST-208661,3.0,Not what I expected.,2025-08-19 21:00:00,Amazon
REV-101264,PRD-01618,CUST-404822,3.0,Average.,2025-08-19 13:00:00,Amazon
REV-101265,PRD-01956,CUST-206568,1.0,Not what I expected.,2025-08-30 23:00:00,Amazon
REV-101266,PRD-02270,CUST-337803,5.0,Not what I expected.,2025-01-03 07:00:00,Amazon
REV-101267,PRD-02035,CUST-304093,4.0,Not what I expected.,2025-04-29 19:00:00,Amazon
REV-101268,PRD-02381,CUST-489125,4.0,Good product.,2026-06-21 18:00:00,Amazon
REV-101269,PRD-00513,CUST-317607,3.0,Average.,2025-11-18 23:00:00,Amazon
REV-101270,PRD-00264,CUST-125644,1.0,Not what I expected.,2025-11-04 00:00:00,Amazon
REV-101271,PRD-01121,CUST-123002,5.0,Good product.,2025-07-16 02:00:00,Amazon
REV-101272,PRD-00938,CUST-193322,5.0,Average.,2024-09-17 08:00:00,Amazon
REV-101273,PRD-00543,CUST-395997,5.0,Average.,2025-03-21 17:00:00,Amazon
REV-101274,PRD-00820,CUST-218093,3.0,Good product.,2025-11-05 20:00:00,Amazon
REV-101275,PRD-00812,CUST-304799,4.0,Great!,2026-04-28 04:00:00,Amazon
REV-101276,PRD-00746,CUST-489942,4.0,Good product.,2025-06-29 04:00:00,Amazon
REV-101277,PRD-02322,CUST-308630,1.0,Good product.,2024-10-15 04:00:00,Amazon
REV-101278,PRD-02051,CUST-306211,2.0,Loved it!,2024-08-15 12:00:00,Amazon
REV-101279,PRD-00450,CUST-176014,1.0,Not what I expected.,2025-02-02 09:00:00,Amazon
REV-101280,PRD-01619,CUST-207317,4.0,Not what I expected.,2025-10-12 09:00:00,Amazon
REV-101281,PRD-00132,CUST-176514,4.0,Good product.,2025-07-12 10:00:00,Amazon
REV-101282,PRD-01977,CUST-233043,5.0,Not what I expected.,2025-06-09 11:00:00,Amazon
REV-101284,PRD-00454,CUST-492089,5.0,Good product.,2024-10-13 03:00:00,Amazon
REV-101286,PRD-01362,CUST-491857,3.0,Great!,2024-11-10 06:00:00,Amazon
REV-101287,PRD-01448,CUST-262311,5.0,Average.,2026-03-28 18:00:00,Amazon
REV-101288,PRD-02358,CUST-112131,1.0,Great!,2024-08-14 20:00:00,Amazon
REV-101289,PRD-01076,CUST-145179,1.0,Good product.,2024-11-07 10:00:00,Amazon
REV-101290,PRD-02150,CUST-386585,3.0,Good product.,2026-04-11 15:00:00,Amazon
REV-101291,PRD-00771,CUST-409137,2.0,Not what I expected.,2024-10-27 05:00:00,Amazon
REV-101292,PRD-02108,CUST-251220,2.0,Not what I expected.,2026-06-21 15:00:00,Amazon
REV-101293,PRD-00651,CUST-279373,5.0,Average.,2026-05-15 09:00:00,Amazon
REV-101294,PRD-01470,CUST-482746,1.0,Good product.,2025-03-18 10:00:00,Amazon
REV-101295,PRD-01856,CUST-447107,3.0,Average.,2026-01-05 20:00:00,Amazon
REV-101296,PRD-01036,CUST-153214,4.0,Great!,2026-07-29 01:00:00,Amazon
REV-101297,PRD-00541,CUST-479221,3.0,Good product.,2025-01-13 14:00:00,Amazon
REV-101299,PRD-02285,CUST-456768,2.0,Loved it!,2024-10-23 17:00:00,Amazon
REV-101300,PRD-02248,CUST-415443,1.0,Good product.,2024-10-25 09:00:00,Amazon
REV-101301,PRD-01092,CUST-119400,5.0,Average.,2026-05-21 07:00:00,Amazon
REV-101302,PRD-01399,CUST-457936,1.0,Not what I expected.,2024-11-07 10:00:00,Amazon
REV-101303,PRD-00559,CUST-335776,1.0,Great!,2026-04-27 05:00:00,Amazon
REV-101304,PRD-00769,CUST-281063,2.0,Great!,2026-01-04 17:00:00,Amazon
REV-101305,PRD-01382,CUST-345006,4.0,Great!,2024-09-06 12:00:00,Amazon
REV-101306,PRD-00629,CUST-221860,2.0,Not what I expected.,2025-08-12 22:00:00,Amazon
REV-101308,PRD-01669,CUST-203863,5.0,Good product.,2026-04-30 14:00:00,Amazon
REV-101309,PRD-01646,CUST-339826,2.0,Not what I expected.,2025-10-29 03:00:00,Amazon
REV-101310,PRD-00542,CUST-152626,1.0,Loved it!,2024-11-20 02:00:00,Amazon
REV-101311,PRD-02098,CUST-283686,3.0,Good product.,2026-08-15 06:00:00,Amazon
REV-101312,PRD-00207,CUST-181284,2.0,Not what I expected.,2025-04-23 03:00:00,Amazon
REV-101313,PRD-01571,CUST-105056,4.0,Good product.,2025-02-03 22:00:00,Amazon
REV-101314,PRD-01435,CUST-379289,1.0,Average.,2026-08-02 00:00:00,Amazon
REV-101315,PRD-01573,CUST-294185,1.0,Loved it!,2025-05-04 21:00:00,Amazon
REV-101316,PRD-00002,CUST-267525,3.0,Good product.,2026-02-21 11:00:00,Amazon
REV-101317,PRD-01208,CUST-110410,2.0,Loved it!,2026-01-21 20:00:00,Amazon
REV-101318,PRD-02323,CUST-313071,1.0,Average.,2025-01-27 13:00:00,Amazon
REV-101319,PRD-02303,CUST-123982,4.0,Good product.,2025-10-09 06:00:00,Amazon
REV-101320,PRD-00366,CUST-344983,1.0,Loved it!,2024-10-30 13:00:00,Amazon
REV-101321,PRD-01418,CUST-205755,5.0,Great!,2025-10-23 09:00:00,Amazon
REV-101322,PRD-00644,CUST-221860,3.0,Good product.,2025-08-12 22:00:00,Amazon
REV-101323,PRD-01774,CUST-425987,1.0,Loved it!,2025-10-07 18:00:00,Amazon
REV-101324,PRD-01477,CUST-100312,3.0,Average.,2024-12-09 09:00:00,Amazon
REV-101325,PRD-02286,CUST-174195,5.0,Great!,2026-06-25 12:00:00,Amazon
REV-101326,PRD-01833,CUST-303383,1.0,Average.,2025-05-19 03:00:00,Amazon
REV-101327,PRD-01523,CUST-155834,4.0,Not what I expected.,2025-02-14 00:00:00,Amazon
REV-101328,PRD-00838,CUST-365009,1.0,Not what I expected.,2025-08-02 02:00:00,Amazon
REV-101329,PRD-00106,CUST-237816,1.0,Average.,2025-12-16 09:00:00,Amazon
REV-101330,PRD-01459,CUST-280303,4.0,Loved it!,2026-01-22 18:00:00,Amazon
REV-101331,PRD-00422,CUST-431287,2.0,Not what I expected.,2024-09-27 09:00:00,Amazon
REV-101332,PRD-01619,CUST-315906,5.0,Average.,2024-08-30 02:00:00,Amazon
REV-101333,PRD-01257,CUST-489122,2.0,Good product.,2024-12-01 00:00:00,Amazon
REV-101334,PRD-01367,CUST-259119,4.0,Great!,2026-06-27 17:00:00,Amazon
REV-101335,PRD-01665,CUST-347810,5.0,Not what I expected.,2025-07-11 10:00:00,Amazon
REV-101336,PRD-02167,CUST-311109,3.0,Good product.,2025-07-22 00:00:00,Amazon
REV-101338,PRD-02346,CUST-345509,1.0,Great!,2025-09-14 08:00:00,Amazon
REV-101339,PRD-00285,CUST-377658,3.0,Good product.,2026-04-06 06:00:00,Amazon
REV-101340,PRD-01547,CUST-460836,2.0,Not what I expected.,2025-02-25 05:00:00,Amazon
REV-101341,PRD-02430,CUST-487792,4.0,Great!,2026-02-14 17:00:00,Amazon
REV-101342,PRD-02123,CUST-309018,3.0,Average.,2024-10-03 04:00:00,Amazon
REV-101343,PRD-02197,CUST-499526,3.0,Loved it!,2025-12-26 21:00:00,Amazon
REV-101344,PRD-00271,CUST-327095,2.0,Loved it!,2025-06-23 15:00:00,Amazon
REV-101345,PRD-01535,CUST-256806,5.0,Average.,2025-03-20 19:00:00,Amazon
REV-101346,PRD-01668,CUST-209910,5.0,Not what I expected.,2025-01-04 03:00:00,Amazon
REV-101347,PRD-01005,CUST-258985,1.0,Loved it!,2025-05-23 08:00:00,Amazon
REV-101348,PRD-01875,CUST-499168,1.0,Not what I expected.,2024-10-20 05:00:00,Amazon
REV-101349,PRD-01102,CUST-432729,1.0,Average.,2026-02-26 04:00:00,Amazon
REV-101350,PRD-02120,CUST-402629,1.0,Not what I expected.,2024-11-22 06:00:00,Amazon
REV-101352,PRD-00588,CUST-227796,3.0,Good product.,2025-02-16 23:00:00,Amazon
REV-101355,PRD-00014,CUST-278214,1.0,Loved it!,2026-03-16 11:00:00,Amazon
REV-101356,PRD-01941,CUST-111918,2.0,Good product.,2026-05-06 18:00:00,Amazon
REV-101357,PRD-00461,CUST-273361,2.0,Great!,2025-10-17 16:00:00,Amazon
REV-101359,PRD-02233,CUST-267938,5.0,Not what I expected.,2025-02-28 02:00:00,Amazon
REV-101360,PRD-01239,CUST-438379,5.0,Loved it!,2025-05-06 21:00:00,Amazon
REV-101361,PRD-01170,CUST-295316,5.0,Average.,2025-01-14 07:00:00,Amazon
REV-101362,PRD-01936,CUST-137775,5.0,Good product.,2026-05-10 03:00:00,Amazon
REV-101364,PRD-02110,CUST-118417,2.0,Loved it!,2025-08-05 14:00:00,Amazon
REV-101365,PRD-00087,CUST-150319,2.0,Good product.,2025-01-17 13:00:00,Amazon
REV-101366,PRD-01324,CUST-407034,1.0,Loved it!,2025-03-04 08:00:00,Amazon
REV-101367,PRD-01853,CUST-490247,2.0,Not what I expected.,2025-06-30 15:00:00,Amazon
REV-101368,PRD-00217,CUST-390042,4.0,Loved it!,2024-11-13 14:00:00,Amazon
REV-101369,PRD-00371,CUST-475304,5.0,Loved it!,2025-04-04 02:00:00,Amazon
REV-101370,PRD-00300,CUST-240649,4.0,Good product.,2026-01-16 15:00:00,Amazon
REV-101372,PRD-02348,CUST-409741,1.0,Average.,2025-07-02 12:00:00,Amazon
REV-101373,PRD-00961,CUST-112701,4.0,Average.,2025-12-06 03:00:00,Amazon
REV-101374,PRD-02010,CUST-478532,3.0,Loved it!,2026-07-20 09:00:00,Amazon
REV-101375,PRD-01961,CUST-486208,4.0,Good product.,2026-03-14 17:00:00,Amazon
REV-101376,PRD-00003,CUST-173786,5.0,Good product.,2026-01-02 05:00:00,Amazon
REV-101377,PRD-01778,CUST-126735,1.0,Good product.,2024-09-07 14:00:00,Amazon
REV-101378,PRD-00550,CUST-260723,3.0,Loved it!,2025-01-04 09:00:00,Amazon
REV-101379,PRD-00352,CUST-334755,3.0,Not what I expected.,2024-11-17 19:00:00,Amazon
REV-101380,PRD-01375,CUST-469212,1.0,Not what I expected.,2025-02-12 18:00:00,Amazon
REV-101381,PRD-02234,CUST-341136,4.0,Loved it!,2024-10-29 18:00:00,Amazon
REV-101382,PRD-01082,CUST-293399,2.0,Good product.,2026-07-14 04:00:00,Amazon
REV-101383,PRD-01633,CUST-308131,5.0,Average.,2025-06-12 02:00:00,Amazon
REV-101384,PRD-02391,CUST-223053,4.0,Not what I expected.,2025-09-12 19:00:00,Amazon
REV-101385,PRD-02042,CUST-471458,5.0,Loved it!,2025-07-18 10:00:00,Amazon
REV-101386,PRD-00796,CUST-211337,5.0,Not what I expected.,2025-03-29 10:00:00,Amazon
REV-101387,PRD-02371,CUST-458184,4.0,Good product.,2025-04-12 23:00:00,Amazon
REV-101389,PRD-02172,CUST-270522,3.0,Great!,2025-04-26 13:00:00,Amazon
REV-101390,PRD-01726,CUST-449713,1.0,Average.,2025-08-21 12:00:00,Amazon
REV-101391,PRD-00537,CUST-187501,5.0,Average.,2025-04-04 02:00:00,Amazon
REV-101392,PRD-00391,CUST-108494,4.0,Average.,2026-02-22 13:00:00,Amazon
REV-101393,PRD-00624,CUST-124532,3.0,Loved it!,2025-01-26 14:00:00,Amazon
REV-101394,PRD-01928,CUST-362141,1.0,Great!,2025-05-06 18:00:00,Amazon
REV-101395,PRD-02487,CUST-380610,4.0,Great!,2025-08-09 14:00:00,Amazon
REV-101396,PRD-01996,CUST-400870,2.0,Good product.,2024-11-03 19:00:00,Amazon
REV-101397,PRD-01781,CUST-248607,3.0,Great!,2026-05-14 08:00:00,Amazon
REV-101398,PRD-01809,CUST-265533,3.0,Great!,2025-12-30 00:00:00,Amazon
REV-101399,PRD-01076,CUST-416560,5.0,Great!,2025-07-19 12:00:00,Amazon
REV-101400,PRD-02484,CUST-324044,5.0,Good product.,2024-12-12 17:00:00,Amazon
REV-101401,PRD-00205,CUST-404029,3.0,Loved it!,2025-04-17 16:00:00,Amazon
REV-101402,PRD-01959,CUST-314859,4.0,Loved it!,2026-05-03 07:00:00,Amazon
REV-101403,PRD-00553,CUST-360259,1.0,Loved it!,2026-05-03 10:00:00,Amazon
REV-101404,PRD-01139,CUST-140395,2.0,Not what I expected.,2026-07-20 09:00:00,Amazon
REV-101405,PRD-01450,CUST-344865,4.0,Good product.,2025-08-29 13:00:00,Amazon
REV-101406,PRD-00387,CUST-309654,2.0,Loved it!,2026-06-05 00:00:00,Amazon
REV-101407,PRD-01677,CUST-417480,3.0,Loved it!,2025-02-07 00:00:00,Amazon
REV-101408,PRD-00737,CUST-108494,5.0,Loved it!,2025-07-21 06:00:00,Amazon
REV-101409,PRD-00963,CUST-362450,4.0,Great!,2025-11-01 15:00:00,Amazon
REV-101410,PRD-01059,CUST-391162,2.0,Average.,2026-08-12 09:00:00,Amazon
REV-101411,PRD-00170,CUST-216623,5.0,Average.,2026-07-25 19:00:00,Amazon
REV-101412,PRD-01498,CUST-240294,4.0,Average.,2026-04-06 08:00:00,Amazon
REV-101413,PRD-01365,CUST-484479,1.0,Loved it!,2024-09-25 06:00:00,Amazon
REV-101414,PRD-01145,CUST-149040,2.0,Great!,2025-09-20 20:00:00,Amazon
REV-101415,PRD-01520,CUST-168100,4.0,Good product.,2025-12-04 06:00:00,Amazon
REV-101416,PRD-02116,CUST-163505,5.0,Good product.,2026-07-31 03:00:00,Amazon
REV-101417,PRD-00774,CUST-110169,3.0,Average.,2025-09-09 22:00:00,Amazon
REV-101418,PRD-01428,CUST-400987,1.0,Loved it!,2026-03-26 05:00:00,Amazon
REV-101419,PRD-02013,CUST-326386,5.0,Good product.,2025-10-09 07:00:00,Amazon
REV-101420,PRD-01187,CUST-457742,2.0,Not what I expected.,2025-07-02 11:00:00,Amazon
REV-101421,PRD-01846,CUST-380483,2.0,Good product.,2026-08-15 07:00:00,Amazon
REV-101422,PRD-00055,CUST-337274,4.0,Loved it!,2025-02-28 09:00:00,Amazon
REV-101423,PRD-00182,CUST-384012,2.0,Good product.,2026-08-08 14:00:00,Amazon
REV-101424,PRD-01272,CUST-451823,1.0,Loved it!,2026-03-11 17:00:00,Amazon
REV-101425,PRD-00134,CUST-479094,4.0,Great!,2024-08-18 20:00:00,Amazon
REV-101426,PRD-01828,CUST-444070,4.0,Good product.,2025-12-08 01:00:00,Amazon
REV-101427,PRD-01581,CUST-371605,5.0,Good product.,2025-03-14 04:00:00,Amazon
REV-101430,PRD-01121,CUST-206815,1.0,Great!,2025-04-15 20:00:00,Amazon
REV-101431,PRD-00338,CUST-235310,2.0,Great!,2025-06-29 10:00:00,Amazon
REV-101433,PRD-01636,CUST-145179,2.0,Loved it!,2025-06-10 12:00:00,Amazon
REV-101434,PRD-01260,CUST-274545,4.0,Average.,2025-06-08 10:00:00,Amazon
REV-101435,PRD-00299,CUST-250094,3.0,Average.,2024-11-15 15:00:00,Amazon
REV-101436,PRD-01508,CUST-168498,3.0,Loved it!,2025-07-12 13:00:00,Amazon
REV-101437,PRD-01977,CUST-210197,2.0,Average.,2026-01-06 02:00:00,Amazon
REV-101438,PRD-00063,CUST-220808,1.0,Good product.,2025-06-12 03:00:00,Amazon
REV-101439,PRD-00959,CUST-314790,5.0,Loved it!,2025-04-14 15:00:00,Amazon
REV-101440,PRD-01912,CUST-242138,4.0,Not what I expected.,2024-10-25 17:00:00,Amazon
REV-101441,PRD-02420,CUST-479221,3.0,Loved it!,2026-07-21 23:00:00,Amazon
REV-101442,PRD-01727,CUST-449696,5.0,Great!,2026-06-09 20:00:00,Amazon
REV-101443,PRD-01045,CUST-370356,1.0,Good product.,2025-12-19 17:00:00,Amazon
REV-101444,PRD-00232,CUST-365520,2.0,Good product.,2026-07-07 15:00:00,Amazon
REV-101445,PRD-00233,CUST-496613,4.0,Not what I expected.,2024-08-27 20:00:00,Amazon
REV-101446,PRD-02240,CUST-322211,1.0,Good product.,2026-06-09 21:00:00,Amazon
REV-101447,PRD-01936,CUST-237808,3.0,Good product.,2025-08-05 23:00:00,Amazon
REV-101448,PRD-00451,CUST-368846,2.0,Good product.,2026-07-31 02:00:00,Amazon
REV-101449,PRD-00428,CUST-499874,5.0,Not what I expected.,2025-06-16 11:00:00,Amazon
REV-101450,PRD-00849,CUST-495901,2.0,Not what I expected.,2024-12-07 04:00:00,Amazon
REV-101451,PRD-02007,CUST-155746,3.0,Not what I expected.,2025-09-23 22:00:00,Amazon
REV-101452,PRD-01968,CUST-289235,4.0,Good product.,2025-05-07 08:00:00,Amazon
REV-101453,PRD-00221,CUST-135653,5.0,Loved it!,2024-11-16 15:00:00,Amazon
REV-101455,PRD-00200,CUST-433699,3.0,Great!,2024-09-09 00:00:00,Amazon
REV-101456,PRD-02373,CUST-346008,3.0,Loved it!,2025-08-27 19:00:00,Amazon
REV-101457,PRD-01674,CUST-441019,5.0,Average.,2025-12-22 09:00:00,Amazon
REV-101459,PRD-00453,CUST-160423,4.0,Not what I expected.,2024-10-30 19:00:00,Amazon
REV-101461,PRD-02485,CUST-212321,5.0,Good product.,2025-01-13 09:00:00,Amazon
REV-101462,PRD-02449,CUST-189306,5.0,Not what I expected.,2026-02-14 05:00:00,Amazon
REV-101463,PRD-00711,CUST-171928,3.0,Loved it!,2026-03-31 16:00:00,Amazon
REV-101465,PRD-00583,CUST-207863,3.0,Great!,2024-08-15 01:00:00,Amazon
REV-101466,PRD-02473,CUST-127491,3.0,Not what I expected.,2026-03-18 14:00:00,Amazon
REV-101467,PRD-01200,CUST-211337,3.0,Average.,2025-03-29 10:00:00,Amazon
REV-101468,PRD-00757,CUST-244779,1.0,Not what I expected.,2026-06-26 05:00:00,Amazon
REV-101469,PRD-01278,CUST-478143,3.0,Average.,2026-02-11 09:00:00,Amazon
REV-101471,PRD-00294,CUST-319988,2.0,Great!,2024-10-01 01:00:00,Amazon
REV-101472,PRD-02404,CUST-202177,5.0,Average.,2025-06-12 17:00:00,Amazon
REV-101473,PRD-00586,CUST-178845,3.0,Good product.,2024-10-22 16:00:00,Amazon
REV-101474,PRD-01335,CUST-341297,5.0,Average.,2025-11-05 04:00:00,Amazon
REV-101475,PRD-02476,CUST-430737,3.0,Average.,2026-06-01 16:00:00,Amazon
REV-101476,PRD-00213,CUST-299738,1.0,Average.,2025-08-19 04:00:00,Amazon
REV-101477,PRD-01799,CUST-182301,1.0,Not what I expected.,2025-03-27 14:00:00,Amazon
REV-101478,PRD-00620,CUST-471907,3.0,Average.,2026-03-20 02:00:00,Amazon
REV-101479,PRD-00141,CUST-423116,5.0,Not what I expected.,2025-08-21 20:00:00,Amazon
REV-101480,PRD-02405,CUST-245070,3.0,Not what I expected.,2026-01-15 11:00:00,Amazon
REV-101482,PRD-00449,CUST-133095,3.0,Great!,2025-12-05 07:00:00,Amazon
REV-101483,PRD-01557,CUST-220013,5.0,Great!,2025-10-12 06:00:00,Amazon
REV-101484,PRD-00155,CUST-109475,3.0,Great!,2024-08-16 23:00:00,Amazon
REV-101485,PRD-00588,CUST-240339,5.0,Average.,2025-06-15 04:00:00,Amazon
REV-101486,PRD-01166,CUST-183389,3.0,Loved it!,2025-10-29 21:00:00,Amazon
REV-101487,PRD-00647,CUST-298916,3.0,Loved it!,2024-09-07 05:00:00,Amazon
REV-101488,PRD-01608,CUST-326051,1.0,Great!,2025-12-15 03:00:00,Amazon
REV-101489,PRD-01257,CUST-430892,4.0,Great!,2024-10-23 16:00:00,Amazon
REV-101490,PRD-01066,CUST-155121,3.0,Great!,2025-02-17 03:00:00,Amazon
REV-101491,PRD-00291,CUST-258733,5.0,Not what I expected.,2026-01-29 13:00:00,Amazon
REV-101492,PRD-02380,CUST-157890,4.0,Not what I expected.,2026-03-12 20:00:00,Amazon
REV-101493,PRD-01081,CUST-252792,4.0,Average.,2025-06-23 11:00:00,Amazon
REV-101494,PRD-01834,CUST-301049,2.0,Good product.,2025-12-15 08:00:00,Amazon
REV-101495,PRD-02100,CUST-488546,2.0,Not what I expected.,2025-01-16 11:00:00,Amazon
REV-101497,PRD-00569,CUST-482324,5.0,Not what I expected.,2026-01-25 00:00:00,Amazon
REV-101499,PRD-01324,CUST-359194,5.0,Loved it!,2024-10-27 21:00:00,Amazon
REV-101500,PRD-00501,CUST-268062,4.0,Not what I expected.,2025-11-25 10:00:00,Amazon
REV-101501,PRD-02239,CUST-266396,1.0,Not what I expected.,2026-04-03 07:00:00,Amazon
REV-101502,PRD-01475,CUST-243729,3.0,Great!,2025-07-07 07:00:00,Amazon
REV-101503,PRD-01486,CUST-180739,4.0,Loved it!,2025-01-06 09:00:00,Amazon
REV-101504,PRD-02085,CUST-242554,3.0,Average.,2026-05-07 19:00:00,Amazon
REV-101505,PRD-01503,CUST-144075,5.0,Good product.,2025-06-15 21:00:00,Amazon
REV-101506,PRD-01878,CUST-259078,3.0,Not what I expected.,2026-04-24 22:00:00,Amazon
REV-101507,PRD-01748,CUST-178450,1.0,Great!,2026-01-24 21:00:00,Amazon
REV-101508,PRD-00264,CUST-431680,3.0,Good product.,2025-03-22 03:00:00,Amazon
REV-101509,PRD-02204,CUST-328877,4.0,Average.,2025-07-26 16:00:00,Amazon
REV-101510,PRD-02412,CUST-123715,4.0,Not what I expected.,2026-06-01 04:00:00,Amazon
REV-101511,PRD-02495,CUST-473778,4.0,Great!,2025-03-31 00:00:00,Amazon
REV-101512,PRD-02493,CUST-125540,1.0,Great!,2026-05-21 12:00:00,Amazon
REV-101513,PRD-01517,CUST-209490,1.0,Not what I expected.,2024-10-08 15:00:00,Amazon
REV-101514,PRD-02448,CUST-489125,1.0,Loved it!,2026-06-21 18:00:00,Amazon
REV-101515,PRD-01697,CUST-156340,2.0,Not what I expected.,2024-10-31 11:00:00,Amazon
REV-101516,PRD-01011,CUST-163670,4.0,Great!,2024-12-25 07:00:00,Amazon
REV-101517,PRD-00217,CUST-126147,4.0,Average.,2025-08-16 15:00:00,Amazon
REV-101518,PRD-01188,CUST-394471,1.0,Average.,2024-09-08 14:00:00,Amazon
REV-101519,PRD-01438,CUST-470070,2.0,Average.,2024-09-24 08:00:00,Amazon
REV-101520,PRD-02255,CUST-368741,2.0,Great!,2025-02-27 08:00:00,Amazon
REV-101521,PRD-02402,CUST-434178,1.0,Not what I expected.,2025-07-22 07:00:00,Amazon
REV-101522,PRD-01187,CUST-138833,2.0,Not what I expected.,2026-06-03 13:00:00,Amazon
REV-101523,PRD-00670,CUST-366648,1.0,Not what I expected.,2025-07-31 02:00:00,Amazon
REV-101524,PRD-01320,CUST-241714,4.0,Loved it!,2025-05-21 22:00:00,Amazon
REV-101525,PRD-01463,CUST-417947,3.0,Loved it!,2025-09-26 00:00:00,Amazon
REV-101526,PRD-01995,CUST-420209,4.0,Not what I expected.,2024-08-20 09:00:00,Amazon
REV-101527,PRD-01474,CUST-128463,4.0,Loved it!,2025-09-06 22:00:00,Amazon
REV-101528,PRD-00369,CUST-428183,5.0,Loved it!,2026-07-15 13:00:00,Amazon
REV-101529,PRD-00376,CUST-132995,4.0,Not what I expected.,2026-04-12 15:00:00,Amazon
REV-101530,PRD-00222,CUST-116009,5.0,Not what I expected.,2025-10-26 20:00:00,Amazon
REV-101531,PRD-02005,CUST-145179,2.0,Great!,2026-07-24 02:00:00,Amazon
REV-101532,PRD-01722,CUST-322083,1.0,Not what I expected.,2026-04-13 16:00:00,Amazon
REV-101533,PRD-02498,CUST-296421,2.0,Not what I expected.,2026-05-04 19:00:00,Amazon
REV-101534,PRD-01185,CUST-324451,2.0,Not what I expected.,2025-08-02 02:00:00,Amazon
REV-101535,PRD-02097,CUST-372547,3.0,Not what I expected.,2025-03-24 11:00:00,Amazon
REV-101536,PRD-01971,CUST-337483,1.0,Good product.,2026-07-17 11:00:00,Amazon
REV-101537,PRD-02269,CUST-304784,3.0,Good product.,2025-05-08 12:00:00,Amazon
REV-101538,PRD-00001,CUST-437277,3.0,Average.,2026-05-31 04:00:00,Amazon
REV-101539,PRD-01088,CUST-323158,3.0,Not what I expected.,2025-12-12 02:00:00,Amazon
REV-101540,PRD-00904,CUST-296062,4.0,Loved it!,2025-04-12 07:00:00,Amazon
REV-101541,PRD-00407,CUST-477637,2.0,Good product.,2025-01-19 19:00:00,Amazon
REV-101543,PRD-01628,CUST-238683,4.0,Great!,2024-08-24 22:00:00,Amazon
REV-101544,PRD-01608,CUST-246433,3.0,Loved it!,2026-04-25 06:00:00,Amazon
REV-101545,PRD-02433,CUST-363370,3.0,Loved it!,2026-01-15 16:00:00,Amazon
REV-101546,PRD-01084,CUST-410940,3.0,Good product.,2025-10-04 11:00:00,Amazon
REV-101547,PRD-00574,CUST-321502,3.0,Great!,2026-06-14 13:00:00,Amazon
REV-101548,PRD-02026,CUST-441944,5.0,Average.,2026-06-20 02:00:00,Amazon
REV-101549,PRD-02393,CUST-116357,5.0,Not what I expected.,2024-12-30 11:00:00,Amazon
REV-101550,PRD-01430,CUST-227525,3.0,Loved it!,2024-09-11 07:00:00,Amazon
REV-101551,PRD-01291,CUST-288227,5.0,Not what I expected.,2025-01-27 18:00:00,Amazon
REV-101552,PRD-01572,CUST-414227,1.0,Not what I expected.,2025-12-05 17:00:00,Amazon
REV-101553,PRD-01600,CUST-167896,3.0,Not what I expected.,2025-11-26 06:00:00,Amazon
REV-101554,PRD-01275,CUST-305826,5.0,Average.,2026-05-03 01:00:00,Amazon
REV-101555,PRD-01418,CUST-154459,5.0,Not what I expected.,2024-10-06 17:00:00,Amazon
REV-101556,PRD-01338,CUST-407331,2.0,Average.,2026-01-13 00:00:00,Amazon
REV-101557,PRD-00243,CUST-414083,2.0,Good product.,2025-11-14 09:00:00,Amazon
REV-101558,PRD-01600,CUST-329463,1.0,Good product.,2026-01-05 02:00:00,Amazon
REV-101559,PRD-01909,CUST-356129,3.0,Great!,2024-11-08 18:00:00,Amazon
REV-101560,PRD-01078,CUST-296102,2.0,Loved it!,2025-01-22 16:00:00,Amazon
REV-101561,PRD-00380,CUST-466966,3.0,Great!,2025-06-08 03:00:00,Amazon
REV-101562,PRD-00013,CUST-365873,2.0,Loved it!,2025-11-22 10:00:00,Amazon
REV-101563,PRD-00386,CUST-460884,3.0,Loved it!,2026-04-08 20:00:00,Amazon
REV-101564,PRD-00096,CUST-147341,5.0,Good product.,2025-02-17 10:00:00,Amazon
REV-101565,PRD-00333,CUST-161716,5.0,Great!,2026-05-28 18:00:00,Amazon
REV-101566,PRD-01737,CUST-124001,1.0,Average.,2026-08-06 07:00:00,Amazon
REV-101567,PRD-00289,CUST-179506,4.0,Average.,2024-10-30 19:00:00,Amazon
REV-101568,PRD-01052,CUST-223354,5.0,Loved it!,2024-09-02 17:00:00,Amazon
REV-101569,PRD-01506,CUST-272465,2.0,Average.,2025-10-17 23:00:00,Amazon
REV-101570,PRD-01687,CUST-450698,3.0,Good product.,2025-09-04 16:00:00,Amazon
REV-101572,PRD-00319,CUST-148375,1.0,Average.,2025-11-25 11:00:00,Amazon
REV-101573,PRD-01180,CUST-371895,5.0,Loved it!,2026-01-28 08:00:00,Amazon
REV-101574,PRD-02183,CUST-432026,4.0,Great!,2026-02-23 03:00:00,Amazon
REV-101575,PRD-00033,CUST-256806,4.0,Average.,2025-05-08 03:00:00,Amazon
REV-101576,PRD-00898,CUST-228816,4.0,Average.,2026-04-26 07:00:00,Amazon
REV-101577,PRD-01039,CUST-235269,4.0,Not what I expected.,2026-01-12 14:00:00,Amazon
REV-101578,PRD-00786,CUST-101610,5.0,Great!,2024-12-06 08:00:00,Amazon
REV-101579,PRD-00326,CUST-313818,5.0,Loved it!,2026-03-19 07:00:00,Amazon
REV-101580,PRD-01478,CUST-475218,4.0,Great!,2026-03-17 21:00:00,Amazon
REV-101581,PRD-00115,CUST-149889,3.0,Loved it!,2024-12-27 14:00:00,Amazon
REV-101582,PRD-00748,CUST-187811,3.0,Loved it!,2025-09-06 03:00:00,Amazon
REV-101583,PRD-01578,CUST-232133,3.0,Loved it!,2025-12-31 14:00:00,Amazon
REV-101584,PRD-01578,CUST-253796,2.0,Good product.,2025-02-12 12:00:00,Amazon
REV-101585,PRD-01040,CUST-123025,5.0,Average.,2025-02-12 04:00:00,Amazon
REV-101586,PRD-00021,CUST-301362,3.0,Average.,2026-01-24 13:00:00,Amazon
REV-101587,PRD-01243,CUST-207546,5.0,Average.,2025-06-20 10:00:00,Amazon
REV-101588,PRD-01657,CUST-339642,4.0,Good product.,2024-12-26 02:00:00,Amazon
REV-101589,PRD-01291,CUST-393586,5.0,Average.,2026-01-26 12:00:00,Amazon
REV-101590,PRD-00268,CUST-174187,4.0,Not what I expected.,2025-09-05 20:00:00,Amazon
REV-101591,PRD-02196,CUST-126036,1.0,Good product.,2025-04-11 00:00:00,Amazon
REV-101592,PRD-00452,CUST-492089,5.0,Good product.,2026-07-19 05:00:00,Amazon
REV-101593,PRD-01805,CUST-156119,2.0,Average.,2024-08-28 15:00:00,Amazon
REV-101594,PRD-01367,CUST-144957,5.0,Not what I expected.,2025-09-18 13:00:00,Amazon
REV-101595,PRD-00427,CUST-319194,5.0,Loved it!,2026-02-11 12:00:00,Amazon
REV-101596,PRD-00789,CUST-365009,3.0,Loved it!,2025-08-02 02:00:00,Amazon
REV-101597,PRD-01799,CUST-148858,1.0,Average.,2025-08-31 16:00:00,Amazon
REV-101598,PRD-02000,CUST-299314,3.0,Great!,2025-07-11 11:00:00,Amazon
REV-101599,PRD-00438,CUST-187748,4.0,Average.,2025-11-12 12:00:00,Amazon
REV-101600,PRD-00443,CUST-340435,1.0,Average.,2026-04-23 18:00:00,Amazon
REV-101601,PRD-00615,CUST-307612,1.0,Average.,2024-08-12 20:00:00,Amazon
REV-101603,PRD-01319,CUST-382521,5.0,Average.,2026-05-15 12:00:00,Amazon
REV-101604,PRD-00010,CUST-287463,3.0,Not what I expected.,2025-07-08 13:00:00,Amazon
REV-101605,PRD-02147,CUST-337574,4.0,Great!,2025-09-15 02:00:00,Amazon
REV-101606,PRD-01083,CUST-104643,5.0,Average.,2024-10-30 06:00:00,Amazon
REV-101607,PRD-01295,CUST-450599,2.0,Great!,2026-01-21 12:00:00,Amazon
REV-101608,PRD-00650,CUST-182789,2.0,Good product.,2025-04-02 03:00:00,Amazon
REV-101609,PRD-01216,CUST-451107,2.0,Great!,2025-09-26 12:00:00,Amazon
REV-101610,PRD-00516,CUST-379552,3.0,Loved it!,2024-12-15 04:00:00,Amazon
REV-101611,PRD-00161,CUST-480521,5.0,Loved it!,2026-04-04 15:00:00,Amazon
REV-101612,PRD-00989,CUST-174422,1.0,Loved it!,2024-09-30 05:00:00,Amazon
REV-101613,PRD-01950,CUST-373151,5.0,Great!,2026-05-08 18:00:00,Amazon
REV-101615,PRD-01142,CUST-214806,1.0,Average.,2025-10-16 05:00:00,Amazon
REV-101616,PRD-00126,CUST-188501,2.0,Not what I expected.,2024-12-22 02:00:00,Amazon
REV-101617,PRD-01299,CUST-128069,1.0,Average.,2024-09-18 06:00:00,Amazon
REV-101618,PRD-02438,CUST-168100,2.0,Loved it!,2025-12-04 06:00:00,Amazon
REV-101619,PRD-02412,CUST-448611,5.0,Average.,2024-11-14 07:00:00,Amazon
REV-101620,PRD-02263,CUST-323180,2.0,Good product.,2025-06-07 10:00:00,Amazon
REV-101621,PRD-01153,CUST-306293,1.0,Good product.,2025-04-26 06:00:00,Amazon
REV-101623,PRD-00188,CUST-194568,2.0,Good product.,2026-05-10 15:00:00,Amazon
REV-101624,PRD-01321,CUST-303655,3.0,Good product.,2026-06-27 17:00:00,Amazon
REV-101625,PRD-01748,CUST-336834,5.0,Loved it!,2026-05-25 14:00:00,Amazon
REV-101627,PRD-01200,CUST-311403,1.0,Not what I expected.,2026-04-19 10:00:00,Amazon
REV-101628,PRD-01426,CUST-327438,4.0,Great!,2026-01-02 14:00:00,Amazon
REV-101629,PRD-00453,CUST-473284,2.0,Great!,2025-08-08 22:00:00,Amazon
REV-101631,PRD-01857,CUST-379081,5.0,Great!,2024-12-24 06:00:00,Amazon
REV-101632,PRD-01005,CUST-193275,2.0,Average.,2024-12-25 13:00:00,Amazon
REV-101633,PRD-01577,CUST-169148,5.0,Average.,2026-07-31 22:00:00,Amazon
REV-101634,PRD-00165,CUST-104544,3.0,Good product.,2025-04-02 22:00:00,Amazon
REV-101635,PRD-01599,CUST-202901,2.0,Average.,2024-09-18 22:00:00,Amazon
REV-101636,PRD-01413,CUST-128914,3.0,Loved it!,2025-07-22 15:00:00,Amazon
REV-101637,PRD-01518,CUST-316665,3.0,Great!,2025-10-08 11:00:00,Amazon
REV-101638,PRD-00388,CUST-112291,1.0,Loved it!,2025-02-15 04:00:00,Amazon
REV-101639,PRD-02431,CUST-138140,5.0,Loved it!,2024-08-24 19:00:00,Amazon
REV-101640,PRD-01812,CUST-137853,5.0,Not what I expected.,2026-03-07 21:00:00,Amazon
REV-101641,PRD-00750,CUST-465021,4.0,Good product.,2026-03-21 07:00:00,Amazon
REV-101642,PRD-00429,CUST-431107,5.0,Good product.,2025-12-07 16:00:00,Amazon
REV-101644,PRD-00954,CUST-127994,3.0,Good product.,2026-07-13 06:00:00,Amazon
REV-101645,PRD-01535,CUST-268590,2.0,Average.,2025-01-27 18:00:00,Amazon
REV-101646,PRD-00761,CUST-280975,5.0,Loved it!,2026-01-07 14:00:00,Amazon
REV-101647,PRD-02117,CUST-494474,2.0,Great!,2024-11-01 18:00:00,Amazon
REV-101650,PRD-02396,CUST-316195,4.0,Average.,2025-04-27 19:00:00,Amazon
REV-101651,PRD-01330,CUST-260576,5.0,Good product.,2024-10-02 12:00:00,Amazon
REV-101652,PRD-00396,CUST-424469,2.0,Not what I expected.,2025-10-11 18:00:00,Amazon
REV-101653,PRD-01868,CUST-336332,3.0,Average.,2025-12-05 18:00:00,Amazon
REV-101654,PRD-00182,CUST-396547,5.0,Average.,2025-11-02 14:00:00,Amazon
REV-101655,PRD-00661,CUST-386514,4.0,Not what I expected.,2025-01-28 15:00:00,Amazon
REV-101656,PRD-02179,CUST-477024,1.0,Great!,2026-04-20 14:00:00,Amazon
REV-101657,PRD-02088,CUST-403461,5.0,Great!,2024-09-02 21:00:00,Amazon
REV-101658,PRD-00605,CUST-295452,1.0,Average.,2025-05-18 08:00:00,Amazon
REV-101659,PRD-01836,CUST-494542,1.0,Average.,2024-10-01 19:00:00,Amazon
REV-101660,PRD-02339,CUST-218305,3.0,Good product.,2026-07-28 01:00:00,Amazon
REV-101661,PRD-00037,CUST-374175,4.0,Good product.,2025-01-30 02:00:00,Amazon
REV-101662,PRD-02476,CUST-421834,5.0,Average.,2024-11-11 19:00:00,Amazon
REV-101664,PRD-00659,CUST-360339,4.0,Not what I expected.,2026-06-12 00:00:00,Amazon
REV-101665,PRD-00759,CUST-469212,4.0,Good product.,2025-02-12 18:00:00,Amazon
REV-101666,PRD-01427,CUST-314817,4.0,Average.,2024-10-29 16:00:00,Amazon
REV-101667,PRD-00777,CUST-422741,4.0,Great!,2025-04-09 20:00:00,Amazon
REV-101668,PRD-02251,CUST-117869,4.0,Great!,2026-06-07 22:00:00,Amazon
REV-101669,PRD-00194,CUST-169573,4.0,Not what I expected.,2026-05-26 08:00:00,Amazon
REV-101670,PRD-00063,CUST-421728,2.0,Great!,2024-11-21 00:00:00,Amazon
REV-101671,PRD-00201,CUST-297573,2.0,Great!,2024-11-06 00:00:00,Amazon
REV-101672,PRD-00466,CUST-350766,4.0,Average.,2025-05-15 13:00:00,Amazon
REV-101673,PRD-00142,CUST-171128,2.0,Average.,2025-02-17 05:00:00,Amazon
REV-101674,PRD-01902,CUST-108531,5.0,Average.,2025-07-10 19:00:00,Amazon
REV-101675,PRD-00031,CUST-149011,3.0,Average.,2026-07-26 22:00:00,Amazon
REV-101676,PRD-01355,CUST-460946,2.0,Average.,2024-11-19 08:00:00,Amazon
REV-101677,PRD-00466,CUST-166644,2.0,Good product.,2025-11-13 13:00:00,Amazon
REV-101678,PRD-00238,CUST-378363,1.0,Not what I expected.,2025-12-17 19:00:00,Amazon
REV-101679,PRD-01620,CUST-260109,3.0,Average.,2026-05-09 06:00:00,Amazon
REV-101680,PRD-02136,CUST-365009,4.0,Good product.,2026-06-02 02:00:00,Amazon
REV-101681,PRD-00107,CUST-125241,4.0,Loved it!,2024-09-01 14:00:00,Amazon
REV-101682,PRD-01871,CUST-496273,4.0,Average.,2026-02-20 00:00:00,Amazon
REV-101683,PRD-01773,CUST-181266,5.0,Not what I expected.,2025-07-16 07:00:00,Amazon
REV-101684,PRD-02067,CUST-209358,1.0,Not what I expected.,2024-11-27 09:00:00,Amazon
REV-101686,PRD-02230,CUST-174361,2.0,Average.,2025-02-23 11:00:00,Amazon
REV-101687,PRD-02060,CUST-182566,1.0,Great!,2025-07-10 17:00:00,Amazon
REV-101688,PRD-00022,CUST-198395,2.0,Great!,2026-04-19 04:00:00,Amazon
REV-101689,PRD-00229,CUST-444242,5.0,Loved it!,2024-08-24 09:00:00,Amazon
REV-101690,PRD-01916,CUST-263156,1.0,Loved it!,2024-12-04 03:00:00,Amazon
REV-101691,PRD-02393,CUST-471458,1.0,Loved it!,2025-07-18 10:00:00,Amazon
REV-101692,PRD-01490,CUST-156963,2.0,Average.,2025-02-14 19:00:00,Amazon
REV-101693,PRD-02261,CUST-452991,1.0,Good product.,2026-05-16 12:00:00,Amazon
REV-101694,PRD-01937,CUST-207863,3.0,Loved it!,2024-08-15 01:00:00,Amazon
REV-101695,PRD-01162,CUST-413489,2.0,Loved it!,2025-12-16 11:00:00,Amazon
REV-101696,PRD-02385,CUST-393677,4.0,Good product.,2026-07-30 12:00:00,Amazon
REV-101698,PRD-02193,CUST-221860,2.0,Loved it!,2026-07-15 10:00:00,Amazon
REV-101699,PRD-02356,CUST-372856,4.0,Good product.,2025-06-19 08:00:00,Amazon
REV-101700,PRD-00564,CUST-389117,2.0,Not what I expected.,2026-02-01 15:00:00,Amazon
REV-101701,PRD-01952,CUST-193322,5.0,Average.,2025-10-02 23:00:00,Amazon
REV-101702,PRD-00333,CUST-376888,4.0,Average.,2025-08-08 16:00:00,Amazon
REV-101703,PRD-00128,CUST-237097,2.0,Good product.,2025-05-20 08:00:00,Amazon
REV-101704,PRD-00267,CUST-401029,2.0,Loved it!,2025-08-15 18:00:00,Amazon
REV-101705,PRD-01636,CUST-268371,3.0,Not what I expected.,2026-05-24 01:00:00,Amazon
REV-101706,PRD-00516,CUST-134580,5.0,Good product.,2025-05-20 10:00:00,Amazon
REV-101707,PRD-00830,CUST-495005,3.0,Great!,2024-10-07 08:00:00,Amazon
REV-101708,PRD-02391,CUST-347636,3.0,Loved it!,2026-07-07 11:00:00,Amazon
REV-101709,PRD-00794,CUST-286302,4.0,Great!,2026-04-22 20:00:00,Amazon
REV-101710,PRD-01907,CUST-107151,5.0,Not what I expected.,2025-01-08 21:00:00,Amazon
REV-101712,PRD-00607,CUST-216623,3.0,Great!,2026-07-25 19:00:00,Amazon
REV-101713,PRD-00560,CUST-363687,1.0,Loved it!,2026-06-06 07:00:00,Amazon
REV-101714,PRD-02449,CUST-312804,4.0,Great!,2026-02-06 06:00:00,Amazon
REV-101715,PRD-00022,CUST-134478,3.0,Good product.,2026-05-26 21:00:00,Amazon
REV-101716,PRD-01802,CUST-466966,5.0,Loved it!,2025-06-08 03:00:00,Amazon
REV-101717,PRD-01321,CUST-252692,3.0,Average.,2024-09-06 09:00:00,Amazon
REV-101718,PRD-00111,CUST-460053,2.0,Great!,2025-07-30 11:00:00,Amazon
REV-101719,PRD-00218,CUST-152898,5.0,Average.,2025-09-23 01:00:00,Amazon
REV-101720,PRD-00933,CUST-101712,3.0,Great!,2026-05-08 02:00:00,Amazon
REV-101721,PRD-01520,CUST-316738,4.0,Great!,2026-05-12 06:00:00,Amazon
REV-101722,PRD-00141,CUST-295633,3.0,Loved it!,2024-12-30 13:00:00,Amazon
REV-101723,PRD-01958,CUST-299247,1.0,Average.,2025-04-03 16:00:00,Amazon
REV-101724,PRD-02394,CUST-302207,3.0,Good product.,2025-08-17 17:00:00,Amazon
REV-101725,PRD-00891,CUST-300009,4.0,Not what I expected.,2026-02-14 10:00:00,Amazon
REV-101726,PRD-00349,CUST-160423,5.0,Good product.,2025-10-06 00:00:00,Amazon
REV-101727,PRD-02159,CUST-219459,1.0,Average.,2024-12-20 04:00:00,Amazon
REV-101728,PRD-01979,CUST-204598,3.0,Not what I expected.,2026-06-08 10:00:00,Amazon
REV-101729,PRD-01826,CUST-123078,3.0,Average.,2024-10-06 00:00:00,Amazon
REV-101730,PRD-00183,CUST-125241,1.0,Not what I expected.,2025-10-03 23:00:00,Amazon
REV-101731,PRD-01637,CUST-371972,1.0,Average.,2025-12-23 03:00:00,Amazon
REV-101732,PRD-00120,CUST-296421,5.0,Average.,2026-05-04 19:00:00,Amazon
REV-101733,PRD-01665,CUST-302281,1.0,Not what I expected.,2024-12-30 22:00:00,Amazon
REV-101734,PRD-00438,CUST-119402,2.0,Average.,2026-07-31 20:00:00,Amazon
REV-101735,PRD-02482,CUST-302341,5.0,Not what I expected.,2025-12-11 20:00:00,Amazon
REV-101736,PRD-00230,CUST-278343,5.0,Average.,2026-07-19 03:00:00,Amazon
REV-101737,PRD-02346,CUST-453892,3.0,Average.,2024-09-15 23:00:00,Amazon
REV-101738,PRD-01552,CUST-341561,4.0,Average.,2026-03-07 16:00:00,Amazon
REV-101739,PRD-01513,CUST-200896,2.0,Loved it!,2025-05-29 23:00:00,Amazon
REV-101740,PRD-00601,CUST-433103,4.0,Loved it!,2026-06-18 16:00:00,Amazon
REV-101741,PRD-00408,CUST-344357,5.0,Not what I expected.,2026-06-17 09:00:00,Amazon
REV-101742,PRD-00143,CUST-131910,2.0,Great!,2024-11-17 14:00:00,Amazon
REV-101743,PRD-00754,CUST-253660,3.0,Great!,2025-10-18 19:00:00,Amazon
REV-101744,PRD-01775,CUST-398278,4.0,Loved it!,2025-07-31 16:00:00,Amazon
REV-101745,PRD-02245,CUST-341577,3.0,Great!,2024-11-27 16:00:00,Amazon
REV-101746,PRD-01286,CUST-251245,2.0,Loved it!,2024-10-12 09:00:00,Amazon
REV-101747,PRD-00868,CUST-423116,1.0,Good product.,2026-08-02 08:00:00,Amazon
REV-101748,PRD-00861,CUST-484147,2.0,Not what I expected.,2024-12-11 21:00:00,Amazon
REV-101749,PRD-00546,CUST-345016,2.0,Not what I expected.,2025-08-11 10:00:00,Amazon
REV-101750,PRD-02336,CUST-411665,3.0,Loved it!,2025-03-01 13:00:00,Amazon
REV-101751,PRD-00458,CUST-438996,3.0,Average.,2026-06-23 23:00:00,Amazon
REV-101752,PRD-00482,CUST-420353,4.0,Loved it!,2025-12-31 04:00:00,Amazon
REV-101753,PRD-00168,CUST-211155,1.0,Average.,2024-08-18 18:00:00,Amazon
REV-101754,PRD-00159,CUST-206830,2.0,Not what I expected.,2025-11-20 15:00:00,Amazon
REV-101755,PRD-00180,CUST-164321,1.0,Loved it!,2026-03-23 05:00:00,Amazon
REV-101756,PRD-01758,CUST-122033,1.0,Not what I expected.,2025-07-23 22:00:00,Amazon
REV-101757,PRD-01617,CUST-110212,5.0,Average.,2026-04-01 07:00:00,Amazon
REV-101758,PRD-02311,CUST-412648,1.0,Loved it!,2026-05-12 04:00:00,Amazon
REV-101760,PRD-02008,CUST-184064,3.0,Not what I expected.,2024-09-18 02:00:00,Amazon
REV-101761,PRD-01851,CUST-269177,1.0,Good product.,2026-03-07 16:00:00,Amazon
REV-101762,PRD-01909,CUST-353668,5.0,Not what I expected.,2025-03-20 12:00:00,Amazon
REV-101763,PRD-00909,CUST-310300,2.0,Loved it!,2024-09-15 09:00:00,Amazon
REV-101765,PRD-00396,CUST-173102,4.0,Average.,2026-07-26 23:00:00,Amazon
REV-101766,PRD-01079,CUST-256469,4.0,Good product.,2025-10-15 03:00:00,Amazon
REV-101767,PRD-01370,CUST-419457,1.0,Good product.,2026-01-28 13:00:00,Amazon
REV-101768,PRD-00814,CUST-266807,2.0,Great!,2024-10-24 23:00:00,Amazon
REV-101769,PRD-00036,CUST-273487,4.0,Average.,2025-11-13 08:00:00,Amazon
REV-101770,PRD-00352,CUST-412014,4.0,Loved it!,2025-05-13 21:00:00,Amazon
REV-101771,PRD-01616,CUST-421834,3.0,Great!,2024-11-11 19:00:00,Amazon
REV-101772,PRD-01191,CUST-407663,4.0,Good product.,2025-04-08 11:00:00,Amazon
REV-101773,PRD-00299,CUST-151045,4.0,Loved it!,2026-03-13 02:00:00,Amazon
REV-101774,PRD-00847,CUST-154108,1.0,Loved it!,2025-03-25 07:00:00,Amazon
REV-101775,PRD-02032,CUST-293269,1.0,Not what I expected.,2025-05-12 01:00:00,Amazon
REV-101777,PRD-00392,CUST-251209,2.0,Great!,2025-01-30 02:00:00,Amazon
REV-101778,PRD-00294,CUST-192653,4.0,Average.,2026-05-29 04:00:00,Amazon
REV-101779,PRD-01456,CUST-264256,2.0,Good product.,2024-08-30 22:00:00,Amazon
REV-101781,PRD-00668,CUST-277233,5.0,Not what I expected.,2026-07-11 13:00:00,Amazon
REV-101782,PRD-01885,CUST-144957,3.0,Not what I expected.,2025-11-22 18:00:00,Amazon
REV-101783,PRD-01664,CUST-312440,3.0,Great!,2026-06-18 09:00:00,Amazon
REV-101784,PRD-00060,CUST-345634,5.0,Average.,2026-04-05 17:00:00,Amazon
REV-101785,PRD-00073,CUST-312895,5.0,Good product.,2025-01-20 23:00:00,Amazon
REV-101786,PRD-00862,CUST-254521,2.0,Not what I expected.,2024-12-02 07:00:00,Amazon
REV-101787,PRD-02313,CUST-217248,4.0,Great!,2025-07-25 00:00:00,Amazon
REV-101788,PRD-02065,CUST-203254,5.0,Good product.,2026-06-07 12:00:00,Amazon
REV-101789,PRD-02052,CUST-389552,2.0,Loved it!,2025-04-11 15:00:00,Amazon
REV-101790,PRD-02170,CUST-385040,1.0,Loved it!,2024-09-02 22:00:00,Amazon
REV-101791,PRD-01659,CUST-470403,3.0,Not what I expected.,2025-12-15 15:00:00,Amazon
REV-101793,PRD-00598,CUST-302160,5.0,Good product.,2025-09-11 00:00:00,Amazon
REV-101794,PRD-01792,CUST-163040,5.0,Average.,2025-09-12 08:00:00,Amazon
REV-101795,PRD-01221,CUST-174168,3.0,Average.,2025-09-01 18:00:00,Amazon
REV-101796,PRD-02324,CUST-100048,5.0,Good product.,2024-10-13 15:00:00,Amazon
REV-101797,PRD-02025,CUST-330055,2.0,Loved it!,2025-08-20 22:00:00,Amazon
REV-101798,PRD-00887,CUST-389246,3.0,Not what I expected.,2026-03-21 22:00:00,Amazon
REV-101799,PRD-00730,CUST-428225,3.0,Average.,2025-03-26 02:00:00,Amazon
REV-101800,PRD-01805,CUST-409841,4.0,Great!,2025-09-28 21:00:00,Amazon
REV-101801,PRD-01699,CUST-346264,5.0,Great!,2026-02-09 12:00:00,Amazon
REV-101803,PRD-01444,CUST-374495,5.0,Great!,2026-07-18 07:00:00,Amazon
REV-101804,PRD-00705,CUST-191399,2.0,Good product.,2025-11-01 00:00:00,Amazon
REV-101805,PRD-00856,CUST-182927,1.0,Good product.,2026-03-12 20:00:00,Amazon
REV-101806,PRD-00405,CUST-340169,5.0,Good product.,2026-07-05 08:00:00,Amazon
REV-101807,PRD-01990,CUST-457542,3.0,Good product.,2025-01-10 10:00:00,Amazon
REV-101808,PRD-01429,CUST-116195,4.0,Average.,2025-07-21 19:00:00,Amazon
REV-101809,PRD-00697,CUST-457542,5.0,Not what I expected.,2026-04-09 07:00:00,Amazon
REV-101810,PRD-01553,CUST-302207,3.0,Average.,2025-08-17 17:00:00,Amazon
REV-101811,PRD-01231,CUST-445957,3.0,Not what I expected.,2025-09-07 03:00:00,Amazon
REV-101813,PRD-01116,CUST-465412,1.0,Average.,2025-09-13 14:00:00,Amazon
REV-101814,PRD-00992,CUST-126371,1.0,Average.,2025-12-14 19:00:00,Amazon
REV-101815,PRD-02361,CUST-403126,3.0,Loved it!,2026-05-31 10:00:00,Amazon
REV-101816,PRD-02197,CUST-216858,1.0,Not what I expected.,2026-04-14 02:00:00,Amazon
REV-101817,PRD-01757,CUST-264889,5.0,Great!,2025-05-01 11:00:00,Amazon
REV-101818,PRD-00550,CUST-334755,2.0,Good product.,2024-11-17 19:00:00,Amazon
REV-101819,PRD-00846,CUST-235713,1.0,Great!,2025-08-07 22:00:00,Amazon
REV-101820,PRD-00830,CUST-464945,2.0,Not what I expected.,2024-10-29 20:00:00,Amazon
REV-101821,PRD-01459,CUST-457660,2.0,Average.,2026-07-25 19:00:00,Amazon
REV-101822,PRD-02077,CUST-178290,3.0,Great!,2024-08-30 00:00:00,Amazon
REV-101823,PRD-02361,CUST-472928,1.0,Great!,2025-11-28 21:00:00,Amazon
REV-101824,PRD-02154,CUST-280643,2.0,Good product.,2026-05-23 22:00:00,Amazon
REV-101825,PRD-00071,CUST-100761,1.0,Loved it!,2025-10-08 05:00:00,Amazon
REV-101826,PRD-00213,CUST-489122,3.0,Great!,2026-06-20 05:00:00,Amazon
REV-101827,PRD-00830,CUST-341298,5.0,Average.,2024-11-05 03:00:00,Amazon
REV-101828,PRD-02046,CUST-167746,3.0,Good product.,2025-02-25 16:00:00,Amazon
REV-101830,PRD-01180,CUST-153972,3.0,Good product.,2025-10-25 05:00:00,Amazon
REV-101831,PRD-02237,CUST-279511,1.0,Not what I expected.,2024-10-03 04:00:00,Amazon
REV-101832,PRD-02130,CUST-446300,5.0,Great!,2025-02-04 22:00:00,Amazon
REV-101833,PRD-01510,CUST-439993,5.0,Not what I expected.,2025-07-17 23:00:00,Amazon
REV-101834,PRD-01411,CUST-156963,5.0,Good product.,2025-02-14 19:00:00,Amazon
REV-101835,PRD-02240,CUST-363687,5.0,Not what I expected.,2026-06-06 07:00:00,Amazon
REV-101836,PRD-02044,CUST-120658,5.0,Great!,2025-03-18 07:00:00,Amazon
REV-101837,PRD-02495,CUST-416877,4.0,Loved it!,2024-11-15 18:00:00,Amazon
REV-101838,PRD-01380,CUST-308827,3.0,Good product.,2025-12-04 08:00:00,Amazon
REV-101839,PRD-01891,CUST-132907,1.0,Not what I expected.,2024-11-05 20:00:00,Amazon
REV-101840,PRD-01201,CUST-327244,5.0,Not what I expected.,2024-08-22 16:00:00,Amazon
REV-101841,PRD-00738,CUST-200896,2.0,Not what I expected.,2025-05-29 23:00:00,Amazon
REV-101842,PRD-00224,CUST-372767,4.0,Loved it!,2025-04-16 04:00:00,Amazon
REV-101843,PRD-00767,CUST-294446,5.0,Good product.,2025-11-04 04:00:00,Amazon
REV-101844,PRD-00903,CUST-363768,3.0,Good product.,2025-10-26 06:00:00,Amazon
REV-101845,PRD-01869,CUST-186111,2.0,Not what I expected.,2026-04-25 15:00:00,Amazon
REV-101846,PRD-00843,CUST-207784,5.0,Good product.,2026-05-21 02:00:00,Amazon
REV-101847,PRD-01157,CUST-421531,2.0,Good product.,2026-06-12 01:00:00,Amazon
REV-101848,PRD-00047,CUST-461085,3.0,Loved it!,2024-12-27 09:00:00,Amazon
REV-101849,PRD-00733,CUST-390697,4.0,Loved it!,2026-05-21 11:00:00,Amazon
REV-101850,PRD-02448,CUST-319565,5.0,Great!,2026-05-27 05:00:00,Amazon
REV-101851,PRD-01409,CUST-477152,5.0,Loved it!,2026-01-10 13:00:00,Amazon
REV-101852,PRD-01342,CUST-254149,1.0,Loved it!,2025-06-03 21:00:00,Amazon
REV-101853,PRD-00609,CUST-107214,3.0,Good product.,2026-05-24 15:00:00,Amazon
REV-101854,PRD-00031,CUST-455670,1.0,Great!,2026-06-09 05:00:00,Amazon
REV-101855,PRD-00352,CUST-293745,4.0,Loved it!,2026-03-17 14:00:00,Amazon
REV-101856,PRD-01889,CUST-165936,1.0,Not what I expected.,2025-03-13 00:00:00,Amazon
REV-101857,PRD-00061,CUST-298803,1.0,Not what I expected.,2025-09-19 12:00:00,Amazon
REV-101858,PRD-00384,CUST-194590,5.0,Good product.,2026-04-26 03:00:00,Amazon
REV-101859,PRD-02120,CUST-243959,2.0,Not what I expected.,2026-03-15 22:00:00,Amazon
REV-101860,PRD-02393,CUST-393596,1.0,Loved it!,2026-07-22 07:00:00,Amazon
REV-101861,PRD-00207,CUST-374117,5.0,Good product.,2025-12-27 12:00:00,Amazon
REV-101862,PRD-01432,CUST-307660,2.0,Great!,2024-12-29 14:00:00,Amazon
REV-101863,PRD-00178,CUST-475959,1.0,Loved it!,2024-11-21 09:00:00,Amazon
REV-101864,PRD-01971,CUST-298169,1.0,Great!,2025-05-24 20:00:00,Amazon
REV-101865,PRD-00232,CUST-168008,1.0,Average.,2025-12-28 11:00:00,Amazon
REV-101866,PRD-00894,CUST-164545,3.0,Average.,2025-07-21 07:00:00,Amazon
REV-101867,PRD-01578,CUST-264157,1.0,Good product.,2026-03-24 11:00:00,Amazon
REV-101868,PRD-02277,CUST-463691,1.0,Good product.,2026-05-12 14:00:00,Amazon
REV-101869,PRD-02033,CUST-324451,3.0,Great!,2025-09-21 20:00:00,Amazon
REV-101870,PRD-02388,CUST-441115,3.0,Loved it!,2026-03-11 07:00:00,Amazon
REV-101871,PRD-01718,CUST-134253,4.0,Great!,2026-07-22 04:00:00,Amazon
REV-101872,PRD-02306,CUST-153799,5.0,Not what I expected.,2025-01-22 07:00:00,Amazon
REV-101874,PRD-02252,CUST-135552,2.0,Great!,2025-10-12 04:00:00,Amazon
REV-101876,PRD-00118,CUST-409841,1.0,Not what I expected.,2025-09-28 21:00:00,Amazon
REV-101877,PRD-00514,CUST-439683,2.0,Loved it!,2025-07-01 19:00:00,Amazon
REV-101878,PRD-01442,CUST-406557,2.0,Loved it!,2025-05-10 06:00:00,Amazon
REV-101880,PRD-01598,CUST-310742,4.0,Average.,2025-02-16 15:00:00,Amazon
REV-101881,PRD-00237,CUST-238313,4.0,Great!,2026-06-02 14:00:00,Amazon
REV-101882,PRD-02020,CUST-241584,4.0,Great!,2025-11-17 22:00:00,Amazon
REV-101883,PRD-00754,CUST-155385,3.0,Not what I expected.,2026-07-12 23:00:00,Amazon
REV-101884,PRD-01961,CUST-219595,1.0,Loved it!,2025-10-18 15:00:00,Amazon
REV-101885,PRD-00368,CUST-201389,3.0,Average.,2024-11-27 11:00:00,Amazon
REV-101886,PRD-00247,CUST-427364,2.0,Great!,2025-12-29 00:00:00,Amazon
REV-101888,PRD-01557,CUST-164615,5.0,Loved it!,2025-01-26 00:00:00,Amazon
REV-101889,PRD-01947,CUST-434626,4.0,Loved it!,2025-12-27 19:00:00,Amazon
REV-101890,PRD-01436,CUST-131127,2.0,Good product.,2025-03-02 12:00:00,Amazon
REV-101892,PRD-00612,CUST-395623,3.0,Not what I expected.,2026-04-11 00:00:00,Amazon
REV-101893,PRD-01016,CUST-486625,5.0,Not what I expected.,2026-04-05 21:00:00,Amazon
REV-101894,PRD-01989,CUST-473244,5.0,Not what I expected.,2026-05-12 12:00:00,Amazon
REV-101895,PRD-02187,CUST-344608,5.0,Not what I expected.,2024-10-10 12:00:00,Amazon
REV-101896,PRD-02061,CUST-348275,5.0,Great!,2024-12-27 04:00:00,Amazon
REV-101897,PRD-00253,CUST-158447,5.0,Not what I expected.,2024-08-16 20:00:00,Amazon
REV-101898,PRD-01291,CUST-184349,5.0,Loved it!,2025-12-18 11:00:00,Amazon
REV-101899,PRD-01958,CUST-284426,5.0,Average.,2024-11-29 01:00:00,Amazon
REV-101900,PRD-01606,CUST-400102,5.0,Average.,2025-05-14 01:00:00,Amazon
REV-101901,PRD-01510,CUST-126620,5.0,Loved it!,2026-07-12 18:00:00,Amazon
REV-101902,PRD-01305,CUST-443890,5.0,Good product.,2025-09-15 05:00:00,Amazon
REV-101903,PRD-02258,CUST-210326,4.0,Not what I expected.,2025-06-21 03:00:00,Amazon
REV-101904,PRD-01939,CUST-338664,2.0,Good product.,2025-10-21 11:00:00,Amazon
REV-101905,PRD-00491,CUST-413445,5.0,Great!,2026-01-12 05:00:00,Amazon
REV-101907,PRD-01947,CUST-277218,3.0,Great!,2025-08-31 01:00:00,Amazon
REV-101908,PRD-02064,CUST-400902,2.0,Good product.,2025-04-13 10:00:00,Amazon
REV-101909,PRD-00759,CUST-476584,3.0,Average.,2025-01-19 11:00:00,Amazon
REV-101912,PRD-02220,CUST-340913,5.0,Average.,2026-07-03 07:00:00,Amazon
REV-101913,PRD-01562,CUST-299381,2.0,Average.,2025-05-01 15:00:00,Amazon
REV-101914,PRD-00367,CUST-193322,2.0,Not what I expected.,2025-10-02 23:00:00,Amazon
REV-101916,PRD-01083,CUST-181284,5.0,Loved it!,2025-04-23 03:00:00,Amazon
REV-101917,PRD-01758,CUST-475909,1.0,Average.,2024-11-19 23:00:00,Amazon
REV-101918,PRD-02055,CUST-445609,3.0,Not what I expected.,2025-07-06 00:00:00,Amazon
REV-101919,PRD-00934,CUST-274103,4.0,Average.,2025-01-23 09:00:00,Amazon
REV-101920,PRD-00155,CUST-317676,5.0,Great!,2025-08-20 11:00:00,Amazon
REV-101922,PRD-01612,CUST-370211,1.0,Good product.,2025-01-23 22:00:00,Amazon
REV-101923,PRD-01985,CUST-294699,1.0,Average.,2025-08-11 08:00:00,Amazon
REV-101924,PRD-00046,CUST-117942,5.0,Good product.,2025-06-13 11:00:00,Amazon
REV-101925,PRD-02415,CUST-469481,5.0,Average.,2026-06-17 16:00:00,Amazon
REV-101926,PRD-00284,CUST-338545,5.0,Good product.,2025-07-14 01:00:00,Amazon
REV-101927,PRD-00917,CUST-138084,3.0,Average.,2026-01-13 16:00:00,Amazon
REV-101928,PRD-01623,CUST-385693,3.0,Not what I expected.,2025-01-05 20:00:00,Amazon
REV-101929,PRD-01879,CUST-202130,4.0,Loved it!,2025-11-19 14:00:00,Amazon
REV-101930,PRD-00083,CUST-392626,2.0,Good product.,2025-08-05 00:00:00,Amazon
REV-101931,PRD-02360,CUST-455670,1.0,Loved it!,2026-06-09 05:00:00,Amazon
REV-101932,PRD-01168,CUST-483490,5.0,Average.,2026-05-10 21:00:00,Amazon
REV-101933,PRD-02092,CUST-449743,2.0,Good product.,2025-06-24 14:00:00,Amazon
REV-101934,PRD-01862,CUST-461233,1.0,Good product.,2025-01-23 15:00:00,Amazon
REV-101935,PRD-01270,CUST-164045,2.0,Loved it!,2025-07-14 02:00:00,Amazon
REV-101936,PRD-01750,CUST-265955,2.0,Not what I expected.,2026-03-19 20:00:00,Amazon
REV-101937,PRD-01382,CUST-258539,2.0,Loved it!,2025-05-02 01:00:00,Amazon
REV-101939,PRD-00675,CUST-136565,4.0,Not what I expected.,2026-06-28 04:00:00,Amazon
REV-101940,PRD-00547,CUST-408772,3.0,Loved it!,2026-03-09 16:00:00,Amazon
REV-101941,PRD-02409,CUST-320937,2.0,Great!,2024-12-01 16:00:00,Amazon
REV-101942,PRD-02113,CUST-361329,3.0,Great!,2026-06-17 19:00:00,Amazon
REV-101943,PRD-01090,CUST-231354,5.0,Great!,2025-03-23 07:00:00,Amazon
REV-101944,PRD-01108,CUST-427843,5.0,Average.,2025-10-15 04:00:00,Amazon
REV-101945,PRD-01624,CUST-478014,5.0,Average.,2025-08-20 07:00:00,Amazon
REV-101946,PRD-02049,CUST-147341,5.0,Loved it!,2025-06-16 08:00:00,Amazon
REV-101947,PRD-00290,CUST-122169,2.0,Good product.,2026-07-04 05:00:00,Amazon
REV-101948,PRD-00166,CUST-155385,1.0,Not what I expected.,2026-07-12 23:00:00,Amazon
REV-101949,PRD-00864,CUST-474492,4.0,Loved it!,2024-12-18 21:00:00,Amazon
REV-101950,PRD-02394,CUST-139253,1.0,Great!,2024-11-19 06:00:00,Amazon
REV-101951,PRD-00865,CUST-369231,4.0,Average.,2024-11-16 20:00:00,Amazon
REV-101952,PRD-01350,CUST-195333,1.0,Great!,2026-06-25 05:00:00,Amazon
REV-101953,PRD-01412,CUST-220900,5.0,Average.,2025-02-26 07:00:00,Amazon
REV-101954,PRD-00611,CUST-143090,5.0,Good product.,2025-11-22 15:00:00,Amazon
REV-101956,PRD-00744,CUST-304568,3.0,Loved it!,2024-11-27 21:00:00,Amazon
REV-101957,PRD-02133,CUST-364251,2.0,Average.,2025-10-27 20:00:00,Amazon
REV-101958,PRD-00889,CUST-174166,4.0,Great!,2025-06-12 10:00:00,Amazon
REV-101959,PRD-00331,CUST-334447,4.0,Not what I expected.,2025-01-08 20:00:00,Amazon
REV-101960,PRD-01784,CUST-120305,2.0,Great!,2024-09-18 10:00:00,Amazon
REV-101961,PRD-01168,CUST-197916,5.0,Average.,2024-08-26 07:00:00,Amazon
REV-101962,PRD-00028,CUST-401582,3.0,Loved it!,2025-09-18 00:00:00,Amazon
REV-101963,PRD-02048,CUST-255449,2.0,Not what I expected.,2025-09-20 05:00:00,Amazon
REV-101964,PRD-00621,CUST-407292,5.0,Loved it!,2025-07-03 15:00:00,Amazon
REV-101965,PRD-02280,CUST-340749,1.0,Loved it!,2024-10-15 02:00:00,Amazon
REV-101966,PRD-00881,CUST-369164,2.0,Average.,2024-11-07 12:00:00,Amazon
REV-101967,PRD-00418,CUST-148721,2.0,Average.,2026-05-18 05:00:00,Amazon
REV-101969,PRD-01883,CUST-421547,1.0,Great!,2025-01-27 00:00:00,Amazon
REV-101970,PRD-01408,CUST-227941,3.0,Average.,2025-05-04 05:00:00,Amazon
REV-101971,PRD-01814,CUST-380067,2.0,Good product.,2024-08-27 05:00:00,Amazon
REV-101972,PRD-00452,CUST-342937,2.0,Great!,2025-04-24 23:00:00,Amazon
REV-101973,PRD-02435,CUST-231492,2.0,Loved it!,2024-11-02 00:00:00,Amazon
REV-101974,PRD-00945,CUST-125167,3.0,Not what I expected.,2026-08-11 22:00:00,Amazon
REV-101975,PRD-01780,CUST-111594,3.0,Great!,2025-04-20 12:00:00,Amazon
REV-101976,PRD-02351,CUST-433126,1.0,Average.,2025-11-17 05:00:00,Amazon
REV-101977,PRD-00485,CUST-324756,1.0,Good product.,2026-03-21 04:00:00,Amazon
REV-101978,PRD-01767,CUST-409098,4.0,Great!,2025-12-20 00:00:00,Amazon
REV-101979,PRD-00431,CUST-340435,4.0,Not what I expected.,2026-04-23 18:00:00,Amazon
REV-101980,PRD-00923,CUST-294643,3.0,Great!,2025-05-24 07:00:00,Amazon
REV-101981,PRD-00610,CUST-433884,2.0,Loved it!,2024-08-15 18:00:00,Amazon
REV-101982,PRD-00633,CUST-120186,3.0,Average.,2026-02-22 16:00:00,Amazon
REV-101983,PRD-01905,CUST-192245,4.0,Great!,2025-06-26 04:00:00,Amazon
REV-101984,PRD-00431,CUST-225202,4.0,Good product.,2024-11-27 22:00:00,Amazon
REV-101985,PRD-00423,CUST-465721,5.0,Average.,2025-02-08 04:00:00,Amazon
REV-101986,PRD-00443,CUST-482375,4.0,Not what I expected.,2026-07-23 07:00:00,Amazon
REV-101987,PRD-00070,CUST-366094,1.0,Average.,2025-12-21 11:00:00,Amazon
REV-101989,PRD-00707,CUST-335800,5.0,Loved it!,2026-02-13 09:00:00,Amazon
REV-101990,PRD-00249,CUST-150011,2.0,Average.,2025-12-13 17:00:00,Amazon
REV-101991,PRD-02499,CUST-220886,4.0,Great!,2024-09-27 17:00:00,Amazon
REV-101993,PRD-01345,CUST-346317,5.0,Loved it!,2025-02-19 11:00:00,Amazon
REV-101994,PRD-00205,CUST-276238,3.0,Great!,2026-04-18 06:00:00,Amazon
REV-101995,PRD-00209,CUST-241056,1.0,Not what I expected.,2024-11-09 06:00:00,Amazon
REV-101997,PRD-02377,CUST-465412,3.0,Not what I expected.,2025-09-13 14:00:00,Amazon
REV-101998,PRD-00176,CUST-403026,4.0,Not what I expected.,2026-05-27 11:00:00,Amazon
REV-101999,PRD-02199,CUST-386830,3.0,Great!,2025-03-16 21:00:00,Amazon
REV-102000,PRD-02283,CUST-422813,1.0,Average.,2025-10-05 17:00:00,Amazon
REV-102001,PRD-02116,CUST-118740,1.0,Not what I expected.,2025-01-29 10:00:00,Amazon
REV-102002,PRD-00743,CUST-402277,1.0,Not what I expected.,2025-10-13 04:00:00,Amazon
REV-102003,PRD-01452,CUST-451084,1.0,Average.,2025-09-27 06:00:00,Amazon
REV-102004,PRD-01490,CUST-146945,2.0,Good product.,2025-01-19 17:00:00,Amazon
REV-102005,PRD-00904,CUST-136846,5.0,Good product.,2025-04-24 23:00:00,Amazon
REV-102006,PRD-01447,CUST-159340,4.0,Loved it!,2025-01-26 23:00:00,Amazon
REV-102007,PRD-02470,CUST-159893,4.0,Loved it!,2024-09-22 21:00:00,Amazon
REV-102008,PRD-02161,CUST-317848,3.0,Not what I expected.,2026-08-05 18:00:00,Amazon
REV-102009,PRD-00749,CUST-135106,2.0,Average.,2025-02-10 20:00:00,Amazon
REV-102010,PRD-00605,CUST-350828,4.0,Average.,2024-09-20 16:00:00,Amazon
REV-102011,PRD-00591,CUST-436320,1.0,Good product.,2026-04-15 13:00:00,Amazon
REV-102012,PRD-01940,CUST-444928,4.0,Great!,2024-08-25 16:00:00,Amazon
REV-102013,PRD-01941,CUST-354938,3.0,Great!,2025-06-08 10:00:00,Amazon
REV-102014,PRD-00719,CUST-427244,4.0,Good product.,2025-07-25 15:00:00,Amazon
REV-102015,PRD-01543,CUST-137775,3.0,Good product.,2026-04-05 02:00:00,Amazon
REV-102016,PRD-02246,CUST-190060,1.0,Loved it!,2026-07-31 22:00:00,Amazon
REV-102017,PRD-00070,CUST-267418,3.0,Great!,2026-07-07 01:00:00,Amazon
REV-102018,PRD-02162,CUST-379790,4.0,Loved it!,2026-06-09 11:00:00,Amazon
REV-102021,PRD-01692,CUST-326354,2.0,Good product.,2026-04-27 12:00:00,Amazon
REV-102022,PRD-00692,CUST-335418,3.0,Average.,2025-08-29 17:00:00,Amazon
REV-102023,PRD-00691,CUST-389117,4.0,Good product.,2026-02-01 15:00:00,Amazon
REV-102024,PRD-02376,CUST-209910,1.0,Great!,2025-03-06 22:00:00,Amazon
REV-102025,PRD-01330,CUST-145307,3.0,Great!,2026-03-29 09:00:00,Amazon
REV-102026,PRD-00421,CUST-176501,1.0,Good product.,2025-06-21 17:00:00,Amazon
REV-102027,PRD-00926,CUST-376250,4.0,Loved it!,2025-03-02 11:00:00,Amazon
REV-102028,PRD-01369,CUST-128790,4.0,Loved it!,2025-12-03 20:00:00,Amazon
REV-102029,PRD-02338,CUST-108614,5.0,Average.,2025-07-23 07:00:00,Amazon
REV-102030,PRD-01146,CUST-129286,4.0,Good product.,2026-07-06 23:00:00,Amazon
REV-102032,PRD-00114,CUST-223273,3.0,Great!,2025-03-01 15:00:00,Amazon
REV-102033,PRD-02073,CUST-419457,5.0,Loved it!,2026-01-28 13:00:00,Amazon
REV-102034,PRD-02034,CUST-302521,3.0,Loved it!,2024-11-22 02:00:00,Amazon
REV-102035,PRD-01181,CUST-409394,2.0,Great!,2025-02-01 05:00:00,Amazon
REV-102037,PRD-01232,CUST-370211,4.0,Not what I expected.,2026-07-28 07:00:00,Amazon
REV-102038,PRD-01815,CUST-348372,5.0,Great!,2026-03-30 03:00:00,Amazon
REV-102039,PRD-00281,CUST-479531,4.0,Not what I expected.,2026-04-02 20:00:00,Amazon
REV-102040,PRD-00166,CUST-192196,2.0,Great!,2025-05-09 20:00:00,Amazon
REV-102041,PRD-00495,CUST-119582,4.0,Good product.,2025-01-18 22:00:00,Amazon
REV-102042,PRD-02218,CUST-369164,3.0,Loved it!,2025-10-09 18:00:00,Amazon
REV-102043,PRD-00518,CUST-433069,4.0,Great!,2024-09-08 14:00:00,Amazon
REV-102044,PRD-01337,CUST-207317,2.0,Average.,2025-10-12 09:00:00,Amazon
REV-102045,PRD-00288,CUST-339181,3.0,Great!,2025-09-17 14:00:00,Amazon
REV-102046,PRD-01026,CUST-378082,3.0,Good product.,2026-01-14 09:00:00,Amazon
REV-102048,PRD-01453,CUST-324241,5.0,Great!,2025-07-16 08:00:00,Amazon
REV-102049,PRD-00574,CUST-338521,5.0,Not what I expected.,2025-04-08 06:00:00,Amazon
REV-102050,PRD-01565,CUST-410669,4.0,Loved it!,2025-02-07 13:00:00,Amazon
REV-102051,PRD-01091,CUST-481547,1.0,Not what I expected.,2025-04-08 17:00:00,Amazon
REV-102052,PRD-00227,CUST-187272,3.0,Loved it!,2024-11-08 10:00:00,Amazon
REV-102053,PRD-02445,CUST-484523,2.0,Average.,2024-11-24 05:00:00,Amazon
REV-102054,PRD-01348,CUST-301370,2.0,Average.,2025-05-21 18:00:00,Amazon
REV-102055,PRD-00278,CUST-244019,3.0,Not what I expected.,2025-12-25 17:00:00,Amazon
REV-102056,PRD-00332,CUST-160285,2.0,Loved it!,2026-05-12 04:00:00,Amazon
REV-102057,PRD-00129,CUST-481547,5.0,Good product.,2025-04-08 17:00:00,Amazon
REV-102059,PRD-01993,CUST-279637,3.0,Great!,2025-04-10 21:00:00,Amazon
REV-102060,PRD-01687,CUST-374693,5.0,Not what I expected.,2026-06-07 01:00:00,Amazon
REV-102061,PRD-00301,CUST-303879,3.0,Great!,2026-08-01 13:00:00,Amazon
REV-102062,PRD-00898,CUST-302696,4.0,Not what I expected.,2026-06-15 00:00:00,Amazon
REV-102063,PRD-02292,CUST-417016,1.0,Loved it!,2025-06-25 07:00:00,Amazon
REV-102065,PRD-01328,CUST-144569,2.0,Good product.,2025-11-26 07:00:00,Amazon
REV-102066,PRD-01693,CUST-252990,2.0,Great!,2025-05-08 07:00:00,Amazon
REV-102067,PRD-00219,CUST-234790,2.0,Good product.,2025-04-26 10:00:00,Amazon
REV-102068,PRD-01105,CUST-314436,1.0,Great!,2026-07-19 20:00:00,Amazon
REV-102069,PRD-02470,CUST-236367,2.0,Loved it!,2026-07-21 18:00:00,Amazon
REV-102070,PRD-01330,CUST-278330,3.0,Good product.,2026-06-26 19:00:00,Amazon
REV-102071,PRD-01880,CUST-317999,2.0,Good product.,2025-05-31 21:00:00,Amazon
REV-102072,PRD-00701,CUST-236493,1.0,Good product.,2025-05-15 14:00:00,Amazon
REV-102073,PRD-01308,CUST-234103,1.0,Loved it!,2026-07-07 20:00:00,Amazon
REV-102074,PRD-00578,CUST-193561,5.0,Great!,2025-05-06 10:00:00,Amazon
REV-102076,PRD-00499,CUST-471410,3.0,Not what I expected.,2025-10-03 02:00:00,Amazon
REV-102078,PRD-01568,CUST-141299,1.0,Great!,2026-06-08 03:00:00,Amazon
REV-102079,PRD-00285,CUST-383885,4.0,Great!,2025-02-23 19:00:00,Amazon
REV-102080,PRD-02005,CUST-175388,4.0,Good product.,2024-12-07 20:00:00,Amazon
REV-102082,PRD-01725,CUST-290610,1.0,Great!,2026-05-17 10:00:00,Amazon
REV-102083,PRD-02221,CUST-357498,2.0,Not what I expected.,2026-01-14 21:00:00,Amazon
REV-102084,PRD-01516,CUST-182296,2.0,Not what I expected.,2024-10-20 08:00:00,Amazon
REV-102085,PRD-01935,CUST-459674,2.0,Average.,2025-03-20 11:00:00,Amazon
REV-102086,PRD-01613,CUST-102937,1.0,Average.,2026-01-30 06:00:00,Amazon
REV-102087,PRD-02411,CUST-244008,3.0,Average.,2025-06-11 23:00:00,Amazon
REV-102088,PRD-01400,CUST-418397,1.0,Great!,2025-01-10 23:00:00,Amazon
REV-102090,PRD-02481,CUST-330443,1.0,Great!,2025-04-28 17:00:00,Amazon
REV-102091,PRD-01749,CUST-297114,3.0,Not what I expected.,2025-10-23 05:00:00,Amazon
REV-102092,PRD-01198,CUST-437712,1.0,Loved it!,2025-02-26 23:00:00,Amazon
REV-102093,PRD-01866,CUST-194321,2.0,Great!,2024-12-30 12:00:00,Amazon
REV-102094,PRD-02338,CUST-394077,1.0,Average.,2025-04-30 05:00:00,Amazon
REV-102095,PRD-01613,CUST-342937,3.0,Average.,2026-06-03 00:00:00,Amazon
REV-102096,PRD-02008,CUST-333347,4.0,Great!,2025-12-21 08:00:00,Amazon
REV-102097,PRD-01285,CUST-262996,3.0,Loved it!,2025-09-06 22:00:00,Amazon
REV-102099,PRD-02299,CUST-112062,5.0,Good product.,2025-07-21 19:00:00,Amazon
REV-102100,PRD-00238,CUST-281816,3.0,Loved it!,2024-11-14 12:00:00,Amazon
REV-102101,PRD-02363,CUST-376888,3.0,Not what I expected.,2024-12-05 23:00:00,Amazon
REV-102102,PRD-00843,CUST-225443,1.0,Not what I expected.,2025-05-19 23:00:00,Amazon
REV-102103,PRD-00634,CUST-227381,1.0,Average.,2025-07-31 00:00:00,Amazon
REV-102105,PRD-00497,CUST-464423,1.0,Great!,2025-08-24 10:00:00,Amazon
REV-102106,PRD-00626,CUST-326216,3.0,Loved it!,2024-09-10 00:00:00,Amazon
REV-102107,PRD-02341,CUST-101600,1.0,Good product.,2025-09-11 01:00:00,Amazon
REV-102108,PRD-02452,CUST-382630,5.0,Great!,2024-11-14 08:00:00,Amazon
REV-102109,PRD-01502,CUST-365798,1.0,Great!,2024-08-25 03:00:00,Amazon
REV-102110,PRD-01420,CUST-114706,4.0,Average.,2026-04-01 18:00:00,Amazon
REV-102112,PRD-00676,CUST-219050,3.0,Great!,2025-03-21 18:00:00,Amazon
REV-102113,PRD-00195,CUST-426039,5.0,Good product.,2026-06-02 19:00:00,Amazon
REV-102114,PRD-01289,CUST-173303,1.0,Not what I expected.,2024-12-14 12:00:00,Amazon
REV-102115,PRD-00085,CUST-180695,5.0,Not what I expected.,2024-12-02 00:00:00,Amazon
REV-102116,PRD-02276,CUST-186849,4.0,Great!,2026-02-05 12:00:00,Amazon
REV-102117,PRD-00912,CUST-380059,3.0,Good product.,2026-05-27 07:00:00,Amazon
REV-102118,PRD-01942,CUST-418124,5.0,Good product.,2025-03-19 11:00:00,Amazon
REV-102119,PRD-00844,CUST-379289,5.0,Great!,2026-01-10 23:00:00,Amazon
REV-102120,PRD-00294,CUST-199817,1.0,Great!,2024-12-02 02:00:00,Amazon
REV-102121,PRD-01335,CUST-156012,5.0,Average.,2024-09-25 11:00:00,Amazon
REV-102122,PRD-01855,CUST-462641,4.0,Loved it!,2025-04-30 15:00:00,Amazon
REV-102123,PRD-01851,CUST-267584,3.0,Great!,2025-11-20 02:00:00,Amazon
REV-102124,PRD-00285,CUST-439402,4.0,Good product.,2025-10-13 09:00:00,Amazon
REV-102125,PRD-01424,CUST-263677,1.0,Good product.,2024-10-22 04:00:00,Amazon
REV-102126,PRD-01509,CUST-102920,4.0,Not what I expected.,2025-08-09 09:00:00,Amazon
REV-102128,PRD-02240,CUST-146593,1.0,Average.,2026-06-01 23:00:00,Amazon
REV-102129,PRD-01263,CUST-287237,3.0,Average.,2026-05-28 15:00:00,Amazon
REV-102130,PRD-01483,CUST-208531,5.0,Loved it!,2024-08-24 15:00:00,Amazon
REV-102131,PRD-00447,CUST-366108,5.0,Average.,2025-03-19 01:00:00,Amazon
REV-102133,PRD-01115,CUST-202248,3.0,Great!,2025-12-20 05:00:00,Amazon
REV-102134,PRD-01969,CUST-107832,1.0,Good product.,2025-03-12 07:00:00,Amazon
REV-102135,PRD-00541,CUST-489799,3.0,Great!,2025-06-27 15:00:00,Amazon
REV-102136,PRD-01980,CUST-131099,5.0,Loved it!,2025-07-17 22:00:00,Amazon
REV-102137,PRD-00155,CUST-453892,1.0,Good product.,2025-05-29 04:00:00,Amazon
REV-102138,PRD-01300,CUST-461568,4.0,Great!,2026-04-21 08:00:00,Amazon
REV-102139,PRD-00717,CUST-143079,5.0,Great!,2025-02-12 12:00:00,Amazon
REV-102140,PRD-00882,CUST-109008,4.0,Not what I expected.,2025-08-17 00:00:00,Amazon
REV-102141,PRD-02267,CUST-199024,2.0,Loved it!,2025-11-14 02:00:00,Amazon
REV-102143,PRD-00893,CUST-404467,3.0,Average.,2025-03-27 04:00:00,Amazon
REV-102146,PRD-02035,CUST-297879,5.0,Great!,2025-03-25 23:00:00,Amazon
REV-102147,PRD-01938,CUST-131929,1.0,Good product.,2025-07-23 10:00:00,Amazon
REV-102148,PRD-00313,CUST-195276,4.0,Good product.,2024-11-02 09:00:00,Amazon
REV-102149,PRD-01880,CUST-108586,3.0,Not what I expected.,2026-04-09 06:00:00,Amazon
REV-102150,PRD-01258,CUST-289388,3.0,Average.,2025-09-30 06:00:00,Amazon
REV-102151,PRD-01183,CUST-325493,3.0,Not what I expected.,2025-01-12 22:00:00,Amazon
REV-102152,PRD-01545,CUST-322370,2.0,Great!,2025-03-15 10:00:00,Amazon
REV-102153,PRD-02136,CUST-375384,3.0,Average.,2025-11-14 15:00:00,Amazon
REV-102154,PRD-00019,CUST-135301,1.0,Loved it!,2024-10-07 11:00:00,Amazon
REV-102156,PRD-01184,CUST-113259,4.0,Good product.,2025-01-12 09:00:00,Amazon
REV-102157,PRD-00728,CUST-273557,5.0,Loved it!,2026-05-09 13:00:00,Amazon
REV-102158,PRD-01026,CUST-378326,4.0,Loved it!,2025-01-28 12:00:00,Amazon
REV-102159,PRD-01842,CUST-287302,2.0,Average.,2026-04-19 10:00:00,Amazon
REV-102160,PRD-00701,CUST-444812,2.0,Good product.,2025-01-11 23:00:00,Amazon
REV-102161,PRD-00223,CUST-128069,5.0,Great!,2024-09-18 06:00:00,Amazon
REV-102162,PRD-02370,CUST-471458,4.0,Good product.,2025-07-18 10:00:00,Amazon
REV-102163,PRD-02123,CUST-417806,2.0,Average.,2025-01-19 00:00:00,Amazon
REV-102164,PRD-00507,CUST-267525,4.0,Not what I expected.,2026-05-17 07:00:00,Amazon
REV-102165,PRD-02270,CUST-325821,1.0,Average.,2026-02-23 10:00:00,Amazon
REV-102166,PRD-02067,CUST-314817,4.0,Loved it!,2024-10-29 16:00:00,Amazon
REV-102167,PRD-01164,CUST-322446,1.0,Average.,2025-12-29 06:00:00,Amazon
REV-102168,PRD-01156,CUST-445847,2.0,Not what I expected.,2024-09-13 15:00:00,Amazon
REV-102170,PRD-00503,CUST-190356,4.0,Great!,2024-09-13 02:00:00,Amazon
REV-102172,PRD-02234,CUST-308176,1.0,Not what I expected.,2026-04-12 10:00:00,Amazon
REV-102173,PRD-01438,CUST-265412,1.0,Average.,2026-05-05 22:00:00,Amazon
REV-102174,PRD-01359,CUST-474042,3.0,Great!,2026-07-08 19:00:00,Amazon
REV-102175,PRD-00130,CUST-172741,4.0,Good product.,2026-03-09 04:00:00,Amazon
REV-102176,PRD-02372,CUST-131099,2.0,Average.,2025-07-17 22:00:00,Amazon
REV-102177,PRD-00538,CUST-355966,2.0,Average.,2025-09-13 06:00:00,Amazon
REV-102178,PRD-00593,CUST-358552,2.0,Good product.,2024-09-28 11:00:00,Amazon
REV-102179,PRD-01000,CUST-398168,4.0,Good product.,2025-04-15 15:00:00,Amazon
REV-102180,PRD-01147,CUST-200910,5.0,Great!,2025-02-21 05:00:00,Amazon
REV-102181,PRD-02244,CUST-373689,2.0,Not what I expected.,2026-08-05 22:00:00,Amazon
REV-102182,PRD-01267,CUST-329463,2.0,Average.,2025-10-22 12:00:00,Amazon
REV-102183,PRD-02103,CUST-199024,5.0,Loved it!,2025-11-14 02:00:00,Amazon
REV-102184,PRD-02261,CUST-373689,2.0,Average.,2026-01-31 19:00:00,Amazon
REV-102185,PRD-00171,CUST-201271,4.0,Not what I expected.,2026-02-01 17:00:00,Amazon
REV-102186,PRD-00447,CUST-253597,5.0,Good product.,2026-01-03 13:00:00,Amazon
REV-102187,PRD-01278,CUST-496670,3.0,Great!,2025-07-29 02:00:00,Amazon
REV-102188,PRD-00705,CUST-261164,5.0,Average.,2025-04-22 12:00:00,Amazon
REV-102189,PRD-01162,CUST-422337,1.0,Good product.,2025-03-30 11:00:00,Amazon
REV-102190,PRD-00478,CUST-257809,3.0,Not what I expected.,2024-09-20 01:00:00,Amazon
REV-102191,PRD-01030,CUST-309895,2.0,Loved it!,2025-09-16 00:00:00,Amazon
REV-102192,PRD-00783,CUST-269015,2.0,Loved it!,2025-04-16 06:00:00,Amazon
REV-102193,PRD-01797,CUST-165402,4.0,Loved it!,2024-10-01 04:00:00,Amazon
REV-102194,PRD-00843,CUST-151383,2.0,Good product.,2025-05-02 08:00:00,Amazon
REV-102195,PRD-02365,CUST-168189,1.0,Average.,2026-01-13 03:00:00,Amazon
REV-102197,PRD-00369,CUST-273953,4.0,Not what I expected.,2025-09-01 05:00:00,Amazon
REV-102198,PRD-02232,CUST-140621,1.0,Not what I expected.,2024-10-23 00:00:00,Amazon
REV-102199,PRD-00693,CUST-171434,3.0,Average.,2025-10-13 13:00:00,Amazon
REV-102200,PRD-01046,CUST-143929,4.0,Loved it!,2024-12-23 05:00:00,Amazon
REV-102201,PRD-00759,CUST-265926,5.0,Not what I expected.,2024-11-18 12:00:00,Amazon
REV-102202,PRD-02220,CUST-375002,2.0,Loved it!,2026-05-13 18:00:00,Amazon
REV-102203,PRD-00489,CUST-223595,2.0,Great!,2025-05-02 11:00:00,Amazon
REV-102204,PRD-02288,CUST-107871,1.0,Loved it!,2025-08-21 03:00:00,Amazon
REV-102205,PRD-01290,CUST-410869,2.0,Good product.,2025-04-22 16:00:00,Amazon
REV-102206,PRD-00400,CUST-431107,4.0,Good product.,2024-10-07 10:00:00,Amazon
REV-102207,PRD-00311,CUST-210784,3.0,Great!,2025-08-12 17:00:00,Amazon
REV-102208,PRD-01909,CUST-151200,3.0,Average.,2026-06-16 06:00:00,Amazon
REV-102210,PRD-01773,CUST-236566,3.0,Good product.,2025-05-30 03:00:00,Amazon
REV-102211,PRD-01136,CUST-122921,3.0,Good product.,2025-07-10 02:00:00,Amazon
REV-102212,PRD-02500,CUST-418124,2.0,Good product.,2024-09-22 04:00:00,Amazon
REV-102213,PRD-02033,CUST-343655,3.0,Average.,2024-08-14 09:00:00,Amazon
REV-102214,PRD-00565,CUST-141766,1.0,Average.,2025-01-03 11:00:00,Amazon
REV-102215,PRD-01138,CUST-337244,2.0,Loved it!,2025-07-12 15:00:00,Amazon
REV-102216,PRD-00954,CUST-273752,3.0,Not what I expected.,2024-11-17 21:00:00,Amazon
REV-102217,PRD-01316,CUST-405965,4.0,Not what I expected.,2025-03-17 07:00:00,Amazon
REV-102218,PRD-01678,CUST-262915,5.0,Good product.,2025-07-01 07:00:00,Amazon
REV-102219,PRD-01997,CUST-430627,3.0,Not what I expected.,2024-11-23 19:00:00,Amazon
REV-102220,PRD-00777,CUST-260901,3.0,Not what I expected.,2025-02-15 05:00:00,Amazon
REV-102221,PRD-02499,CUST-129385,2.0,Great!,2025-05-29 03:00:00,Amazon
REV-102222,PRD-00279,CUST-268774,2.0,Average.,2025-11-30 23:00:00,Amazon
REV-102223,PRD-02182,CUST-289235,5.0,Not what I expected.,2025-05-07 08:00:00,Amazon
REV-102224,PRD-00178,CUST-363950,1.0,Great!,2026-06-23 08:00:00,Amazon
REV-102225,PRD-01258,CUST-170893,1.0,Loved it!,2026-01-04 07:00:00,Amazon
REV-102226,PRD-00798,CUST-128302,1.0,Loved it!,2026-02-03 10:00:00,Amazon
REV-102227,PRD-01659,CUST-376476,3.0,Loved it!,2026-01-13 03:00:00,Amazon
REV-102228,PRD-00209,CUST-420813,2.0,Loved it!,2025-03-24 01:00:00,Amazon
REV-102229,PRD-02333,CUST-401029,3.0,Not what I expected.,2025-01-11 16:00:00,Amazon
REV-102230,PRD-02228,CUST-474165,2.0,Average.,2026-07-18 13:00:00,Amazon
REV-102231,PRD-02165,CUST-106378,5.0,Good product.,2025-03-26 08:00:00,Amazon
REV-102232,PRD-01815,CUST-409394,1.0,Good product.,2025-02-01 05:00:00,Amazon
REV-102233,PRD-01403,CUST-448733,1.0,Good product.,2026-05-16 05:00:00,Amazon
REV-102234,PRD-00236,CUST-217421,2.0,Great!,2026-05-10 09:00:00,Amazon
REV-102236,PRD-01074,CUST-404151,2.0,Loved it!,2024-09-25 01:00:00,Amazon
REV-102237,PRD-00743,CUST-243480,2.0,Great!,2025-06-09 19:00:00,Amazon
REV-102238,PRD-01979,CUST-236265,4.0,Not what I expected.,2025-08-31 22:00:00,Amazon
REV-102239,PRD-02379,CUST-167212,2.0,Average.,2025-10-21 15:00:00,Amazon
REV-102240,PRD-00209,CUST-499027,1.0,Average.,2025-10-06 01:00:00,Amazon
REV-102241,PRD-00514,CUST-431056,3.0,Great!,2025-02-13 12:00:00,Amazon
REV-102242,PRD-00878,CUST-446351,2.0,Loved it!,2026-03-30 02:00:00,Amazon
REV-102243,PRD-00466,CUST-194742,4.0,Average.,2025-02-23 09:00:00,Amazon
REV-102244,PRD-00021,CUST-135653,1.0,Good product.,2024-11-16 15:00:00,Amazon
REV-102245,PRD-00397,CUST-131830,1.0,Not what I expected.,2026-06-17 19:00:00,Amazon
REV-102246,PRD-00736,CUST-333136,1.0,Great!,2024-09-16 23:00:00,Amazon
REV-102248,PRD-02416,CUST-312667,3.0,Great!,2026-01-15 16:00:00,Amazon
REV-102249,PRD-01465,CUST-450594,4.0,Not what I expected.,2026-01-21 20:00:00,Amazon
REV-102251,PRD-00684,CUST-110461,4.0,Great!,2026-02-23 15:00:00,Amazon
REV-102252,PRD-01584,CUST-499893,3.0,Not what I expected.,2025-07-26 01:00:00,Amazon
REV-102253,PRD-02325,CUST-398399,2.0,Good product.,2026-08-01 10:00:00,Amazon
REV-102254,PRD-01083,CUST-450594,4.0,Average.,2026-07-21 12:00:00,Amazon
REV-102255,PRD-01614,CUST-446260,5.0,Loved it!,2026-01-03 19:00:00,Amazon
REV-102256,PRD-00545,CUST-460302,4.0,Not what I expected.,2025-12-09 06:00:00,Amazon
REV-102257,PRD-00826,CUST-230008,3.0,Good product.,2024-12-17 02:00:00,Amazon
REV-102258,PRD-01460,CUST-409098,4.0,Good product.,2025-11-19 18:00:00,Amazon
REV-102259,PRD-02420,CUST-421614,2.0,Great!,2025-08-11 01:00:00,Amazon
REV-102261,PRD-01252,CUST-219312,1.0,Average.,2026-05-22 05:00:00,Amazon
REV-102262,PRD-00636,CUST-391395,5.0,Not what I expected.,2025-12-18 01:00:00,Amazon
REV-102263,PRD-01978,CUST-174626,2.0,Not what I expected.,2025-06-27 04:00:00,Amazon
REV-102264,PRD-00512,CUST-247623,5.0,Great!,2026-03-11 14:00:00,Amazon
REV-102265,PRD-02007,CUST-400902,2.0,Good product.,2024-09-22 14:00:00,Amazon
REV-102266,PRD-02150,CUST-333347,1.0,Loved it!,2025-12-21 08:00:00,Amazon
REV-102267,PRD-00997,CUST-150274,1.0,Average.,2025-02-28 13:00:00,Amazon
REV-102268,PRD-02227,CUST-360689,1.0,Good product.,2025-09-06 17:00:00,Amazon
REV-102270,PRD-00161,CUST-121172,5.0,Average.,2025-10-23 06:00:00,Amazon
REV-102271,PRD-00059,CUST-183594,4.0,Loved it!,2025-05-09 04:00:00,Amazon
REV-102272,PRD-00428,CUST-205903,5.0,Good product.,2025-07-15 14:00:00,Amazon
REV-102273,PRD-01042,CUST-107109,4.0,Loved it!,2026-05-06 18:00:00,Amazon
REV-102274,PRD-02490,CUST-120922,2.0,Great!,2026-02-28 08:00:00,Amazon
REV-102275,PRD-02157,CUST-214982,2.0,Great!,2025-11-19 23:00:00,Amazon
REV-102276,PRD-01015,CUST-441840,3.0,Great!,2025-04-25 22:00:00,Amazon
REV-102277,PRD-00222,CUST-495091,4.0,Average.,2025-11-05 00:00:00,Amazon
REV-102278,PRD-01401,CUST-110867,5.0,Good product.,2026-04-21 02:00:00,Amazon
REV-102279,PRD-02367,CUST-191826,4.0,Not what I expected.,2026-03-18 01:00:00,Amazon
REV-102280,PRD-01998,CUST-375552,1.0,Not what I expected.,2025-09-27 07:00:00,Amazon
REV-102281,PRD-01150,CUST-342839,2.0,Great!,2024-10-14 05:00:00,Amazon
REV-102282,PRD-02351,CUST-114311,1.0,Great!,2026-04-07 05:00:00,Amazon
REV-102283,PRD-00098,CUST-390848,1.0,Not what I expected.,2026-07-04 16:00:00,Amazon
REV-102284,PRD-01813,CUST-216623,1.0,Great!,2026-07-25 19:00:00,Amazon
REV-102285,PRD-00333,CUST-482607,4.0,Great!,2025-08-15 19:00:00,Amazon
REV-102286,PRD-01546,CUST-287463,2.0,Great!,2025-07-08 13:00:00,Amazon
REV-102287,PRD-02237,CUST-492173,5.0,Great!,2024-10-10 01:00:00,Amazon
REV-102288,PRD-00312,CUST-488342,5.0,Average.,2024-11-11 00:00:00,Amazon
REV-102289,PRD-01048,CUST-116848,2.0,Great!,2025-09-03 18:00:00,Amazon
REV-102290,PRD-00239,CUST-126252,1.0,Not what I expected.,2024-09-21 22:00:00,Amazon
REV-102291,PRD-00704,CUST-177426,4.0,Good product.,2026-03-23 03:00:00,Amazon
REV-102292,PRD-01075,CUST-367317,5.0,Loved it!,2025-02-27 08:00:00,Amazon
REV-102294,PRD-00332,CUST-437635,4.0,Good product.,2026-01-13 00:00:00,Amazon
REV-102295,PRD-01432,CUST-162154,2.0,Not what I expected.,2025-06-14 18:00:00,Amazon
REV-102296,PRD-02044,CUST-251356,2.0,Great!,2025-12-27 04:00:00,Amazon
REV-102297,PRD-00857,CUST-435171,5.0,Not what I expected.,2024-11-02 01:00:00,Amazon
REV-102299,PRD-00853,CUST-114177,5.0,Loved it!,2024-12-24 22:00:00,Amazon
REV-102300,PRD-02127,CUST-173833,3.0,Not what I expected.,2025-11-20 10:00:00,Amazon
REV-102302,PRD-01229,CUST-387304,3.0,Loved it!,2024-12-15 10:00:00,Amazon
REV-102303,PRD-01009,CUST-280381,2.0,Average.,2025-06-08 11:00:00,Amazon
REV-102304,PRD-01928,CUST-152424,1.0,Good product.,2025-01-01 08:00:00,Amazon
REV-102305,PRD-01917,CUST-163040,1.0,Loved it!,2026-07-14 21:00:00,Amazon
REV-102306,PRD-00577,CUST-218624,3.0,Not what I expected.,2026-03-14 07:00:00,Amazon
REV-102307,PRD-02243,CUST-476533,3.0,Great!,2024-12-15 10:00:00,Amazon
REV-102308,PRD-01129,CUST-149696,1.0,Good product.,2026-08-07 21:00:00,Amazon
REV-102309,PRD-01260,CUST-166215,5.0,Loved it!,2024-10-31 16:00:00,Amazon
REV-102310,PRD-02499,CUST-107829,3.0,Not what I expected.,2025-08-22 17:00:00,Amazon
REV-102311,PRD-01318,CUST-242554,5.0,Average.,2025-11-05 01:00:00,Amazon
REV-102312,PRD-01446,CUST-154574,1.0,Good product.,2026-02-10 22:00:00,Amazon
REV-102313,PRD-01284,CUST-340749,1.0,Good product.,2024-10-15 02:00:00,Amazon
REV-102314,PRD-01208,CUST-129420,1.0,Not what I expected.,2025-10-30 15:00:00,Amazon
REV-102316,PRD-00814,CUST-381721,3.0,Good product.,2026-01-29 17:00:00,Amazon
REV-102317,PRD-01468,CUST-126252,1.0,Loved it!,2024-11-05 19:00:00,Amazon
REV-102318,PRD-00572,CUST-298916,1.0,Not what I expected.,2026-08-01 12:00:00,Amazon
REV-102319,PRD-01293,CUST-297879,4.0,Good product.,2025-03-25 23:00:00,Amazon
REV-102320,PRD-00595,CUST-355449,1.0,Good product.,2026-06-14 05:00:00,Amazon
REV-102321,PRD-02013,CUST-163807,1.0,Good product.,2024-08-14 02:00:00,Amazon
REV-102322,PRD-00608,CUST-307875,5.0,Great!,2024-12-24 08:00:00,Amazon
REV-102323,PRD-01826,CUST-433103,2.0,Average.,2026-06-18 16:00:00,Amazon
REV-102324,PRD-01009,CUST-394461,2.0,Not what I expected.,2024-10-14 17:00:00,Amazon
REV-102325,PRD-01097,CUST-148450,1.0,Not what I expected.,2025-07-20 01:00:00,Amazon
REV-102326,PRD-02083,CUST-317885,2.0,Great!,2024-10-11 06:00:00,Amazon
REV-102327,PRD-00267,CUST-221382,3.0,Good product.,2025-10-29 13:00:00,Amazon
REV-102328,PRD-02494,CUST-137853,2.0,Loved it!,2026-03-07 21:00:00,Amazon
REV-102330,PRD-01966,CUST-314368,5.0,Good product.,2026-03-06 21:00:00,Amazon
REV-102331,PRD-00968,CUST-341561,4.0,Great!,2026-04-19 15:00:00,Amazon
REV-102332,PRD-00808,CUST-140634,5.0,Average.,2026-07-08 00:00:00,Amazon
REV-102333,PRD-00148,CUST-159216,2.0,Great!,2025-11-23 16:00:00,Amazon
REV-102334,PRD-00458,CUST-181092,4.0,Great!,2024-09-20 21:00:00,Amazon
REV-102335,PRD-00726,CUST-293487,5.0,Good product.,2024-11-04 23:00:00,Amazon
REV-102336,PRD-01827,CUST-417074,3.0,Good product.,2026-05-04 17:00:00,Amazon
REV-102337,PRD-00869,CUST-206255,2.0,Not what I expected.,2025-01-23 10:00:00,Amazon
REV-102338,PRD-02084,CUST-429747,3.0,Average.,2025-12-07 22:00:00,Amazon
REV-102339,PRD-00110,CUST-424057,2.0,Average.,2026-04-08 21:00:00,Amazon
REV-102340,PRD-00729,CUST-416608,5.0,Not what I expected.,2025-11-24 16:00:00,Amazon
REV-102341,PRD-01884,CUST-441483,1.0,Not what I expected.,2025-11-03 11:00:00,Amazon
REV-102343,PRD-01433,CUST-277042,2.0,Good product.,2025-04-13 00:00:00,Amazon
REV-102344,PRD-01121,CUST-151080,3.0,Average.,2025-09-07 12:00:00,Amazon
REV-102345,PRD-01412,CUST-449309,2.0,Great!,2025-10-26 14:00:00,Amazon
REV-102346,PRD-00567,CUST-323450,3.0,Good product.,2024-11-17 10:00:00,Amazon
REV-102347,PRD-02049,CUST-416608,4.0,Great!,2025-11-24 16:00:00,Amazon
REV-102348,PRD-00905,CUST-283812,5.0,Loved it!,2024-12-01 16:00:00,Amazon
REV-102349,PRD-01333,CUST-396887,2.0,Good product.,2024-09-20 12:00:00,Amazon
REV-102350,PRD-01797,CUST-343901,1.0,Loved it!,2026-02-15 04:00:00,Amazon
REV-102351,PRD-00750,CUST-232759,2.0,Great!,2025-07-06 13:00:00,Amazon
REV-102352,PRD-02438,CUST-438379,1.0,Average.,2025-10-14 01:00:00,Amazon
REV-102353,PRD-01677,CUST-355449,1.0,Good product.,2026-06-14 05:00:00,Amazon
REV-102355,PRD-00937,CUST-430574,2.0,Loved it!,2024-09-27 06:00:00,Amazon
REV-102356,PRD-01650,CUST-301575,2.0,Not what I expected.,2026-02-27 21:00:00,Amazon
REV-102357,PRD-00912,CUST-204143,2.0,Average.,2026-08-07 20:00:00,Amazon
REV-102358,PRD-02269,CUST-274665,2.0,Good product.,2025-02-09 17:00:00,Amazon
REV-102359,PRD-00621,CUST-273408,5.0,Not what I expected.,2025-09-01 02:00:00,Amazon
REV-102360,PRD-01230,CUST-144957,1.0,Average.,2025-11-22 18:00:00,Amazon
REV-102361,PRD-01055,CUST-237592,5.0,Good product.,2025-05-13 06:00:00,Amazon
REV-102362,PRD-00541,CUST-354528,1.0,Not what I expected.,2024-11-05 20:00:00,Amazon
REV-102363,PRD-00833,CUST-470234,4.0,Loved it!,2025-04-15 13:00:00,Amazon
REV-102364,PRD-01443,CUST-127699,5.0,Loved it!,2025-08-30 06:00:00,Amazon
REV-102365,PRD-00314,CUST-366648,5.0,Average.,2025-07-31 02:00:00,Amazon
REV-102366,PRD-02245,CUST-245318,3.0,Great!,2024-08-18 23:00:00,Amazon
REV-102367,PRD-00872,CUST-425237,1.0,Good product.,2025-09-03 17:00:00,Amazon
REV-102369,PRD-00404,CUST-495437,3.0,Average.,2026-05-26 09:00:00,Amazon
REV-102371,PRD-00309,CUST-213577,4.0,Average.,2024-10-13 15:00:00,Amazon
REV-102373,PRD-01218,CUST-350988,2.0,Not what I expected.,2025-05-20 17:00:00,Amazon
REV-102374,PRD-00336,CUST-180971,5.0,Loved it!,2025-11-02 00:00:00,Amazon
REV-102375,PRD-00143,CUST-112495,2.0,Great!,2025-02-28 15:00:00,Amazon
REV-102376,PRD-01235,CUST-100761,1.0,Loved it!,2025-08-10 18:00:00,Amazon
REV-102377,PRD-01372,CUST-124639,3.0,Not what I expected.,2024-08-22 04:00:00,Amazon
REV-102378,PRD-01875,CUST-327000,3.0,Not what I expected.,2026-03-01 14:00:00,Amazon
REV-102379,PRD-01448,CUST-336322,4.0,Loved it!,2025-03-09 11:00:00,Amazon
REV-102381,PRD-01184,CUST-329695,5.0,Loved it!,2026-03-15 19:00:00,Amazon
REV-102382,PRD-00670,CUST-212244,5.0,Good product.,2025-12-31 06:00:00,Amazon
REV-102383,PRD-00938,CUST-398194,4.0,Loved it!,2025-01-01 02:00:00,Amazon
REV-102384,PRD-01889,CUST-380295,2.0,Not what I expected.,2025-09-28 01:00:00,Amazon
REV-102385,PRD-02132,CUST-108450,4.0,Not what I expected.,2024-10-19 02:00:00,Amazon
REV-102386,PRD-02239,CUST-237157,4.0,Not what I expected.,2025-09-17 18:00:00,Amazon
REV-102387,PRD-01931,CUST-118714,5.0,Good product.,2025-03-27 07:00:00,Amazon
REV-102388,PRD-01155,CUST-362450,3.0,Great!,2026-03-03 09:00:00,Amazon
REV-102389,PRD-01406,CUST-499658,3.0,Average.,2026-07-22 21:00:00,Amazon
REV-102390,PRD-02094,CUST-433102,1.0,Loved it!,2025-08-27 22:00:00,Amazon
REV-102391,PRD-01339,CUST-170901,1.0,Average.,2026-05-21 19:00:00,Amazon
REV-102392,PRD-00841,CUST-373289,3.0,Good product.,2026-07-01 18:00:00,Amazon
REV-102394,PRD-02007,CUST-152621,5.0,Great!,2024-12-28 05:00:00,Amazon
REV-102395,PRD-00803,CUST-435171,4.0,Not what I expected.,2024-11-02 01:00:00,Amazon
REV-102397,PRD-01397,CUST-118804,5.0,Good product.,2026-07-04 17:00:00,Amazon
REV-102398,PRD-00695,CUST-396754,4.0,Loved it!,2024-08-23 12:00:00,Amazon
REV-102399,PRD-00577,CUST-344168,4.0,Good product.,2025-07-31 23:00:00,Amazon
REV-102400,PRD-01387,CUST-248607,4.0,Not what I expected.,2026-05-14 08:00:00,Amazon
REV-102401,PRD-00727,CUST-357263,1.0,Great!,2025-09-26 02:00:00,Amazon
REV-102402,PRD-00637,CUST-487583,3.0,Loved it!,2025-08-31 16:00:00,Amazon
REV-102403,PRD-02068,CUST-238888,1.0,Average.,2025-09-12 14:00:00,Amazon
REV-102404,PRD-01071,CUST-387431,2.0,Great!,2025-08-16 09:00:00,Amazon
REV-102405,PRD-01845,CUST-157606,2.0,Great!,2025-09-09 04:00:00,Amazon
REV-102406,PRD-02143,CUST-150239,4.0,Good product.,2024-09-25 21:00:00,Amazon
REV-102407,PRD-00408,CUST-177339,3.0,Good product.,2024-09-02 21:00:00,Amazon
REV-102408,PRD-01937,CUST-164321,5.0,Average.,2025-07-21 20:00:00,Amazon
REV-102409,PRD-00976,CUST-308211,3.0,Loved it!,2024-08-18 01:00:00,Amazon
REV-102410,PRD-02485,CUST-174761,4.0,Not what I expected.,2026-05-07 02:00:00,Amazon
REV-102412,PRD-02470,CUST-271201,3.0,Good product.,2025-04-02 16:00:00,Amazon
REV-102413,PRD-02309,CUST-445784,2.0,Not what I expected.,2025-03-17 13:00:00,Amazon
REV-102414,PRD-00443,CUST-381511,4.0,Great!,2026-03-08 17:00:00,Amazon
REV-102416,PRD-01434,CUST-242554,4.0,Loved it!,2025-11-05 01:00:00,Amazon
REV-102417,PRD-01497,CUST-231704,3.0,Loved it!,2026-03-07 21:00:00,Amazon
REV-102419,PRD-00241,CUST-248996,2.0,Loved it!,2025-12-15 13:00:00,Amazon
REV-102420,PRD-01033,CUST-499526,4.0,Not what I expected.,2025-12-26 21:00:00,Amazon
REV-102421,PRD-00512,CUST-217818,5.0,Average.,2025-01-19 11:00:00,Amazon
REV-102422,PRD-01484,CUST-268758,2.0,Great!,2026-07-27 03:00:00,Amazon
REV-102424,PRD-01315,CUST-466966,4.0,Loved it!,2025-12-30 15:00:00,Amazon
REV-102425,PRD-00483,CUST-328930,2.0,Great!,2024-12-24 07:00:00,Amazon
REV-102426,PRD-00771,CUST-247634,4.0,Average.,2024-10-12 10:00:00,Amazon
REV-102427,PRD-01590,CUST-244973,1.0,Good product.,2025-04-21 10:00:00,Amazon
REV-102428,PRD-01811,CUST-405957,2.0,Not what I expected.,2025-12-29 02:00:00,Amazon
REV-102430,PRD-01766,CUST-427983,4.0,Not what I expected.,2025-01-13 07:00:00,Amazon
REV-102431,PRD-02254,CUST-361156,1.0,Not what I expected.,2025-10-15 17:00:00,Amazon
REV-102432,PRD-00811,CUST-271489,1.0,Good product.,2025-07-28 10:00:00,Amazon
REV-102433,PRD-01281,CUST-494745,3.0,Average.,2025-06-02 02:00:00,Amazon
REV-102434,PRD-00026,CUST-214806,4.0,Loved it!,2025-10-16 05:00:00,Amazon
REV-102435,PRD-02491,CUST-168606,4.0,Average.,2026-01-31 01:00:00,Amazon
REV-102436,PRD-00907,CUST-151383,4.0,Good product.,2025-10-28 18:00:00,Amazon
REV-102437,PRD-01019,CUST-355137,3.0,Good product.,2024-10-09 19:00:00,Amazon
REV-102438,PRD-01473,CUST-299360,1.0,Not what I expected.,2025-02-03 18:00:00,Amazon
REV-102439,PRD-02120,CUST-151054,5.0,Not what I expected.,2026-06-25 06:00:00,Amazon
REV-102440,PRD-02463,CUST-113269,3.0,Loved it!,2025-06-28 16:00:00,Amazon
REV-102441,PRD-00834,CUST-190213,4.0,Average.,2025-03-23 10:00:00,Amazon
REV-102442,PRD-02364,CUST-359509,4.0,Loved it!,2024-09-22 16:00:00,Amazon
REV-102443,PRD-01799,CUST-134161,4.0,Loved it!,2025-06-01 13:00:00,Amazon
REV-102444,PRD-00427,CUST-447107,5.0,Great!,2025-06-18 17:00:00,Amazon
REV-102445,PRD-00450,CUST-202934,4.0,Great!,2024-09-15 13:00:00,Amazon
REV-102446,PRD-01021,CUST-283562,3.0,Great!,2024-08-22 23:00:00,Amazon
REV-102447,PRD-00399,CUST-445564,4.0,Average.,2025-05-08 21:00:00,Amazon
REV-102448,PRD-02186,CUST-415515,1.0,Not what I expected.,2025-08-24 20:00:00,Amazon
REV-102449,PRD-00729,CUST-292378,1.0,Average.,2025-07-13 08:00:00,Amazon
REV-102450,PRD-00616,CUST-404822,1.0,Great!,2025-07-04 18:00:00,Amazon
REV-102451,PRD-01622,CUST-473284,4.0,Good product.,2025-08-08 22:00:00,Amazon
REV-102452,PRD-02327,CUST-219917,3.0,Not what I expected.,2024-10-18 12:00:00,Amazon
REV-102453,PRD-00634,CUST-305985,1.0,Average.,2026-07-13 08:00:00,Amazon
REV-102454,PRD-02382,CUST-459890,1.0,Great!,2024-11-24 09:00:00,Amazon
REV-102455,PRD-00629,CUST-285917,2.0,Great!,2026-07-15 20:00:00,Amazon
REV-102456,PRD-02041,CUST-394461,5.0,Good product.,2024-10-14 17:00:00,Amazon
REV-102457,PRD-02104,CUST-486221,4.0,Not what I expected.,2026-05-19 20:00:00,Amazon
REV-102458,PRD-01581,CUST-253956,4.0,Great!,2025-07-06 01:00:00,Amazon
REV-102459,PRD-00433,CUST-309562,4.0,Good product.,2026-03-18 07:00:00,Amazon
REV-102461,PRD-00446,CUST-121997,3.0,Not what I expected.,2026-03-05 19:00:00,Amazon
REV-102462,PRD-00463,CUST-317476,1.0,Great!,2025-05-25 21:00:00,Amazon
REV-102463,PRD-02310,CUST-128068,3.0,Great!,2025-07-26 09:00:00,Amazon
REV-102464,PRD-01433,CUST-296034,4.0,Not what I expected.,2025-05-12 19:00:00,Amazon
REV-102465,PRD-00357,CUST-323595,2.0,Not what I expected.,2026-05-18 19:00:00,Amazon
REV-102466,PRD-01634,CUST-350828,3.0,Loved it!,2026-01-26 20:00:00,Amazon
REV-102467,PRD-01996,CUST-102179,5.0,Good product.,2025-07-23 19:00:00,Amazon
REV-102468,PRD-02288,CUST-172425,2.0,Not what I expected.,2026-02-14 11:00:00,Amazon
REV-102469,PRD-02477,CUST-385039,3.0,Not what I expected.,2025-12-03 20:00:00,Amazon
REV-102470,PRD-00833,CUST-179187,1.0,Not what I expected.,2025-08-14 00:00:00,Amazon
REV-102471,PRD-00480,CUST-214982,5.0,Good product.,2025-11-19 23:00:00,Amazon
REV-102472,PRD-01850,CUST-493379,2.0,Not what I expected.,2025-07-11 18:00:00,Amazon
REV-102473,PRD-02335,CUST-464527,3.0,Good product.,2024-10-21 20:00:00,Amazon
REV-102474,PRD-02024,CUST-265880,4.0,Good product.,2025-05-21 19:00:00,Amazon
REV-102475,PRD-00271,CUST-401693,5.0,Average.,2025-04-12 18:00:00,Amazon
REV-102477,PRD-00650,CUST-493738,3.0,Loved it!,2026-02-10 14:00:00,Amazon
REV-102479,PRD-00263,CUST-380682,2.0,Not what I expected.,2025-07-23 06:00:00,Amazon
REV-102480,PRD-00913,CUST-287011,5.0,Loved it!,2024-10-26 00:00:00,Amazon
REV-102481,PRD-01358,CUST-171928,1.0,Average.,2026-03-31 16:00:00,Amazon
REV-102482,PRD-00957,CUST-341593,2.0,Good product.,2026-07-24 12:00:00,Amazon
REV-102483,PRD-01080,CUST-322901,1.0,Not what I expected.,2025-07-02 14:00:00,Amazon
REV-102484,PRD-01984,CUST-279503,3.0,Not what I expected.,2025-11-22 12:00:00,Amazon
REV-102485,PRD-02098,CUST-478312,3.0,Average.,2024-09-15 10:00:00,Amazon
REV-102486,PRD-01022,CUST-484765,5.0,Good product.,2026-01-25 22:00:00,Amazon
REV-102487,PRD-00748,CUST-212883,1.0,Loved it!,2026-07-18 17:00:00,Amazon
REV-102488,PRD-00147,CUST-300727,2.0,Good product.,2025-01-22 04:00:00,Amazon
REV-102489,PRD-01310,CUST-384934,3.0,Good product.,2025-01-07 07:00:00,Amazon
REV-102490,PRD-01923,CUST-187522,4.0,Great!,2026-05-13 19:00:00,Amazon
REV-102491,PRD-01187,CUST-218899,2.0,Loved it!,2025-03-30 23:00:00,Amazon
REV-102492,PRD-00215,CUST-439261,5.0,Not what I expected.,2025-03-11 11:00:00,Amazon
REV-102493,PRD-00522,CUST-383226,4.0,Average.,2026-04-22 19:00:00,Amazon
REV-102494,PRD-00046,CUST-405531,3.0,Good product.,2026-02-02 06:00:00,Amazon
REV-102498,PRD-01953,CUST-455416,3.0,Loved it!,2025-09-04 02:00:00,Amazon
REV-102499,PRD-01649,CUST-122227,3.0,Not what I expected.,2025-04-04 01:00:00,Amazon
REV-102500,PRD-00768,CUST-239794,4.0,Loved it!,2026-05-02 20:00:00,Amazon
REV-102501,PRD-00877,CUST-351601,3.0,Loved it!,2026-04-14 09:00:00,Amazon
REV-102502,PRD-00690,CUST-211967,3.0,Great!,2025-09-02 00:00:00,Amazon
REV-102503,PRD-00163,CUST-447363,5.0,Good product.,2024-11-29 20:00:00,Amazon
REV-102504,PRD-01713,CUST-485809,5.0,Loved it!,2025-05-13 11:00:00,Amazon
REV-102505,PRD-00411,CUST-393074,1.0,Great!,2025-05-02 03:00:00,Amazon
REV-102506,PRD-00694,CUST-280303,4.0,Great!,2024-09-19 01:00:00,Amazon
REV-102507,PRD-01689,CUST-278753,4.0,Average.,2025-07-18 11:00:00,Amazon
REV-102508,PRD-02288,CUST-337956,5.0,Great!,2025-03-02 19:00:00,Amazon
REV-102509,PRD-02112,CUST-433586,5.0,Not what I expected.,2025-08-17 01:00:00,Amazon
REV-102511,PRD-02372,CUST-260576,4.0,Great!,2024-10-02 12:00:00,Amazon
REV-102512,PRD-01056,CUST-116451,2.0,Loved it!,2026-07-06 23:00:00,Amazon
REV-102513,PRD-01524,CUST-383661,2.0,Loved it!,2025-01-25 12:00:00,Amazon
REV-102515,PRD-00300,CUST-244991,1.0,Not what I expected.,2025-10-07 17:00:00,Amazon
REV-102516,PRD-02249,CUST-155073,4.0,Great!,2025-08-29 03:00:00,Amazon
REV-102517,PRD-01328,CUST-332853,4.0,Loved it!,2025-12-25 07:00:00,Amazon
REV-102518,PRD-01345,CUST-234363,2.0,Not what I expected.,2024-10-27 20:00:00,Amazon
REV-102519,PRD-00157,CUST-232914,2.0,Good product.,2025-10-22 20:00:00,Amazon
REV-102520,PRD-02215,CUST-212653,1.0,Average.,2025-01-08 08:00:00,Amazon
REV-102521,PRD-02465,CUST-419154,1.0,Good product.,2026-01-16 12:00:00,Amazon
REV-102522,PRD-01475,CUST-440064,4.0,Great!,2026-07-11 08:00:00,Amazon
REV-102523,PRD-01303,CUST-139730,2.0,Great!,2026-06-05 23:00:00,Amazon
REV-102524,PRD-00786,CUST-248695,5.0,Loved it!,2026-07-24 14:00:00,Amazon
REV-102525,PRD-01604,CUST-144957,3.0,Not what I expected.,2025-11-22 18:00:00,Amazon
REV-102526,PRD-01297,CUST-269015,1.0,Good product.,2025-10-12 20:00:00,Amazon
REV-102527,PRD-00989,CUST-306293,5.0,Not what I expected.,2025-04-26 06:00:00,Amazon
REV-102528,PRD-01337,CUST-198818,1.0,Loved it!,2026-03-07 05:00:00,Amazon
REV-102529,PRD-02314,CUST-399168,5.0,Average.,2024-10-03 13:00:00,Amazon
REV-102530,PRD-01836,CUST-284683,5.0,Great!,2026-04-27 21:00:00,Amazon
REV-102531,PRD-01784,CUST-239813,4.0,Not what I expected.,2025-03-06 05:00:00,Amazon
REV-102532,PRD-00887,CUST-413307,5.0,Great!,2025-04-26 18:00:00,Amazon
REV-102533,PRD-00131,CUST-343411,5.0,Loved it!,2025-01-27 21:00:00,Amazon
REV-102536,PRD-00985,CUST-388509,2.0,Not what I expected.,2026-06-12 01:00:00,Amazon
REV-102537,PRD-01317,CUST-325043,1.0,Great!,2025-08-22 17:00:00,Amazon
REV-102538,PRD-01406,CUST-417866,2.0,Average.,2025-09-25 19:00:00,Amazon
REV-102539,PRD-00713,CUST-273483,2.0,Great!,2026-01-09 23:00:00,Amazon
REV-102540,PRD-00643,CUST-156172,1.0,Great!,2025-01-12 05:00:00,Amazon
REV-102541,PRD-00429,CUST-176514,2.0,Loved it!,2025-07-12 10:00:00,Amazon
REV-102542,PRD-01823,CUST-394264,2.0,Average.,2026-07-23 14:00:00,Amazon
REV-102544,PRD-02482,CUST-300232,2.0,Loved it!,2025-01-09 06:00:00,Amazon
REV-102546,PRD-00198,CUST-150274,4.0,Good product.,2026-06-16 10:00:00,Amazon
REV-102547,PRD-00392,CUST-491552,4.0,Good product.,2026-03-12 09:00:00,Amazon
REV-102548,PRD-01125,CUST-113259,2.0,Loved it!,2025-01-12 09:00:00,Amazon
REV-102549,PRD-00507,CUST-462703,1.0,Loved it!,2025-05-17 15:00:00,Amazon
REV-102550,PRD-00710,CUST-282582,1.0,Great!,2025-01-07 11:00:00,Amazon
REV-102551,PRD-01192,CUST-214982,3.0,Great!,2025-11-19 23:00:00,Amazon
REV-102552,PRD-02065,CUST-216930,3.0,Average.,2026-06-30 11:00:00,Amazon
REV-102553,PRD-01290,CUST-437772,1.0,Not what I expected.,2025-03-25 19:00:00,Amazon
REV-102554,PRD-00830,CUST-449756,5.0,Loved it!,2025-04-12 21:00:00,Amazon
REV-102555,PRD-02058,CUST-421547,2.0,Great!,2026-07-04 05:00:00,Amazon
REV-102556,PRD-01251,CUST-173319,3.0,Good product.,2025-10-26 06:00:00,Amazon
REV-102557,PRD-02428,CUST-192768,2.0,Loved it!,2025-04-01 18:00:00,Amazon
REV-102558,PRD-01248,CUST-187436,2.0,Not what I expected.,2026-01-05 10:00:00,Amazon
REV-102559,PRD-00232,CUST-389839,5.0,Not what I expected.,2026-06-28 01:00:00,Amazon
REV-102560,PRD-00865,CUST-306491,4.0,Loved it!,2025-05-23 10:00:00,Amazon
REV-102561,PRD-01163,CUST-342587,1.0,Great!,2025-03-19 04:00:00,Amazon
REV-102562,PRD-02395,CUST-105646,3.0,Good product.,2025-06-11 18:00:00,Amazon
REV-102564,PRD-00433,CUST-373670,4.0,Loved it!,2025-10-11 12:00:00,Amazon
REV-102565,PRD-01189,CUST-296273,4.0,Great!,2024-10-20 08:00:00,Amazon
REV-102566,PRD-01322,CUST-165912,3.0,Average.,2024-12-04 07:00:00,Amazon
REV-102567,PRD-01096,CUST-147412,1.0,Average.,2025-01-02 20:00:00,Amazon
REV-102568,PRD-00949,CUST-401996,3.0,Great!,2024-09-04 23:00:00,Amazon
REV-102569,PRD-02352,CUST-289335,1.0,Average.,2025-12-12 02:00:00,Amazon
REV-102572,PRD-02314,CUST-135960,3.0,Not what I expected.,2026-05-30 21:00:00,Amazon
REV-102573,PRD-01583,CUST-271203,2.0,Good product.,2025-10-21 08:00:00,Amazon
REV-102574,PRD-01474,CUST-143452,2.0,Average.,2026-01-10 20:00:00,Amazon
REV-102575,PRD-02095,CUST-445721,3.0,Good product.,2024-08-31 00:00:00,Amazon
REV-102576,PRD-02275,CUST-386514,1.0,Not what I expected.,2025-01-28 15:00:00,Amazon
REV-102577,PRD-01637,CUST-157837,3.0,Good product.,2026-03-24 16:00:00,Amazon
REV-102578,PRD-00951,CUST-112062,5.0,Great!,2025-07-21 19:00:00,Amazon
REV-102579,PRD-00893,CUST-337301,2.0,Not what I expected.,2025-09-26 20:00:00,Amazon
REV-102580,PRD-01281,CUST-414109,1.0,Not what I expected.,2024-12-13 01:00:00,Amazon
REV-102581,PRD-02018,CUST-301049,3.0,Loved it!,2025-06-04 22:00:00,Amazon
REV-102582,PRD-00819,CUST-383440,1.0,Great!,2025-12-26 23:00:00,Amazon
REV-102583,PRD-00668,CUST-423097,1.0,Great!,2025-04-21 15:00:00,Amazon
REV-102584,PRD-00984,CUST-294181,3.0,Average.,2024-10-13 21:00:00,Amazon
REV-102585,PRD-01311,CUST-450599,1.0,Good product.,2026-01-21 12:00:00,Amazon
REV-102586,PRD-01944,CUST-460946,2.0,Good product.,2024-11-19 08:00:00,Amazon
REV-102587,PRD-00778,CUST-116274,1.0,Average.,2025-06-06 12:00:00,Amazon
REV-102588,PRD-01327,CUST-203254,2.0,Good product.,2025-10-16 09:00:00,Amazon
REV-102589,PRD-01416,CUST-412044,5.0,Average.,2024-08-31 18:00:00,Amazon
REV-102590,PRD-02182,CUST-295467,2.0,Not what I expected.,2026-01-05 09:00:00,Amazon
REV-102591,PRD-01378,CUST-354859,3.0,Not what I expected.,2026-07-30 10:00:00,Amazon
REV-102592,PRD-01314,CUST-318997,1.0,Average.,2026-05-17 13:00:00,Amazon
REV-102594,PRD-01504,CUST-186808,4.0,Great!,2025-02-07 17:00:00,Amazon
REV-102595,PRD-01967,CUST-324241,5.0,Not what I expected.,2025-07-18 13:00:00,Amazon
REV-102596,PRD-01906,CUST-204592,3.0,Great!,2025-12-04 21:00:00,Amazon
REV-102597,PRD-01568,CUST-457589,4.0,Loved it!,2025-05-09 09:00:00,Amazon
REV-102598,PRD-01461,CUST-288916,2.0,Not what I expected.,2026-07-15 16:00:00,Amazon
REV-102599,PRD-02200,CUST-480521,2.0,Great!,2026-04-04 15:00:00,Amazon
REV-102601,PRD-01137,CUST-349688,2.0,Average.,2025-07-29 08:00:00,Amazon
REV-102602,PRD-00852,CUST-142765,2.0,Not what I expected.,2026-04-22 04:00:00,Amazon
REV-102603,PRD-01104,CUST-499027,1.0,Good product.,2025-10-06 01:00:00,Amazon
REV-102604,PRD-01926,CUST-366094,4.0,Loved it!,2025-12-21 11:00:00,Amazon
REV-102605,PRD-01964,CUST-148741,3.0,Loved it!,2026-04-02 22:00:00,Amazon
REV-102606,PRD-02164,CUST-231716,5.0,Not what I expected.,2025-12-31 00:00:00,Amazon
REV-102607,PRD-01174,CUST-184349,5.0,Good product.,2025-12-18 11:00:00,Amazon
REV-102609,PRD-01923,CUST-396754,4.0,Good product.,2024-08-23 12:00:00,Amazon
REV-102610,PRD-01523,CUST-144957,2.0,Good product.,2026-04-14 04:00:00,Amazon
REV-102611,PRD-02480,CUST-353754,4.0,Not what I expected.,2026-06-29 00:00:00,Amazon
REV-102612,PRD-01678,CUST-194119,1.0,Great!,2025-12-26 07:00:00,Amazon
REV-102613,PRD-01975,CUST-482929,3.0,Loved it!,2026-06-18 23:00:00,Amazon
REV-102615,PRD-00686,CUST-206830,5.0,Average.,2025-12-21 10:00:00,Amazon
REV-102616,PRD-00466,CUST-352081,3.0,Loved it!,2025-01-01 14:00:00,Amazon
REV-102617,PRD-02052,CUST-228496,2.0,Not what I expected.,2026-06-01 01:00:00,Amazon
REV-102618,PRD-01398,CUST-209358,2.0,Loved it!,2024-11-27 09:00:00,Amazon
REV-102619,PRD-00170,CUST-359663,3.0,Not what I expected.,2026-07-28 00:00:00,Amazon
REV-102620,PRD-01688,CUST-276821,5.0,Loved it!,2024-12-30 12:00:00,Amazon
REV-102621,PRD-01334,CUST-346835,4.0,Average.,2024-09-15 05:00:00,Amazon
REV-102622,PRD-01854,CUST-233431,4.0,Great!,2026-01-14 03:00:00,Amazon
REV-102623,PRD-00980,CUST-349644,4.0,Not what I expected.,2025-03-31 16:00:00,Amazon
REV-102624,PRD-01514,CUST-488546,4.0,Loved it!,2025-01-16 11:00:00,Amazon
REV-102625,PRD-01320,CUST-385795,3.0,Not what I expected.,2025-11-17 23:00:00,Amazon
REV-102626,PRD-02273,CUST-279019,4.0,Average.,2025-12-04 17:00:00,Amazon
REV-102627,PRD-01935,CUST-431100,4.0,Good product.,2025-04-11 02:00:00,Amazon
REV-102628,PRD-01137,CUST-256557,2.0,Loved it!,2025-09-19 15:00:00,Amazon
REV-102629,PRD-01304,CUST-399372,4.0,Good product.,2025-11-01 05:00:00,Amazon
REV-102630,PRD-01703,CUST-150845,1.0,Not what I expected.,2024-09-06 12:00:00,Amazon
REV-102631,PRD-01822,CUST-202376,4.0,Great!,2026-03-30 01:00:00,Amazon
REV-102632,PRD-02175,CUST-110410,2.0,Great!,2026-03-07 20:00:00,Amazon
REV-102633,PRD-00321,CUST-473618,3.0,Great!,2025-04-14 21:00:00,Amazon
REV-102634,PRD-00552,CUST-403026,1.0,Not what I expected.,2024-11-01 20:00:00,Amazon
REV-102635,PRD-00555,CUST-201204,2.0,Loved it!,2024-08-27 22:00:00,Amazon
REV-102636,PRD-00476,CUST-392095,3.0,Average.,2026-08-12 15:00:00,Amazon
REV-102637,PRD-02018,CUST-111594,1.0,Great!,2025-04-20 12:00:00,Amazon
REV-102638,PRD-00979,CUST-236890,2.0,Loved it!,2025-01-06 06:00:00,Amazon
REV-102639,PRD-01874,CUST-253742,1.0,Average.,2024-12-13 17:00:00,Amazon
REV-102640,PRD-02198,CUST-231040,4.0,Average.,2025-10-09 18:00:00,Amazon
REV-102641,PRD-00994,CUST-106777,1.0,Good product.,2025-12-24 23:00:00,Amazon
REV-102642,PRD-02263,CUST-323267,4.0,Average.,2024-12-23 04:00:00,Amazon
REV-102643,PRD-00006,CUST-275034,4.0,Loved it!,2025-03-13 03:00:00,Amazon
REV-102644,PRD-01116,CUST-231743,1.0,Average.,2026-02-12 09:00:00,Amazon
REV-102645,PRD-01996,CUST-428697,4.0,Not what I expected.,2026-08-08 22:00:00,Amazon
REV-102646,PRD-01078,CUST-191363,4.0,Good product.,2025-11-14 13:00:00,Amazon
REV-102647,PRD-01128,CUST-401971,5.0,Average.,2026-04-15 08:00:00,Amazon
REV-102648,PRD-00766,CUST-478559,4.0,Average.,2025-06-06 04:00:00,Amazon
REV-102649,PRD-00085,CUST-472567,1.0,Great!,2026-07-20 08:00:00,Amazon
REV-102650,PRD-02011,CUST-282724,3.0,Good product.,2026-07-25 04:00:00,Amazon
REV-102651,PRD-00609,CUST-483230,3.0,Average.,2026-05-29 01:00:00,Amazon
REV-102652,PRD-01995,CUST-334755,1.0,Great!,2025-06-18 16:00:00,Amazon
REV-102653,PRD-01123,CUST-264714,3.0,Good product.,2025-01-02 19:00:00,Amazon
REV-102654,PRD-01785,CUST-267021,4.0,Not what I expected.,2024-12-10 05:00:00,Amazon
REV-102655,PRD-00453,CUST-480228,3.0,Average.,2025-06-07 11:00:00,Amazon
REV-102656,PRD-01606,CUST-394531,5.0,Great!,2026-02-15 02:00:00,Amazon
REV-102657,PRD-01386,CUST-214748,1.0,Loved it!,2025-04-07 19:00:00,Amazon
REV-102658,PRD-00692,CUST-375682,2.0,Not what I expected.,2026-02-28 15:00:00,Amazon
REV-102659,PRD-02166,CUST-433884,4.0,Average.,2024-08-15 18:00:00,Amazon
REV-102660,PRD-02205,CUST-436718,3.0,Good product.,2025-01-30 15:00:00,Amazon
REV-102661,PRD-00256,CUST-308663,2.0,Good product.,2025-05-21 04:00:00,Amazon
REV-102663,PRD-01944,CUST-410212,3.0,Good product.,2025-05-05 17:00:00,Amazon
REV-102664,PRD-01641,CUST-428290,5.0,Average.,2025-01-30 10:00:00,Amazon
REV-102667,PRD-02250,CUST-491552,1.0,Great!,2025-11-06 20:00:00,Amazon
REV-102668,PRD-00110,CUST-255672,1.0,Average.,2025-04-29 02:00:00,Amazon
REV-102669,PRD-02115,CUST-223329,1.0,Average.,2026-07-14 05:00:00,Amazon
REV-102670,PRD-01697,CUST-445154,3.0,Good product.,2026-07-12 08:00:00,Amazon
REV-102671,PRD-01813,CUST-141452,4.0,Not what I expected.,2024-08-13 01:00:00,Amazon
REV-102672,PRD-00436,CUST-335069,3.0,Great!,2025-10-24 05:00:00,Amazon
REV-102673,PRD-01160,CUST-478606,3.0,Great!,2025-09-22 19:00:00,Amazon
REV-102674,PRD-02402,CUST-159083,2.0,Not what I expected.,2025-05-27 15:00:00,Amazon
REV-102675,PRD-01128,CUST-432153,3.0,Not what I expected.,2026-06-09 09:00:00,Amazon
REV-102676,PRD-00976,CUST-148391,5.0,Good product.,2026-03-22 19:00:00,Amazon
REV-102677,PRD-02318,CUST-390848,4.0,Average.,2026-07-04 16:00:00,Amazon
REV-102678,PRD-01737,CUST-406557,3.0,Loved it!,2025-08-23 09:00:00,Amazon
REV-102679,PRD-00675,CUST-415127,3.0,Loved it!,2026-05-31 08:00:00,Amazon
REV-102680,PRD-00494,CUST-475742,1.0,Loved it!,2026-01-02 22:00:00,Amazon
REV-102681,PRD-00403,CUST-329383,1.0,Average.,2026-01-30 22:00:00,Amazon
REV-102682,PRD-00109,CUST-386638,5.0,Not what I expected.,2025-04-03 15:00:00,Amazon
REV-102683,PRD-01751,CUST-124001,3.0,Average.,2026-08-06 07:00:00,Amazon
REV-102684,PRD-02475,CUST-408970,2.0,Not what I expected.,2026-05-01 04:00:00,Amazon
REV-102685,PRD-00899,CUST-197821,1.0,Loved it!,2026-06-22 06:00:00,Amazon
REV-102686,PRD-00272,CUST-173259,1.0,Great!,2025-08-03 22:00:00,Amazon
REV-102687,PRD-00242,CUST-316195,4.0,Great!,2025-01-10 04:00:00,Amazon
REV-102688,PRD-01508,CUST-398194,3.0,Great!,2025-04-15 10:00:00,Amazon
REV-102689,PRD-02161,CUST-488845,1.0,Great!,2024-09-02 10:00:00,Amazon
REV-102690,PRD-01871,CUST-110203,3.0,Great!,2024-09-01 07:00:00,Amazon
REV-102691,PRD-00772,CUST-144585,2.0,Average.,2024-11-25 04:00:00,Amazon
REV-102692,PRD-02225,CUST-107686,5.0,Good product.,2024-10-23 18:00:00,Amazon
REV-102693,PRD-01746,CUST-464641,4.0,Not what I expected.,2024-10-08 05:00:00,Amazon
REV-102694,PRD-00325,CUST-206732,2.0,Loved it!,2024-09-25 16:00:00,Amazon
REV-102695,PRD-01413,CUST-250912,3.0,Great!,2026-07-26 16:00:00,Amazon
REV-102696,PRD-01626,CUST-490578,3.0,Loved it!,2026-03-06 03:00:00,Amazon
REV-102697,PRD-00793,CUST-343840,3.0,Great!,2024-11-20 05:00:00,Amazon
REV-102698,PRD-00234,CUST-323595,1.0,Not what I expected.,2026-05-26 09:00:00,Amazon
REV-102699,PRD-00140,CUST-334397,5.0,Good product.,2024-09-25 17:00:00,Amazon
REV-102700,PRD-01036,CUST-237951,4.0,Great!,2026-01-14 08:00:00,Amazon
REV-102701,PRD-00287,CUST-205125,5.0,Not what I expected.,2026-07-22 16:00:00,Amazon
REV-102702,PRD-02118,CUST-291110,3.0,Good product.,2025-05-21 00:00:00,Amazon
REV-102703,PRD-00715,CUST-124899,1.0,Not what I expected.,2024-11-06 10:00:00,Amazon
REV-102704,PRD-00069,CUST-140267,5.0,Not what I expected.,2025-11-16 23:00:00,Amazon
REV-102705,PRD-02240,CUST-148183,1.0,Loved it!,2025-05-03 15:00:00,Amazon
REV-102706,PRD-01667,CUST-226930,1.0,Great!,2025-12-19 10:00:00,Amazon
REV-102708,PRD-01000,CUST-158147,1.0,Average.,2025-11-21 16:00:00,Amazon
REV-102709,PRD-00968,CUST-386461,4.0,Great!,2024-12-24 10:00:00,Amazon
REV-102710,PRD-02264,CUST-223214,3.0,Not what I expected.,2026-02-23 01:00:00,Amazon
REV-102711,PRD-01005,CUST-230956,3.0,Great!,2025-11-12 04:00:00,Amazon
REV-102712,PRD-01741,CUST-311390,5.0,Great!,2026-08-08 22:00:00,Amazon
REV-102713,PRD-00631,CUST-142628,1.0,Good product.,2025-12-16 18:00:00,Amazon
REV-102714,PRD-00678,CUST-139343,3.0,Good product.,2024-08-25 19:00:00,Amazon
REV-102715,PRD-02333,CUST-401693,5.0,Great!,2025-06-16 13:00:00,Amazon
REV-102716,PRD-01577,CUST-235713,3.0,Loved it!,2025-08-07 22:00:00,Amazon
REV-102717,PRD-00847,CUST-289510,1.0,Loved it!,2026-02-12 16:00:00,Amazon
REV-102718,PRD-02229,CUST-202206,2.0,Good product.,2025-03-19 18:00:00,Amazon
REV-102719,PRD-01991,CUST-319349,3.0,Not what I expected.,2024-12-08 20:00:00,Amazon
REV-102721,PRD-01261,CUST-274665,4.0,Loved it!,2026-05-31 18:00:00,Amazon
REV-102722,PRD-01036,CUST-397886,4.0,Average.,2025-02-02 10:00:00,Amazon
REV-102723,PRD-01935,CUST-232678,4.0,Loved it!,2025-07-12 08:00:00,Amazon
REV-102724,PRD-00436,CUST-166728,5.0,Great!,2025-05-20 21:00:00,Amazon
REV-102725,PRD-00363,CUST-477072,4.0,Great!,2026-05-14 01:00:00,Amazon
REV-102726,PRD-00183,CUST-490247,1.0,Not what I expected.,2025-06-30 15:00:00,Amazon
REV-102727,PRD-02290,CUST-101610,5.0,Average.,2026-04-06 23:00:00,Amazon
REV-102728,PRD-01195,CUST-389839,1.0,Great!,2025-12-30 19:00:00,Amazon
REV-102729,PRD-00575,CUST-186452,1.0,Loved it!,2025-11-22 22:00:00,Amazon
REV-102730,PRD-02380,CUST-484479,1.0,Average.,2026-02-21 22:00:00,Amazon
REV-102731,PRD-02355,CUST-427651,5.0,Great!,2026-03-03 14:00:00,Amazon
REV-102732,PRD-02144,CUST-477471,2.0,Average.,2025-03-18 06:00:00,Amazon
REV-102733,PRD-01233,CUST-264408,1.0,Good product.,2024-12-13 11:00:00,Amazon
REV-102735,PRD-02406,CUST-486982,1.0,Average.,2024-09-15 22:00:00,Amazon
REV-102736,PRD-00371,CUST-270906,2.0,Loved it!,2025-06-27 07:00:00,Amazon
REV-102737,PRD-02026,CUST-273361,4.0,Loved it!,2025-10-17 16:00:00,Amazon
REV-102738,PRD-00514,CUST-148183,4.0,Great!,2025-05-03 15:00:00,Amazon
REV-102739,PRD-00854,CUST-464416,3.0,Good product.,2026-02-01 05:00:00,Amazon
REV-102740,PRD-00180,CUST-190008,5.0,Good product.,2024-12-11 20:00:00,Amazon
REV-102742,PRD-00764,CUST-191762,2.0,Average.,2025-04-04 16:00:00,Amazon
REV-102743,PRD-01703,CUST-323949,2.0,Good product.,2024-10-26 07:00:00,Amazon
REV-102744,PRD-00150,CUST-251356,2.0,Great!,2026-03-25 13:00:00,Amazon
REV-102745,PRD-00971,CUST-280883,3.0,Average.,2025-04-15 11:00:00,Amazon
REV-102746,PRD-00960,CUST-304307,4.0,Not what I expected.,2025-05-28 17:00:00,Amazon
REV-102747,PRD-02385,CUST-106812,5.0,Loved it!,2024-12-01 12:00:00,Amazon
REV-102748,PRD-01194,CUST-269240,3.0,Loved it!,2025-08-09 01:00:00,Amazon
REV-102749,PRD-01588,CUST-362168,1.0,Good product.,2026-07-30 08:00:00,Amazon
REV-102750,PRD-01473,CUST-462598,4.0,Loved it!,2025-08-14 06:00:00,Amazon
REV-102751,PRD-01224,CUST-337803,3.0,Great!,2025-01-03 07:00:00,Amazon
REV-102753,PRD-01880,CUST-111594,1.0,Great!,2025-04-20 12:00:00,Amazon
REV-102754,PRD-01630,CUST-290925,5.0,Good product.,2025-12-17 10:00:00,Amazon
REV-102755,PRD-02419,CUST-108494,1.0,Great!,2026-02-22 13:00:00,Amazon
REV-102756,PRD-01370,CUST-345601,3.0,Good product.,2024-08-21 23:00:00,Amazon
REV-102757,PRD-02414,CUST-211398,1.0,Great!,2024-12-14 23:00:00,Amazon
REV-102758,PRD-00614,CUST-323267,2.0,Not what I expected.,2024-09-23 14:00:00,Amazon
REV-102759,PRD-01314,CUST-227909,3.0,Good product.,2025-06-03 01:00:00,Amazon
REV-102760,PRD-00277,CUST-300727,2.0,Good product.,2025-02-17 16:00:00,Amazon
REV-102761,PRD-02260,CUST-449100,3.0,Average.,2025-12-11 05:00:00,Amazon
REV-102762,PRD-00510,CUST-487600,1.0,Great!,2025-06-14 00:00:00,Amazon
REV-102763,PRD-02410,CUST-189369,5.0,Good product.,2026-07-10 10:00:00,Amazon
REV-102764,PRD-00706,CUST-326941,2.0,Great!,2025-05-06 09:00:00,Amazon
REV-102765,PRD-01679,CUST-279637,1.0,Good product.,2025-03-18 19:00:00,Amazon
REV-102766,PRD-00642,CUST-133980,2.0,Great!,2025-06-08 08:00:00,Amazon
REV-102767,PRD-01340,CUST-226930,3.0,Good product.,2025-12-19 10:00:00,Amazon
REV-102768,PRD-02456,CUST-335397,3.0,Not what I expected.,2026-01-22 07:00:00,Amazon
REV-102769,PRD-02080,CUST-173353,5.0,Average.,2024-09-02 02:00:00,Amazon
REV-102770,PRD-02133,CUST-468697,4.0,Average.,2024-11-02 02:00:00,Amazon
REV-102771,PRD-00481,CUST-464531,1.0,Loved it!,2025-03-17 07:00:00,Amazon
REV-102772,PRD-00632,CUST-124532,4.0,Not what I expected.,2024-08-16 03:00:00,Amazon
REV-102773,PRD-01529,CUST-159448,3.0,Great!,2026-02-10 12:00:00,Amazon
REV-102774,PRD-01018,CUST-395599,2.0,Not what I expected.,2024-09-15 13:00:00,Amazon
REV-102775,PRD-00685,CUST-358552,4.0,Great!,2024-09-28 11:00:00,Amazon
REV-102776,PRD-00619,CUST-362168,5.0,Good product.,2025-05-23 07:00:00,Amazon
REV-102777,PRD-00971,CUST-269808,2.0,Average.,2024-10-03 00:00:00,Amazon
REV-102778,PRD-00226,CUST-159968,1.0,Loved it!,2024-09-21 09:00:00,Amazon
REV-102779,PRD-00606,CUST-181633,3.0,Not what I expected.,2026-07-05 01:00:00,Amazon
REV-102781,PRD-00166,CUST-394461,2.0,Not what I expected.,2024-10-14 17:00:00,Amazon
REV-102782,PRD-00200,CUST-294281,2.0,Average.,2025-10-11 10:00:00,Amazon
REV-102783,PRD-00216,CUST-243530,2.0,Average.,2025-04-26 14:00:00,Amazon
REV-102784,PRD-01441,CUST-347713,1.0,Average.,2026-08-06 00:00:00,Amazon
REV-102785,PRD-02276,CUST-352081,5.0,Not what I expected.,2025-01-01 14:00:00,Amazon
REV-102786,PRD-00195,CUST-280472,1.0,Great!,2024-09-18 10:00:00,Amazon
REV-102787,PRD-01504,CUST-100575,4.0,Loved it!,2024-09-26 09:00:00,Amazon
REV-102788,PRD-01999,CUST-170752,4.0,Average.,2026-04-17 08:00:00,Amazon
REV-102789,PRD-02109,CUST-382912,4.0,Not what I expected.,2026-01-15 16:00:00,Amazon
REV-102790,PRD-02308,CUST-391200,3.0,Great!,2026-04-11 01:00:00,Amazon
REV-102791,PRD-02067,CUST-168100,4.0,Average.,2025-08-08 07:00:00,Amazon
REV-102792,PRD-02041,CUST-374717,5.0,Great!,2025-03-26 17:00:00,Amazon
REV-102793,PRD-01147,CUST-482183,5.0,Great!,2025-01-31 14:00:00,Amazon
REV-102794,PRD-00607,CUST-161749,1.0,Good product.,2026-05-28 09:00:00,Amazon
REV-102795,PRD-01729,CUST-456630,3.0,Good product.,2025-10-21 20:00:00,Amazon
REV-102796,PRD-01770,CUST-401242,5.0,Loved it!,2025-04-30 18:00:00,Amazon
REV-102798,PRD-01867,CUST-115707,3.0,Great!,2026-06-08 20:00:00,Amazon
REV-102799,PRD-02146,CUST-167496,5.0,Great!,2025-03-05 21:00:00,Amazon
REV-102800,PRD-02253,CUST-184064,5.0,Not what I expected.,2024-09-18 02:00:00,Amazon
REV-102801,PRD-00505,CUST-493398,5.0,Average.,2025-12-23 03:00:00,Amazon
REV-102802,PRD-02188,CUST-294643,5.0,Not what I expected.,2025-05-24 07:00:00,Amazon
REV-102803,PRD-01679,CUST-427480,2.0,Loved it!,2024-11-19 13:00:00,Amazon
REV-102805,PRD-00394,CUST-114311,2.0,Loved it!,2026-04-07 05:00:00,Amazon
REV-102806,PRD-00036,CUST-135166,1.0,Not what I expected.,2025-07-03 23:00:00,Amazon
REV-102807,PRD-00165,CUST-173257,2.0,Not what I expected.,2025-05-15 22:00:00,Amazon
REV-102808,PRD-01830,CUST-135596,1.0,Good product.,2026-08-15 02:00:00,Amazon
REV-102809,PRD-01974,CUST-310403,2.0,Average.,2026-02-15 02:00:00,Amazon
REV-102810,PRD-01937,CUST-386230,1.0,Good product.,2025-01-09 02:00:00,Amazon
REV-102813,PRD-01174,CUST-317547,4.0,Loved it!,2026-07-30 22:00:00,Amazon
REV-102814,PRD-01714,CUST-147107,5.0,Not what I expected.,2025-10-18 11:00:00,Amazon
REV-102815,PRD-00951,CUST-427983,3.0,Good product.,2025-07-22 07:00:00,Amazon
REV-102817,PRD-01074,CUST-275145,1.0,Average.,2025-03-16 14:00:00,Amazon
REV-102818,PRD-01093,CUST-401511,5.0,Average.,2025-03-02 20:00:00,Amazon
REV-102819,PRD-01604,CUST-392568,4.0,Good product.,2024-09-23 13:00:00,Amazon
REV-102820,PRD-00490,CUST-271376,1.0,Good product.,2026-03-19 17:00:00,Amazon
REV-102821,PRD-01909,CUST-233966,4.0,Not what I expected.,2025-07-30 16:00:00,Amazon
REV-102822,PRD-01381,CUST-286003,4.0,Loved it!,2024-10-06 08:00:00,Amazon
REV-102823,PRD-01353,CUST-341909,2.0,Good product.,2025-11-21 10:00:00,Amazon
REV-102824,PRD-01138,CUST-149968,4.0,Loved it!,2025-07-04 13:00:00,Amazon
REV-102825,PRD-00858,CUST-258346,1.0,Loved it!,2026-07-09 14:00:00,Amazon
REV-102826,PRD-00920,CUST-308577,4.0,Loved it!,2024-12-24 22:00:00,Amazon
REV-102827,PRD-01301,CUST-152516,4.0,Loved it!,2026-08-08 15:00:00,Amazon
REV-102828,PRD-02053,CUST-149783,3.0,Great!,2024-09-10 17:00:00,Amazon
REV-102829,PRD-00779,CUST-219459,4.0,Great!,2024-12-20 04:00:00,Amazon
REV-102830,PRD-00265,CUST-348763,5.0,Great!,2026-06-27 22:00:00,Amazon
REV-102831,PRD-00076,CUST-112436,4.0,Loved it!,2026-06-08 14:00:00,Amazon
REV-102832,PRD-00788,CUST-200910,4.0,Average.,2025-02-21 05:00:00,Amazon
REV-102833,PRD-00963,CUST-311631,3.0,Great!,2025-02-09 08:00:00,Amazon
REV-102834,PRD-02063,CUST-214806,5.0,Average.,2024-08-12 22:00:00,Amazon
REV-102835,PRD-01753,CUST-227437,5.0,Great!,2025-04-03 08:00:00,Amazon
REV-102837,PRD-02417,CUST-435052,4.0,Loved it!,2025-07-19 11:00:00,Amazon
REV-102838,PRD-02122,CUST-208178,2.0,Great!,2025-04-20 14:00:00,Amazon
REV-102839,PRD-00129,CUST-330815,1.0,Not what I expected.,2025-10-19 08:00:00,Amazon
REV-102840,PRD-00808,CUST-387546,1.0,Average.,2026-06-02 17:00:00,Amazon
REV-102841,PRD-01235,CUST-403403,3.0,Average.,2025-06-09 02:00:00,Amazon
REV-102842,PRD-01868,CUST-307527,2.0,Not what I expected.,2024-09-07 12:00:00,Amazon
REV-102843,PRD-01194,CUST-191815,1.0,Loved it!,2026-01-06 02:00:00,Amazon
REV-102844,PRD-00856,CUST-226612,3.0,Not what I expected.,2025-02-19 06:00:00,Amazon
REV-102845,PRD-00419,CUST-271489,1.0,Average.,2025-07-28 10:00:00,Amazon
REV-102846,PRD-02070,CUST-138833,2.0,Not what I expected.,2025-05-05 20:00:00,Amazon
REV-102847,PRD-02280,CUST-400267,2.0,Great!,2025-07-02 07:00:00,Amazon
REV-102848,PRD-00119,CUST-186310,3.0,Good product.,2025-08-27 03:00:00,Amazon
REV-102849,PRD-01310,CUST-497619,2.0,Great!,2026-07-14 06:00:00,Amazon
REV-102850,PRD-01475,CUST-253415,4.0,Loved it!,2024-09-09 20:00:00,Amazon
REV-102851,PRD-01950,CUST-161076,2.0,Loved it!,2025-08-04 06:00:00,Amazon
REV-102852,PRD-00849,CUST-173843,4.0,Not what I expected.,2026-07-05 15:00:00,Amazon
REV-102853,PRD-01872,CUST-268779,5.0,Great!,2026-03-25 22:00:00,Amazon
REV-102854,PRD-00077,CUST-269857,3.0,Not what I expected.,2025-04-10 19:00:00,Amazon
REV-102855,PRD-00599,CUST-367615,3.0,Good product.,2026-05-21 12:00:00,Amazon
REV-102856,PRD-00918,CUST-385522,1.0,Great!,2026-02-21 02:00:00,Amazon
REV-102857,PRD-00795,CUST-184622,5.0,Great!,2025-01-30 18:00:00,Amazon
REV-102859,PRD-00509,CUST-308399,1.0,Good product.,2025-01-18 03:00:00,Amazon
REV-102860,PRD-00848,CUST-388716,3.0,Good product.,2025-09-24 15:00:00,Amazon
REV-102862,PRD-00301,CUST-296967,1.0,Great!,2024-08-20 10:00:00,Amazon
REV-102863,PRD-01708,CUST-178040,2.0,Good product.,2026-06-04 16:00:00,Amazon
REV-102864,PRD-01613,CUST-329924,5.0,Average.,2025-01-15 00:00:00,Amazon
REV-102865,PRD-01814,CUST-451349,3.0,Good product.,2024-11-30 19:00:00,Amazon
REV-102866,PRD-01163,CUST-401693,3.0,Loved it!,2025-11-15 23:00:00,Amazon
REV-102867,PRD-02012,CUST-357062,4.0,Good product.,2025-02-24 08:00:00,Amazon
REV-102868,PRD-02484,CUST-204157,5.0,Good product.,2026-07-03 14:00:00,Amazon
REV-102869,PRD-01561,CUST-414640,5.0,Loved it!,2024-11-16 16:00:00,Amazon
REV-102870,PRD-00147,CUST-140969,5.0,Loved it!,2026-06-11 02:00:00,Amazon
REV-102871,PRD-01163,CUST-168019,3.0,Average.,2026-04-16 11:00:00,Amazon
REV-102872,PRD-02012,CUST-399377,2.0,Great!,2024-11-10 03:00:00,Amazon
REV-102873,PRD-00680,CUST-417231,3.0,Average.,2026-06-10 09:00:00,Amazon
REV-102874,PRD-01849,CUST-422129,3.0,Average.,2026-04-27 09:00:00,Amazon
REV-102875,PRD-01475,CUST-421397,3.0,Great!,2024-11-16 07:00:00,Amazon
REV-102876,PRD-00725,CUST-462212,2.0,Great!,2025-06-08 12:00:00,Amazon
REV-102877,PRD-01317,CUST-489603,3.0,Loved it!,2025-07-16 00:00:00,Amazon
REV-102878,PRD-01670,CUST-223952,3.0,Not what I expected.,2025-11-14 18:00:00,Amazon
REV-102879,PRD-01543,CUST-215639,5.0,Good product.,2025-09-18 18:00:00,Amazon
REV-102880,PRD-01634,CUST-383546,5.0,Average.,2025-06-14 14:00:00,Amazon
REV-102881,PRD-01467,CUST-417328,4.0,Loved it!,2025-07-09 15:00:00,Amazon
REV-102882,PRD-01075,CUST-167704,1.0,Good product.,2025-05-31 00:00:00,Amazon
REV-102883,PRD-00870,CUST-269729,2.0,Not what I expected.,2024-09-27 10:00:00,Amazon
REV-102884,PRD-00786,CUST-440886,4.0,Not what I expected.,2025-09-13 11:00:00,Amazon
REV-102885,PRD-02314,CUST-465960,3.0,Not what I expected.,2026-05-31 15:00:00,Amazon
REV-102886,PRD-00066,CUST-390848,3.0,Great!,2025-11-28 10:00:00,Amazon
REV-102887,PRD-01831,CUST-132916,1.0,Loved it!,2026-07-03 14:00:00,Amazon
REV-102888,PRD-01744,CUST-269099,5.0,Good product.,2025-10-17 13:00:00,Amazon
REV-102889,PRD-00256,CUST-107437,2.0,Great!,2026-04-27 12:00:00,Amazon
REV-102890,PRD-01509,CUST-487336,4.0,Average.,2026-07-21 09:00:00,Amazon
REV-102891,PRD-00701,CUST-424977,5.0,Average.,2025-05-30 00:00:00,Amazon
REV-102893,PRD-01805,CUST-268379,1.0,Great!,2026-01-09 03:00:00,Amazon
REV-102894,PRD-00648,CUST-272401,4.0,Great!,2026-04-10 01:00:00,Amazon
REV-102895,PRD-02376,CUST-234790,4.0,Average.,2025-07-21 16:00:00,Amazon
REV-102896,PRD-00674,CUST-161692,5.0,Not what I expected.,2026-04-10 04:00:00,Amazon
REV-102897,PRD-01218,CUST-129420,3.0,Not what I expected.,2025-01-20 22:00:00,Amazon
REV-102898,PRD-00388,CUST-295183,3.0,Good product.,2025-09-01 04:00:00,Amazon
REV-102900,PRD-00460,CUST-123982,4.0,Loved it!,2025-04-25 08:00:00,Amazon
REV-102901,PRD-01475,CUST-249152,1.0,Good product.,2024-10-25 17:00:00,Amazon
REV-102902,PRD-00274,CUST-104643,2.0,Average.,2026-01-17 02:00:00,Amazon
REV-102903,PRD-01914,CUST-179187,4.0,Not what I expected.,2025-03-14 09:00:00,Amazon
REV-102904,PRD-00333,CUST-219917,4.0,Average.,2025-09-02 11:00:00,Amazon
REV-102905,PRD-02157,CUST-311390,3.0,Average.,2025-02-19 02:00:00,Amazon
REV-102906,PRD-00252,CUST-424331,2.0,Great!,2024-11-05 21:00:00,Amazon
REV-102907,PRD-01248,CUST-368554,1.0,Not what I expected.,2024-12-15 08:00:00,Amazon
REV-102908,PRD-00305,CUST-350233,4.0,Not what I expected.,2025-07-27 00:00:00,Amazon
REV-102909,PRD-00480,CUST-117140,3.0,Not what I expected.,2025-02-20 15:00:00,Amazon
REV-102910,PRD-00948,CUST-403703,5.0,Great!,2025-07-05 18:00:00,Amazon
REV-102911,PRD-01168,CUST-130822,5.0,Average.,2026-08-08 09:00:00,Amazon
REV-102912,PRD-01272,CUST-451978,2.0,Good product.,2026-08-07 04:00:00,Amazon
REV-102913,PRD-00102,CUST-156179,1.0,Great!,2024-08-28 19:00:00,Amazon
REV-102914,PRD-01304,CUST-298958,3.0,Average.,2024-11-02 15:00:00,Amazon
REV-102915,PRD-00668,CUST-213749,5.0,Loved it!,2025-08-01 03:00:00,Amazon
REV-102916,PRD-01913,CUST-472192,5.0,Great!,2025-04-23 14:00:00,Amazon
REV-102917,PRD-01234,CUST-142695,4.0,Good product.,2025-06-18 19:00:00,Amazon
REV-102918,PRD-00508,CUST-192245,1.0,Loved it!,2026-07-19 12:00:00,Amazon
REV-102919,PRD-01665,CUST-107829,5.0,Great!,2026-02-11 19:00:00,Amazon
REV-102920,PRD-00311,CUST-471907,1.0,Loved it!,2026-03-20 02:00:00,Amazon
REV-102921,PRD-01366,CUST-201795,5.0,Average.,2026-03-19 14:00:00,Amazon
REV-102922,PRD-01887,CUST-394123,5.0,Average.,2025-04-11 18:00:00,Amazon
REV-102923,PRD-01543,CUST-217873,5.0,Average.,2026-01-28 15:00:00,Amazon
REV-102924,PRD-02343,CUST-108831,2.0,Average.,2024-08-30 01:00:00,Amazon
REV-102925,PRD-01762,CUST-266932,1.0,Average.,2026-05-30 15:00:00,Amazon
REV-102926,PRD-00264,CUST-483825,2.0,Good product.,2024-08-30 16:00:00,Amazon
REV-102927,PRD-00983,CUST-435683,3.0,Good product.,2025-12-27 03:00:00,Amazon
REV-102928,PRD-01834,CUST-319349,3.0,Not what I expected.,2025-07-27 16:00:00,Amazon
REV-102929,PRD-00333,CUST-320318,4.0,Great!,2025-07-24 14:00:00,Amazon
REV-102930,PRD-01055,CUST-428671,4.0,Good product.,2025-08-05 20:00:00,Amazon
REV-102931,PRD-02383,CUST-154459,2.0,Loved it!,2024-12-16 16:00:00,Amazon
REV-102932,PRD-01158,CUST-457542,4.0,Good product.,2026-04-09 07:00:00,Amazon
REV-102933,PRD-00829,CUST-370784,1.0,Loved it!,2025-05-15 02:00:00,Amazon
REV-102934,PRD-02218,CUST-197053,2.0,Average.,2025-01-23 00:00:00,Amazon
REV-102935,PRD-01354,CUST-400914,2.0,Great!,2025-03-27 06:00:00,Amazon
REV-102936,PRD-02461,CUST-346327,2.0,Great!,2025-02-20 07:00:00,Amazon
REV-102937,PRD-01669,CUST-108410,5.0,Average.,2025-09-22 02:00:00,Amazon
REV-102938,PRD-00195,CUST-254354,2.0,Not what I expected.,2024-10-27 15:00:00,Amazon
REV-102939,PRD-00706,CUST-486139,4.0,Not what I expected.,2024-12-05 11:00:00,Amazon
REV-102940,PRD-01510,CUST-223053,5.0,Loved it!,2025-01-23 11:00:00,Amazon
REV-102942,PRD-00693,CUST-280924,5.0,Good product.,2024-08-21 10:00:00,Amazon
REV-102944,PRD-01672,CUST-185435,4.0,Good product.,2026-01-08 06:00:00,Amazon
REV-102946,PRD-00591,CUST-393579,3.0,Loved it!,2025-12-02 19:00:00,Amazon
REV-102947,PRD-01724,CUST-265434,2.0,Great!,2025-02-15 16:00:00,Amazon
REV-102948,PRD-01907,CUST-290950,4.0,Good product.,2026-03-28 18:00:00,Amazon
REV-102949,PRD-02018,CUST-308827,2.0,Loved it!,2025-12-04 08:00:00,Amazon
REV-102950,PRD-00119,CUST-357727,4.0,Good product.,2026-03-30 00:00:00,Amazon
REV-102951,PRD-02138,CUST-292978,4.0,Great!,2025-12-23 16:00:00,Amazon
REV-102952,PRD-01082,CUST-125540,5.0,Loved it!,2026-05-21 12:00:00,Amazon
REV-102953,PRD-01215,CUST-345509,5.0,Great!,2025-09-14 08:00:00,Amazon
REV-102954,PRD-01129,CUST-431878,5.0,Great!,2025-06-04 00:00:00,Amazon
REV-102955,PRD-00896,CUST-343050,4.0,Average.,2024-12-19 23:00:00,Amazon
REV-102956,PRD-00154,CUST-450287,2.0,Great!,2025-09-24 01:00:00,Amazon
REV-102957,PRD-01846,CUST-210434,4.0,Not what I expected.,2025-11-07 07:00:00,Amazon
REV-102958,PRD-00465,CUST-228119,4.0,Not what I expected.,2026-03-24 06:00:00,Amazon
REV-102959,PRD-00776,CUST-378377,5.0,Good product.,2026-02-01 16:00:00,Amazon
REV-102960,PRD-01753,CUST-164661,2.0,Great!,2025-12-20 12:00:00,Amazon
REV-102961,PRD-01019,CUST-449696,4.0,Loved it!,2026-06-09 20:00:00,Amazon
REV-102962,PRD-00535,CUST-348910,2.0,Good product.,2026-03-16 07:00:00,Amazon
REV-102963,PRD-00481,CUST-411894,4.0,Average.,2025-10-08 17:00:00,Amazon
REV-102964,PRD-00211,CUST-312667,1.0,Great!,2026-01-15 16:00:00,Amazon
REV-102966,PRD-02294,CUST-384956,4.0,Good product.,2025-10-04 08:00:00,Amazon
REV-102967,PRD-02369,CUST-131310,2.0,Great!,2026-04-29 18:00:00,Amazon
REV-102968,PRD-02038,CUST-252399,5.0,Great!,2025-12-06 22:00:00,Amazon
REV-102969,PRD-01357,CUST-347945,3.0,Loved it!,2026-08-14 05:00:00,Amazon
REV-102970,PRD-00938,CUST-224103,3.0,Not what I expected.,2025-01-17 00:00:00,Amazon
REV-102971,PRD-02022,CUST-244633,1.0,Average.,2025-01-08 07:00:00,Amazon
REV-102972,PRD-00912,CUST-154466,1.0,Great!,2025-06-16 06:00:00,Amazon
REV-102973,PRD-00640,CUST-372688,4.0,Great!,2026-06-09 04:00:00,Amazon
REV-102974,PRD-02022,CUST-108174,3.0,Not what I expected.,2026-04-29 07:00:00,Amazon
REV-102975,PRD-01359,CUST-360264,2.0,Great!,2024-09-19 09:00:00,Amazon
REV-102976,PRD-00484,CUST-243003,5.0,Not what I expected.,2025-06-02 17:00:00,Amazon
REV-102977,PRD-02410,CUST-167857,3.0,Not what I expected.,2026-03-31 02:00:00,Amazon
REV-102979,PRD-00633,CUST-142695,4.0,Great!,2025-10-12 19:00:00,Amazon
REV-102980,PRD-01081,CUST-426063,1.0,Loved it!,2025-08-20 06:00:00,Amazon
REV-102981,PRD-00846,CUST-283714,1.0,Loved it!,2025-01-18 14:00:00,Amazon
REV-102982,PRD-02125,CUST-369504,5.0,Great!,2025-06-12 09:00:00,Amazon
REV-102983,PRD-01114,CUST-294009,2.0,Not what I expected.,2026-02-17 00:00:00,Amazon
REV-102984,PRD-01214,CUST-427916,2.0,Not what I expected.,2024-12-31 04:00:00,Amazon
REV-102985,PRD-01191,CUST-176423,4.0,Loved it!,2026-05-29 17:00:00,Amazon
REV-102986,PRD-02437,CUST-461947,4.0,Good product.,2025-02-14 06:00:00,Amazon
REV-102987,PRD-01467,CUST-481598,2.0,Average.,2025-10-13 16:00:00,Amazon
REV-102988,PRD-01151,CUST-114664,4.0,Not what I expected.,2025-04-28 10:00:00,Amazon
REV-102989,PRD-02398,CUST-217472,5.0,Great!,2025-08-13 03:00:00,Amazon
REV-102990,PRD-00790,CUST-156518,5.0,Loved it!,2025-01-19 01:00:00,Amazon
REV-102991,PRD-00965,CUST-450347,3.0,Good product.,2025-10-15 01:00:00,Amazon
REV-102992,PRD-01415,CUST-366776,1.0,Average.,2026-04-15 19:00:00,Amazon
REV-102993,PRD-01158,CUST-280643,2.0,Great!,2024-10-07 17:00:00,Amazon
REV-102994,PRD-01484,CUST-203254,5.0,Good product.,2026-06-07 12:00:00,Amazon
REV-102995,PRD-00662,CUST-482405,3.0,Not what I expected.,2026-06-07 19:00:00,Amazon
REV-102996,PRD-01992,CUST-468075,2.0,Great!,2025-08-01 17:00:00,Amazon
REV-102997,PRD-00823,CUST-245614,3.0,Loved it!,2026-05-07 23:00:00,Amazon
REV-102998,PRD-01197,CUST-294879,2.0,Great!,2025-07-19 17:00:00,Amazon
REV-102999,PRD-01496,CUST-352161,4.0,Great!,2026-02-25 18:00:00,Amazon
REV-103000,PRD-01648,CUST-484330,1.0,Good product.,2024-10-03 13:00:00,Amazon
REV-103001,PRD-00165,CUST-348840,2.0,Good product.,2026-06-27 10:00:00,Amazon
REV-103002,PRD-01922,CUST-108494,5.0,Not what I expected.,2025-07-21 06:00:00,Amazon
REV-103003,PRD-00843,CUST-391823,4.0,Loved it!,2026-04-15 08:00:00,Amazon
REV-103004,PRD-00688,CUST-131883,3.0,Loved it!,2025-12-28 15:00:00,Amazon
REV-103005,PRD-01831,CUST-396013,2.0,Loved it!,2025-10-01 13:00:00,Amazon
REV-103006,PRD-00104,CUST-127892,4.0,Average.,2025-10-06 23:00:00,Amazon
REV-103007,PRD-01528,CUST-132985,2.0,Loved it!,2024-10-10 20:00:00,Amazon
REV-103008,PRD-01604,CUST-177780,4.0,Great!,2025-02-11 10:00:00,Amazon
REV-103009,PRD-01270,CUST-366753,3.0,Great!,2025-02-27 23:00:00,Amazon
REV-103010,PRD-01649,CUST-149783,2.0,Great!,2024-09-10 17:00:00,Amazon
REV-103011,PRD-01433,CUST-293269,5.0,Average.,2025-05-12 01:00:00,Amazon
REV-103012,PRD-02051,CUST-179412,3.0,Great!,2026-08-07 17:00:00,Amazon
REV-103013,PRD-01326,CUST-179912,4.0,Good product.,2025-10-04 08:00:00,Amazon
REV-103014,PRD-00888,CUST-457631,5.0,Average.,2026-07-08 06:00:00,Amazon
REV-103015,PRD-01425,CUST-346678,2.0,Good product.,2026-05-13 21:00:00,Amazon
REV-103016,PRD-00375,CUST-387046,5.0,Average.,2024-11-11 22:00:00,Amazon
REV-103017,PRD-00724,CUST-371055,3.0,Great!,2025-01-18 22:00:00,Amazon
REV-103018,PRD-02233,CUST-447388,2.0,Not what I expected.,2024-11-10 14:00:00,Amazon
REV-103019,PRD-00092,CUST-322393,2.0,Loved it!,2025-11-07 10:00:00,Amazon
REV-103020,PRD-00203,CUST-397477,5.0,Loved it!,2025-10-19 17:00:00,Amazon
REV-103021,PRD-00227,CUST-112272,2.0,Loved it!,2025-03-18 15:00:00,Amazon
REV-103022,PRD-02310,CUST-372086,3.0,Loved it!,2025-11-27 07:00:00,Amazon
REV-103023,PRD-02080,CUST-451008,5.0,Good product.,2026-07-02 23:00:00,Amazon
REV-103024,PRD-01491,CUST-431100,1.0,Loved it!,2026-07-19 21:00:00,Amazon
REV-103025,PRD-01915,CUST-157837,5.0,Loved it!,2025-06-01 04:00:00,Amazon
REV-103026,PRD-02340,CUST-111919,1.0,Not what I expected.,2025-09-02 19:00:00,Amazon
REV-103027,PRD-00508,CUST-445796,2.0,Good product.,2026-01-27 06:00:00,Amazon
REV-103028,PRD-02445,CUST-328006,1.0,Loved it!,2026-08-14 00:00:00,Amazon
REV-103029,PRD-01535,CUST-214982,4.0,Average.,2025-11-19 23:00:00,Amazon
REV-103030,PRD-00884,CUST-118508,4.0,Good product.,2024-12-31 01:00:00,Amazon
REV-103031,PRD-01740,CUST-443325,5.0,Average.,2025-02-12 20:00:00,Amazon
REV-103032,PRD-01202,CUST-323621,4.0,Good product.,2025-02-22 02:00:00,Amazon
REV-103033,PRD-02360,CUST-314229,4.0,Loved it!,2025-04-01 12:00:00,Amazon
REV-103034,PRD-01915,CUST-114339,1.0,Great!,2026-01-21 08:00:00,Amazon
REV-103035,PRD-02471,CUST-216623,2.0,Good product.,2026-01-28 03:00:00,Amazon
REV-103037,PRD-01452,CUST-180603,5.0,Good product.,2025-03-14 20:00:00,Amazon
REV-103038,PRD-01745,CUST-317607,5.0,Good product.,2026-08-06 15:00:00,Amazon
REV-103039,PRD-00711,CUST-138301,2.0,Average.,2024-12-06 21:00:00,Amazon
REV-103040,PRD-02214,CUST-388696,3.0,Average.,2025-01-02 23:00:00,Amazon
REV-103041,PRD-02359,CUST-496657,3.0,Not what I expected.,2026-06-09 09:00:00,Amazon
REV-103042,PRD-02367,CUST-377429,4.0,Average.,2025-04-29 16:00:00,Amazon
REV-103043,PRD-00864,CUST-165972,1.0,Good product.,2026-06-14 22:00:00,Amazon
REV-103045,PRD-02470,CUST-357479,4.0,Average.,2025-02-23 10:00:00,Amazon
REV-103046,PRD-00992,CUST-302521,5.0,Average.,2024-11-22 02:00:00,Amazon
REV-103047,PRD-01652,CUST-207998,5.0,Great!,2026-06-25 06:00:00,Amazon
REV-103048,PRD-01840,CUST-138084,2.0,Not what I expected.,2026-01-13 16:00:00,Amazon
REV-103049,PRD-00954,CUST-455758,3.0,Not what I expected.,2025-03-30 06:00:00,Amazon
REV-103050,PRD-01791,CUST-317225,5.0,Loved it!,2024-10-03 09:00:00,Amazon
REV-103051,PRD-02132,CUST-484787,4.0,Average.,2024-10-30 10:00:00,Amazon
REV-103052,PRD-00263,CUST-213394,5.0,Not what I expected.,2025-04-29 08:00:00,Amazon
REV-103054,PRD-02189,CUST-122163,2.0,Not what I expected.,2024-12-22 16:00:00,Amazon
REV-103055,PRD-00373,CUST-303291,4.0,Great!,2026-04-25 06:00:00,Amazon
REV-103057,PRD-00681,CUST-384146,2.0,Great!,2026-02-19 00:00:00,Amazon
REV-103058,PRD-01413,CUST-295623,5.0,Great!,2026-07-02 14:00:00,Amazon
REV-103059,PRD-01156,CUST-212082,5.0,Great!,2025-04-22 06:00:00,Amazon
REV-103060,PRD-00412,CUST-447901,4.0,Great!,2026-07-13 12:00:00,Amazon
REV-103061,PRD-01670,CUST-165351,5.0,Good product.,2026-03-07 10:00:00,Amazon
REV-103062,PRD-01763,CUST-379726,3.0,Good product.,2025-09-14 10:00:00,Amazon
REV-103063,PRD-00870,CUST-362869,2.0,Loved it!,2025-03-01 08:00:00,Amazon
REV-103064,PRD-01927,CUST-450075,1.0,Not what I expected.,2025-11-21 10:00:00,Amazon
REV-103066,PRD-02221,CUST-231947,2.0,Good product.,2024-11-29 14:00:00,Amazon
REV-103067,PRD-01958,CUST-464905,2.0,Not what I expected.,2026-03-24 23:00:00,Amazon
REV-103068,PRD-00014,CUST-478567,4.0,Loved it!,2026-01-12 01:00:00,Amazon
REV-103071,PRD-00031,CUST-402954,3.0,Great!,2024-10-15 20:00:00,Amazon
REV-103072,PRD-01066,CUST-366878,5.0,Average.,2025-12-17 15:00:00,Amazon
REV-103073,PRD-00736,CUST-220023,1.0,Average.,2025-09-07 18:00:00,Amazon
REV-103074,PRD-01112,CUST-319349,4.0,Good product.,2026-01-08 16:00:00,Amazon
REV-103075,PRD-01354,CUST-473719,1.0,Good product.,2026-04-08 22:00:00,Amazon
REV-103076,PRD-00915,CUST-241584,1.0,Average.,2025-10-03 18:00:00,Amazon
REV-103077,PRD-00353,CUST-495766,5.0,Great!,2026-08-08 12:00:00,Amazon
REV-103078,PRD-02439,CUST-363793,4.0,Great!,2024-11-07 14:00:00,Amazon
REV-103079,PRD-02197,CUST-325493,4.0,Good product.,2025-01-12 22:00:00,Amazon
REV-103080,PRD-02209,CUST-415127,1.0,Great!,2026-05-31 08:00:00,Amazon
REV-103081,PRD-01554,CUST-260972,5.0,Average.,2025-02-03 20:00:00,Amazon
REV-103082,PRD-02388,CUST-179580,1.0,Average.,2025-02-03 10:00:00,Amazon
REV-103084,PRD-01668,CUST-449688,4.0,Loved it!,2025-10-01 19:00:00,Amazon
REV-103085,PRD-00708,CUST-298958,3.0,Average.,2024-11-02 15:00:00,Amazon
REV-103086,PRD-01752,CUST-329689,1.0,Average.,2026-01-02 20:00:00,Amazon
REV-103087,PRD-01371,CUST-299993,1.0,Good product.,2025-02-05 10:00:00,Amazon
REV-103088,PRD-00876,CUST-488577,4.0,Not what I expected.,2024-11-04 12:00:00,Amazon
REV-103089,PRD-00456,CUST-365798,3.0,Loved it!,2024-08-25 03:00:00,Amazon
REV-103090,PRD-00335,CUST-470726,2.0,Great!,2025-03-20 12:00:00,Amazon
REV-103091,PRD-02224,CUST-498332,2.0,Average.,2024-12-11 17:00:00,Amazon
REV-103092,PRD-01120,CUST-267780,3.0,Not what I expected.,2025-10-05 03:00:00,Amazon
REV-103093,PRD-02019,CUST-240158,2.0,Not what I expected.,2025-01-28 10:00:00,Amazon
REV-103094,PRD-01041,CUST-175376,2.0,Loved it!,2026-04-25 19:00:00,Amazon
REV-103096,PRD-01290,CUST-268566,4.0,Average.,2025-12-26 11:00:00,Amazon
REV-103097,PRD-02079,CUST-406557,2.0,Average.,2025-08-23 09:00:00,Amazon
REV-103098,PRD-00437,CUST-407403,3.0,Not what I expected.,2025-07-22 12:00:00,Amazon
REV-103099,PRD-01366,CUST-394077,5.0,Good product.,2024-11-20 23:00:00,Amazon
REV-103100,PRD-00177,CUST-398278,1.0,Not what I expected.,2024-10-19 22:00:00,Amazon
REV-103101,PRD-00434,CUST-119092,4.0,Great!,2026-04-09 19:00:00,Amazon
REV-103102,PRD-00457,CUST-289388,5.0,Great!,2024-09-15 15:00:00,Amazon
REV-103104,PRD-00996,CUST-175303,2.0,Loved it!,2025-10-14 05:00:00,Amazon
REV-103105,PRD-00967,CUST-390848,3.0,Not what I expected.,2025-11-28 10:00:00,Amazon
REV-103106,PRD-00122,CUST-244067,1.0,Average.,2025-05-28 02:00:00,Amazon
REV-103107,PRD-01405,CUST-304688,3.0,Great!,2025-09-01 23:00:00,Amazon
REV-103109,PRD-01129,CUST-457589,1.0,Average.,2026-06-07 07:00:00,Amazon
REV-103110,PRD-02110,CUST-392095,2.0,Loved it!,2024-12-14 01:00:00,Amazon
REV-103111,PRD-00788,CUST-386356,3.0,Average.,2026-04-11 05:00:00,Amazon
REV-103112,PRD-00980,CUST-447388,4.0,Great!,2025-12-26 19:00:00,Amazon
REV-103113,PRD-00956,CUST-417806,3.0,Good product.,2025-01-19 00:00:00,Amazon
REV-103114,PRD-02436,CUST-217206,5.0,Average.,2025-04-24 11:00:00,Amazon
REV-103115,PRD-01988,CUST-102920,4.0,Good product.,2026-04-23 09:00:00,Amazon
REV-103116,PRD-02049,CUST-443321,4.0,Good product.,2025-02-11 21:00:00,Amazon
REV-103117,PRD-00178,CUST-484535,4.0,Average.,2024-11-15 16:00:00,Amazon
REV-103118,PRD-00354,CUST-339687,3.0,Great!,2024-08-18 19:00:00,Amazon
REV-103119,PRD-00354,CUST-206061,4.0,Good product.,2025-01-16 14:00:00,Amazon
REV-103120,PRD-00128,CUST-144877,1.0,Good product.,2026-01-13 03:00:00,Amazon
REV-103121,PRD-01375,CUST-249622,5.0,Average.,2026-07-21 12:00:00,Amazon
REV-103122,PRD-00980,CUST-353674,3.0,Great!,2025-01-02 08:00:00,Amazon
REV-103123,PRD-02344,CUST-446351,3.0,Not what I expected.,2026-04-08 13:00:00,Amazon
REV-103124,PRD-01452,CUST-261232,3.0,Not what I expected.,2024-12-13 03:00:00,Amazon
REV-103125,PRD-00790,CUST-247634,1.0,Loved it!,2025-03-18 02:00:00,Amazon
REV-103126,PRD-00005,CUST-283686,2.0,Average.,2026-08-15 06:00:00,Amazon
REV-103127,PRD-01369,CUST-482183,1.0,Good product.,2025-01-23 16:00:00,Amazon
REV-103128,PRD-01719,CUST-141452,2.0,Great!,2024-08-13 01:00:00,Amazon
REV-103129,PRD-00669,CUST-320737,4.0,Good product.,2025-06-23 12:00:00,Amazon
REV-103130,PRD-00004,CUST-162954,1.0,Not what I expected.,2025-10-12 17:00:00,Amazon
REV-103131,PRD-02044,CUST-143554,4.0,Great!,2025-10-07 18:00:00,Amazon
REV-103132,PRD-01524,CUST-448733,4.0,Great!,2026-05-16 05:00:00,Amazon
REV-103133,PRD-01672,CUST-336322,3.0,Average.,2025-03-09 11:00:00,Amazon
REV-103134,PRD-02207,CUST-307798,4.0,Average.,2026-08-14 12:00:00,Amazon
REV-103135,PRD-00313,CUST-472326,4.0,Loved it!,2025-02-04 09:00:00,Amazon
REV-103136,PRD-01146,CUST-390493,4.0,Average.,2026-06-26 23:00:00,Amazon
REV-103137,PRD-00544,CUST-394077,1.0,Good product.,2025-04-30 05:00:00,Amazon
REV-103138,PRD-02088,CUST-300009,5.0,Great!,2026-02-14 10:00:00,Amazon
REV-103139,PRD-00201,CUST-334582,4.0,Good product.,2025-07-09 20:00:00,Amazon
REV-103140,PRD-02150,CUST-135730,5.0,Loved it!,2024-12-01 20:00:00,Amazon
REV-103141,PRD-02443,CUST-244274,4.0,Great!,2025-11-20 04:00:00,Amazon
REV-103142,PRD-00454,CUST-145179,5.0,Loved it!,2026-07-24 02:00:00,Amazon
REV-103143,PRD-00579,CUST-262519,1.0,Great!,2025-07-01 19:00:00,Amazon
REV-103145,PRD-01757,CUST-403858,2.0,Average.,2024-10-13 04:00:00,Amazon
REV-103146,PRD-00706,CUST-139730,5.0,Not what I expected.,2026-06-05 23:00:00,Amazon
REV-103147,PRD-01616,CUST-254744,5.0,Not what I expected.,2025-05-28 00:00:00,Amazon
REV-103148,PRD-00598,CUST-253597,4.0,Not what I expected.,2025-09-12 00:00:00,Amazon
REV-103149,PRD-02271,CUST-490001,4.0,Not what I expected.,2025-08-19 17:00:00,Amazon
REV-103150,PRD-01481,CUST-467060,2.0,Average.,2025-01-25 16:00:00,Amazon
REV-103151,PRD-01816,CUST-324044,5.0,Loved it!,2024-11-25 11:00:00,Amazon
REV-103152,PRD-00400,CUST-297644,4.0,Good product.,2026-01-07 02:00:00,Amazon
REV-103153,PRD-01240,CUST-308176,3.0,Not what I expected.,2026-04-12 10:00:00,Amazon
REV-103154,PRD-01580,CUST-364084,4.0,Loved it!,2026-07-11 23:00:00,Amazon
REV-103155,PRD-00691,CUST-498625,4.0,Not what I expected.,2025-04-16 17:00:00,Amazon
REV-103156,PRD-00296,CUST-163505,4.0,Not what I expected.,2026-07-31 03:00:00,Amazon
REV-103157,PRD-01628,CUST-454370,1.0,Average.,2025-05-13 20:00:00,Amazon
REV-103158,PRD-01588,CUST-465423,5.0,Loved it!,2025-08-18 21:00:00,Amazon
REV-103160,PRD-01936,CUST-248769,3.0,Average.,2024-09-05 15:00:00,Amazon
REV-103161,PRD-00241,CUST-304437,3.0,Great!,2026-04-05 11:00:00,Amazon
REV-103162,PRD-01234,CUST-173173,3.0,Not what I expected.,2025-05-23 11:00:00,Amazon
REV-103163,PRD-00903,CUST-416107,4.0,Great!,2025-06-08 07:00:00,Amazon
REV-103164,PRD-00545,CUST-248769,4.0,Good product.,2024-09-05 15:00:00,Amazon
REV-103165,PRD-01980,CUST-216863,3.0,Average.,2025-06-10 11:00:00,Amazon
REV-103166,PRD-00527,CUST-391895,5.0,Great!,2026-05-23 05:00:00,Amazon
REV-103168,PRD-00774,CUST-215897,5.0,Loved it!,2025-05-14 01:00:00,Amazon
REV-103169,PRD-02263,CUST-369741,4.0,Average.,2024-12-16 13:00:00,Amazon
REV-103170,PRD-00010,CUST-325199,3.0,Good product.,2025-02-15 09:00:00,Amazon
REV-103171,PRD-00988,CUST-110212,1.0,Not what I expected.,2026-04-01 07:00:00,Amazon
REV-103172,PRD-01905,CUST-247587,3.0,Great!,2025-01-29 18:00:00,Amazon
REV-103173,PRD-00072,CUST-219596,4.0,Loved it!,2024-08-17 16:00:00,Amazon
REV-103174,PRD-02193,CUST-290638,2.0,Great!,2026-02-24 14:00:00,Amazon
REV-103175,PRD-01204,CUST-255039,3.0,Loved it!,2025-10-09 09:00:00,Amazon
REV-103176,PRD-00079,CUST-315016,5.0,Loved it!,2025-11-04 15:00:00,Amazon
REV-103177,PRD-01424,CUST-175619,4.0,Great!,2025-05-09 21:00:00,Amazon
REV-103178,PRD-01635,CUST-372076,1.0,Average.,2025-01-07 22:00:00,Amazon
REV-103179,PRD-00717,CUST-444612,4.0,Average.,2026-02-17 21:00:00,Amazon
REV-103181,PRD-00476,CUST-422320,1.0,Not what I expected.,2025-04-07 21:00:00,Amazon
REV-103182,PRD-01802,CUST-394077,5.0,Good product.,2025-04-30 05:00:00,Amazon
REV-103183,PRD-02104,CUST-163429,3.0,Average.,2024-09-13 04:00:00,Amazon
REV-103184,PRD-00048,CUST-206230,4.0,Loved it!,2025-06-12 07:00:00,Amazon
REV-103185,PRD-01137,CUST-134253,5.0,Loved it!,2026-07-22 04:00:00,Amazon
REV-103186,PRD-00491,CUST-123465,2.0,Not what I expected.,2026-01-01 17:00:00,Amazon
REV-103187,PRD-01750,CUST-370421,2.0,Great!,2025-08-17 14:00:00,Amazon
REV-103188,PRD-00649,CUST-194263,2.0,Not what I expected.,2024-12-24 07:00:00,Amazon
REV-103189,PRD-01208,CUST-495157,5.0,Great!,2024-11-21 06:00:00,Amazon
REV-103190,PRD-00923,CUST-219445,2.0,Loved it!,2026-02-10 03:00:00,Amazon
REV-103191,PRD-00898,CUST-230956,1.0,Not what I expected.,2025-11-12 04:00:00,Amazon
REV-103192,PRD-00552,CUST-195218,5.0,Average.,2026-04-04 18:00:00,Amazon
REV-103194,PRD-01744,CUST-276069,3.0,Great!,2024-09-11 19:00:00,Amazon
REV-103195,PRD-00140,CUST-302283,2.0,Average.,2025-12-29 18:00:00,Amazon
REV-103196,PRD-00183,CUST-134055,4.0,Loved it!,2025-11-14 13:00:00,Amazon
REV-103199,PRD-01960,CUST-233770,2.0,Average.,2026-04-14 11:00:00,Amazon
REV-103200,PRD-02060,CUST-360259,3.0,Average.,2024-09-27 17:00:00,Amazon
REV-103201,PRD-02475,CUST-336558,1.0,Great!,2026-04-23 14:00:00,Amazon
REV-103202,PRD-00733,CUST-409499,4.0,Not what I expected.,2024-09-09 02:00:00,Amazon
REV-103203,PRD-00378,CUST-104441,1.0,Loved it!,2025-02-25 19:00:00,Amazon
REV-103204,PRD-01807,CUST-100343,4.0,Great!,2026-08-03 03:00:00,Amazon
REV-103205,PRD-00917,CUST-491921,1.0,Good product.,2025-04-21 06:00:00,Amazon
REV-103206,PRD-00134,CUST-143929,5.0,Average.,2025-03-25 04:00:00,Amazon
REV-103207,PRD-00317,CUST-452845,2.0,Great!,2024-12-19 01:00:00,Amazon
REV-103208,PRD-00411,CUST-195514,3.0,Loved it!,2024-12-11 09:00:00,Amazon
REV-103209,PRD-00555,CUST-275420,5.0,Not what I expected.,2025-04-05 18:00:00,Amazon
REV-103210,PRD-01919,CUST-323117,1.0,Average.,2024-10-17 14:00:00,Amazon
REV-103211,PRD-00994,CUST-171928,5.0,Not what I expected.,2026-03-31 16:00:00,Amazon
REV-103212,PRD-02246,CUST-341803,3.0,Loved it!,2025-08-10 15:00:00,Amazon
REV-103213,PRD-00754,CUST-259133,4.0,Average.,2026-04-07 18:00:00,Amazon
REV-103214,PRD-00410,CUST-184845,5.0,Not what I expected.,2026-03-17 18:00:00,Amazon
REV-103215,PRD-00261,CUST-300551,1.0,Average.,2026-06-13 18:00:00,Amazon
REV-103216,PRD-00695,CUST-296331,1.0,Good product.,2026-02-28 09:00:00,Amazon
REV-103217,PRD-00179,CUST-452838,2.0,Average.,2026-03-29 19:00:00,Amazon
REV-103218,PRD-00180,CUST-149011,5.0,Average.,2026-07-26 22:00:00,Amazon
REV-103219,PRD-01888,CUST-297308,4.0,Average.,2026-07-23 07:00:00,Amazon
REV-103220,PRD-01745,CUST-151383,1.0,Average.,2025-03-29 12:00:00,Amazon
REV-103221,PRD-02047,CUST-106089,2.0,Good product.,2025-05-04 14:00:00,Amazon
REV-103222,PRD-00459,CUST-141705,5.0,Good product.,2025-04-13 21:00:00,Amazon
REV-103223,PRD-00168,CUST-140756,3.0,Average.,2024-11-09 21:00:00,Amazon
REV-103224,PRD-01305,CUST-219829,5.0,Average.,2026-03-10 23:00:00,Amazon
REV-103225,PRD-00845,CUST-214819,2.0,Loved it!,2025-01-21 22:00:00,Amazon
REV-103226,PRD-02075,CUST-152774,1.0,Loved it!,2026-03-02 23:00:00,Amazon
REV-103227,PRD-01848,CUST-147803,3.0,Loved it!,2026-02-09 13:00:00,Amazon
REV-103228,PRD-01380,CUST-407119,1.0,Average.,2025-09-22 16:00:00,Amazon
REV-103229,PRD-02064,CUST-419674,4.0,Loved it!,2025-11-08 19:00:00,Amazon
REV-103230,PRD-01217,CUST-200184,2.0,Great!,2026-04-23 02:00:00,Amazon
REV-103231,PRD-00043,CUST-459818,5.0,Good product.,2025-05-12 20:00:00,Amazon
REV-103232,PRD-02101,CUST-291910,4.0,Not what I expected.,2024-09-09 09:00:00,Amazon
REV-103233,PRD-01250,CUST-288074,4.0,Average.,2025-02-10 07:00:00,Amazon
REV-103234,PRD-02485,CUST-352081,3.0,Good product.,2025-09-20 22:00:00,Amazon
REV-103235,PRD-02456,CUST-104254,3.0,Good product.,2025-11-27 21:00:00,Amazon
REV-103236,PRD-01670,CUST-329058,4.0,Not what I expected.,2025-06-06 20:00:00,Amazon
REV-103237,PRD-01259,CUST-467488,1.0,Not what I expected.,2026-05-21 12:00:00,Amazon
REV-103238,PRD-01977,CUST-178676,2.0,Great!,2024-12-20 06:00:00,Amazon
REV-103239,PRD-01407,CUST-251574,4.0,Great!,2025-08-04 19:00:00,Amazon
REV-103240,PRD-01909,CUST-383879,5.0,Great!,2025-12-25 20:00:00,Amazon
REV-103241,PRD-02489,CUST-489296,2.0,Not what I expected.,2026-03-08 11:00:00,Amazon
REV-103242,PRD-01117,CUST-384043,2.0,Loved it!,2026-04-04 10:00:00,Amazon
REV-103243,PRD-01760,CUST-344971,5.0,Average.,2025-12-29 03:00:00,Amazon
REV-103244,PRD-00228,CUST-325940,3.0,Good product.,2024-10-10 16:00:00,Amazon
REV-103245,PRD-02249,CUST-314677,5.0,Great!,2026-01-11 17:00:00,Amazon
REV-103246,PRD-00141,CUST-314322,3.0,Loved it!,2025-04-11 03:00:00,Amazon
REV-103247,PRD-00137,CUST-158447,3.0,Loved it!,2025-11-04 02:00:00,Amazon
REV-103248,PRD-01216,CUST-280924,2.0,Not what I expected.,2024-08-21 10:00:00,Amazon
REV-103249,PRD-02389,CUST-226890,3.0,Good product.,2026-02-16 23:00:00,Amazon
REV-103250,PRD-01922,CUST-324241,2.0,Loved it!,2025-07-19 12:00:00,Amazon
REV-103251,PRD-02179,CUST-387035,1.0,Average.,2024-12-07 15:00:00,Amazon
REV-103252,PRD-02311,CUST-166117,5.0,Great!,2025-09-10 21:00:00,Amazon
REV-103254,PRD-00052,CUST-282734,3.0,Not what I expected.,2025-10-29 14:00:00,Amazon
REV-103255,PRD-00904,CUST-123465,3.0,Loved it!,2025-07-01 07:00:00,Amazon
REV-103256,PRD-01190,CUST-233770,1.0,Average.,2024-09-09 11:00:00,Amazon
REV-103257,PRD-00761,CUST-305826,1.0,Loved it!,2026-02-12 16:00:00,Amazon
REV-103258,PRD-01036,CUST-410467,2.0,Not what I expected.,2025-12-07 03:00:00,Amazon
REV-103259,PRD-01085,CUST-172163,4.0,Not what I expected.,2026-04-21 12:00:00,Amazon
REV-103260,PRD-00014,CUST-193383,1.0,Great!,2025-03-30 07:00:00,Amazon
REV-103262,PRD-02492,CUST-346839,5.0,Great!,2025-01-06 12:00:00,Amazon
REV-103263,PRD-02256,CUST-471651,5.0,Good product.,2026-04-02 20:00:00,Amazon
REV-103264,PRD-02192,CUST-353438,1.0,Great!,2025-04-09 20:00:00,Amazon
REV-103265,PRD-00334,CUST-149011,1.0,Not what I expected.,2026-05-20 05:00:00,Amazon
REV-103266,PRD-00079,CUST-138280,5.0,Not what I expected.,2025-12-22 07:00:00,Amazon
REV-103267,PRD-01920,CUST-130889,1.0,Not what I expected.,2024-12-26 19:00:00,Amazon
REV-103268,PRD-02071,CUST-343840,1.0,Loved it!,2026-01-23 15:00:00,Amazon
REV-103269,PRD-01955,CUST-115465,4.0,Great!,2026-06-29 07:00:00,Amazon
REV-103270,PRD-02079,CUST-330443,1.0,Average.,2024-09-30 13:00:00,Amazon
REV-103271,PRD-02162,CUST-219229,3.0,Good product.,2024-11-08 13:00:00,Amazon
REV-103273,PRD-01925,CUST-389839,4.0,Average.,2026-06-28 01:00:00,Amazon
REV-103274,PRD-01789,CUST-322902,1.0,Loved it!,2026-07-18 17:00:00,Amazon
REV-103275,PRD-01333,CUST-318628,4.0,Average.,2024-12-22 23:00:00,Amazon
REV-103276,PRD-00301,CUST-350156,1.0,Good product.,2024-11-01 07:00:00,Amazon
REV-103277,PRD-00011,CUST-296563,1.0,Good product.,2025-08-02 14:00:00,Amazon
REV-103278,PRD-01698,CUST-256806,1.0,Loved it!,2025-05-08 03:00:00,Amazon
REV-103279,PRD-02116,CUST-166822,3.0,Average.,2025-04-25 15:00:00,Amazon
REV-103280,PRD-02193,CUST-391162,3.0,Great!,2025-02-12 00:00:00,Amazon
REV-103281,PRD-00010,CUST-301976,2.0,Great!,2026-03-02 09:00:00,Amazon
REV-103282,PRD-00679,CUST-338880,4.0,Not what I expected.,2025-03-09 08:00:00,Amazon
REV-103283,PRD-00639,CUST-412341,5.0,Not what I expected.,2026-01-12 23:00:00,Amazon
REV-103284,PRD-01134,CUST-482497,4.0,Average.,2026-06-10 00:00:00,Amazon
REV-103285,PRD-01974,CUST-178599,4.0,Good product.,2025-07-09 01:00:00,Amazon
REV-103286,PRD-01653,CUST-327574,3.0,Not what I expected.,2026-03-08 06:00:00,Amazon
REV-103287,PRD-01298,CUST-253606,1.0,Not what I expected.,2026-01-26 23:00:00,Amazon
REV-103288,PRD-00318,CUST-493039,4.0,Great!,2024-12-04 09:00:00,Amazon
REV-103289,PRD-02272,CUST-159340,4.0,Not what I expected.,2026-04-24 06:00:00,Amazon
REV-103290,PRD-01105,CUST-297809,4.0,Great!,2025-01-31 08:00:00,Amazon
REV-103291,PRD-02063,CUST-279038,2.0,Great!,2026-06-14 21:00:00,Amazon
REV-103292,PRD-00172,CUST-127806,3.0,Great!,2025-09-02 07:00:00,Amazon
REV-103293,PRD-00156,CUST-271152,3.0,Average.,2025-02-18 15:00:00,Amazon
REV-103296,PRD-02330,CUST-227909,2.0,Average.,2025-05-27 14:00:00,Amazon
REV-103297,PRD-01037,CUST-271472,2.0,Not what I expected.,2026-08-13 21:00:00,Amazon
REV-103298,PRD-01362,CUST-105579,3.0,Great!,2025-08-06 19:00:00,Amazon
REV-103300,PRD-00544,CUST-392221,3.0,Great!,2026-07-26 17:00:00,Amazon
REV-103301,PRD-00228,CUST-115717,1.0,Average.,2024-10-18 15:00:00,Amazon
REV-103302,PRD-00228,CUST-421586,4.0,Great!,2025-04-19 03:00:00,Amazon
REV-103303,PRD-01987,CUST-209613,5.0,Loved it!,2025-01-20 20:00:00,Amazon
REV-103304,PRD-00882,CUST-159041,3.0,Great!,2026-04-16 00:00:00,Amazon
REV-103305,PRD-01858,CUST-247661,3.0,Great!,2025-08-11 22:00:00,Amazon
REV-103306,PRD-01849,CUST-389599,5.0,Not what I expected.,2025-05-31 15:00:00,Amazon
REV-103307,PRD-02208,CUST-268379,1.0,Not what I expected.,2024-12-31 22:00:00,Amazon
REV-103308,PRD-01421,CUST-189668,1.0,Not what I expected.,2025-10-04 02:00:00,Amazon
REV-103309,PRD-00445,CUST-152287,4.0,Good product.,2025-03-09 23:00:00,Amazon
REV-103310,PRD-02131,CUST-160782,2.0,Not what I expected.,2025-04-15 09:00:00,Amazon
REV-103311,PRD-02239,CUST-241714,4.0,Not what I expected.,2025-05-21 22:00:00,Amazon
REV-103312,PRD-02251,CUST-362000,5.0,Not what I expected.,2025-04-29 19:00:00,Amazon
REV-103313,PRD-01686,CUST-499691,2.0,Not what I expected.,2024-10-09 20:00:00,Amazon
REV-103314,PRD-00330,CUST-339455,2.0,Not what I expected.,2025-04-08 15:00:00,Amazon
REV-103315,PRD-01045,CUST-101712,5.0,Not what I expected.,2026-03-18 07:00:00,Amazon
REV-103316,PRD-00555,CUST-289260,3.0,Good product.,2024-10-11 20:00:00,Amazon
REV-103317,PRD-00654,CUST-104394,4.0,Great!,2025-04-19 19:00:00,Amazon
REV-103318,PRD-02226,CUST-284683,5.0,Good product.,2026-04-03 18:00:00,Amazon
REV-103319,PRD-01097,CUST-417802,5.0,Good product.,2026-02-11 12:00:00,Amazon
REV-103321,PRD-00999,CUST-289260,5.0,Loved it!,2024-10-11 20:00:00,Amazon
REV-103322,PRD-01203,CUST-170625,3.0,Average.,2024-08-21 01:00:00,Amazon
REV-103323,PRD-01931,CUST-385040,4.0,Great!,2024-09-02 22:00:00,Amazon
REV-103325,PRD-00419,CUST-405900,2.0,Not what I expected.,2025-05-20 01:00:00,Amazon
REV-103327,PRD-00656,CUST-484147,5.0,Not what I expected.,2026-02-26 04:00:00,Amazon
REV-103328,PRD-01657,CUST-360547,3.0,Average.,2024-11-23 01:00:00,Amazon
REV-103329,PRD-01228,CUST-279373,2.0,Great!,2026-05-15 09:00:00,Amazon
REV-103330,PRD-00815,CUST-220808,3.0,Not what I expected.,2025-06-12 03:00:00,Amazon
REV-103331,PRD-01402,CUST-465103,5.0,Good product.,2025-06-25 09:00:00,Amazon
REV-103332,PRD-01631,CUST-176303,2.0,Average.,2025-07-23 13:00:00,Amazon
REV-103333,PRD-00430,CUST-137775,4.0,Not what I expected.,2026-05-10 03:00:00,Amazon
REV-103334,PRD-01657,CUST-177273,2.0,Great!,2026-07-24 03:00:00,Amazon
REV-103335,PRD-02312,CUST-162526,3.0,Good product.,2025-05-23 22:00:00,Amazon
REV-103336,PRD-01682,CUST-370165,1.0,Average.,2025-08-09 15:00:00,Amazon
REV-103337,PRD-00211,CUST-250762,5.0,Loved it!,2025-11-01 20:00:00,Amazon
REV-103338,PRD-02202,CUST-225683,1.0,Loved it!,2026-06-10 14:00:00,Amazon
REV-103339,PRD-02495,CUST-102590,5.0,Loved it!,2025-10-09 10:00:00,Amazon
REV-103340,PRD-01468,CUST-164321,1.0,Good product.,2025-05-21 23:00:00,Amazon
REV-103341,PRD-00664,CUST-116479,2.0,Not what I expected.,2024-11-13 21:00:00,Amazon
REV-103342,PRD-02385,CUST-419819,2.0,Not what I expected.,2025-05-29 10:00:00,Amazon
REV-103343,PRD-02263,CUST-498595,4.0,Not what I expected.,2026-02-28 02:00:00,Amazon
REV-103344,PRD-02430,CUST-494528,2.0,Great!,2025-12-21 19:00:00,Amazon
REV-103345,PRD-00913,CUST-177531,2.0,Average.,2026-01-28 05:00:00,Amazon
REV-103346,PRD-01380,CUST-300551,1.0,Great!,2026-06-13 18:00:00,Amazon
REV-103347,PRD-00551,CUST-300551,5.0,Good product.,2026-06-13 18:00:00,Amazon
REV-103348,PRD-00268,CUST-157469,2.0,Great!,2025-08-23 14:00:00,Amazon
REV-103349,PRD-01931,CUST-236566,2.0,Average.,2025-02-24 12:00:00,Amazon
REV-103350,PRD-01116,CUST-385693,3.0,Not what I expected.,2025-01-05 20:00:00,Amazon
REV-103351,PRD-00149,CUST-276885,1.0,Good product.,2025-01-18 06:00:00,Amazon
REV-103352,PRD-02175,CUST-337574,2.0,Good product.,2024-12-04 02:00:00,Amazon
REV-103353,PRD-02235,CUST-483470,2.0,Loved it!,2025-02-04 05:00:00,Amazon
REV-103354,PRD-02271,CUST-487600,4.0,Good product.,2024-09-05 09:00:00,Amazon
REV-103355,PRD-01302,CUST-340497,3.0,Great!,2024-08-13 22:00:00,Amazon
REV-103356,PRD-01120,CUST-160423,5.0,Good product.,2025-10-06 00:00:00,Amazon
REV-103357,PRD-02404,CUST-127892,1.0,Good product.,2024-09-21 20:00:00,Amazon
REV-103359,PRD-02151,CUST-167704,2.0,Not what I expected.,2024-08-17 09:00:00,Amazon
REV-103360,PRD-00552,CUST-391823,4.0,Good product.,2026-04-15 08:00:00,Amazon
REV-103361,PRD-01735,CUST-202490,3.0,Good product.,2025-08-01 10:00:00,Amazon
REV-103362,PRD-00439,CUST-108614,1.0,Great!,2025-07-23 07:00:00,Amazon
REV-103363,PRD-01496,CUST-340515,3.0,Great!,2024-10-21 17:00:00,Amazon
REV-103365,PRD-00883,CUST-399626,3.0,Great!,2026-04-20 02:00:00,Amazon
REV-103366,PRD-00264,CUST-497651,5.0,Good product.,2026-04-11 23:00:00,Amazon
REV-103367,PRD-00730,CUST-389492,3.0,Great!,2026-06-16 10:00:00,Amazon
REV-103368,PRD-00159,CUST-236988,2.0,Not what I expected.,2025-03-29 15:00:00,Amazon
REV-103370,PRD-01813,CUST-388962,2.0,Average.,2025-08-10 05:00:00,Amazon
REV-103371,PRD-01146,CUST-246929,4.0,Loved it!,2025-12-05 14:00:00,Amazon
REV-103373,PRD-02326,CUST-443321,3.0,Loved it!,2025-05-12 23:00:00,Amazon
REV-103374,PRD-02286,CUST-207636,1.0,Average.,2025-09-28 10:00:00,Amazon
REV-103375,PRD-00900,CUST-450453,4.0,Not what I expected.,2026-01-09 00:00:00,Amazon
REV-103376,PRD-02396,CUST-351699,5.0,Good product.,2025-10-28 04:00:00,Amazon
REV-103377,PRD-01076,CUST-198818,2.0,Not what I expected.,2026-03-07 05:00:00,Amazon
REV-103378,PRD-01668,CUST-475783,3.0,Good product.,2025-01-15 07:00:00,Amazon
REV-103380,PRD-02080,CUST-393579,5.0,Average.,2025-12-02 19:00:00,Amazon
REV-103381,PRD-01720,CUST-397094,1.0,Average.,2024-08-29 16:00:00,Amazon
REV-103383,PRD-01007,CUST-340707,2.0,Average.,2024-09-24 13:00:00,Amazon
REV-103384,PRD-02029,CUST-311350,4.0,Great!,2025-08-11 05:00:00,Amazon
REV-103385,PRD-01473,CUST-188668,4.0,Not what I expected.,2024-09-13 11:00:00,Amazon
REV-103387,PRD-01584,CUST-160002,5.0,Not what I expected.,2026-07-31 22:00:00,Amazon
REV-103388,PRD-01358,CUST-435790,5.0,Loved it!,2024-08-31 13:00:00,Amazon
REV-103389,PRD-01357,CUST-318284,2.0,Not what I expected.,2026-02-13 05:00:00,Amazon
REV-103391,PRD-00293,CUST-231821,2.0,Not what I expected.,2025-12-19 10:00:00,Amazon
REV-103392,PRD-02033,CUST-267476,4.0,Loved it!,2025-07-02 20:00:00,Amazon
REV-103393,PRD-01017,CUST-231216,1.0,Average.,2025-10-24 02:00:00,Amazon
REV-103396,PRD-01168,CUST-480769,2.0,Good product.,2025-01-02 06:00:00,Amazon
REV-103397,PRD-01340,CUST-266054,4.0,Good product.,2024-08-23 12:00:00,Amazon
REV-103398,PRD-00323,CUST-304867,4.0,Good product.,2024-12-08 02:00:00,Amazon
REV-103399,PRD-00849,CUST-399234,2.0,Great!,2025-03-09 15:00:00,Amazon
REV-103400,PRD-02245,CUST-287960,3.0,Average.,2025-01-26 05:00:00,Amazon
REV-103402,PRD-00710,CUST-317999,5.0,Loved it!,2025-09-29 12:00:00,Amazon
REV-103403,PRD-01524,CUST-444928,4.0,Loved it!,2025-09-27 10:00:00,Amazon
REV-103404,PRD-02272,CUST-316738,1.0,Good product.,2026-07-26 05:00:00,Amazon
REV-103406,PRD-00626,CUST-478532,1.0,Good product.,2026-07-20 09:00:00,Amazon
REV-103407,PRD-01650,CUST-447816,1.0,Good product.,2025-05-23 16:00:00,Amazon
REV-103409,PRD-00653,CUST-350022,4.0,Average.,2026-05-20 11:00:00,Amazon
REV-103410,PRD-00283,CUST-120349,5.0,Good product.,2024-10-10 16:00:00,Amazon
REV-103411,PRD-00093,CUST-344885,4.0,Loved it!,2026-07-16 00:00:00,Amazon
REV-103412,PRD-02272,CUST-257867,2.0,Average.,2026-01-01 20:00:00,Amazon
REV-103413,PRD-00870,CUST-193322,4.0,Great!,2024-09-17 08:00:00,Amazon
REV-103414,PRD-02437,CUST-179506,3.0,Average.,2026-03-21 07:00:00,Amazon
REV-103415,PRD-01129,CUST-283714,5.0,Great!,2026-06-24 08:00:00,Amazon
REV-103418,PRD-01360,CUST-475889,1.0,Average.,2026-05-09 04:00:00,Amazon
REV-103419,PRD-02404,CUST-195514,2.0,Great!,2024-12-11 09:00:00,Amazon
REV-103420,PRD-00739,CUST-126036,3.0,Good product.,2025-04-11 00:00:00,Amazon
REV-103421,PRD-01200,CUST-328275,1.0,Average.,2026-04-29 03:00:00,Amazon
REV-103422,PRD-00931,CUST-243530,4.0,Great!,2025-06-07 06:00:00,Amazon
REV-103424,PRD-00927,CUST-205755,5.0,Good product.,2025-10-23 09:00:00,Amazon
REV-103425,PRD-02080,CUST-352065,2.0,Loved it!,2026-02-24 21:00:00,Amazon
REV-103426,PRD-01476,CUST-169573,5.0,Loved it!,2026-01-03 05:00:00,Amazon
REV-103427,PRD-00169,CUST-214748,4.0,Good product.,2025-07-18 00:00:00,Amazon
REV-103428,PRD-01255,CUST-336939,5.0,Average.,2024-11-17 12:00:00,Amazon
REV-103429,PRD-01437,CUST-335776,1.0,Average.,2025-09-09 23:00:00,Amazon
REV-103430,PRD-01028,CUST-423752,2.0,Not what I expected.,2025-08-15 11:00:00,Amazon
REV-103431,PRD-01584,CUST-475496,3.0,Not what I expected.,2024-10-18 07:00:00,Amazon
REV-103432,PRD-01570,CUST-385795,5.0,Loved it!,2025-11-17 23:00:00,Amazon
REV-103433,PRD-02221,CUST-299890,5.0,Average.,2024-11-26 03:00:00,Amazon
REV-103434,PRD-00537,CUST-493049,2.0,Loved it!,2026-04-24 01:00:00,Amazon
REV-103436,PRD-00035,CUST-452027,2.0,Average.,2024-10-22 10:00:00,Amazon
REV-103437,PRD-01041,CUST-223705,3.0,Loved it!,2024-08-27 07:00:00,Amazon
REV-103438,PRD-02065,CUST-262174,2.0,Average.,2024-10-27 19:00:00,Amazon
REV-103439,PRD-00813,CUST-161068,2.0,Good product.,2024-08-14 21:00:00,Amazon
REV-103440,PRD-01975,CUST-106194,5.0,Great!,2026-02-12 22:00:00,Amazon
REV-103441,PRD-00658,CUST-306211,3.0,Average.,2024-08-15 12:00:00,Amazon
REV-103442,PRD-00299,CUST-424161,4.0,Good product.,2024-12-12 18:00:00,Amazon
REV-103443,PRD-00632,CUST-101913,1.0,Good product.,2025-06-25 12:00:00,Amazon
REV-103444,PRD-02059,CUST-155957,2.0,Good product.,2024-08-31 14:00:00,Amazon
REV-103445,PRD-01909,CUST-102937,4.0,Not what I expected.,2026-01-30 06:00:00,Amazon
REV-103447,PRD-02078,CUST-124305,3.0,Good product.,2025-01-09 05:00:00,Amazon
REV-103448,PRD-01582,CUST-484523,3.0,Not what I expected.,2024-11-24 05:00:00,Amazon
REV-103449,PRD-00669,CUST-178667,5.0,Not what I expected.,2025-03-27 18:00:00,Amazon
REV-103450,PRD-02113,CUST-361926,5.0,Loved it!,2025-06-02 02:00:00,Amazon
REV-103451,PRD-00679,CUST-150837,1.0,Good product.,2026-03-20 03:00:00,Amazon
REV-103452,PRD-01372,CUST-478925,4.0,Great!,2026-05-23 20:00:00,Amazon
REV-103455,PRD-02303,CUST-269242,3.0,Good product.,2025-05-05 21:00:00,Amazon
REV-103456,PRD-00915,CUST-264408,5.0,Average.,2024-12-13 11:00:00,Amazon
REV-103458,PRD-01334,CUST-456723,3.0,Average.,2025-04-04 17:00:00,Amazon
REV-103459,PRD-01312,CUST-351223,3.0,Not what I expected.,2026-05-16 09:00:00,Amazon
REV-103460,PRD-00326,CUST-112947,3.0,Not what I expected.,2025-08-31 20:00:00,Amazon
REV-103461,PRD-01005,CUST-471458,5.0,Great!,2024-12-21 02:00:00,Amazon
REV-103462,PRD-02427,CUST-149762,2.0,Loved it!,2026-07-05 19:00:00,Amazon
REV-103463,PRD-02213,CUST-148229,3.0,Loved it!,2024-12-31 02:00:00,Amazon
REV-103464,PRD-02001,CUST-231743,1.0,Not what I expected.,2026-02-12 09:00:00,Amazon
REV-103465,PRD-00015,CUST-317881,1.0,Great!,2025-09-13 13:00:00,Amazon
REV-103466,PRD-01386,CUST-354933,2.0,Average.,2024-12-19 10:00:00,Amazon
REV-103467,PRD-01267,CUST-261739,2.0,Good product.,2026-06-02 20:00:00,Amazon
REV-103468,PRD-01078,CUST-403861,5.0,Good product.,2024-10-25 21:00:00,Amazon
REV-103469,PRD-01989,CUST-189649,1.0,Loved it!,2026-03-05 01:00:00,Amazon
REV-103470,PRD-01354,CUST-209815,2.0,Average.,2025-04-28 23:00:00,Amazon
REV-103471,PRD-00870,CUST-324643,4.0,Loved it!,2024-11-15 16:00:00,Amazon
REV-103473,PRD-01011,CUST-165972,5.0,Loved it!,2026-07-12 10:00:00,Amazon
REV-103474,PRD-01571,CUST-209910,2.0,Good product.,2025-03-06 22:00:00,Amazon
REV-103475,PRD-02120,CUST-419040,5.0,Great!,2025-09-02 16:00:00,Amazon
REV-103476,PRD-00769,CUST-183594,4.0,Great!,2025-05-09 04:00:00,Amazon
REV-103477,PRD-00625,CUST-447702,3.0,Good product.,2026-07-26 07:00:00,Amazon
REV-103478,PRD-01483,CUST-452642,4.0,Loved it!,2024-08-16 15:00:00,Amazon
REV-103479,PRD-00278,CUST-210479,1.0,Great!,2025-06-22 10:00:00,Amazon
REV-103480,PRD-02135,CUST-431440,3.0,Loved it!,2024-08-15 08:00:00,Amazon
REV-103481,PRD-00249,CUST-150802,1.0,Average.,2025-01-29 09:00:00,Amazon
REV-103482,PRD-00349,CUST-499691,2.0,Great!,2024-10-09 20:00:00,Amazon
REV-103483,PRD-02002,CUST-395053,2.0,Good product.,2024-08-07 13:00:00,Amazon
REV-103484,PRD-01482,CUST-354752,5.0,Good product.,2024-09-03 12:00:00,Amazon
REV-103485,PRD-01222,CUST-307743,1.0,Loved it!,2026-05-10 00:00:00,Amazon
REV-103486,PRD-01078,CUST-280861,3.0,Not what I expected.,2025-04-22 19:00:00,Amazon
REV-103487,PRD-00961,CUST-214890,3.0,Average.,2025-05-12 10:00:00,Amazon
REV-103488,PRD-02121,CUST-195333,3.0,Not what I expected.,2025-02-04 02:00:00,Amazon
REV-103489,PRD-02145,CUST-392286,2.0,Loved it!,2026-07-23 04:00:00,Amazon
REV-103490,PRD-01246,CUST-466810,4.0,Not what I expected.,2026-05-21 18:00:00,Amazon
REV-103492,PRD-02151,CUST-208018,3.0,Average.,2025-06-29 21:00:00,Amazon
REV-103493,PRD-02056,CUST-105050,5.0,Loved it!,2025-10-18 15:00:00,Amazon
REV-103494,PRD-01581,CUST-211849,3.0,Loved it!,2025-09-05 04:00:00,Amazon
REV-103495,PRD-02024,CUST-458183,3.0,Loved it!,2025-06-08 11:00:00,Amazon
REV-103496,PRD-01168,CUST-384879,4.0,Average.,2024-09-01 01:00:00,Amazon
REV-103497,PRD-01808,CUST-404151,5.0,Not what I expected.,2024-09-25 01:00:00,Amazon
REV-103498,PRD-00249,CUST-289388,5.0,Loved it!,2025-09-30 06:00:00,Amazon
REV-103499,PRD-01952,CUST-106837,4.0,Not what I expected.,2025-04-23 20:00:00,Amazon
REV-103500,PRD-01694,CUST-390350,1.0,Good product.,2025-03-05 19:00:00,Amazon
REV-103501,PRD-01257,CUST-485584,4.0,Good product.,2026-02-04 13:00:00,Amazon
REV-103502,PRD-01917,CUST-374975,3.0,Good product.,2025-03-04 16:00:00,Amazon
REV-103503,PRD-01954,CUST-403861,2.0,Average.,2024-10-25 21:00:00,Amazon
REV-103504,PRD-00249,CUST-256806,3.0,Loved it!,2025-08-13 23:00:00,Amazon
REV-103505,PRD-02081,CUST-350754,5.0,Loved it!,2025-12-17 22:00:00,Amazon
REV-103506,PRD-02060,CUST-381721,4.0,Loved it!,2026-01-29 17:00:00,Amazon
REV-103507,PRD-00448,CUST-267488,5.0,Great!,2024-11-14 09:00:00,Amazon
REV-103508,PRD-00424,CUST-323117,5.0,Good product.,2024-10-17 14:00:00,Amazon
REV-103509,PRD-00617,CUST-229570,3.0,Average.,2024-08-14 21:00:00,Amazon
REV-103510,PRD-00203,CUST-264444,5.0,Not what I expected.,2026-07-13 07:00:00,Amazon
REV-103511,PRD-01014,CUST-337677,1.0,Loved it!,2024-12-21 23:00:00,Amazon
REV-103512,PRD-01168,CUST-485867,3.0,Not what I expected.,2025-10-26 09:00:00,Amazon
REV-103513,PRD-02099,CUST-168008,2.0,Loved it!,2025-12-28 11:00:00,Amazon
REV-103514,PRD-01466,CUST-350766,3.0,Good product.,2025-05-15 13:00:00,Amazon
REV-103516,PRD-00661,CUST-112131,2.0,Great!,2024-08-14 20:00:00,Amazon
REV-103517,PRD-01974,CUST-196421,3.0,Great!,2024-11-14 11:00:00,Amazon
REV-103518,PRD-00027,CUST-475304,5.0,Loved it!,2025-04-04 02:00:00,Amazon
REV-103519,PRD-00917,CUST-121864,1.0,Not what I expected.,2025-12-27 06:00:00,Amazon
REV-103521,PRD-00829,CUST-297114,1.0,Average.,2025-10-23 05:00:00,Amazon
REV-103522,PRD-00754,CUST-271201,4.0,Good product.,2025-04-02 16:00:00,Amazon
REV-103523,PRD-01862,CUST-451107,5.0,Not what I expected.,2025-09-26 12:00:00,Amazon
REV-103524,PRD-02018,CUST-483825,5.0,Loved it!,2025-11-27 08:00:00,Amazon
REV-103525,PRD-01256,CUST-227417,1.0,Loved it!,2026-07-13 04:00:00,Amazon
REV-103526,PRD-02110,CUST-333264,1.0,Good product.,2026-03-30 16:00:00,Amazon
REV-103527,PRD-00237,CUST-410942,3.0,Not what I expected.,2024-08-13 21:00:00,Amazon
REV-103528,PRD-01922,CUST-290173,1.0,Average.,2024-11-19 16:00:00,Amazon
REV-103529,PRD-00504,CUST-371557,2.0,Loved it!,2026-06-13 10:00:00,Amazon
REV-103530,PRD-01620,CUST-173257,5.0,Good product.,2025-05-15 22:00:00,Amazon
REV-103531,PRD-01141,CUST-448568,2.0,Great!,2024-09-06 17:00:00,Amazon
REV-103532,PRD-02071,CUST-342101,4.0,Good product.,2025-11-30 06:00:00,Amazon
REV-103533,PRD-01902,CUST-338526,4.0,Good product.,2025-08-11 05:00:00,Amazon
REV-103534,PRD-01822,CUST-495887,2.0,Great!,2026-07-16 23:00:00,Amazon
REV-103535,PRD-02125,CUST-232127,4.0,Average.,2026-03-09 10:00:00,Amazon
REV-103536,PRD-00228,CUST-320038,5.0,Good product.,2025-10-03 22:00:00,Amazon
REV-103537,PRD-00315,CUST-443462,5.0,Good product.,2025-11-09 18:00:00,Amazon
REV-103538,PRD-02281,CUST-159092,3.0,Good product.,2024-12-28 05:00:00,Amazon
REV-103539,PRD-00080,CUST-164443,3.0,Not what I expected.,2024-12-14 02:00:00,Amazon
REV-103540,PRD-01928,CUST-168498,1.0,Loved it!,2025-07-12 13:00:00,Amazon
REV-103542,PRD-00361,CUST-183041,4.0,Good product.,2025-03-12 15:00:00,Amazon
REV-103544,PRD-01601,CUST-481449,1.0,Great!,2025-07-28 01:00:00,Amazon
REV-103545,PRD-00339,CUST-442945,3.0,Great!,2025-09-16 15:00:00,Amazon
REV-103546,PRD-01662,CUST-248607,4.0,Not what I expected.,2026-05-14 08:00:00,Amazon
REV-103547,PRD-00427,CUST-422902,4.0,Good product.,2026-05-02 15:00:00,Amazon
REV-103549,PRD-02494,CUST-214748,3.0,Great!,2025-07-18 00:00:00,Amazon
REV-103550,PRD-02021,CUST-464905,1.0,Average.,2026-03-24 23:00:00,Amazon
REV-103551,PRD-00097,CUST-248006,4.0,Average.,2024-09-28 08:00:00,Amazon
REV-103552,PRD-01804,CUST-223322,1.0,Good product.,2025-09-06 02:00:00,Amazon
REV-103553,PRD-01357,CUST-223273,3.0,Great!,2025-03-01 15:00:00,Amazon
REV-103554,PRD-00862,CUST-460499,2.0,Not what I expected.,2025-04-26 05:00:00,Amazon
REV-103555,PRD-00577,CUST-442527,1.0,Loved it!,2025-11-11 18:00:00,Amazon
REV-103556,PRD-02006,CUST-360835,2.0,Not what I expected.,2026-02-20 18:00:00,Amazon
REV-103557,PRD-02227,CUST-454876,2.0,Good product.,2025-10-30 13:00:00,Amazon
REV-103558,PRD-00657,CUST-340046,4.0,Loved it!,2026-01-14 05:00:00,Amazon
REV-103559,PRD-00809,CUST-335898,1.0,Not what I expected.,2024-08-24 03:00:00,Amazon
REV-103560,PRD-00838,CUST-453341,1.0,Not what I expected.,2025-06-30 19:00:00,Amazon
REV-103561,PRD-01177,CUST-178945,4.0,Loved it!,2024-08-30 23:00:00,Amazon
REV-103562,PRD-01671,CUST-221930,3.0,Average.,2026-05-06 19:00:00,Amazon
REV-103563,PRD-00829,CUST-273040,1.0,Not what I expected.,2026-07-12 00:00:00,Amazon
REV-103564,PRD-01348,CUST-182525,2.0,Good product.,2025-07-08 16:00:00,Amazon
REV-103565,PRD-01694,CUST-486221,5.0,Not what I expected.,2026-05-19 20:00:00,Amazon
REV-103566,PRD-02308,CUST-232914,5.0,Great!,2025-10-22 20:00:00,Amazon
REV-103567,PRD-00736,CUST-171128,2.0,Not what I expected.,2025-02-17 05:00:00,Amazon
REV-103568,PRD-01175,CUST-315548,2.0,Not what I expected.,2024-10-13 06:00:00,Amazon
REV-103569,PRD-02245,CUST-466125,1.0,Not what I expected.,2025-11-30 15:00:00,Amazon
REV-103571,PRD-01846,CUST-475783,3.0,Not what I expected.,2025-03-06 02:00:00,Amazon
REV-103572,PRD-00984,CUST-348079,1.0,Good product.,2026-07-26 13:00:00,Amazon
REV-103573,PRD-01090,CUST-219961,4.0,Good product.,2025-10-24 17:00:00,Amazon
REV-103574,PRD-01162,CUST-286204,5.0,Not what I expected.,2026-01-14 19:00:00,Amazon
REV-103575,PRD-00109,CUST-488241,2.0,Not what I expected.,2026-03-25 03:00:00,Amazon
REV-103576,PRD-01792,CUST-479059,3.0,Not what I expected.,2026-04-29 20:00:00,Amazon
REV-103577,PRD-01247,CUST-366878,4.0,Not what I expected.,2026-08-07 09:00:00,Amazon
REV-103578,PRD-00663,CUST-368554,5.0,Good product.,2024-12-15 08:00:00,Amazon
REV-103579,PRD-00231,CUST-174912,2.0,Good product.,2026-04-21 21:00:00,Amazon
REV-103580,PRD-01435,CUST-237978,1.0,Not what I expected.,2025-12-03 19:00:00,Amazon
REV-103582,PRD-00746,CUST-261739,2.0,Great!,2026-06-02 20:00:00,Amazon
REV-103583,PRD-00292,CUST-358675,1.0,Average.,2024-11-21 02:00:00,Amazon
REV-103584,PRD-01124,CUST-463369,2.0,Loved it!,2026-05-01 20:00:00,Amazon
REV-103585,PRD-00568,CUST-488503,1.0,Average.,2025-06-06 17:00:00,Amazon
REV-103586,PRD-01395,CUST-375755,1.0,Average.,2025-04-29 08:00:00,Amazon
REV-103587,PRD-00354,CUST-204392,5.0,Loved it!,2025-12-11 20:00:00,Amazon
REV-103588,PRD-02419,CUST-335814,4.0,Not what I expected.,2025-11-12 12:00:00,Amazon
REV-103589,PRD-01135,CUST-431100,3.0,Average.,2025-04-11 02:00:00,Amazon
REV-103590,PRD-01645,CUST-173029,5.0,Not what I expected.,2026-04-27 09:00:00,Amazon
REV-103591,PRD-00785,CUST-449696,3.0,Not what I expected.,2026-06-09 20:00:00,Amazon
REV-103592,PRD-01988,CUST-231423,5.0,Great!,2025-05-09 11:00:00,Amazon
REV-103593,PRD-01046,CUST-202609,1.0,Good product.,2025-07-28 14:00:00,Amazon
REV-103594,PRD-01889,CUST-411122,5.0,Loved it!,2025-05-13 19:00:00,Amazon
REV-103595,PRD-01129,CUST-341303,1.0,Loved it!,2025-05-09 01:00:00,Amazon
REV-103596,PRD-00350,CUST-428402,4.0,Loved it!,2026-03-17 21:00:00,Amazon
REV-103597,PRD-02018,CUST-321912,2.0,Good product.,2025-09-24 04:00:00,Amazon
REV-103598,PRD-00561,CUST-355429,1.0,Loved it!,2025-05-17 03:00:00,Amazon
REV-103599,PRD-00788,CUST-492089,3.0,Average.,2026-06-30 07:00:00,Amazon
REV-103600,PRD-01085,CUST-224245,1.0,Loved it!,2024-09-14 19:00:00,Amazon
REV-103601,PRD-02249,CUST-318288,1.0,Great!,2026-07-01 22:00:00,Amazon
REV-103602,PRD-00598,CUST-192768,3.0,Not what I expected.,2025-04-01 18:00:00,Amazon
REV-103603,PRD-01463,CUST-219829,1.0,Not what I expected.,2024-12-04 11:00:00,Amazon
REV-103604,PRD-01192,CUST-473244,1.0,Great!,2026-05-12 12:00:00,Amazon
REV-103605,PRD-01036,CUST-272401,3.0,Good product.,2024-09-25 00:00:00,Amazon
REV-103606,PRD-01929,CUST-385526,2.0,Good product.,2025-09-29 12:00:00,Amazon
REV-103607,PRD-00883,CUST-295978,4.0,Loved it!,2024-12-16 13:00:00,Amazon
REV-103608,PRD-00614,CUST-375682,1.0,Loved it!,2026-02-28 15:00:00,Amazon
REV-103609,PRD-02494,CUST-122227,1.0,Average.,2026-02-25 00:00:00,Amazon
REV-103610,PRD-00079,CUST-306467,2.0,Not what I expected.,2025-11-27 18:00:00,Amazon
REV-103611,PRD-01361,CUST-159876,2.0,Loved it!,2025-02-07 13:00:00,Amazon
REV-103612,PRD-01771,CUST-410043,4.0,Great!,2024-10-15 01:00:00,Amazon
REV-103613,PRD-01078,CUST-457552,1.0,Good product.,2026-04-29 01:00:00,Amazon
REV-103614,PRD-00457,CUST-253237,4.0,Loved it!,2025-01-03 23:00:00,Amazon
REV-103615,PRD-01650,CUST-438039,2.0,Good product.,2025-02-11 23:00:00,Amazon
REV-103616,PRD-00099,CUST-335397,2.0,Not what I expected.,2026-01-22 07:00:00,Amazon
REV-103617,PRD-00911,CUST-362000,1.0,Average.,2025-04-29 19:00:00,Amazon
REV-103618,PRD-01966,CUST-266682,3.0,Good product.,2025-03-25 14:00:00,Amazon
REV-103619,PRD-01001,CUST-433884,5.0,Good product.,2025-01-22 20:00:00,Amazon
REV-103620,PRD-02183,CUST-206184,2.0,Loved it!,2026-04-29 07:00:00,Amazon
REV-103621,PRD-02143,CUST-286202,1.0,Loved it!,2025-05-04 21:00:00,Amazon
REV-103622,PRD-01971,CUST-322743,3.0,Not what I expected.,2026-04-19 08:00:00,Amazon
REV-103623,PRD-00875,CUST-400277,4.0,Average.,2025-07-10 07:00:00,Amazon
REV-103624,PRD-00407,CUST-168189,4.0,Loved it!,2026-01-13 03:00:00,Amazon
REV-103625,PRD-01536,CUST-369088,4.0,Average.,2025-04-30 21:00:00,Amazon
REV-103626,PRD-02416,CUST-358291,3.0,Average.,2026-05-19 16:00:00,Amazon
REV-103627,PRD-01401,CUST-316195,5.0,Loved it!,2025-01-10 04:00:00,Amazon
REV-103628,PRD-00771,CUST-294181,3.0,Good product.,2024-10-13 21:00:00,Amazon
REV-103629,PRD-01903,CUST-311390,3.0,Great!,2025-06-02 10:00:00,Amazon
REV-103630,PRD-00830,CUST-157202,2.0,Not what I expected.,2025-04-01 05:00:00,Amazon
REV-103631,PRD-00852,CUST-387304,1.0,Average.,2026-06-25 10:00:00,Amazon
REV-103632,PRD-02217,CUST-263402,3.0,Good product.,2024-11-01 12:00:00,Amazon
REV-103633,PRD-00193,CUST-290726,4.0,Average.,2026-08-09 18:00:00,Amazon
REV-103634,PRD-01740,CUST-188444,2.0,Loved it!,2026-07-29 04:00:00,Amazon
REV-103635,PRD-01589,CUST-486884,4.0,Not what I expected.,2025-09-11 23:00:00,Amazon
REV-103636,PRD-02372,CUST-412421,1.0,Not what I expected.,2025-12-14 22:00:00,Amazon
REV-103637,PRD-01534,CUST-429837,2.0,Good product.,2025-11-03 16:00:00,Amazon
REV-103638,PRD-02197,CUST-304799,1.0,Average.,2026-04-28 04:00:00,Amazon
REV-103639,PRD-00605,CUST-165972,3.0,Good product.,2026-06-14 22:00:00,Amazon
REV-103641,PRD-00910,CUST-181633,1.0,Great!,2026-07-05 01:00:00,Amazon
REV-103642,PRD-02365,CUST-201106,4.0,Loved it!,2025-12-21 04:00:00,Amazon
REV-103643,PRD-00652,CUST-239266,3.0,Average.,2024-11-07 12:00:00,Amazon
REV-103644,PRD-01800,CUST-113760,2.0,Great!,2025-08-15 17:00:00,Amazon
REV-103645,PRD-00521,CUST-430574,3.0,Great!,2024-12-31 14:00:00,Amazon
REV-103646,PRD-00820,CUST-417328,2.0,Great!,2025-07-09 15:00:00,Amazon
REV-103647,PRD-02083,CUST-111150,2.0,Loved it!,2026-01-26 06:00:00,Amazon
REV-103648,PRD-00098,CUST-286900,5.0,Average.,2024-08-22 01:00:00,Amazon
REV-103649,PRD-00576,CUST-477471,2.0,Great!,2025-03-18 06:00:00,Amazon
REV-103650,PRD-01467,CUST-309758,1.0,Good product.,2024-12-10 07:00:00,Amazon
REV-103651,PRD-00849,CUST-269015,1.0,Great!,2025-04-16 06:00:00,Amazon
REV-103653,PRD-00317,CUST-211081,3.0,Good product.,2026-04-13 21:00:00,Amazon
REV-103654,PRD-00223,CUST-205903,5.0,Average.,2026-01-07 03:00:00,Amazon
REV-103655,PRD-01600,CUST-208471,1.0,Average.,2026-02-02 15:00:00,Amazon
REV-103656,PRD-00026,CUST-456579,4.0,Loved it!,2025-09-15 23:00:00,Amazon
REV-103657,PRD-00336,CUST-223970,3.0,Great!,2025-03-17 09:00:00,Amazon
REV-103658,PRD-02344,CUST-209543,5.0,Average.,2026-01-19 13:00:00,Amazon
REV-103659,PRD-02125,CUST-126620,3.0,Not what I expected.,2026-07-12 18:00:00,Amazon
REV-103660,PRD-02044,CUST-449712,5.0,Great!,2025-07-25 03:00:00,Amazon
REV-103661,PRD-02339,CUST-283615,3.0,Good product.,2025-07-26 03:00:00,Amazon
REV-103662,PRD-02337,CUST-414227,3.0,Loved it!,2025-12-05 17:00:00,Amazon
REV-103663,PRD-02488,CUST-356841,1.0,Loved it!,2025-02-23 23:00:00,Amazon
REV-103664,PRD-00375,CUST-299795,1.0,Good product.,2026-06-10 14:00:00,Amazon
REV-103665,PRD-00655,CUST-177426,1.0,Great!,2026-03-23 03:00:00,Amazon
REV-103666,PRD-01238,CUST-158912,4.0,Good product.,2026-03-17 05:00:00,Amazon
REV-103667,PRD-02242,CUST-136118,2.0,Good product.,2026-05-23 18:00:00,Amazon
REV-103669,PRD-00389,CUST-369469,5.0,Good product.,2025-03-26 05:00:00,Amazon
REV-103670,PRD-00245,CUST-454324,4.0,Loved it!,2026-05-13 00:00:00,Amazon
REV-103671,PRD-01724,CUST-264889,5.0,Average.,2025-05-01 11:00:00,Amazon
REV-103672,PRD-00253,CUST-162600,5.0,Great!,2026-05-21 08:00:00,Amazon
REV-103673,PRD-02174,CUST-400036,4.0,Average.,2025-07-07 20:00:00,Amazon
REV-103674,PRD-00156,CUST-217979,4.0,Good product.,2025-09-29 08:00:00,Amazon
REV-103675,PRD-02138,CUST-418151,4.0,Good product.,2025-08-03 12:00:00,Amazon
REV-103676,PRD-00850,CUST-449403,2.0,Not what I expected.,2026-02-01 05:00:00,Amazon
REV-103677,PRD-02312,CUST-245414,5.0,Loved it!,2026-05-26 20:00:00,Amazon
REV-103678,PRD-02074,CUST-229281,2.0,Great!,2026-07-07 21:00:00,Amazon
REV-103679,PRD-01770,CUST-110443,4.0,Good product.,2025-04-06 10:00:00,Amazon
REV-103680,PRD-00951,CUST-402761,4.0,Loved it!,2025-05-23 13:00:00,Amazon
REV-103681,PRD-01744,CUST-261902,3.0,Average.,2024-11-04 05:00:00,Amazon
REV-103682,PRD-00061,CUST-388204,3.0,Great!,2025-05-23 09:00:00,Amazon
REV-103683,PRD-01076,CUST-346835,2.0,Great!,2024-09-15 05:00:00,Amazon
REV-103684,PRD-01379,CUST-112701,3.0,Not what I expected.,2025-12-06 03:00:00,Amazon
REV-103685,PRD-00670,CUST-359612,3.0,Loved it!,2024-12-17 15:00:00,Amazon
REV-103686,PRD-00520,CUST-480521,3.0,Great!,2026-04-04 15:00:00,Amazon
REV-103687,PRD-00650,CUST-187811,1.0,Average.,2025-09-06 03:00:00,Amazon
REV-103688,PRD-00932,CUST-310699,5.0,Average.,2025-11-05 13:00:00,Amazon
REV-103689,PRD-01522,CUST-156124,5.0,Good product.,2025-11-24 19:00:00,Amazon
REV-103690,PRD-02066,CUST-369741,5.0,Good product.,2025-04-23 18:00:00,Amazon
REV-103691,PRD-02210,CUST-384956,5.0,Average.,2025-10-04 08:00:00,Amazon
REV-103692,PRD-00372,CUST-474196,4.0,Loved it!,2024-11-15 17:00:00,Amazon
REV-103693,PRD-01588,CUST-409098,3.0,Loved it!,2026-04-13 13:00:00,Amazon
REV-103694,PRD-01856,CUST-232202,4.0,Average.,2026-04-18 21:00:00,Amazon
REV-103695,PRD-00547,CUST-106676,5.0,Average.,2025-05-24 05:00:00,Amazon
REV-103696,PRD-01877,CUST-421262,5.0,Good product.,2024-10-07 15:00:00,Amazon
REV-103697,PRD-01291,CUST-116413,2.0,Average.,2025-05-07 23:00:00,Amazon
REV-103698,PRD-00355,CUST-285934,2.0,Good product.,2026-07-15 07:00:00,Amazon
REV-103699,PRD-02436,CUST-422320,2.0,Good product.,2024-09-14 14:00:00,Amazon
REV-103700,PRD-01055,CUST-161692,4.0,Good product.,2025-05-02 20:00:00,Amazon
REV-103701,PRD-00140,CUST-136240,3.0,Not what I expected.,2024-11-20 09:00:00,Amazon
REV-103702,PRD-00069,CUST-362168,3.0,Loved it!,2025-05-23 07:00:00,Amazon
REV-103703,PRD-02370,CUST-241714,2.0,Average.,2026-07-10 17:00:00,Amazon
REV-103704,PRD-01582,CUST-489380,5.0,Not what I expected.,2026-02-02 00:00:00,Amazon
REV-103705,PRD-01801,CUST-251245,5.0,Good product.,2025-03-26 05:00:00,Amazon
REV-103706,PRD-01532,CUST-198067,5.0,Not what I expected.,2024-11-12 01:00:00,Amazon
REV-103707,PRD-00862,CUST-295183,1.0,Not what I expected.,2025-09-01 04:00:00,Amazon
REV-103708,PRD-01043,CUST-391997,4.0,Loved it!,2025-04-10 04:00:00,Amazon
REV-103709,PRD-00093,CUST-276238,1.0,Great!,2026-04-18 06:00:00,Amazon
REV-103710,PRD-02435,CUST-188444,4.0,Good product.,2026-07-29 04:00:00,Amazon
REV-103711,PRD-01007,CUST-377125,5.0,Not what I expected.,2025-08-08 09:00:00,Amazon
REV-103712,PRD-00107,CUST-358693,4.0,Average.,2025-02-02 08:00:00,Amazon
REV-103713,PRD-01802,CUST-492544,4.0,Great!,2025-09-09 14:00:00,Amazon
REV-103714,PRD-00290,CUST-110695,3.0,Great!,2024-11-28 11:00:00,Amazon
REV-103715,PRD-00523,CUST-499691,4.0,Not what I expected.,2024-12-18 13:00:00,Amazon
REV-103716,PRD-01929,CUST-399703,3.0,Great!,2025-03-05 01:00:00,Amazon
REV-103717,PRD-01610,CUST-192245,5.0,Great!,2025-07-03 19:00:00,Amazon
REV-103718,PRD-01863,CUST-268001,1.0,Not what I expected.,2024-12-29 08:00:00,Amazon
REV-103719,PRD-00147,CUST-254354,3.0,Loved it!,2024-10-27 15:00:00,Amazon
REV-103720,PRD-02500,CUST-428655,1.0,Average.,2026-03-08 14:00:00,Amazon
REV-103721,PRD-01865,CUST-158010,3.0,Good product.,2026-03-20 07:00:00,Amazon
REV-103722,PRD-01846,CUST-228318,2.0,Loved it!,2025-03-21 22:00:00,Amazon
REV-103724,PRD-01518,CUST-459218,3.0,Not what I expected.,2026-05-19 18:00:00,Amazon
REV-103725,PRD-01122,CUST-489125,3.0,Good product.,2025-01-30 21:00:00,Amazon
REV-103726,PRD-01742,CUST-224245,2.0,Loved it!,2024-12-30 22:00:00,Amazon
REV-103727,PRD-01569,CUST-367934,3.0,Average.,2025-07-01 00:00:00,Amazon
REV-103728,PRD-01537,CUST-290925,3.0,Loved it!,2025-12-17 10:00:00,Amazon
REV-103729,PRD-01550,CUST-271368,5.0,Great!,2024-12-01 14:00:00,Amazon
REV-103730,PRD-00656,CUST-494745,3.0,Great!,2024-11-05 15:00:00,Amazon
REV-103731,PRD-00669,CUST-174761,2.0,Loved it!,2026-05-07 02:00:00,Amazon
REV-103732,PRD-02000,CUST-411117,1.0,Great!,2024-08-28 02:00:00,Amazon
REV-103733,PRD-00976,CUST-186315,5.0,Loved it!,2025-01-19 20:00:00,Amazon
REV-103734,PRD-02374,CUST-432093,4.0,Loved it!,2025-11-22 01:00:00,Amazon
REV-103735,PRD-01992,CUST-339642,1.0,Average.,2025-09-11 12:00:00,Amazon
REV-103736,PRD-02232,CUST-413939,3.0,Average.,2025-06-21 18:00:00,Amazon
REV-103737,PRD-00539,CUST-213577,4.0,Average.,2025-04-10 04:00:00,Amazon
REV-103738,PRD-01482,CUST-115110,2.0,Great!,2025-12-12 06:00:00,Amazon
REV-103739,PRD-00598,CUST-117136,4.0,Great!,2025-02-14 01:00:00,Amazon
REV-103740,PRD-01017,CUST-148375,2.0,Good product.,2025-11-25 11:00:00,Amazon
REV-103741,PRD-00367,CUST-123086,1.0,Loved it!,2025-11-18 18:00:00,Amazon
REV-103742,PRD-00349,CUST-343403,1.0,Loved it!,2026-01-09 17:00:00,Amazon
REV-103743,PRD-00812,CUST-444242,5.0,Average.,2024-08-24 09:00:00,Amazon
REV-103744,PRD-00916,CUST-280265,5.0,Great!,2025-12-08 07:00:00,Amazon
REV-103745,PRD-00506,CUST-351201,3.0,Average.,2026-04-30 21:00:00,Amazon
REV-103746,PRD-00382,CUST-304553,3.0,Great!,2024-12-31 00:00:00,Amazon
REV-103747,PRD-00493,CUST-130188,3.0,Great!,2026-06-01 20:00:00,Amazon
REV-103748,PRD-01825,CUST-476584,4.0,Loved it!,2025-01-19 11:00:00,Amazon
REV-103749,PRD-01194,CUST-432026,5.0,Great!,2026-02-23 03:00:00,Amazon
REV-103750,PRD-01847,CUST-307402,1.0,Great!,2025-10-24 02:00:00,Amazon
REV-103751,PRD-02217,CUST-437360,5.0,Loved it!,2025-10-17 21:00:00,Amazon
REV-103752,PRD-01978,CUST-218668,5.0,Good product.,2024-10-15 17:00:00,Amazon
REV-103753,PRD-01678,CUST-173843,5.0,Loved it!,2026-07-05 15:00:00,Amazon
REV-103754,PRD-00783,CUST-414103,1.0,Great!,2025-03-22 18:00:00,Amazon
REV-103755,PRD-01580,CUST-239239,1.0,Great!,2025-07-23 21:00:00,Amazon
REV-103756,PRD-00942,CUST-322901,1.0,Great!,2025-07-02 14:00:00,Amazon
REV-103757,PRD-00467,CUST-122261,1.0,Great!,2026-05-05 12:00:00,Amazon
REV-103758,PRD-02231,CUST-341561,3.0,Great!,2025-11-23 19:00:00,Amazon
REV-103759,PRD-00458,CUST-368598,3.0,Loved it!,2026-01-13 15:00:00,Amazon
REV-103760,PRD-01427,CUST-120328,2.0,Good product.,2025-03-03 19:00:00,Amazon
REV-103761,PRD-00532,CUST-354933,3.0,Loved it!,2026-07-08 15:00:00,Amazon
REV-103763,PRD-00572,CUST-173027,2.0,Average.,2025-09-16 15:00:00,Amazon
REV-103765,PRD-01834,CUST-161327,5.0,Great!,2025-06-10 13:00:00,Amazon
REV-103766,PRD-00187,CUST-344357,4.0,Not what I expected.,2026-06-17 09:00:00,Amazon
REV-103767,PRD-00267,CUST-271562,5.0,Great!,2025-06-17 09:00:00,Amazon
REV-103768,PRD-01505,CUST-415839,2.0,Good product.,2025-08-10 08:00:00,Amazon
REV-103769,PRD-01714,CUST-114930,3.0,Loved it!,2024-08-16 09:00:00,Amazon
REV-103770,PRD-00616,CUST-134161,4.0,Good product.,2025-06-01 13:00:00,Amazon
REV-103771,PRD-00353,CUST-254521,2.0,Not what I expected.,2024-12-02 07:00:00,Amazon
REV-103772,PRD-00292,CUST-111563,4.0,Great!,2025-04-06 09:00:00,Amazon
REV-103773,PRD-00518,CUST-389905,2.0,Not what I expected.,2025-08-17 18:00:00,Amazon
REV-103775,PRD-00415,CUST-311403,4.0,Average.,2026-04-19 10:00:00,Amazon
REV-103776,PRD-01924,CUST-236305,2.0,Not what I expected.,2026-03-28 09:00:00,Amazon
REV-103777,PRD-01136,CUST-378232,4.0,Not what I expected.,2025-11-02 15:00:00,Amazon
REV-103778,PRD-00452,CUST-167521,2.0,Great!,2026-02-13 15:00:00,Amazon
REV-103779,PRD-00621,CUST-480187,2.0,Good product.,2025-11-27 00:00:00,Amazon
REV-103780,PRD-01856,CUST-123388,4.0,Great!,2024-09-22 14:00:00,Amazon
REV-103781,PRD-00247,CUST-216231,3.0,Not what I expected.,2025-04-11 18:00:00,Amazon
REV-103782,PRD-00337,CUST-443553,2.0,Loved it!,2026-07-31 11:00:00,Amazon
REV-103783,PRD-02334,CUST-405531,3.0,Not what I expected.,2025-10-08 04:00:00,Amazon
REV-103784,PRD-01809,CUST-311504,2.0,Average.,2024-09-10 07:00:00,Amazon
REV-103785,PRD-01028,CUST-238268,2.0,Average.,2026-07-15 17:00:00,Amazon
REV-103786,PRD-01969,CUST-350138,2.0,Loved it!,2026-03-18 14:00:00,Amazon
REV-103788,PRD-01126,CUST-418054,2.0,Average.,2025-11-16 06:00:00,Amazon
REV-103789,PRD-01714,CUST-352287,3.0,Average.,2026-02-06 00:00:00,Amazon
REV-103790,PRD-00966,CUST-406651,5.0,Good product.,2025-08-28 01:00:00,Amazon
REV-103791,PRD-00570,CUST-272465,4.0,Loved it!,2025-10-17 23:00:00,Amazon
REV-103792,PRD-00324,CUST-196656,3.0,Average.,2026-04-22 16:00:00,Amazon
REV-103793,PRD-02395,CUST-378058,1.0,Average.,2026-06-27 20:00:00,Amazon
REV-103794,PRD-01572,CUST-304784,2.0,Average.,2025-09-02 04:00:00,Amazon
REV-103795,PRD-00695,CUST-407991,4.0,Great!,2026-07-11 20:00:00,Amazon
REV-103796,PRD-01568,CUST-365665,4.0,Loved it!,2026-03-25 15:00:00,Amazon
REV-103797,PRD-00137,CUST-172484,5.0,Good product.,2025-04-11 15:00:00,Amazon
REV-103798,PRD-01119,CUST-497105,4.0,Average.,2024-09-02 23:00:00,Amazon
REV-103799,PRD-00532,CUST-331423,4.0,Good product.,2025-03-20 21:00:00,Amazon
REV-103800,PRD-00246,CUST-167704,1.0,Good product.,2025-09-17 05:00:00,Amazon
REV-103801,PRD-00407,CUST-421547,1.0,Good product.,2025-01-27 00:00:00,Amazon
REV-103802,PRD-01210,CUST-261739,1.0,Loved it!,2026-06-02 20:00:00,Amazon
REV-103803,PRD-02182,CUST-214621,1.0,Loved it!,2026-05-30 02:00:00,Amazon
REV-103804,PRD-01253,CUST-405004,3.0,Loved it!,2025-06-07 20:00:00,Amazon
REV-103805,PRD-00119,CUST-448431,1.0,Not what I expected.,2025-10-08 01:00:00,Amazon
REV-103806,PRD-00694,CUST-240585,4.0,Good product.,2026-08-01 06:00:00,Amazon
REV-103807,PRD-01840,CUST-332475,1.0,Not what I expected.,2026-07-14 21:00:00,Amazon
REV-103808,PRD-00160,CUST-266932,2.0,Great!,2025-05-25 17:00:00,Amazon
REV-103809,PRD-01157,CUST-286003,4.0,Good product.,2024-10-06 08:00:00,Amazon
REV-103810,PRD-00263,CUST-424573,3.0,Average.,2025-03-03 16:00:00,Amazon
REV-103812,PRD-01190,CUST-110867,4.0,Loved it!,2026-04-21 02:00:00,Amazon
REV-103813,PRD-00641,CUST-474042,1.0,Good product.,2026-07-08 19:00:00,Amazon
REV-103814,PRD-01185,CUST-243796,2.0,Great!,2024-08-31 12:00:00,Amazon
REV-103815,PRD-02493,CUST-142254,1.0,Loved it!,2024-08-18 15:00:00,Amazon
REV-103816,PRD-02481,CUST-476200,2.0,Loved it!,2025-11-21 14:00:00,Amazon
REV-103818,PRD-01074,CUST-399469,2.0,Average.,2026-05-06 05:00:00,Amazon
REV-103819,PRD-01799,CUST-428415,2.0,Great!,2025-08-17 18:00:00,Amazon
REV-103820,PRD-01119,CUST-306251,5.0,Not what I expected.,2025-11-25 19:00:00,Amazon
REV-103821,PRD-01785,CUST-354991,4.0,Average.,2024-11-05 04:00:00,Amazon
REV-103822,PRD-01884,CUST-100111,3.0,Not what I expected.,2025-09-15 23:00:00,Amazon
REV-103823,PRD-02021,CUST-275076,2.0,Loved it!,2026-04-28 05:00:00,Amazon
REV-103824,PRD-00782,CUST-140511,4.0,Loved it!,2025-04-01 01:00:00,Amazon
REV-103825,PRD-01897,CUST-359256,2.0,Not what I expected.,2025-08-03 18:00:00,Amazon
REV-103827,PRD-01365,CUST-465536,3.0,Great!,2025-11-22 21:00:00,Amazon
REV-103828,PRD-01848,CUST-415701,3.0,Good product.,2025-12-26 12:00:00,Amazon
REV-103829,PRD-00542,CUST-411122,2.0,Loved it!,2026-07-24 11:00:00,Amazon
REV-103830,PRD-01022,CUST-361468,4.0,Not what I expected.,2026-01-27 07:00:00,Amazon
REV-103831,PRD-01223,CUST-336834,1.0,Average.,2026-05-25 14:00:00,Amazon
REV-103832,PRD-01853,CUST-453548,1.0,Loved it!,2025-10-11 20:00:00,Amazon
REV-103833,PRD-00544,CUST-165072,4.0,Loved it!,2025-10-29 22:00:00,Amazon
REV-103834,PRD-01464,CUST-204392,4.0,Average.,2025-12-11 20:00:00,Amazon
REV-103835,PRD-01555,CUST-235378,4.0,Good product.,2025-01-09 18:00:00,Amazon
REV-103836,PRD-01830,CUST-452415,2.0,Good product.,2025-08-09 18:00:00,Amazon
REV-103837,PRD-01951,CUST-236988,4.0,Good product.,2025-03-29 15:00:00,Amazon
REV-103838,PRD-01950,CUST-419567,1.0,Loved it!,2026-03-17 13:00:00,Amazon
REV-103840,PRD-02157,CUST-178040,3.0,Not what I expected.,2024-12-13 18:00:00,Amazon
REV-103841,PRD-02250,CUST-444612,4.0,Not what I expected.,2024-12-29 22:00:00,Amazon
REV-103842,PRD-01429,CUST-184064,1.0,Great!,2025-08-10 06:00:00,Amazon
REV-103843,PRD-01730,CUST-330767,4.0,Good product.,2026-01-23 07:00:00,Amazon
REV-103844,PRD-01573,CUST-220808,4.0,Not what I expected.,2025-06-12 03:00:00,Amazon
REV-103845,PRD-02083,CUST-346348,4.0,Good product.,2025-05-23 11:00:00,Amazon
REV-103846,PRD-01923,CUST-294452,4.0,Loved it!,2025-04-07 22:00:00,Amazon
REV-103847,PRD-01423,CUST-380632,5.0,Great!,2026-04-25 23:00:00,Amazon
REV-103848,PRD-00705,CUST-475783,2.0,Not what I expected.,2025-01-15 07:00:00,Amazon
REV-103849,PRD-00877,CUST-116195,1.0,Loved it!,2025-02-06 22:00:00,Amazon
REV-103850,PRD-02090,CUST-480228,4.0,Great!,2025-06-16 21:00:00,Amazon
REV-103851,PRD-00674,CUST-388425,2.0,Loved it!,2024-10-29 00:00:00,Amazon
REV-103852,PRD-02070,CUST-409499,5.0,Loved it!,2024-09-09 02:00:00,Amazon
REV-103854,PRD-00064,CUST-134048,5.0,Good product.,2026-03-23 05:00:00,Amazon
REV-103855,PRD-01452,CUST-324241,4.0,Not what I expected.,2025-07-16 08:00:00,Amazon
REV-103856,PRD-00955,CUST-480769,5.0,Loved it!,2025-01-07 19:00:00,Amazon
REV-103857,PRD-01699,CUST-285452,3.0,Loved it!,2024-09-07 21:00:00,Amazon
REV-103858,PRD-01622,CUST-465423,4.0,Loved it!,2025-08-18 21:00:00,Amazon
REV-103859,PRD-01905,CUST-183534,5.0,Great!,2025-09-16 21:00:00,Amazon
REV-103860,PRD-00877,CUST-302160,4.0,Average.,2025-09-11 00:00:00,Amazon
REV-103861,PRD-00500,CUST-386198,5.0,Not what I expected.,2025-06-27 04:00:00,Amazon
REV-103862,PRD-00369,CUST-397886,2.0,Good product.,2025-02-02 10:00:00,Amazon
REV-103863,PRD-01283,CUST-300010,1.0,Average.,2024-09-08 02:00:00,Amazon
REV-103864,PRD-00334,CUST-166728,3.0,Great!,2025-06-17 12:00:00,Amazon
REV-103865,PRD-00392,CUST-466361,4.0,Average.,2025-11-20 19:00:00,Amazon
REV-103866,PRD-01413,CUST-369589,2.0,Great!,2025-09-13 03:00:00,Amazon
REV-103867,PRD-00374,CUST-318756,5.0,Great!,2026-07-05 15:00:00,Amazon
REV-103868,PRD-01906,CUST-202177,3.0,Average.,2024-10-22 09:00:00,Amazon
REV-103869,PRD-01631,CUST-108612,1.0,Not what I expected.,2025-12-11 13:00:00,Amazon
REV-103870,PRD-00419,CUST-460302,4.0,Great!,2025-12-09 06:00:00,Amazon
REV-103871,PRD-00441,CUST-424469,5.0,Good product.,2025-10-11 18:00:00,Amazon
REV-103872,PRD-02101,CUST-256021,3.0,Not what I expected.,2026-03-27 02:00:00,Amazon
REV-103873,PRD-02305,CUST-493738,3.0,Loved it!,2026-02-10 14:00:00,Amazon
REV-103874,PRD-01512,CUST-405004,1.0,Not what I expected.,2025-06-07 20:00:00,Amazon
REV-103875,PRD-02231,CUST-254366,5.0,Loved it!,2025-03-04 10:00:00,Amazon
REV-103876,PRD-01026,CUST-412308,5.0,Not what I expected.,2025-11-04 17:00:00,Amazon
REV-103877,PRD-00286,CUST-477477,2.0,Not what I expected.,2024-10-07 01:00:00,Amazon
REV-103878,PRD-02186,CUST-164160,5.0,Average.,2025-07-09 07:00:00,Amazon
REV-103879,PRD-01134,CUST-375682,1.0,Not what I expected.,2024-09-10 09:00:00,Amazon
REV-103880,PRD-01666,CUST-133013,2.0,Not what I expected.,2025-03-28 15:00:00,Amazon
REV-103881,PRD-01183,CUST-295908,5.0,Average.,2025-06-14 22:00:00,Amazon
REV-103882,PRD-00922,CUST-360339,3.0,Loved it!,2026-06-12 00:00:00,Amazon
REV-103883,PRD-01641,CUST-240055,1.0,Good product.,2026-01-18 00:00:00,Amazon
REV-103884,PRD-00161,CUST-318288,4.0,Not what I expected.,2026-07-01 22:00:00,Amazon
REV-103885,PRD-02435,CUST-271647,4.0,Loved it!,2026-03-01 07:00:00,Amazon
REV-103886,PRD-00769,CUST-400987,1.0,Loved it!,2026-03-26 05:00:00,Amazon
REV-103887,PRD-01992,CUST-395952,1.0,Loved it!,2024-08-23 17:00:00,Amazon
REV-103888,PRD-01167,CUST-219229,4.0,Average.,2025-11-23 23:00:00,Amazon
REV-103889,PRD-02007,CUST-331488,4.0,Good product.,2026-08-06 19:00:00,Amazon
REV-103890,PRD-01832,CUST-210255,4.0,Good product.,2025-05-26 02:00:00,Amazon
REV-103891,PRD-00186,CUST-174195,2.0,Loved it!,2026-06-25 12:00:00,Amazon
REV-103893,PRD-00577,CUST-236988,2.0,Good product.,2025-03-29 15:00:00,Amazon
REV-103894,PRD-00133,CUST-398278,5.0,Not what I expected.,2025-07-31 16:00:00,Amazon
REV-103895,PRD-01747,CUST-331220,2.0,Average.,2026-05-22 02:00:00,Amazon
REV-103896,PRD-00124,CUST-479717,3.0,Not what I expected.,2025-04-28 01:00:00,Amazon
REV-103897,PRD-01154,CUST-105646,1.0,Average.,2025-06-11 18:00:00,Amazon
REV-103898,PRD-01335,CUST-240726,5.0,Loved it!,2026-02-17 08:00:00,Amazon
REV-103899,PRD-00849,CUST-459674,4.0,Great!,2025-03-20 11:00:00,Amazon
REV-103901,PRD-01098,CUST-354912,5.0,Good product.,2025-10-07 07:00:00,Amazon
REV-103902,PRD-00696,CUST-182374,5.0,Not what I expected.,2025-08-15 10:00:00,Amazon
REV-103903,PRD-00840,CUST-100761,3.0,Great!,2025-08-10 18:00:00,Amazon
REV-103904,PRD-01241,CUST-357727,1.0,Great!,2026-03-30 00:00:00,Amazon
REV-103905,PRD-02166,CUST-446125,5.0,Average.,2025-07-09 04:00:00,Amazon
REV-103906,PRD-00802,CUST-338386,2.0,Good product.,2025-05-26 02:00:00,Amazon
REV-103907,PRD-00971,CUST-395456,2.0,Good product.,2025-09-21 08:00:00,Amazon
REV-103908,PRD-02173,CUST-294009,2.0,Good product.,2025-10-05 01:00:00,Amazon
REV-103909,PRD-00382,CUST-169392,1.0,Great!,2025-04-11 04:00:00,Amazon
REV-103910,PRD-00367,CUST-233930,4.0,Average.,2024-10-05 17:00:00,Amazon
REV-103911,PRD-00278,CUST-245352,5.0,Loved it!,2026-07-01 05:00:00,Amazon
REV-103912,PRD-01598,CUST-220624,2.0,Average.,2025-02-04 22:00:00,Amazon
REV-103913,PRD-00562,CUST-234457,1.0,Loved it!,2025-05-11 18:00:00,Amazon
REV-103914,PRD-00750,CUST-381132,4.0,Great!,2024-11-07 06:00:00,Amazon
REV-103916,PRD-00964,CUST-316516,4.0,Loved it!,2024-12-05 23:00:00,Amazon
REV-103917,PRD-00891,CUST-141387,2.0,Not what I expected.,2024-09-02 01:00:00,Amazon
REV-103918,PRD-00811,CUST-316185,4.0,Not what I expected.,2024-12-31 11:00:00,Amazon
REV-103919,PRD-01573,CUST-203441,1.0,Average.,2024-09-28 18:00:00,Amazon
REV-103921,PRD-00415,CUST-142857,5.0,Loved it!,2024-10-02 03:00:00,Amazon
REV-103922,PRD-01228,CUST-402954,3.0,Not what I expected.,2025-12-02 21:00:00,Amazon
REV-103923,PRD-01003,CUST-242138,5.0,Great!,2024-10-25 17:00:00,Amazon
REV-103924,PRD-01821,CUST-450698,5.0,Average.,2026-05-31 01:00:00,Amazon
REV-103926,PRD-01861,CUST-106194,1.0,Great!,2025-08-02 05:00:00,Amazon
REV-103927,PRD-01122,CUST-408970,2.0,Great!,2026-05-27 00:00:00,Amazon
REV-103928,PRD-01495,CUST-373666,5.0,Loved it!,2025-12-14 13:00:00,Amazon
REV-103929,PRD-00841,CUST-292291,1.0,Good product.,2025-10-01 19:00:00,Amazon
REV-103931,PRD-02494,CUST-390493,2.0,Good product.,2026-06-26 23:00:00,Amazon
REV-103932,PRD-00156,CUST-196656,1.0,Average.,2025-11-20 17:00:00,Amazon
REV-103933,PRD-00323,CUST-341577,2.0,Good product.,2025-08-29 12:00:00,Amazon
REV-103935,PRD-00505,CUST-171770,2.0,Loved it!,2024-12-21 05:00:00,Amazon
REV-103936,PRD-01938,CUST-476584,4.0,Average.,2024-09-21 15:00:00,Amazon
REV-103937,PRD-00753,CUST-307527,5.0,Not what I expected.,2026-02-06 21:00:00,Amazon
REV-103938,PRD-00868,CUST-409604,2.0,Good product.,2025-06-07 12:00:00,Amazon
REV-103939,PRD-00775,CUST-288003,2.0,Average.,2026-04-24 12:00:00,Amazon
REV-103940,PRD-00857,CUST-156445,4.0,Loved it!,2025-12-13 20:00:00,Amazon
REV-103941,PRD-00069,CUST-447965,5.0,Not what I expected.,2025-01-19 13:00:00,Amazon
REV-103942,PRD-00286,CUST-111456,3.0,Great!,2025-01-30 06:00:00,Amazon
REV-103943,PRD-01069,CUST-413641,2.0,Good product.,2026-04-06 07:00:00,Amazon
REV-103945,PRD-02045,CUST-267021,1.0,Loved it!,2026-05-21 02:00:00,Amazon
REV-103946,PRD-00119,CUST-293425,5.0,Average.,2026-07-13 15:00:00,Amazon
REV-103948,PRD-01506,CUST-473858,4.0,Not what I expected.,2026-07-22 00:00:00,Amazon
REV-103949,PRD-01808,CUST-409716,3.0,Good product.,2025-02-26 18:00:00,Amazon
REV-103950,PRD-02499,CUST-369513,1.0,Loved it!,2024-11-01 04:00:00,Amazon
REV-103951,PRD-02108,CUST-367973,4.0,Average.,2026-02-11 23:00:00,Amazon
REV-103952,PRD-00610,CUST-290958,2.0,Good product.,2025-08-20 02:00:00,Amazon
REV-103953,PRD-01172,CUST-261748,4.0,Average.,2026-05-21 17:00:00,Amazon
REV-103954,PRD-00535,CUST-340846,1.0,Great!,2026-01-23 05:00:00,Amazon
REV-103955,PRD-00586,CUST-125060,5.0,Great!,2026-01-16 06:00:00,Amazon
REV-103957,PRD-02300,CUST-359256,1.0,Good product.,2025-08-03 18:00:00,Amazon
REV-103958,PRD-01597,CUST-428531,4.0,Good product.,2025-10-11 17:00:00,Amazon
REV-103960,PRD-00507,CUST-494474,3.0,Loved it!,2024-11-01 18:00:00,Amazon
REV-103961,PRD-00002,CUST-459650,3.0,Not what I expected.,2024-11-14 08:00:00,Amazon
REV-103962,PRD-00646,CUST-402536,3.0,Great!,2025-09-21 18:00:00,Amazon
REV-103964,PRD-02177,CUST-108464,3.0,Great!,2025-12-13 19:00:00,Amazon
REV-103965,PRD-00277,CUST-113548,1.0,Average.,2025-08-17 15:00:00,Amazon
REV-103966,PRD-02006,CUST-409598,2.0,Great!,2025-03-05 08:00:00,Amazon
REV-103967,PRD-01485,CUST-346928,1.0,Great!,2025-10-19 07:00:00,Amazon
REV-103968,PRD-01026,CUST-270158,3.0,Average.,2025-10-28 19:00:00,Amazon
REV-103969,PRD-02343,CUST-277389,3.0,Good product.,2025-10-31 19:00:00,Amazon
REV-103971,PRD-00581,CUST-229766,4.0,Average.,2025-09-26 15:00:00,Amazon
REV-103972,PRD-00850,CUST-306491,3.0,Not what I expected.,2026-02-28 16:00:00,Amazon
REV-103973,PRD-01664,CUST-327217,3.0,Great!,2026-01-22 12:00:00,Amazon
REV-103974,PRD-01875,CUST-259194,1.0,Loved it!,2024-11-22 14:00:00,Amazon
REV-103975,PRD-02481,CUST-187436,5.0,Average.,2024-10-11 22:00:00,Amazon
REV-103976,PRD-00881,CUST-158010,4.0,Average.,2026-03-20 07:00:00,Amazon
REV-103977,PRD-02484,CUST-227756,5.0,Loved it!,2025-08-17 01:00:00,Amazon
REV-103979,PRD-02034,CUST-275076,3.0,Loved it!,2026-04-09 15:00:00,Amazon
REV-103980,PRD-01953,CUST-481547,3.0,Not what I expected.,2024-10-18 14:00:00,Amazon
REV-103981,PRD-02385,CUST-383546,5.0,Great!,2025-06-14 14:00:00,Amazon
REV-103982,PRD-01271,CUST-320290,3.0,Average.,2024-11-11 13:00:00,Amazon
REV-103983,PRD-01659,CUST-483779,3.0,Average.,2024-11-13 19:00:00,Amazon
REV-103984,PRD-02495,CUST-234852,4.0,Loved it!,2025-06-25 13:00:00,Amazon
REV-103986,PRD-01234,CUST-336332,3.0,Loved it!,2025-12-05 18:00:00,Amazon
REV-103987,PRD-00783,CUST-408705,5.0,Great!,2026-04-12 14:00:00,Amazon
REV-103988,PRD-01165,CUST-233966,1.0,Good product.,2025-07-30 16:00:00,Amazon
REV-103989,PRD-00914,CUST-408440,3.0,Not what I expected.,2025-09-03 01:00:00,Amazon
REV-103990,PRD-00709,CUST-324241,4.0,Not what I expected.,2025-07-19 12:00:00,Amazon
REV-103991,PRD-01871,CUST-385410,1.0,Average.,2024-08-18 05:00:00,Amazon
REV-103992,PRD-01016,CUST-392305,4.0,Good product.,2025-01-05 15:00:00,Amazon
REV-103993,PRD-01306,CUST-344484,5.0,Great!,2026-05-26 11:00:00,Amazon
REV-103994,PRD-02148,CUST-166754,1.0,Not what I expected.,2026-01-23 22:00:00,Amazon
REV-103995,PRD-00577,CUST-116207,2.0,Loved it!,2025-09-08 19:00:00,Amazon
REV-103996,PRD-01298,CUST-277145,4.0,Loved it!,2025-06-16 05:00:00,Amazon
REV-103997,PRD-02127,CUST-417328,2.0,Average.,2025-09-08 18:00:00,Amazon
REV-103998,PRD-01032,CUST-339642,4.0,Not what I expected.,2024-12-26 02:00:00,Amazon
REV-103999,PRD-01155,CUST-111471,1.0,Not what I expected.,2024-09-19 17:00:00,Amazon
REV-104000,PRD-00148,CUST-129629,4.0,Not what I expected.,2026-08-03 11:00:00,Amazon
REV-104001,PRD-00912,CUST-285934,5.0,Average.,2026-07-15 07:00:00,Amazon
REV-104002,PRD-02165,CUST-417231,4.0,Average.,2026-06-10 09:00:00,Amazon
REV-104003,PRD-00034,CUST-143676,3.0,Average.,2024-12-09 16:00:00,Amazon
REV-104004,PRD-01093,CUST-317676,4.0,Great!,2026-07-24 12:00:00,Amazon
REV-104005,PRD-00711,CUST-491916,1.0,Average.,2026-01-11 20:00:00,Amazon
REV-104006,PRD-00505,CUST-408236,1.0,Not what I expected.,2025-12-05 04:00:00,Amazon
REV-104007,PRD-00972,CUST-400305,5.0,Not what I expected.,2025-10-29 16:00:00,Amazon
REV-104008,PRD-00634,CUST-210434,5.0,Great!,2026-03-28 08:00:00,Amazon
REV-104009,PRD-01039,CUST-179580,3.0,Loved it!,2025-02-03 10:00:00,Amazon
REV-104010,PRD-02240,CUST-469598,3.0,Not what I expected.,2026-08-12 05:00:00,Amazon
REV-104011,PRD-02383,CUST-348275,3.0,Loved it!,2024-12-27 04:00:00,Amazon
REV-104012,PRD-02053,CUST-431938,1.0,Average.,2025-02-11 10:00:00,Amazon
REV-104013,PRD-00671,CUST-300010,4.0,Loved it!,2024-09-08 02:00:00,Amazon
REV-104014,PRD-01116,CUST-486460,2.0,Not what I expected.,2024-08-26 19:00:00,Amazon
REV-104015,PRD-00395,CUST-414137,3.0,Great!,2025-03-07 09:00:00,Amazon
REV-104016,PRD-01411,CUST-234790,5.0,Good product.,2025-04-26 10:00:00,Amazon
REV-104017,PRD-00850,CUST-460863,5.0,Loved it!,2026-05-12 12:00:00,Amazon
REV-104018,PRD-01066,CUST-479094,3.0,Loved it!,2024-08-18 20:00:00,Amazon
REV-104020,PRD-01253,CUST-210657,5.0,Loved it!,2024-09-12 19:00:00,Amazon
REV-104021,PRD-01186,CUST-461616,2.0,Loved it!,2025-12-10 17:00:00,Amazon
REV-104022,PRD-00361,CUST-332319,4.0,Loved it!,2026-04-25 13:00:00,Amazon
REV-104023,PRD-02206,CUST-317591,5.0,Average.,2026-05-03 01:00:00,Amazon
REV-104024,PRD-00301,CUST-393493,2.0,Average.,2026-04-01 20:00:00,Amazon
REV-104025,PRD-01926,CUST-255821,4.0,Loved it!,2026-03-24 06:00:00,Amazon
REV-104026,PRD-00038,CUST-370307,1.0,Good product.,2026-03-23 23:00:00,Amazon
REV-104027,PRD-01591,CUST-192346,2.0,Loved it!,2026-06-21 12:00:00,Amazon
REV-104028,PRD-02408,CUST-301976,3.0,Loved it!,2026-03-02 09:00:00,Amazon
REV-104029,PRD-01523,CUST-483779,4.0,Good product.,2026-01-17 21:00:00,Amazon
REV-104031,PRD-00141,CUST-306368,5.0,Average.,2025-08-07 18:00:00,Amazon
REV-104032,PRD-01501,CUST-409167,1.0,Good product.,2025-08-31 12:00:00,Amazon
REV-104033,PRD-01194,CUST-267876,2.0,Great!,2024-09-20 09:00:00,Amazon
REV-104034,PRD-00247,CUST-426128,3.0,Loved it!,2025-09-20 21:00:00,Amazon
REV-104035,PRD-00715,CUST-437712,3.0,Loved it!,2026-02-11 08:00:00,Amazon
REV-104036,PRD-01043,CUST-376218,5.0,Great!,2025-02-14 19:00:00,Amazon
REV-104037,PRD-00273,CUST-378377,2.0,Not what I expected.,2026-02-01 16:00:00,Amazon
REV-104038,PRD-02239,CUST-383679,4.0,Good product.,2026-06-07 11:00:00,Amazon
REV-104039,PRD-01595,CUST-493943,2.0,Not what I expected.,2025-09-25 02:00:00,Amazon
REV-104040,PRD-00850,CUST-397314,5.0,Great!,2026-05-13 19:00:00,Amazon
REV-104041,PRD-01463,CUST-269648,5.0,Loved it!,2024-10-06 20:00:00,Amazon
REV-104042,PRD-01230,CUST-343403,3.0,Loved it!,2025-04-30 20:00:00,Amazon
REV-104043,PRD-01930,CUST-308761,4.0,Great!,2025-06-13 13:00:00,Amazon
REV-104044,PRD-01256,CUST-204718,2.0,Great!,2024-09-02 15:00:00,Amazon
REV-104045,PRD-02439,CUST-482324,1.0,Great!,2026-01-25 00:00:00,Amazon
REV-104046,PRD-00778,CUST-308577,3.0,Not what I expected.,2024-12-24 22:00:00,Amazon
REV-104047,PRD-01408,CUST-163429,1.0,Loved it!,2024-09-13 04:00:00,Amazon
REV-104048,PRD-00847,CUST-219312,1.0,Average.,2025-10-28 20:00:00,Amazon
REV-104049,PRD-02137,CUST-342937,1.0,Good product.,2026-05-31 04:00:00,Amazon
REV-104050,PRD-02053,CUST-115707,2.0,Loved it!,2026-06-08 20:00:00,Amazon
REV-104051,PRD-01983,CUST-237951,1.0,Average.,2026-01-03 10:00:00,Amazon
REV-104052,PRD-00639,CUST-131206,1.0,Great!,2025-11-20 06:00:00,Amazon
REV-104054,PRD-00549,CUST-218407,5.0,Loved it!,2025-02-01 08:00:00,Amazon
REV-104055,PRD-01443,CUST-353618,1.0,Good product.,2025-02-24 17:00:00,Amazon
REV-104056,PRD-01024,CUST-475717,3.0,Not what I expected.,2026-02-08 20:00:00,Amazon
REV-104058,PRD-00479,CUST-112947,4.0,Loved it!,2024-08-15 04:00:00,Amazon
REV-104059,PRD-01713,CUST-438312,2.0,Great!,2026-03-09 22:00:00,Amazon
REV-104060,PRD-01899,CUST-269242,1.0,Great!,2026-02-15 21:00:00,Amazon
REV-104061,PRD-01774,CUST-124305,5.0,Good product.,2025-01-09 05:00:00,Amazon
REV-104062,PRD-00158,CUST-260765,3.0,Loved it!,2026-07-21 02:00:00,Amazon
REV-104063,PRD-02497,CUST-147412,3.0,Great!,2025-08-25 05:00:00,Amazon
REV-104064,PRD-02170,CUST-116357,5.0,Good product.,2024-12-30 11:00:00,Amazon
REV-104065,PRD-00759,CUST-309562,5.0,Loved it!,2025-07-21 21:00:00,Amazon
REV-104066,PRD-02138,CUST-119257,1.0,Great!,2025-09-01 16:00:00,Amazon
REV-104067,PRD-01111,CUST-369659,2.0,Not what I expected.,2025-05-22 07:00:00,Amazon
REV-104068,PRD-01616,CUST-245477,1.0,Average.,2024-12-27 20:00:00,Amazon
REV-104069,PRD-02150,CUST-363370,5.0,Good product.,2026-01-15 16:00:00,Amazon
REV-104071,PRD-00324,CUST-125540,1.0,Loved it!,2025-09-27 23:00:00,Amazon
REV-104072,PRD-01099,CUST-488503,3.0,Great!,2025-06-06 17:00:00,Amazon
REV-104074,PRD-01339,CUST-177531,3.0,Good product.,2026-01-28 05:00:00,Amazon
REV-104076,PRD-02363,CUST-327244,3.0,Great!,2024-08-22 16:00:00,Amazon
REV-104077,PRD-01484,CUST-397386,3.0,Good product.,2025-06-01 07:00:00,Amazon
REV-104078,PRD-02145,CUST-266054,5.0,Good product.,2024-08-23 12:00:00,Amazon
REV-104079,PRD-01565,CUST-152774,5.0,Good product.,2026-03-02 23:00:00,Amazon
REV-104080,PRD-02030,CUST-433895,5.0,Loved it!,2025-01-29 07:00:00,Amazon
REV-104081,PRD-01621,CUST-302501,4.0,Not what I expected.,2026-05-11 00:00:00,Amazon
REV-104082,PRD-02002,CUST-401996,2.0,Loved it!,2026-04-08 05:00:00,Amazon
REV-104083,PRD-01036,CUST-231988,2.0,Great!,2025-05-22 11:00:00,Amazon
REV-104084,PRD-00161,CUST-160574,5.0,Average.,2024-09-15 13:00:00,Amazon
REV-104085,PRD-00773,CUST-394434,1.0,Good product.,2026-01-31 13:00:00,Amazon
REV-104086,PRD-00563,CUST-303640,4.0,Great!,2025-04-01 07:00:00,Amazon
REV-104087,PRD-00123,CUST-374117,4.0,Not what I expected.,2025-01-18 22:00:00,Amazon
REV-104088,PRD-02316,CUST-426582,5.0,Loved it!,2025-07-01 11:00:00,Amazon
REV-104089,PRD-01431,CUST-356670,5.0,Not what I expected.,2024-10-28 23:00:00,Amazon
REV-104090,PRD-00960,CUST-122103,5.0,Not what I expected.,2025-01-26 12:00:00,Amazon
REV-104091,PRD-02071,CUST-422382,3.0,Great!,2026-07-24 20:00:00,Amazon
REV-104092,PRD-01271,CUST-213367,4.0,Great!,2025-05-23 05:00:00,Amazon
REV-104093,PRD-02050,CUST-492089,5.0,Great!,2026-07-19 05:00:00,Amazon
REV-104094,PRD-00904,CUST-381511,3.0,Not what I expected.,2026-03-08 17:00:00,Amazon
REV-104095,PRD-01591,CUST-199326,1.0,Good product.,2025-05-04 00:00:00,Amazon
REV-104096,PRD-01852,CUST-310034,5.0,Great!,2025-04-21 11:00:00,Amazon
REV-104097,PRD-00942,CUST-435031,4.0,Loved it!,2025-10-09 10:00:00,Amazon
REV-104098,PRD-01083,CUST-257584,4.0,Great!,2025-06-12 22:00:00,Amazon
REV-104100,PRD-00988,CUST-386634,5.0,Great!,2025-12-07 10:00:00,Amazon
REV-104101,PRD-00530,CUST-190586,4.0,Great!,2024-12-08 05:00:00,Amazon
REV-104102,PRD-01578,CUST-423568,2.0,Average.,2025-03-19 15:00:00,Amazon
REV-104103,PRD-00864,CUST-223565,4.0,Good product.,2026-07-19 09:00:00,Amazon
REV-104104,PRD-00506,CUST-493579,3.0,Not what I expected.,2024-12-25 02:00:00,Amazon
REV-104106,PRD-01446,CUST-465700,2.0,Good product.,2025-08-14 00:00:00,Amazon
REV-104107,PRD-01462,CUST-190680,1.0,Average.,2025-02-11 00:00:00,Amazon
REV-104108,PRD-01305,CUST-166754,1.0,Average.,2025-06-22 13:00:00,Amazon
REV-104109,PRD-01560,CUST-144385,2.0,Great!,2025-02-10 18:00:00,Amazon
REV-104110,PRD-01123,CUST-414801,3.0,Loved it!,2025-11-18 08:00:00,Amazon
REV-104111,PRD-02165,CUST-325542,5.0,Good product.,2025-04-20 04:00:00,Amazon
REV-104112,PRD-00637,CUST-210145,2.0,Loved it!,2025-12-16 14:00:00,Amazon
REV-104113,PRD-01359,CUST-273557,1.0,Loved it!,2026-05-09 13:00:00,Amazon
REV-104114,PRD-01874,CUST-158407,5.0,Not what I expected.,2025-07-24 14:00:00,Amazon
REV-104115,PRD-01186,CUST-276889,2.0,Great!,2026-06-06 17:00:00,Amazon
REV-104116,PRD-01466,CUST-372547,5.0,Average.,2025-03-24 11:00:00,Amazon
REV-104117,PRD-00939,CUST-428466,4.0,Not what I expected.,2025-02-25 21:00:00,Amazon
REV-104118,PRD-01492,CUST-206815,1.0,Average.,2025-04-15 20:00:00,Amazon
REV-104119,PRD-01674,CUST-200582,3.0,Good product.,2025-12-19 07:00:00,Amazon
REV-104121,PRD-00153,CUST-344554,5.0,Average.,2026-06-15 15:00:00,Amazon
REV-104122,PRD-01569,CUST-259194,4.0,Loved it!,2026-08-08 02:00:00,Amazon
REV-104123,PRD-01562,CUST-371042,2.0,Loved it!,2024-12-03 09:00:00,Amazon
REV-104126,PRD-01015,CUST-403970,4.0,Not what I expected.,2026-04-05 23:00:00,Amazon
REV-104127,PRD-01042,CUST-458987,1.0,Good product.,2025-03-25 09:00:00,Amazon
REV-104128,PRD-00020,CUST-185593,3.0,Loved it!,2025-06-27 01:00:00,Amazon
REV-104129,PRD-00495,CUST-428402,5.0,Not what I expected.,2026-03-17 21:00:00,Amazon
REV-104130,PRD-00581,CUST-314315,1.0,Great!,2025-04-21 01:00:00,Amazon
REV-104131,PRD-00898,CUST-490679,5.0,Great!,2026-04-22 20:00:00,Amazon
REV-104132,PRD-00249,CUST-251989,4.0,Good product.,2025-11-03 20:00:00,Amazon
REV-104134,PRD-01317,CUST-363950,3.0,Average.,2025-09-04 03:00:00,Amazon
REV-104135,PRD-01964,CUST-481640,2.0,Average.,2026-06-25 15:00:00,Amazon
REV-104136,PRD-01168,CUST-119400,3.0,Loved it!,2026-05-07 05:00:00,Amazon
REV-104137,PRD-00835,CUST-116451,3.0,Good product.,2026-07-20 01:00:00,Amazon
REV-104138,PRD-01704,CUST-183965,3.0,Good product.,2024-11-21 09:00:00,Amazon
REV-104139,PRD-02430,CUST-445193,2.0,Great!,2026-01-25 22:00:00,Amazon
REV-104141,PRD-02249,CUST-219005,4.0,Great!,2025-11-06 11:00:00,Amazon
REV-104142,PRD-00657,CUST-425553,3.0,Average.,2025-07-14 15:00:00,Amazon
REV-104144,PRD-01911,CUST-402954,4.0,Not what I expected.,2025-09-05 15:00:00,Amazon
REV-104147,PRD-00823,CUST-192750,5.0,Good product.,2025-04-21 07:00:00,Amazon
REV-104149,PRD-01010,CUST-189295,4.0,Great!,2025-03-15 08:00:00,Amazon
REV-104150,PRD-01518,CUST-242435,2.0,Great!,2025-06-17 01:00:00,Amazon
REV-104151,PRD-01552,CUST-319008,4.0,Great!,2025-08-10 20:00:00,Amazon
REV-104152,PRD-01265,CUST-372650,3.0,Not what I expected.,2025-12-16 14:00:00,Amazon
REV-104153,PRD-00163,CUST-496657,3.0,Good product.,2024-09-12 02:00:00,Amazon
REV-104154,PRD-02172,CUST-198395,5.0,Average.,2026-04-19 04:00:00,Amazon
REV-104155,PRD-01711,CUST-464945,1.0,Average.,2024-10-29 20:00:00,Amazon
REV-104156,PRD-01465,CUST-315767,4.0,Good product.,2025-03-19 08:00:00,Amazon
REV-104157,PRD-01238,CUST-145311,5.0,Good product.,2024-12-08 19:00:00,Amazon
REV-104158,PRD-01664,CUST-448461,4.0,Good product.,2024-09-25 15:00:00,Amazon
REV-104159,PRD-01956,CUST-214856,2.0,Good product.,2024-12-03 19:00:00,Amazon
REV-104160,PRD-02363,CUST-362869,5.0,Great!,2025-03-01 08:00:00,Amazon
REV-104161,PRD-01909,CUST-364118,1.0,Loved it!,2024-12-01 16:00:00,Amazon
REV-104162,PRD-00770,CUST-327263,4.0,Average.,2026-03-09 02:00:00,Amazon
REV-104163,PRD-00313,CUST-267833,2.0,Average.,2025-02-16 06:00:00,Amazon
REV-104164,PRD-00898,CUST-472239,2.0,Average.,2025-09-20 19:00:00,Amazon
REV-104165,PRD-02467,CUST-139021,5.0,Average.,2026-01-29 21:00:00,Amazon
REV-104167,PRD-00688,CUST-150657,5.0,Not what I expected.,2025-05-13 04:00:00,Amazon
REV-104168,PRD-02399,CUST-301478,5.0,Good product.,2024-10-18 16:00:00,Amazon
REV-104169,PRD-02232,CUST-143598,2.0,Good product.,2025-02-04 22:00:00,Amazon
REV-104170,PRD-02100,CUST-232926,1.0,Not what I expected.,2025-11-05 15:00:00,Amazon
REV-104171,PRD-02329,CUST-472354,5.0,Great!,2025-01-08 17:00:00,Amazon
REV-104173,PRD-01825,CUST-311504,2.0,Great!,2025-04-11 14:00:00,Amazon
REV-104175,PRD-01883,CUST-402428,2.0,Great!,2025-05-28 23:00:00,Amazon
REV-104176,PRD-00389,CUST-123004,2.0,Great!,2025-04-10 01:00:00,Amazon
REV-104177,PRD-00010,CUST-409394,5.0,Great!,2026-05-12 02:00:00,Amazon
REV-104178,PRD-00202,CUST-275663,2.0,Good product.,2026-03-05 19:00:00,Amazon
REV-104179,PRD-01243,CUST-262175,1.0,Great!,2024-12-14 22:00:00,Amazon
REV-104180,PRD-00699,CUST-236832,3.0,Good product.,2026-08-09 11:00:00,Amazon
REV-104181,PRD-00325,CUST-424251,4.0,Loved it!,2024-11-24 07:00:00,Amazon
REV-104182,PRD-02080,CUST-274966,2.0,Great!,2025-06-27 03:00:00,Amazon
REV-104183,PRD-01259,CUST-297879,5.0,Loved it!,2026-02-14 22:00:00,Amazon
REV-104184,PRD-00990,CUST-239099,4.0,Great!,2025-11-28 14:00:00,Amazon
REV-104185,PRD-01797,CUST-471239,1.0,Loved it!,2025-06-10 20:00:00,Amazon
REV-104186,PRD-00548,CUST-476038,3.0,Not what I expected.,2024-08-23 03:00:00,Amazon
REV-104188,PRD-00168,CUST-198395,5.0,Loved it!,2026-04-19 04:00:00,Amazon
REV-104189,PRD-00765,CUST-446392,4.0,Average.,2024-10-23 22:00:00,Amazon
REV-104190,PRD-00377,CUST-498313,1.0,Loved it!,2026-07-04 20:00:00,Amazon
REV-104191,PRD-00299,CUST-489296,2.0,Loved it!,2024-12-03 22:00:00,Amazon
REV-104192,PRD-01915,CUST-107429,4.0,Good product.,2025-03-22 00:00:00,Amazon
REV-104193,PRD-00891,CUST-176397,3.0,Great!,2025-07-14 01:00:00,Amazon
REV-104194,PRD-02108,CUST-112414,5.0,Average.,2026-01-01 08:00:00,Amazon
REV-104195,PRD-01953,CUST-411053,5.0,Good product.,2026-04-06 11:00:00,Amazon
REV-104196,PRD-00454,CUST-448058,3.0,Average.,2025-08-04 01:00:00,Amazon
REV-104197,PRD-00491,CUST-290950,5.0,Great!,2026-08-14 16:00:00,Amazon
REV-104198,PRD-00364,CUST-197916,5.0,Loved it!,2024-08-26 07:00:00,Amazon
REV-104199,PRD-00124,CUST-267422,3.0,Great!,2025-09-25 05:00:00,Amazon
REV-104200,PRD-00218,CUST-471464,5.0,Loved it!,2024-08-31 16:00:00,Amazon
REV-104201,PRD-00333,CUST-323180,3.0,Average.,2026-03-16 04:00:00,Amazon
REV-104203,PRD-01617,CUST-278537,1.0,Great!,2025-01-17 18:00:00,Amazon
REV-104204,PRD-00236,CUST-238768,1.0,Loved it!,2025-07-22 16:00:00,Amazon
REV-104205,PRD-02289,CUST-384089,1.0,Great!,2026-08-01 12:00:00,Amazon
REV-104206,PRD-01633,CUST-147887,4.0,Great!,2025-04-02 16:00:00,Amazon
REV-104207,PRD-02257,CUST-444028,3.0,Good product.,2025-10-09 21:00:00,Amazon
REV-104208,PRD-01003,CUST-232926,1.0,Great!,2025-11-05 15:00:00,Amazon
REV-104209,PRD-00454,CUST-127043,5.0,Good product.,2025-03-27 18:00:00,Amazon
REV-104210,PRD-01307,CUST-150611,3.0,Not what I expected.,2025-03-28 17:00:00,Amazon
REV-104212,PRD-01132,CUST-242435,5.0,Loved it!,2025-06-17 01:00:00,Amazon
REV-104213,PRD-01806,CUST-140511,2.0,Not what I expected.,2025-04-01 01:00:00,Amazon
REV-104214,PRD-00393,CUST-359935,3.0,Good product.,2026-04-24 06:00:00,Amazon
REV-104215,PRD-01638,CUST-120240,4.0,Good product.,2025-01-05 14:00:00,Amazon
REV-104216,PRD-01334,CUST-269522,4.0,Average.,2025-03-06 07:00:00,Amazon
REV-104217,PRD-02064,CUST-129946,2.0,Good product.,2025-08-28 09:00:00,Amazon
REV-104218,PRD-00575,CUST-337902,1.0,Not what I expected.,2025-06-13 14:00:00,Amazon
REV-104219,PRD-00847,CUST-278654,1.0,Loved it!,2025-07-11 05:00:00,Amazon
REV-104220,PRD-00426,CUST-490742,3.0,Good product.,2026-08-15 17:00:00,Amazon
REV-104221,PRD-00412,CUST-333264,5.0,Loved it!,2026-03-30 16:00:00,Amazon
REV-104222,PRD-00101,CUST-203031,3.0,Great!,2024-09-23 11:00:00,Amazon
REV-104223,PRD-00432,CUST-388962,2.0,Good product.,2025-08-10 05:00:00,Amazon
REV-104224,PRD-02202,CUST-438236,1.0,Loved it!,2025-04-17 12:00:00,Amazon
REV-104225,PRD-00681,CUST-174097,4.0,Great!,2025-06-18 13:00:00,Amazon
REV-104226,PRD-01065,CUST-280068,3.0,Not what I expected.,2025-08-09 10:00:00,Amazon
REV-104227,PRD-01444,CUST-335069,2.0,Great!,2026-01-14 15:00:00,Amazon
REV-104228,PRD-01465,CUST-227437,3.0,Great!,2025-04-03 08:00:00,Amazon
REV-104230,PRD-02126,CUST-310742,5.0,Good product.,2025-02-16 15:00:00,Amazon
REV-104231,PRD-02311,CUST-275420,4.0,Loved it!,2025-04-05 18:00:00,Amazon
REV-104232,PRD-00806,CUST-482929,2.0,Great!,2026-06-18 23:00:00,Amazon
REV-104233,PRD-01126,CUST-175376,1.0,Great!,2026-06-18 12:00:00,Amazon
REV-104234,PRD-01372,CUST-191872,4.0,Great!,2025-05-27 06:00:00,Amazon
REV-104235,PRD-01713,CUST-190240,1.0,Average.,2024-09-20 10:00:00,Amazon
REV-104236,PRD-01006,CUST-197152,1.0,Loved it!,2026-06-09 16:00:00,Amazon
REV-104238,PRD-01642,CUST-254149,4.0,Not what I expected.,2025-06-03 21:00:00,Amazon
REV-104239,PRD-00444,CUST-220177,5.0,Great!,2025-02-24 21:00:00,Amazon
REV-104240,PRD-01345,CUST-380741,1.0,Not what I expected.,2026-05-12 13:00:00,Amazon
REV-104241,PRD-02126,CUST-426221,5.0,Not what I expected.,2026-05-16 00:00:00,Amazon
REV-104242,PRD-01054,CUST-460863,5.0,Good product.,2026-05-12 12:00:00,Amazon
REV-104243,PRD-02322,CUST-252990,1.0,Loved it!,2025-01-26 22:00:00,Amazon
REV-104244,PRD-00108,CUST-346835,3.0,Average.,2024-09-15 05:00:00,Amazon
REV-104245,PRD-01178,CUST-157202,2.0,Loved it!,2025-09-14 11:00:00,Amazon
REV-104246,PRD-01116,CUST-120658,2.0,Not what I expected.,2025-03-18 07:00:00,Amazon
REV-104247,PRD-01209,CUST-453478,1.0,Loved it!,2025-03-01 17:00:00,Amazon
REV-104248,PRD-02420,CUST-498433,3.0,Average.,2025-12-01 17:00:00,Amazon
REV-104249,PRD-00736,CUST-205482,2.0,Average.,2026-01-03 06:00:00,Amazon
REV-104250,PRD-01217,CUST-464163,1.0,Average.,2025-01-15 13:00:00,Amazon
REV-104251,PRD-00628,CUST-106326,4.0,Not what I expected.,2025-04-07 12:00:00,Amazon
REV-104252,PRD-00038,CUST-210457,1.0,Loved it!,2025-08-08 10:00:00,Amazon
REV-104253,PRD-00122,CUST-398355,1.0,Good product.,2025-06-07 11:00:00,Amazon
REV-104254,PRD-00985,CUST-212511,5.0,Average.,2026-06-06 18:00:00,Amazon
REV-104255,PRD-02133,CUST-220327,5.0,Good product.,2024-11-17 22:00:00,Amazon
REV-104256,PRD-00142,CUST-201884,3.0,Good product.,2026-05-16 06:00:00,Amazon
REV-104257,PRD-01911,CUST-265955,2.0,Not what I expected.,2025-05-22 04:00:00,Amazon
REV-104258,PRD-02006,CUST-203803,3.0,Average.,2025-11-30 09:00:00,Amazon
REV-104259,PRD-00768,CUST-269099,5.0,Not what I expected.,2025-10-17 13:00:00,Amazon
REV-104260,PRD-00772,CUST-302343,1.0,Not what I expected.,2025-04-26 22:00:00,Amazon
REV-104261,PRD-01840,CUST-292023,5.0,Loved it!,2025-04-11 13:00:00,Amazon
REV-104262,PRD-02245,CUST-417074,1.0,Not what I expected.,2026-05-04 17:00:00,Amazon
REV-104263,PRD-00651,CUST-140511,3.0,Loved it!,2025-04-01 01:00:00,Amazon
REV-104264,PRD-01614,CUST-419087,3.0,Loved it!,2024-10-08 12:00:00,Amazon
REV-104265,PRD-01686,CUST-326941,3.0,Average.,2025-09-03 18:00:00,Amazon
REV-104266,PRD-00447,CUST-226023,3.0,Good product.,2026-07-28 09:00:00,Amazon
REV-104267,PRD-00924,CUST-275108,3.0,Average.,2026-08-06 10:00:00,Amazon
REV-104268,PRD-01502,CUST-332016,1.0,Loved it!,2026-06-28 22:00:00,Amazon
REV-104270,PRD-01721,CUST-488941,3.0,Good product.,2025-04-21 15:00:00,Amazon
REV-104271,PRD-02333,CUST-493214,3.0,Good product.,2026-08-04 07:00:00,Amazon
REV-104272,PRD-01197,CUST-486139,1.0,Great!,2024-11-28 20:00:00,Amazon
REV-104273,PRD-01066,CUST-389552,1.0,Average.,2025-04-11 15:00:00,Amazon
REV-104274,PRD-01505,CUST-196840,3.0,Great!,2025-11-07 06:00:00,Amazon
REV-104275,PRD-00203,CUST-293920,2.0,Great!,2025-09-11 23:00:00,Amazon
REV-104276,PRD-01563,CUST-470873,4.0,Average.,2025-08-04 02:00:00,Amazon
REV-104279,PRD-01397,CUST-146258,5.0,Loved it!,2026-07-30 15:00:00,Amazon
REV-104281,PRD-01994,CUST-150112,3.0,Average.,2024-12-20 06:00:00,Amazon
REV-104282,PRD-00568,CUST-258812,3.0,Loved it!,2024-11-04 16:00:00,Amazon
REV-104283,PRD-02164,CUST-410869,2.0,Average.,2024-12-09 21:00:00,Amazon
REV-104284,PRD-01499,CUST-405957,5.0,Great!,2025-12-29 02:00:00,Amazon
REV-104285,PRD-00013,CUST-116549,2.0,Loved it!,2025-05-12 20:00:00,Amazon
REV-104286,PRD-02341,CUST-353125,1.0,Good product.,2025-02-04 06:00:00,Amazon
REV-104287,PRD-00525,CUST-450913,2.0,Good product.,2025-12-30 23:00:00,Amazon
REV-104288,PRD-00570,CUST-374975,2.0,Great!,2025-03-04 16:00:00,Amazon
REV-104289,PRD-01843,CUST-171896,1.0,Good product.,2026-04-18 10:00:00,Amazon
REV-104290,PRD-00049,CUST-400102,1.0,Great!,2026-04-21 13:00:00,Amazon
REV-104291,PRD-00772,CUST-355349,2.0,Not what I expected.,2025-04-13 14:00:00,Amazon
REV-104292,PRD-02082,CUST-396829,5.0,Loved it!,2025-12-12 13:00:00,Amazon
REV-104293,PRD-00194,CUST-233375,1.0,Average.,2024-09-03 12:00:00,Amazon
REV-104294,PRD-01678,CUST-143718,4.0,Not what I expected.,2025-02-24 14:00:00,Amazon
REV-104295,PRD-01290,CUST-290408,1.0,Great!,2024-10-27 14:00:00,Amazon
REV-104296,PRD-00056,CUST-423997,3.0,Good product.,2025-09-01 03:00:00,Amazon
REV-104297,PRD-02169,CUST-430892,1.0,Average.,2024-10-23 16:00:00,Amazon
REV-104298,PRD-00218,CUST-111911,1.0,Loved it!,2026-01-15 09:00:00,Amazon
REV-104299,PRD-01554,CUST-407406,4.0,Great!,2026-01-21 23:00:00,Amazon
REV-104300,PRD-01731,CUST-207784,5.0,Loved it!,2026-05-21 02:00:00,Amazon
REV-104301,PRD-01300,CUST-271502,2.0,Average.,2026-08-09 16:00:00,Amazon
REV-104302,PRD-01205,CUST-309316,4.0,Loved it!,2024-09-11 01:00:00,Amazon
REV-104303,PRD-00033,CUST-322762,4.0,Good product.,2026-07-03 11:00:00,Amazon
REV-104304,PRD-00181,CUST-428862,4.0,Average.,2026-05-02 18:00:00,Amazon
REV-104305,PRD-00510,CUST-331027,5.0,Average.,2025-10-20 17:00:00,Amazon
REV-104306,PRD-02053,CUST-324596,2.0,Great!,2024-11-24 16:00:00,Amazon
REV-104307,PRD-00295,CUST-252692,1.0,Not what I expected.,2024-09-06 09:00:00,Amazon
REV-104308,PRD-00728,CUST-428862,3.0,Good product.,2026-05-02 18:00:00,Amazon
REV-104309,PRD-01897,CUST-169404,4.0,Great!,2024-10-25 20:00:00,Amazon
REV-104310,PRD-00679,CUST-295539,2.0,Average.,2024-10-17 11:00:00,Amazon
REV-104312,PRD-01000,CUST-458643,5.0,Average.,2025-07-02 10:00:00,Amazon
REV-104313,PRD-00127,CUST-327438,2.0,Average.,2026-01-02 14:00:00,Amazon
REV-104314,PRD-02311,CUST-333264,4.0,Great!,2026-06-26 11:00:00,Amazon
REV-104315,PRD-00642,CUST-371880,3.0,Good product.,2026-01-26 23:00:00,Amazon
REV-104316,PRD-00083,CUST-418106,5.0,Loved it!,2025-11-03 09:00:00,Amazon
REV-104317,PRD-02318,CUST-378326,1.0,Average.,2025-01-28 12:00:00,Amazon
REV-104318,PRD-01561,CUST-109052,5.0,Average.,2025-09-12 13:00:00,Amazon
REV-104319,PRD-01968,CUST-273487,3.0,Great!,2026-05-12 15:00:00,Amazon
REV-104320,PRD-00987,CUST-394473,2.0,Loved it!,2025-06-23 22:00:00,Amazon
REV-104321,PRD-01002,CUST-414735,2.0,Good product.,2026-04-17 01:00:00,Amazon
REV-104322,PRD-00236,CUST-129702,4.0,Loved it!,2026-01-19 03:00:00,Amazon
REV-104323,PRD-02408,CUST-299244,5.0,Good product.,2025-07-15 19:00:00,Amazon
REV-104324,PRD-00050,CUST-427064,1.0,Good product.,2025-03-28 15:00:00,Amazon
REV-104325,PRD-02390,CUST-408772,4.0,Loved it!,2026-03-09 16:00:00,Amazon
REV-104326,PRD-01186,CUST-432343,2.0,Great!,2024-10-01 13:00:00,Amazon
REV-104327,PRD-00794,CUST-236871,3.0,Loved it!,2026-08-08 07:00:00,Amazon
REV-104328,PRD-00243,CUST-382190,3.0,Great!,2025-02-17 19:00:00,Amazon
REV-104329,PRD-01095,CUST-496257,1.0,Great!,2026-06-25 22:00:00,Amazon
REV-104330,PRD-00508,CUST-169205,4.0,Loved it!,2025-09-23 23:00:00,Amazon
REV-104332,PRD-02433,CUST-171397,1.0,Not what I expected.,2026-07-08 20:00:00,Amazon
REV-104333,PRD-01700,CUST-394103,5.0,Great!,2025-09-24 21:00:00,Amazon
REV-104334,PRD-00868,CUST-384064,3.0,Great!,2026-05-22 09:00:00,Amazon
REV-104335,PRD-00775,CUST-311390,5.0,Good product.,2026-08-08 22:00:00,Amazon
REV-104336,PRD-00040,CUST-310463,1.0,Average.,2025-06-05 21:00:00,Amazon
REV-104337,PRD-02156,CUST-382732,5.0,Good product.,2025-06-13 20:00:00,Amazon
REV-104338,PRD-00719,CUST-305866,1.0,Loved it!,2025-08-28 10:00:00,Amazon
REV-104339,PRD-01567,CUST-452196,1.0,Average.,2026-03-23 13:00:00,Amazon
REV-104340,PRD-01058,CUST-320717,4.0,Loved it!,2025-04-16 18:00:00,Amazon
REV-104341,PRD-01802,CUST-285404,4.0,Loved it!,2025-12-13 14:00:00,Amazon
REV-104342,PRD-01575,CUST-480878,1.0,Average.,2025-09-27 20:00:00,Amazon
REV-104343,PRD-00299,CUST-302521,3.0,Loved it!,2024-11-22 02:00:00,Amazon
REV-104344,PRD-01605,CUST-386565,3.0,Loved it!,2024-10-12 01:00:00,Amazon
REV-104345,PRD-02312,CUST-242915,5.0,Not what I expected.,2026-07-18 19:00:00,Amazon
REV-104346,PRD-00280,CUST-490696,2.0,Average.,2025-06-22 08:00:00,Amazon
REV-104347,PRD-00359,CUST-169983,3.0,Not what I expected.,2025-06-15 17:00:00,Amazon
REV-104348,PRD-02090,CUST-195276,5.0,Loved it!,2025-10-08 09:00:00,Amazon
REV-104349,PRD-00556,CUST-392372,4.0,Average.,2024-12-05 06:00:00,Amazon
REV-104350,PRD-00463,CUST-191826,1.0,Not what I expected.,2026-02-13 19:00:00,Amazon
REV-104351,PRD-01672,CUST-399372,2.0,Great!,2025-11-01 05:00:00,Amazon
REV-104353,PRD-01557,CUST-448250,1.0,Loved it!,2025-06-20 13:00:00,Amazon
REV-104354,PRD-00984,CUST-152383,2.0,Loved it!,2025-12-20 22:00:00,Amazon
REV-104355,PRD-00122,CUST-445155,3.0,Average.,2025-05-05 03:00:00,Amazon
REV-104356,PRD-00838,CUST-342942,4.0,Average.,2025-07-29 03:00:00,Amazon
REV-104357,PRD-01342,CUST-100259,1.0,Great!,2024-10-12 16:00:00,Amazon
REV-104358,PRD-01220,CUST-478363,4.0,Not what I expected.,2026-03-21 16:00:00,Amazon
REV-104359,PRD-01843,CUST-324354,2.0,Loved it!,2024-10-09 09:00:00,Amazon
REV-104360,PRD-00431,CUST-253956,4.0,Not what I expected.,2024-09-26 12:00:00,Amazon
REV-104361,PRD-00877,CUST-239794,2.0,Great!,2026-05-02 20:00:00,Amazon
REV-104362,PRD-00833,CUST-164615,4.0,Loved it!,2025-01-26 00:00:00,Amazon
REV-104363,PRD-01913,CUST-141653,2.0,Average.,2025-06-14 00:00:00,Amazon
REV-104364,PRD-02050,CUST-176014,4.0,Loved it!,2025-02-02 09:00:00,Amazon
REV-104366,PRD-01674,CUST-392568,4.0,Good product.,2024-09-23 13:00:00,Amazon
REV-104367,PRD-02257,CUST-304781,2.0,Good product.,2026-06-08 05:00:00,Amazon
REV-104368,PRD-01627,CUST-394380,2.0,Great!,2025-12-06 16:00:00,Amazon
REV-104369,PRD-00168,CUST-177501,2.0,Good product.,2026-03-01 20:00:00,Amazon
REV-104370,PRD-00901,CUST-126620,1.0,Average.,2026-07-12 18:00:00,Amazon
REV-104371,PRD-01954,CUST-400597,4.0,Great!,2025-03-12 10:00:00,Amazon
REV-104373,PRD-02389,CUST-320035,3.0,Not what I expected.,2026-06-30 18:00:00,Amazon
REV-104374,PRD-00218,CUST-327000,3.0,Loved it!,2026-03-01 14:00:00,Amazon
REV-104375,PRD-02364,CUST-284251,1.0,Loved it!,2025-06-01 17:00:00,Amazon
REV-104376,PRD-01366,CUST-239099,4.0,Not what I expected.,2025-11-28 14:00:00,Amazon
REV-104377,PRD-01421,CUST-354434,4.0,Average.,2026-06-03 19:00:00,Amazon
REV-104378,PRD-00078,CUST-352999,5.0,Good product.,2025-12-07 16:00:00,Amazon
REV-104379,PRD-00798,CUST-255449,3.0,Loved it!,2025-09-20 05:00:00,Amazon
REV-104380,PRD-02414,CUST-263376,3.0,Great!,2025-03-01 21:00:00,Amazon
REV-104381,PRD-00319,CUST-160905,4.0,Not what I expected.,2025-08-31 03:00:00,Amazon
REV-104382,PRD-00130,CUST-276584,2.0,Good product.,2024-08-16 14:00:00,Amazon
REV-104383,PRD-00365,CUST-100111,5.0,Loved it!,2026-01-04 07:00:00,Amazon
REV-104384,PRD-00365,CUST-131345,2.0,Average.,2025-07-09 23:00:00,Amazon
REV-104385,PRD-00953,CUST-496892,2.0,Good product.,2026-03-24 21:00:00,Amazon
REV-104386,PRD-02161,CUST-386461,4.0,Average.,2024-12-24 10:00:00,Amazon
REV-104387,PRD-00639,CUST-143929,1.0,Great!,2024-12-23 05:00:00,Amazon
REV-104388,PRD-00534,CUST-389875,4.0,Average.,2026-05-12 10:00:00,Amazon
REV-104389,PRD-00306,CUST-197472,2.0,Not what I expected.,2026-07-14 02:00:00,Amazon
REV-104390,PRD-01285,CUST-417126,4.0,Not what I expected.,2026-07-26 13:00:00,Amazon
REV-104391,PRD-00922,CUST-321383,4.0,Loved it!,2025-04-30 10:00:00,Amazon
REV-104392,PRD-00143,CUST-483374,1.0,Good product.,2025-03-03 16:00:00,Amazon
REV-104393,PRD-01013,CUST-356708,5.0,Loved it!,2025-06-21 06:00:00,Amazon
REV-104394,PRD-01024,CUST-422741,5.0,Great!,2026-08-06 04:00:00,Amazon
REV-104395,PRD-00188,CUST-212477,2.0,Loved it!,2025-10-03 12:00:00,Amazon
REV-104396,PRD-00232,CUST-240649,5.0,Average.,2025-12-03 15:00:00,Amazon
REV-104397,PRD-00501,CUST-178872,2.0,Good product.,2025-05-04 19:00:00,Amazon
REV-104398,PRD-02147,CUST-448255,3.0,Not what I expected.,2025-03-22 00:00:00,Amazon
REV-104399,PRD-01775,CUST-146362,1.0,Not what I expected.,2025-05-31 21:00:00,Amazon
REV-104401,PRD-00166,CUST-445154,2.0,Good product.,2026-06-25 08:00:00,Amazon
REV-104402,PRD-01797,CUST-183600,1.0,Not what I expected.,2025-12-27 16:00:00,Amazon
REV-104403,PRD-00257,CUST-171366,2.0,Not what I expected.,2025-01-20 08:00:00,Amazon
REV-104404,PRD-00325,CUST-431056,1.0,Great!,2025-02-13 12:00:00,Amazon
REV-104405,PRD-01862,CUST-261748,4.0,Not what I expected.,2026-05-21 17:00:00,Amazon
REV-104406,PRD-00227,CUST-101179,3.0,Average.,2026-05-27 00:00:00,Amazon
REV-104407,PRD-01506,CUST-492173,3.0,Loved it!,2026-01-03 16:00:00,Amazon
REV-104408,PRD-00484,CUST-489296,5.0,Good product.,2024-12-03 22:00:00,Amazon
REV-104409,PRD-00252,CUST-217772,1.0,Average.,2026-06-04 14:00:00,Amazon
REV-104410,PRD-01594,CUST-317607,1.0,Great!,2026-08-06 15:00:00,Amazon
REV-104412,PRD-01834,CUST-280472,4.0,Great!,2024-09-18 10:00:00,Amazon
REV-104413,PRD-00374,CUST-252062,5.0,Average.,2025-01-06 14:00:00,Amazon
REV-104414,PRD-01199,CUST-411665,2.0,Good product.,2025-03-01 13:00:00,Amazon
REV-104415,PRD-00815,CUST-436481,2.0,Good product.,2024-10-17 18:00:00,Amazon
REV-104416,PRD-00140,CUST-175312,4.0,Average.,2024-12-17 05:00:00,Amazon
REV-104417,PRD-00251,CUST-438312,5.0,Great!,2026-03-09 22:00:00,Amazon
REV-104418,PRD-00508,CUST-385039,4.0,Good product.,2025-12-03 20:00:00,Amazon
REV-104419,PRD-00789,CUST-207636,4.0,Average.,2024-10-06 23:00:00,Amazon
REV-104420,PRD-00084,CUST-490608,2.0,Not what I expected.,2024-10-21 14:00:00,Amazon
REV-104421,PRD-02203,CUST-420981,4.0,Good product.,2025-09-09 02:00:00,Amazon
REV-104422,PRD-02142,CUST-411053,2.0,Loved it!,2025-10-16 14:00:00,Amazon
REV-104424,PRD-00679,CUST-481547,4.0,Not what I expected.,2024-10-18 14:00:00,Amazon
REV-104425,PRD-01595,CUST-316474,3.0,Great!,2026-01-20 07:00:00,Amazon
REV-104426,PRD-02267,CUST-478685,1.0,Not what I expected.,2026-01-14 20:00:00,Amazon
REV-104427,PRD-00100,CUST-391391,4.0,Good product.,2024-10-01 17:00:00,Amazon
REV-104428,PRD-01063,CUST-435362,1.0,Not what I expected.,2025-05-01 04:00:00,Amazon
REV-104429,PRD-01486,CUST-125041,2.0,Loved it!,2025-02-13 17:00:00,Amazon
REV-104431,PRD-00473,CUST-278964,3.0,Great!,2026-04-28 11:00:00,Amazon
REV-104433,PRD-01551,CUST-266662,1.0,Great!,2024-08-22 01:00:00,Amazon
REV-104435,PRD-01770,CUST-219595,5.0,Loved it!,2025-10-18 15:00:00,Amazon
REV-104436,PRD-02072,CUST-445757,1.0,Average.,2025-03-15 18:00:00,Amazon
REV-104437,PRD-00017,CUST-399588,4.0,Not what I expected.,2024-08-18 12:00:00,Amazon
REV-104438,PRD-00535,CUST-106089,3.0,Good product.,2026-03-28 14:00:00,Amazon
REV-104439,PRD-01342,CUST-230956,4.0,Not what I expected.,2026-07-25 21:00:00,Amazon
REV-104440,PRD-00176,CUST-374717,2.0,Good product.,2025-03-26 17:00:00,Amazon
REV-104441,PRD-01732,CUST-435349,5.0,Not what I expected.,2025-07-20 01:00:00,Amazon
REV-104442,PRD-01552,CUST-108909,2.0,Not what I expected.,2025-12-02 03:00:00,Amazon
REV-104445,PRD-01917,CUST-359619,4.0,Loved it!,2026-03-03 23:00:00,Amazon
REV-104446,PRD-02271,CUST-233966,3.0,Not what I expected.,2025-10-19 12:00:00,Amazon
REV-104447,PRD-02385,CUST-343280,2.0,Not what I expected.,2025-02-05 02:00:00,Amazon
REV-104448,PRD-00641,CUST-468546,1.0,Good product.,2024-08-28 21:00:00,Amazon
REV-104449,PRD-01624,CUST-498688,5.0,Loved it!,2024-11-11 16:00:00,Amazon
REV-104450,PRD-00657,CUST-339455,1.0,Average.,2025-04-01 17:00:00,Amazon
REV-104451,PRD-01890,CUST-365798,3.0,Loved it!,2026-08-11 01:00:00,Amazon
REV-104452,PRD-02285,CUST-450365,5.0,Not what I expected.,2025-01-14 12:00:00,Amazon
REV-104453,PRD-01345,CUST-366648,2.0,Great!,2026-01-17 03:00:00,Amazon
REV-104454,PRD-00664,CUST-239602,2.0,Loved it!,2025-05-02 08:00:00,Amazon
REV-104455,PRD-02219,CUST-188444,4.0,Average.,2024-10-22 01:00:00,Amazon
REV-104456,PRD-00454,CUST-415072,2.0,Great!,2025-05-04 15:00:00,Amazon
REV-104457,PRD-00407,CUST-183455,3.0,Loved it!,2025-12-26 10:00:00,Amazon
REV-104458,PRD-01178,CUST-192744,4.0,Great!,2025-07-05 03:00:00,Amazon
REV-104459,PRD-00429,CUST-145523,4.0,Not what I expected.,2025-07-01 06:00:00,Amazon
REV-104461,PRD-01294,CUST-118769,3.0,Average.,2024-11-06 05:00:00,Amazon
REV-104462,PRD-02102,CUST-293562,2.0,Good product.,2026-02-18 14:00:00,Amazon
REV-104464,PRD-00307,CUST-457589,5.0,Average.,2025-05-09 09:00:00,Amazon
REV-104465,PRD-01856,CUST-391654,4.0,Loved it!,2025-02-15 02:00:00,Amazon
REV-104466,PRD-01261,CUST-406131,2.0,Not what I expected.,2025-10-12 01:00:00,Amazon
REV-104467,PRD-01429,CUST-450299,4.0,Loved it!,2026-03-28 18:00:00,Amazon
REV-104468,PRD-00963,CUST-389695,4.0,Good product.,2025-01-09 04:00:00,Amazon
REV-104469,PRD-01923,CUST-443560,1.0,Great!,2025-07-08 08:00:00,Amazon
REV-104470,PRD-00164,CUST-164615,5.0,Average.,2025-10-19 21:00:00,Amazon
REV-104471,PRD-01511,CUST-183002,1.0,Good product.,2026-02-14 07:00:00,Amazon
REV-104472,PRD-00291,CUST-468415,5.0,Great!,2026-03-26 07:00:00,Amazon
REV-104473,PRD-00501,CUST-273483,1.0,Not what I expected.,2026-01-09 23:00:00,Amazon
REV-104474,PRD-00698,CUST-189377,1.0,Good product.,2025-11-23 10:00:00,Amazon
REV-104475,PRD-02031,CUST-315395,4.0,Loved it!,2026-05-15 18:00:00,Amazon
REV-104477,PRD-01510,CUST-417710,1.0,Average.,2025-03-23 21:00:00,Amazon
REV-104478,PRD-01544,CUST-276942,3.0,Average.,2024-10-14 21:00:00,Amazon
REV-104479,PRD-02150,CUST-341353,1.0,Good product.,2024-11-23 04:00:00,Amazon
REV-104480,PRD-00142,CUST-163807,5.0,Good product.,2025-12-18 08:00:00,Amazon
REV-104481,PRD-00178,CUST-171748,3.0,Not what I expected.,2025-07-06 09:00:00,Amazon
REV-104483,PRD-01607,CUST-110212,1.0,Loved it!,2026-04-01 07:00:00,Amazon
REV-104484,PRD-02411,CUST-185934,5.0,Loved it!,2025-11-10 03:00:00,Amazon
REV-104485,PRD-01493,CUST-284624,5.0,Loved it!,2024-10-22 01:00:00,Amazon
REV-104486,PRD-02222,CUST-161801,2.0,Not what I expected.,2025-07-09 00:00:00,Amazon
REV-104487,PRD-00935,CUST-232401,1.0,Great!,2025-07-20 13:00:00,Amazon
REV-104488,PRD-00024,CUST-100834,2.0,Average.,2025-04-05 04:00:00,Amazon
REV-104489,PRD-00351,CUST-117699,5.0,Great!,2025-01-04 01:00:00,Amazon
REV-104490,PRD-01192,CUST-339556,1.0,Loved it!,2025-11-09 19:00:00,Amazon
REV-104491,PRD-02257,CUST-419056,4.0,Good product.,2026-05-02 14:00:00,Amazon
REV-104494,PRD-00024,CUST-490578,1.0,Good product.,2026-03-06 03:00:00,Amazon
REV-104495,PRD-02402,CUST-191826,3.0,Great!,2026-02-13 19:00:00,Amazon
REV-104497,PRD-02018,CUST-473515,1.0,Loved it!,2026-05-30 00:00:00,Amazon
REV-104498,PRD-00253,CUST-271909,4.0,Not what I expected.,2024-10-11 04:00:00,Amazon
REV-104499,PRD-00942,CUST-170387,1.0,Loved it!,2026-03-15 00:00:00,Amazon
REV-104500,PRD-00210,CUST-336342,1.0,Not what I expected.,2025-01-16 07:00:00,Amazon
REV-104501,PRD-01625,CUST-272274,2.0,Not what I expected.,2025-08-21 10:00:00,Amazon
REV-104502,PRD-02047,CUST-197601,5.0,Average.,2026-02-22 15:00:00,Amazon
REV-104503,PRD-00094,CUST-488494,5.0,Not what I expected.,2024-11-06 19:00:00,Amazon
REV-104504,PRD-01430,CUST-316185,1.0,Great!,2025-07-28 15:00:00,Amazon
REV-104505,PRD-00200,CUST-288158,1.0,Great!,2025-04-13 20:00:00,Amazon
REV-104507,PRD-01295,CUST-183787,1.0,Great!,2026-05-04 14:00:00,Amazon
REV-104508,PRD-01761,CUST-124639,1.0,Good product.,2024-11-18 14:00:00,Amazon
REV-104509,PRD-01699,CUST-164615,5.0,Average.,2025-01-26 00:00:00,Amazon
REV-104510,PRD-00356,CUST-134048,4.0,Loved it!,2026-03-23 05:00:00,Amazon
REV-104511,PRD-00728,CUST-177743,3.0,Loved it!,2024-10-23 11:00:00,Amazon
REV-104512,PRD-00027,CUST-445778,4.0,Good product.,2026-06-26 09:00:00,Amazon
REV-104513,PRD-00633,CUST-284479,5.0,Loved it!,2025-09-06 01:00:00,Amazon
REV-104514,PRD-02263,CUST-317225,2.0,Good product.,2024-10-03 09:00:00,Amazon
REV-104515,PRD-00147,CUST-380368,1.0,Loved it!,2025-05-28 03:00:00,Amazon
REV-104516,PRD-00806,CUST-296741,4.0,Loved it!,2025-05-31 14:00:00,Amazon
REV-104517,PRD-00490,CUST-382376,4.0,Average.,2026-07-12 15:00:00,Amazon
REV-104518,PRD-01616,CUST-344885,4.0,Not what I expected.,2026-07-16 00:00:00,Amazon
REV-104519,PRD-01415,CUST-476625,4.0,Not what I expected.,2025-01-25 08:00:00,Amazon
REV-104520,PRD-01120,CUST-289512,1.0,Good product.,2025-08-24 02:00:00,Amazon
REV-104521,PRD-02387,CUST-253782,1.0,Great!,2025-11-04 21:00:00,Amazon
REV-104522,PRD-02118,CUST-493075,1.0,Average.,2026-03-15 17:00:00,Amazon
REV-104523,PRD-01551,CUST-278964,5.0,Great!,2026-04-28 11:00:00,Amazon
REV-104524,PRD-02165,CUST-273651,1.0,Average.,2024-11-29 13:00:00,Amazon
REV-104525,PRD-02342,CUST-249661,3.0,Great!,2026-07-04 06:00:00,Amazon
REV-104526,PRD-01988,CUST-478138,5.0,Good product.,2026-03-09 12:00:00,Amazon
REV-104527,PRD-01868,CUST-261260,1.0,Good product.,2024-11-23 10:00:00,Amazon
REV-104528,PRD-01262,CUST-256470,4.0,Average.,2025-03-08 03:00:00,Amazon
REV-104529,PRD-00084,CUST-373666,2.0,Loved it!,2025-12-14 13:00:00,Amazon
REV-104530,PRD-01922,CUST-341858,3.0,Average.,2026-07-06 02:00:00,Amazon
REV-104531,PRD-00592,CUST-114339,5.0,Good product.,2025-03-29 20:00:00,Amazon
REV-104532,PRD-02024,CUST-466624,3.0,Not what I expected.,2025-01-23 08:00:00,Amazon
REV-104534,PRD-02211,CUST-189668,5.0,Great!,2025-10-04 02:00:00,Amazon
REV-104535,PRD-01934,CUST-226581,4.0,Loved it!,2025-04-19 17:00:00,Amazon
REV-104536,PRD-01533,CUST-466335,3.0,Average.,2025-03-18 07:00:00,Amazon
REV-104537,PRD-00773,CUST-289729,4.0,Not what I expected.,2025-10-16 11:00:00,Amazon
REV-104538,PRD-00423,CUST-441796,1.0,Average.,2025-09-03 01:00:00,Amazon
REV-104539,PRD-01072,CUST-183025,4.0,Loved it!,2025-11-01 23:00:00,Amazon
REV-104540,PRD-01024,CUST-296421,2.0,Not what I expected.,2026-05-04 19:00:00,Amazon
REV-104541,PRD-00638,CUST-249633,4.0,Great!,2025-05-14 05:00:00,Amazon
REV-104542,PRD-01252,CUST-317848,3.0,Average.,2026-07-24 02:00:00,Amazon
REV-104543,PRD-01246,CUST-430655,3.0,Great!,2025-10-24 11:00:00,Amazon
REV-104544,PRD-01751,CUST-401593,4.0,Loved it!,2025-11-22 12:00:00,Amazon
REV-104545,PRD-01469,CUST-214890,3.0,Average.,2025-05-12 10:00:00,Amazon
REV-104546,PRD-02385,CUST-443966,2.0,Average.,2025-11-29 00:00:00,Amazon
REV-104547,PRD-01217,CUST-117943,1.0,Average.,2026-07-01 03:00:00,Amazon
REV-104548,PRD-01773,CUST-359663,1.0,Not what I expected.,2026-07-28 00:00:00,Amazon
REV-104549,PRD-00960,CUST-291910,3.0,Average.,2024-09-09 09:00:00,Amazon
REV-104550,PRD-01503,CUST-470873,3.0,Not what I expected.,2026-02-01 13:00:00,Amazon
REV-104551,PRD-00757,CUST-486460,1.0,Good product.,2024-08-26 19:00:00,Amazon
REV-104552,PRD-01475,CUST-111975,2.0,Average.,2026-03-05 19:00:00,Amazon
REV-104553,PRD-02284,CUST-445725,4.0,Good product.,2025-06-29 00:00:00,Amazon
REV-104554,PRD-02217,CUST-431157,1.0,Great!,2025-01-27 17:00:00,Amazon
REV-104555,PRD-00549,CUST-230172,1.0,Loved it!,2025-03-15 15:00:00,Amazon
REV-104556,PRD-00329,CUST-279401,1.0,Average.,2026-03-04 03:00:00,Amazon
REV-104557,PRD-02382,CUST-360938,3.0,Great!,2024-09-12 23:00:00,Amazon
REV-104558,PRD-02019,CUST-485809,3.0,Good product.,2026-02-07 04:00:00,Amazon
REV-104559,PRD-02305,CUST-133273,5.0,Not what I expected.,2025-05-17 06:00:00,Amazon
REV-104560,PRD-00862,CUST-373151,1.0,Not what I expected.,2026-05-08 18:00:00,Amazon
REV-104561,PRD-02432,CUST-113548,3.0,Good product.,2025-08-17 15:00:00,Amazon
REV-104562,PRD-01787,CUST-238683,1.0,Great!,2024-08-24 22:00:00,Amazon
REV-104563,PRD-02350,CUST-167574,4.0,Average.,2026-02-07 05:00:00,Amazon
REV-104564,PRD-01254,CUST-473508,3.0,Great!,2025-07-31 05:00:00,Amazon
REV-104565,PRD-01238,CUST-157120,1.0,Not what I expected.,2024-08-15 17:00:00,Amazon
REV-104566,PRD-01856,CUST-393677,3.0,Average.,2025-08-31 09:00:00,Amazon
REV-104567,PRD-01123,CUST-110095,2.0,Good product.,2025-02-10 11:00:00,Amazon
REV-104568,PRD-01403,CUST-244425,2.0,Good product.,2026-06-28 07:00:00,Amazon
REV-104569,PRD-02294,CUST-247288,4.0,Loved it!,2025-01-26 23:00:00,Amazon
REV-104570,PRD-01369,CUST-216930,5.0,Good product.,2026-06-30 11:00:00,Amazon
REV-104571,PRD-01906,CUST-235225,4.0,Loved it!,2025-08-05 19:00:00,Amazon
REV-104572,PRD-00942,CUST-188444,1.0,Good product.,2026-07-29 04:00:00,Amazon
REV-104574,PRD-00026,CUST-300583,3.0,Not what I expected.,2026-05-12 13:00:00,Amazon
REV-104575,PRD-00977,CUST-459222,1.0,Loved it!,2025-02-14 18:00:00,Amazon
REV-104576,PRD-01392,CUST-406247,1.0,Average.,2025-04-25 01:00:00,Amazon
REV-104577,PRD-02206,CUST-176118,3.0,Loved it!,2025-01-14 02:00:00,Amazon
REV-104578,PRD-01732,CUST-422489,4.0,Great!,2026-06-10 13:00:00,Amazon
REV-104580,PRD-01457,CUST-319988,5.0,Loved it!,2024-10-01 01:00:00,Amazon
REV-104581,PRD-01582,CUST-231743,5.0,Loved it!,2025-04-11 13:00:00,Amazon
REV-104582,PRD-00573,CUST-276238,3.0,Average.,2025-09-12 23:00:00,Amazon
REV-104584,PRD-00423,CUST-484118,4.0,Not what I expected.,2026-07-07 22:00:00,Amazon
REV-104585,PRD-01672,CUST-427064,1.0,Good product.,2026-07-03 04:00:00,Amazon
REV-104586,PRD-01614,CUST-422546,3.0,Loved it!,2024-11-03 15:00:00,Amazon
REV-104587,PRD-00564,CUST-157501,4.0,Not what I expected.,2025-07-23 02:00:00,Amazon
REV-104589,PRD-01360,CUST-427064,5.0,Loved it!,2025-03-28 15:00:00,Amazon
REV-104590,PRD-02473,CUST-371726,4.0,Not what I expected.,2024-08-21 01:00:00,Amazon
REV-104591,PRD-00221,CUST-422382,1.0,Good product.,2026-07-24 20:00:00,Amazon
REV-104592,PRD-01978,CUST-174077,1.0,Not what I expected.,2026-05-28 14:00:00,Amazon
REV-104593,PRD-01419,CUST-368542,1.0,Good product.,2025-10-23 01:00:00,Amazon
REV-104594,PRD-01611,CUST-148260,2.0,Good product.,2024-12-27 23:00:00,Amazon
REV-104595,PRD-01399,CUST-289388,2.0,Great!,2024-09-15 15:00:00,Amazon
REV-104596,PRD-02500,CUST-327263,1.0,Not what I expected.,2026-03-09 02:00:00,Amazon
REV-104597,PRD-01466,CUST-132916,2.0,Loved it!,2026-07-03 14:00:00,Amazon
REV-104598,PRD-01827,CUST-133877,4.0,Average.,2025-11-04 14:00:00,Amazon
REV-104599,PRD-01854,CUST-377101,3.0,Great!,2025-07-04 03:00:00,Amazon
REV-104600,PRD-00559,CUST-358382,5.0,Good product.,2025-10-02 03:00:00,Amazon
REV-104601,PRD-02223,CUST-278179,2.0,Great!,2025-12-22 09:00:00,Amazon
REV-104602,PRD-01484,CUST-110642,5.0,Great!,2025-01-17 07:00:00,Amazon
REV-104603,PRD-01343,CUST-308288,2.0,Average.,2024-12-28 05:00:00,Amazon
REV-104604,PRD-01432,CUST-158239,5.0,Loved it!,2025-04-20 05:00:00,Amazon
REV-104605,PRD-01965,CUST-299314,4.0,Average.,2025-07-11 11:00:00,Amazon
REV-104606,PRD-00197,CUST-380994,5.0,Good product.,2026-03-27 11:00:00,Amazon
REV-104607,PRD-01125,CUST-183505,2.0,Loved it!,2025-05-28 15:00:00,Amazon
REV-104608,PRD-01786,CUST-238587,5.0,Loved it!,2025-02-04 23:00:00,Amazon
REV-104609,PRD-01130,CUST-350347,4.0,Great!,2026-06-10 13:00:00,Amazon
REV-104610,PRD-02066,CUST-108450,5.0,Great!,2024-10-19 02:00:00,Amazon
REV-104612,PRD-02382,CUST-235819,2.0,Loved it!,2025-08-08 22:00:00,Amazon
REV-104613,PRD-01723,CUST-483825,2.0,Average.,2025-11-27 08:00:00,Amazon
REV-104614,PRD-01227,CUST-343901,4.0,Average.,2025-02-28 02:00:00,Amazon
REV-104615,PRD-00540,CUST-139294,2.0,Great!,2024-12-23 10:00:00,Amazon
REV-104616,PRD-01680,CUST-118417,1.0,Not what I expected.,2025-11-21 09:00:00,Amazon
REV-104617,PRD-01616,CUST-445193,3.0,Loved it!,2026-02-02 22:00:00,Amazon
REV-104618,PRD-00553,CUST-332758,2.0,Great!,2025-06-02 16:00:00,Amazon
REV-104619,PRD-01696,CUST-483239,3.0,Loved it!,2025-01-16 10:00:00,Amazon
REV-104620,PRD-00011,CUST-208018,3.0,Great!,2026-02-17 11:00:00,Amazon
REV-104621,PRD-00797,CUST-414521,4.0,Not what I expected.,2025-03-08 06:00:00,Amazon
REV-104622,PRD-01351,CUST-397802,1.0,Loved it!,2026-05-04 04:00:00,Amazon
REV-104623,PRD-02435,CUST-298970,5.0,Great!,2024-10-24 14:00:00,Amazon
REV-104624,PRD-01135,CUST-371972,4.0,Not what I expected.,2025-12-23 03:00:00,Amazon
REV-104626,PRD-02162,CUST-136315,4.0,Average.,2025-05-28 14:00:00,Amazon
REV-104627,PRD-00342,CUST-131830,2.0,Not what I expected.,2026-06-17 19:00:00,Amazon
REV-104628,PRD-00193,CUST-411345,4.0,Not what I expected.,2024-08-15 13:00:00,Amazon
REV-104629,PRD-02084,CUST-277554,3.0,Loved it!,2026-04-17 02:00:00,Amazon
REV-104630,PRD-01379,CUST-215897,1.0,Loved it!,2025-05-14 01:00:00,Amazon
REV-104631,PRD-00338,CUST-225184,2.0,Good product.,2026-04-10 11:00:00,Amazon
REV-104632,PRD-02187,CUST-112072,5.0,Average.,2024-12-29 03:00:00,Amazon
REV-104633,PRD-02465,CUST-308827,4.0,Average.,2026-05-08 20:00:00,Amazon
REV-104634,PRD-00073,CUST-105056,4.0,Not what I expected.,2025-02-03 22:00:00,Amazon
REV-104635,PRD-00813,CUST-335814,2.0,Average.,2026-04-13 07:00:00,Amazon
REV-104636,PRD-00203,CUST-338981,5.0,Good product.,2025-12-09 03:00:00,Amazon
REV-104637,PRD-01066,CUST-243003,3.0,Great!,2026-06-29 23:00:00,Amazon
REV-104638,PRD-00619,CUST-388696,5.0,Great!,2025-01-02 23:00:00,Amazon
REV-104639,PRD-00652,CUST-182593,3.0,Loved it!,2025-10-06 16:00:00,Amazon
REV-104640,PRD-01622,CUST-383679,2.0,Great!,2024-08-20 15:00:00,Amazon
REV-104641,PRD-01677,CUST-101477,2.0,Good product.,2025-07-26 13:00:00,Amazon
REV-104642,PRD-00570,CUST-289388,1.0,Not what I expected.,2024-11-26 18:00:00,Amazon
REV-104643,PRD-02136,CUST-470070,4.0,Loved it!,2024-10-05 17:00:00,Amazon
REV-104644,PRD-00069,CUST-495901,4.0,Good product.,2025-05-03 22:00:00,Amazon
REV-104645,PRD-01883,CUST-443966,1.0,Great!,2025-11-29 00:00:00,Amazon
REV-104646,PRD-01064,CUST-167209,4.0,Good product.,2024-09-27 01:00:00,Amazon
REV-104647,PRD-02099,CUST-133899,3.0,Loved it!,2026-06-14 17:00:00,Amazon
REV-104648,PRD-02012,CUST-479641,4.0,Not what I expected.,2025-08-12 07:00:00,Amazon
REV-104649,PRD-02076,CUST-281399,1.0,Not what I expected.,2025-03-19 04:00:00,Amazon
REV-104650,PRD-00025,CUST-159092,2.0,Not what I expected.,2024-12-28 05:00:00,Amazon
REV-104651,PRD-00857,CUST-467774,1.0,Average.,2025-11-02 21:00:00,Amazon
REV-104652,PRD-01658,CUST-172050,2.0,Good product.,2025-08-27 12:00:00,Amazon
REV-104653,PRD-01935,CUST-167060,4.0,Good product.,2025-03-07 06:00:00,Amazon
REV-104654,PRD-00428,CUST-183965,2.0,Average.,2026-07-28 00:00:00,Amazon
REV-104655,PRD-00413,CUST-109184,4.0,Loved it!,2025-12-24 22:00:00,Amazon
REV-104656,PRD-01296,CUST-220624,3.0,Loved it!,2025-11-01 23:00:00,Amazon
REV-104657,PRD-02375,CUST-412421,5.0,Great!,2026-08-10 14:00:00,Amazon
REV-104658,PRD-02187,CUST-140723,3.0,Loved it!,2026-04-27 22:00:00,Amazon
REV-104659,PRD-01756,CUST-417802,3.0,Loved it!,2026-02-11 12:00:00,Amazon
REV-104660,PRD-02166,CUST-216858,2.0,Not what I expected.,2025-10-01 03:00:00,Amazon
REV-104661,PRD-00569,CUST-350778,4.0,Good product.,2024-10-04 06:00:00,Amazon
REV-104662,PRD-01444,CUST-420745,2.0,Not what I expected.,2026-03-27 09:00:00,Amazon
REV-104663,PRD-00031,CUST-254601,4.0,Good product.,2025-11-20 03:00:00,Amazon
REV-104664,PRD-01046,CUST-341477,2.0,Good product.,2025-04-18 01:00:00,Amazon
REV-104665,PRD-02448,CUST-236135,1.0,Good product.,2026-07-29 15:00:00,Amazon
REV-104666,PRD-00220,CUST-497652,3.0,Great!,2025-11-13 20:00:00,Amazon
REV-104668,PRD-02356,CUST-499691,5.0,Average.,2024-10-09 20:00:00,Amazon
REV-104669,PRD-00569,CUST-296778,1.0,Average.,2025-01-06 01:00:00,Amazon
REV-104670,PRD-01793,CUST-441115,1.0,Great!,2025-09-30 08:00:00,Amazon
REV-104671,PRD-01649,CUST-472354,5.0,Not what I expected.,2025-01-08 17:00:00,Amazon
REV-104672,PRD-00738,CUST-190240,2.0,Great!,2024-09-20 10:00:00,Amazon
REV-104673,PRD-00492,CUST-203254,2.0,Great!,2026-06-07 12:00:00,Amazon
REV-104674,PRD-00147,CUST-255959,2.0,Not what I expected.,2025-05-19 03:00:00,Amazon
REV-104675,PRD-01231,CUST-116009,2.0,Loved it!,2025-05-04 22:00:00,Amazon
REV-104676,PRD-00441,CUST-488212,4.0,Average.,2024-12-08 20:00:00,Amazon
REV-104677,PRD-02376,CUST-203141,1.0,Average.,2025-07-31 04:00:00,Amazon
REV-104678,PRD-01157,CUST-257282,5.0,Good product.,2025-11-26 02:00:00,Amazon
REV-104679,PRD-00633,CUST-447388,5.0,Good product.,2024-11-10 14:00:00,Amazon
REV-104680,PRD-01188,CUST-478014,4.0,Average.,2024-11-23 10:00:00,Amazon
REV-104681,PRD-00445,CUST-135730,5.0,Not what I expected.,2024-12-01 20:00:00,Amazon
REV-104682,PRD-00276,CUST-101628,1.0,Great!,2026-07-05 15:00:00,Amazon
REV-104683,PRD-00923,CUST-299986,2.0,Great!,2025-07-08 22:00:00,Amazon
REV-104686,PRD-00454,CUST-390565,3.0,Not what I expected.,2024-09-11 13:00:00,Amazon
REV-104687,PRD-00298,CUST-222388,1.0,Not what I expected.,2024-10-27 13:00:00,Amazon
REV-104688,PRD-01062,CUST-231821,2.0,Not what I expected.,2024-10-06 21:00:00,Amazon
REV-104689,PRD-00973,CUST-256806,4.0,Not what I expected.,2025-08-13 23:00:00,Amazon
REV-104690,PRD-01099,CUST-376075,1.0,Not what I expected.,2024-11-02 07:00:00,Amazon
REV-104691,PRD-01681,CUST-460067,1.0,Good product.,2026-01-14 15:00:00,Amazon
REV-104693,PRD-01134,CUST-157776,3.0,Average.,2026-04-03 10:00:00,Amazon
REV-104694,PRD-00905,CUST-472119,1.0,Good product.,2024-09-10 14:00:00,Amazon
REV-104695,PRD-00359,CUST-214513,1.0,Good product.,2026-03-11 06:00:00,Amazon
REV-104696,PRD-00157,CUST-315016,5.0,Good product.,2026-06-18 08:00:00,Amazon
REV-104698,PRD-01507,CUST-330476,2.0,Great!,2024-12-04 19:00:00,Amazon
REV-104699,PRD-02386,CUST-265054,3.0,Loved it!,2026-03-31 07:00:00,Amazon
REV-104700,PRD-01262,CUST-393579,2.0,Not what I expected.,2025-04-04 14:00:00,Amazon
REV-104703,PRD-01923,CUST-206830,1.0,Not what I expected.,2024-12-15 12:00:00,Amazon
REV-104704,PRD-01828,CUST-350396,5.0,Not what I expected.,2026-06-19 00:00:00,Amazon
REV-104706,PRD-00505,CUST-114504,1.0,Average.,2024-10-07 17:00:00,Amazon
REV-104707,PRD-01317,CUST-277456,1.0,Good product.,2025-02-09 09:00:00,Amazon
REV-104708,PRD-02260,CUST-289433,3.0,Good product.,2025-08-04 15:00:00,Amazon
REV-104709,PRD-01376,CUST-494819,5.0,Average.,2026-07-21 21:00:00,Amazon
REV-104710,PRD-02162,CUST-355236,4.0,Good product.,2025-10-15 22:00:00,Amazon
REV-104711,PRD-01203,CUST-120557,1.0,Loved it!,2024-10-28 12:00:00,Amazon
REV-104712,PRD-01473,CUST-110861,3.0,Loved it!,2026-05-20 18:00:00,Amazon
REV-104713,PRD-01521,CUST-305186,4.0,Average.,2026-01-12 05:00:00,Amazon
REV-104714,PRD-02140,CUST-223565,4.0,Good product.,2026-07-19 09:00:00,Amazon
REV-104715,PRD-00412,CUST-437641,1.0,Good product.,2025-11-11 09:00:00,Amazon
REV-104716,PRD-00255,CUST-335369,4.0,Not what I expected.,2025-08-05 12:00:00,Amazon
REV-104717,PRD-01039,CUST-322901,4.0,Good product.,2025-07-02 14:00:00,Amazon
REV-104718,PRD-02464,CUST-251245,2.0,Great!,2026-06-27 08:00:00,Amazon
REV-104719,PRD-00440,CUST-491972,1.0,Not what I expected.,2025-05-14 15:00:00,Amazon
REV-104720,PRD-00818,CUST-194860,1.0,Great!,2025-04-23 12:00:00,Amazon
REV-104721,PRD-01542,CUST-179912,2.0,Great!,2025-03-26 09:00:00,Amazon
REV-104722,PRD-01868,CUST-421614,5.0,Great!,2024-09-10 07:00:00,Amazon
REV-104723,PRD-00678,CUST-239086,5.0,Average.,2025-12-28 12:00:00,Amazon
REV-104724,PRD-00084,CUST-492089,3.0,Good product.,2026-06-30 07:00:00,Amazon
REV-104725,PRD-01883,CUST-217206,1.0,Not what I expected.,2026-01-19 04:00:00,Amazon
REV-104726,PRD-02001,CUST-212321,4.0,Loved it!,2026-05-31 04:00:00,Amazon
REV-104727,PRD-02497,CUST-196840,1.0,Average.,2025-11-07 06:00:00,Amazon
REV-104728,PRD-02096,CUST-258961,4.0,Not what I expected.,2025-03-15 09:00:00,Amazon
REV-104729,PRD-01231,CUST-108909,1.0,Great!,2025-12-02 03:00:00,Amazon
REV-104730,PRD-01208,CUST-417459,5.0,Average.,2025-01-24 23:00:00,Amazon
REV-104733,PRD-01223,CUST-279359,4.0,Good product.,2024-12-29 18:00:00,Amazon
REV-104734,PRD-01281,CUST-498332,3.0,Average.,2024-12-11 17:00:00,Amazon
REV-104735,PRD-00884,CUST-452415,1.0,Good product.,2026-05-10 12:00:00,Amazon
REV-104737,PRD-01911,CUST-376218,4.0,Great!,2025-02-14 19:00:00,Amazon
REV-104738,PRD-00823,CUST-157501,4.0,Average.,2025-07-23 02:00:00,Amazon
REV-104739,PRD-01019,CUST-344357,5.0,Loved it!,2024-08-18 09:00:00,Amazon
REV-104740,PRD-01956,CUST-335369,5.0,Average.,2025-08-05 12:00:00,Amazon
REV-104741,PRD-01984,CUST-335814,4.0,Great!,2026-04-13 07:00:00,Amazon
REV-104742,PRD-00753,CUST-235819,1.0,Average.,2025-01-04 01:00:00,Amazon
REV-104743,PRD-00955,CUST-145311,5.0,Not what I expected.,2024-12-08 19:00:00,Amazon
REV-104744,PRD-02425,CUST-154998,4.0,Average.,2026-05-01 19:00:00,Amazon
REV-104746,PRD-00599,CUST-250949,1.0,Great!,2026-05-23 03:00:00,Amazon
REV-104747,PRD-01611,CUST-256468,3.0,Average.,2025-09-01 01:00:00,Amazon
REV-104748,PRD-00436,CUST-206230,3.0,Not what I expected.,2025-06-12 07:00:00,Amazon
REV-104749,PRD-00763,CUST-269072,2.0,Average.,2024-11-04 22:00:00,Amazon
REV-104750,PRD-00331,CUST-360547,5.0,Good product.,2025-10-31 03:00:00,Amazon
REV-104751,PRD-01058,CUST-217772,1.0,Not what I expected.,2026-06-04 14:00:00,Amazon
REV-104752,PRD-01079,CUST-352081,2.0,Average.,2025-01-01 14:00:00,Amazon
REV-104753,PRD-00828,CUST-422813,5.0,Loved it!,2025-04-17 05:00:00,Amazon
REV-104754,PRD-01676,CUST-380488,4.0,Average.,2024-11-17 09:00:00,Amazon
REV-104755,PRD-01362,CUST-177780,4.0,Good product.,2025-02-11 10:00:00,Amazon
REV-104756,PRD-01790,CUST-193706,3.0,Good product.,2025-03-13 07:00:00,Amazon
REV-104757,PRD-00396,CUST-402206,5.0,Good product.,2025-03-18 02:00:00,Amazon
REV-104758,PRD-02332,CUST-394225,5.0,Not what I expected.,2025-01-11 14:00:00,Amazon
REV-104759,PRD-00806,CUST-138316,1.0,Loved it!,2025-08-20 06:00:00,Amazon
REV-104760,PRD-01433,CUST-131127,2.0,Not what I expected.,2025-03-02 12:00:00,Amazon
REV-104761,PRD-02327,CUST-109556,2.0,Average.,2026-07-27 03:00:00,Amazon
REV-104762,PRD-00396,CUST-173173,2.0,Loved it!,2026-06-28 21:00:00,Amazon
REV-104763,PRD-01143,CUST-304568,3.0,Great!,2024-11-27 21:00:00,Amazon
REV-104764,PRD-01212,CUST-466925,5.0,Average.,2026-06-30 03:00:00,Amazon
REV-104765,PRD-01199,CUST-495444,1.0,Not what I expected.,2025-11-24 07:00:00,Amazon
REV-104766,PRD-01005,CUST-313141,4.0,Great!,2025-06-27 17:00:00,Amazon
REV-104767,PRD-02483,CUST-373533,2.0,Average.,2025-05-01 20:00:00,Amazon
REV-104768,PRD-00572,CUST-427364,4.0,Average.,2025-12-29 00:00:00,Amazon
REV-104770,PRD-00514,CUST-262996,2.0,Not what I expected.,2025-09-06 22:00:00,Amazon
REV-104771,PRD-02387,CUST-295092,3.0,Good product.,2026-05-21 19:00:00,Amazon
REV-104772,PRD-02224,CUST-337164,3.0,Great!,2024-11-05 13:00:00,Amazon
REV-104773,PRD-02394,CUST-426063,1.0,Not what I expected.,2025-08-20 06:00:00,Amazon
REV-104775,PRD-02035,CUST-358693,1.0,Great!,2025-02-02 08:00:00,Amazon
REV-104776,PRD-00137,CUST-465412,4.0,Average.,2026-03-30 09:00:00,Amazon
REV-104777,PRD-00570,CUST-323949,4.0,Great!,2024-10-26 07:00:00,Amazon
REV-104778,PRD-00886,CUST-164578,5.0,Not what I expected.,2025-04-18 23:00:00,Amazon
REV-104780,PRD-01499,CUST-270750,3.0,Loved it!,2024-09-24 00:00:00,Amazon
REV-104781,PRD-00875,CUST-240620,4.0,Great!,2025-07-15 06:00:00,Amazon
REV-104782,PRD-00995,CUST-279532,5.0,Loved it!,2025-12-09 00:00:00,Amazon
REV-104783,PRD-00812,CUST-476113,4.0,Not what I expected.,2024-09-04 02:00:00,Amazon
REV-104784,PRD-01364,CUST-409777,5.0,Good product.,2026-04-23 07:00:00,Amazon
REV-104785,PRD-02184,CUST-220900,5.0,Loved it!,2025-06-06 15:00:00,Amazon
REV-104786,PRD-02210,CUST-330761,5.0,Not what I expected.,2025-09-21 06:00:00,Amazon
REV-104787,PRD-00710,CUST-335577,4.0,Great!,2024-12-22 19:00:00,Amazon
REV-104789,PRD-00956,CUST-384312,3.0,Not what I expected.,2026-01-24 08:00:00,Amazon
REV-104790,PRD-02321,CUST-236461,1.0,Not what I expected.,2025-09-16 22:00:00,Amazon
REV-104791,PRD-01479,CUST-126036,1.0,Loved it!,2025-02-03 19:00:00,Amazon
REV-104792,PRD-02307,CUST-459890,5.0,Good product.,2024-11-24 09:00:00,Amazon
REV-104793,PRD-02468,CUST-417551,4.0,Great!,2026-03-22 20:00:00,Amazon
REV-104794,PRD-00777,CUST-480521,5.0,Not what I expected.,2025-09-17 13:00:00,Amazon
REV-104795,PRD-02367,CUST-469967,4.0,Good product.,2025-05-02 08:00:00,Amazon
REV-104796,PRD-01819,CUST-346008,3.0,Great!,2026-01-21 23:00:00,Amazon
REV-104797,PRD-01309,CUST-483728,2.0,Not what I expected.,2025-09-27 15:00:00,Amazon
REV-104798,PRD-01223,CUST-180570,3.0,Good product.,2026-03-28 17:00:00,Amazon
REV-104799,PRD-00763,CUST-499874,5.0,Loved it!,2026-01-09 14:00:00,Amazon
REV-104800,PRD-00480,CUST-350482,3.0,Great!,2026-01-16 04:00:00,Amazon
REV-104801,PRD-01761,CUST-194119,5.0,Average.,2026-06-06 13:00:00,Amazon
REV-104802,PRD-01290,CUST-175014,4.0,Not what I expected.,2024-09-18 21:00:00,Amazon
REV-104803,PRD-02082,CUST-103337,2.0,Average.,2025-10-26 07:00:00,Amazon
REV-104804,PRD-00034,CUST-312764,5.0,Great!,2024-10-13 11:00:00,Amazon
REV-104805,PRD-00121,CUST-248088,5.0,Loved it!,2025-11-28 05:00:00,Amazon
REV-104806,PRD-01380,CUST-477024,3.0,Great!,2025-09-21 01:00:00,Amazon
REV-104807,PRD-01207,CUST-289493,1.0,Loved it!,2025-09-21 23:00:00,Amazon
REV-104808,PRD-00159,CUST-333919,1.0,Great!,2024-11-16 10:00:00,Amazon
REV-104809,PRD-01510,CUST-154558,5.0,Good product.,2025-06-23 10:00:00,Amazon
REV-104810,PRD-01059,CUST-176867,1.0,Average.,2024-09-15 23:00:00,Amazon
REV-104811,PRD-00282,CUST-496657,3.0,Good product.,2024-09-12 02:00:00,Amazon
REV-104812,PRD-00071,CUST-436614,1.0,Great!,2025-03-01 15:00:00,Amazon
REV-104813,PRD-00280,CUST-333868,2.0,Good product.,2026-05-21 22:00:00,Amazon
REV-104815,PRD-00347,CUST-365212,3.0,Great!,2025-02-03 03:00:00,Amazon
REV-104816,PRD-02256,CUST-276069,5.0,Great!,2024-10-03 10:00:00,Amazon
REV-104817,PRD-01193,CUST-394341,4.0,Loved it!,2026-05-29 21:00:00,Amazon
REV-104818,PRD-01814,CUST-133170,3.0,Loved it!,2025-07-25 18:00:00,Amazon
REV-104819,PRD-01611,CUST-417724,1.0,Not what I expected.,2024-09-13 16:00:00,Amazon
REV-104820,PRD-00054,CUST-448295,5.0,Loved it!,2025-12-06 15:00:00,Amazon
REV-104821,PRD-00588,CUST-361636,3.0,Average.,2026-02-20 05:00:00,Amazon
REV-104822,PRD-02171,CUST-326941,4.0,Great!,2025-09-03 18:00:00,Amazon
REV-104824,PRD-01912,CUST-386679,3.0,Loved it!,2025-04-15 14:00:00,Amazon
REV-104825,PRD-02116,CUST-130822,4.0,Loved it!,2026-08-08 09:00:00,Amazon
REV-104826,PRD-00430,CUST-297063,2.0,Average.,2025-08-15 20:00:00,Amazon
REV-104827,PRD-01438,CUST-445796,2.0,Great!,2026-01-27 06:00:00,Amazon
REV-104828,PRD-02009,CUST-162365,2.0,Good product.,2025-10-26 17:00:00,Amazon
REV-104829,PRD-00834,CUST-211890,1.0,Loved it!,2026-01-05 06:00:00,Amazon
REV-104830,PRD-00684,CUST-122386,5.0,Good product.,2025-04-23 02:00:00,Amazon
REV-104831,PRD-00667,CUST-106510,1.0,Average.,2025-05-16 06:00:00,Amazon
REV-104832,PRD-01818,CUST-495901,1.0,Loved it!,2024-12-07 04:00:00,Amazon
REV-104833,PRD-00372,CUST-420813,4.0,Average.,2025-03-24 01:00:00,Amazon
REV-104834,PRD-00915,CUST-359391,1.0,Average.,2025-08-09 17:00:00,Amazon
REV-104835,PRD-01181,CUST-474455,5.0,Loved it!,2024-09-11 22:00:00,Amazon
REV-104836,PRD-02173,CUST-498625,3.0,Good product.,2026-07-02 01:00:00,Amazon
REV-104837,PRD-01711,CUST-296511,4.0,Great!,2025-09-02 18:00:00,Amazon
REV-104838,PRD-00042,CUST-438409,2.0,Great!,2025-01-06 09:00:00,Amazon
REV-104839,PRD-01328,CUST-307402,1.0,Great!,2025-10-24 02:00:00,Amazon
REV-104841,PRD-02049,CUST-306136,1.0,Not what I expected.,2024-12-24 21:00:00,Amazon
REV-104842,PRD-01677,CUST-296883,5.0,Good product.,2025-02-28 06:00:00,Amazon
REV-104843,PRD-02060,CUST-385522,2.0,Good product.,2026-02-21 02:00:00,Amazon
REV-104844,PRD-00261,CUST-100761,3.0,Great!,2025-08-10 18:00:00,Amazon
REV-104845,PRD-01396,CUST-181265,3.0,Average.,2024-12-08 11:00:00,Amazon
REV-104846,PRD-01984,CUST-452446,2.0,Great!,2025-02-01 20:00:00,Amazon
REV-104847,PRD-01513,CUST-196639,3.0,Good product.,2025-04-13 17:00:00,Amazon
REV-104848,PRD-01281,CUST-414227,2.0,Good product.,2025-12-05 17:00:00,Amazon
REV-104849,PRD-00644,CUST-289433,5.0,Not what I expected.,2025-07-14 03:00:00,Amazon
REV-104850,PRD-00685,CUST-328166,5.0,Not what I expected.,2025-08-12 15:00:00,Amazon
REV-104851,PRD-00973,CUST-378377,3.0,Average.,2026-02-01 16:00:00,Amazon
REV-104852,PRD-01642,CUST-423116,4.0,Not what I expected.,2025-08-21 20:00:00,Amazon
REV-104853,PRD-00799,CUST-217873,1.0,Not what I expected.,2026-01-28 15:00:00,Amazon
REV-104854,PRD-01621,CUST-255449,3.0,Average.,2024-12-10 08:00:00,Amazon
REV-104856,PRD-01817,CUST-123025,1.0,Loved it!,2025-02-12 04:00:00,Amazon
REV-104857,PRD-01120,CUST-184609,5.0,Good product.,2025-10-21 07:00:00,Amazon
REV-104858,PRD-00160,CUST-116304,3.0,Loved it!,2025-07-04 23:00:00,Amazon
REV-104859,PRD-00098,CUST-414544,2.0,Good product.,2026-05-04 15:00:00,Amazon
REV-104860,PRD-01898,CUST-152898,1.0,Good product.,2025-09-23 01:00:00,Amazon
REV-104861,PRD-00587,CUST-131910,1.0,Not what I expected.,2025-05-24 17:00:00,Amazon
REV-104862,PRD-02310,CUST-431092,4.0,Not what I expected.,2024-11-14 12:00:00,Amazon
REV-104863,PRD-00746,CUST-459818,5.0,Loved it!,2025-05-12 20:00:00,Amazon
REV-104864,PRD-01605,CUST-193706,5.0,Average.,2025-10-09 22:00:00,Amazon
REV-104865,PRD-02099,CUST-410043,3.0,Average.,2024-10-15 01:00:00,Amazon
REV-104867,PRD-02484,CUST-293269,2.0,Average.,2025-08-18 21:00:00,Amazon
REV-104868,PRD-00001,CUST-407149,5.0,Not what I expected.,2024-08-09 17:00:00,Amazon
REV-104869,PRD-01353,CUST-332206,2.0,Good product.,2025-08-11 09:00:00,Amazon
REV-104870,PRD-00565,CUST-317999,4.0,Average.,2025-09-29 12:00:00,Amazon
REV-104871,PRD-00369,CUST-151282,4.0,Good product.,2026-06-23 12:00:00,Amazon
REV-104872,PRD-00167,CUST-466624,2.0,Great!,2025-01-23 08:00:00,Amazon
REV-104873,PRD-01616,CUST-168444,2.0,Great!,2024-11-02 07:00:00,Amazon
REV-104874,PRD-02399,CUST-208018,3.0,Good product.,2025-06-29 21:00:00,Amazon
REV-104875,PRD-02212,CUST-374495,1.0,Great!,2026-07-18 07:00:00,Amazon
REV-104876,PRD-00201,CUST-271647,1.0,Average.,2026-03-01 07:00:00,Amazon
REV-104877,PRD-01452,CUST-407820,4.0,Not what I expected.,2025-09-05 20:00:00,Amazon
REV-104879,PRD-01268,CUST-178373,5.0,Great!,2025-08-28 18:00:00,Amazon
REV-104880,PRD-02410,CUST-412390,3.0,Good product.,2024-11-10 03:00:00,Amazon
REV-104881,PRD-00950,CUST-193383,5.0,Not what I expected.,2025-03-25 02:00:00,Amazon
REV-104882,PRD-02023,CUST-492337,4.0,Average.,2026-01-19 21:00:00,Amazon
REV-104883,PRD-00783,CUST-213912,4.0,Great!,2026-06-30 05:00:00,Amazon
REV-104884,PRD-01574,CUST-262404,1.0,Not what I expected.,2026-01-07 15:00:00,Amazon
REV-104885,PRD-01505,CUST-159562,3.0,Average.,2024-10-24 00:00:00,Amazon
REV-104886,PRD-02122,CUST-399914,4.0,Good product.,2025-02-24 02:00:00,Amazon
REV-104887,PRD-01460,CUST-155121,1.0,Great!,2025-02-17 03:00:00,Amazon
REV-104888,PRD-01183,CUST-476584,3.0,Loved it!,2024-09-21 15:00:00,Amazon
REV-104889,PRD-00033,CUST-232127,3.0,Loved it!,2025-01-07 08:00:00,Amazon
REV-104890,PRD-00491,CUST-135106,2.0,Average.,2026-07-16 23:00:00,Amazon
REV-104891,PRD-01994,CUST-487106,5.0,Great!,2025-02-03 04:00:00,Amazon
REV-104892,PRD-02200,CUST-451823,5.0,Average.,2024-10-25 07:00:00,Amazon
REV-104893,PRD-01479,CUST-441115,1.0,Good product.,2025-09-30 08:00:00,Amazon
REV-104894,PRD-01940,CUST-492486,5.0,Good product.,2025-03-28 22:00:00,Amazon
REV-104895,PRD-02270,CUST-254634,5.0,Not what I expected.,2025-07-22 02:00:00,Amazon
REV-104897,PRD-02046,CUST-494960,1.0,Not what I expected.,2024-11-21 22:00:00,Amazon
REV-104898,PRD-01269,CUST-448058,1.0,Not what I expected.,2025-12-31 22:00:00,Amazon
REV-104899,PRD-02232,CUST-471374,5.0,Loved it!,2024-12-23 13:00:00,Amazon
REV-104900,PRD-00678,CUST-301049,5.0,Not what I expected.,2026-06-13 00:00:00,Amazon
REV-104901,PRD-01421,CUST-153867,5.0,Loved it!,2025-12-13 04:00:00,Amazon
REV-104902,PRD-00502,CUST-197916,3.0,Good product.,2026-06-09 08:00:00,Amazon
REV-104903,PRD-00284,CUST-147692,1.0,Average.,2024-09-06 18:00:00,Amazon
REV-104904,PRD-00799,CUST-194919,3.0,Not what I expected.,2026-07-09 01:00:00,Amazon
REV-104905,PRD-00842,CUST-262268,5.0,Not what I expected.,2025-10-28 08:00:00,Amazon
REV-104906,PRD-02477,CUST-366776,5.0,Great!,2025-10-07 03:00:00,Amazon
REV-104907,PRD-01625,CUST-368554,1.0,Good product.,2025-10-12 16:00:00,Amazon
REV-104908,PRD-01206,CUST-292513,4.0,Good product.,2026-07-12 22:00:00,Amazon
REV-104909,PRD-01199,CUST-133952,4.0,Great!,2025-01-17 01:00:00,Amazon
REV-104910,PRD-00338,CUST-231648,1.0,Great!,2025-12-16 07:00:00,Amazon
REV-104911,PRD-01067,CUST-274966,1.0,Good product.,2026-02-20 00:00:00,Amazon
REV-104912,PRD-02500,CUST-168444,3.0,Loved it!,2025-03-16 04:00:00,Amazon
REV-104913,PRD-00661,CUST-107686,4.0,Loved it!,2024-10-23 18:00:00,Amazon
REV-104914,PRD-01309,CUST-378882,2.0,Loved it!,2025-09-08 17:00:00,Amazon
REV-104915,PRD-01607,CUST-239336,3.0,Loved it!,2026-08-03 02:00:00,Amazon
REV-104916,PRD-01456,CUST-221055,2.0,Good product.,2025-10-08 23:00:00,Amazon
REV-104917,PRD-01395,CUST-159083,2.0,Great!,2025-05-27 15:00:00,Amazon
REV-104918,PRD-01985,CUST-418230,1.0,Average.,2026-04-18 14:00:00,Amazon
REV-104919,PRD-02305,CUST-419212,4.0,Not what I expected.,2025-01-20 13:00:00,Amazon
REV-104920,PRD-00654,CUST-178689,4.0,Great!,2026-04-23 02:00:00,Amazon
REV-104921,PRD-01981,CUST-186824,5.0,Great!,2025-03-06 03:00:00,Amazon
REV-104922,PRD-01247,CUST-309758,3.0,Loved it!,2024-12-10 07:00:00,Amazon
REV-104923,PRD-00718,CUST-467142,3.0,Good product.,2024-08-22 06:00:00,Amazon
REV-104925,PRD-01517,CUST-422179,4.0,Not what I expected.,2026-06-18 05:00:00,Amazon
REV-104926,PRD-00544,CUST-287118,1.0,Loved it!,2025-03-04 20:00:00,Amazon
REV-104927,PRD-00650,CUST-494542,3.0,Not what I expected.,2024-10-01 19:00:00,Amazon
REV-104928,PRD-01984,CUST-223882,5.0,Great!,2025-10-11 04:00:00,Amazon
REV-104929,PRD-01565,CUST-241524,1.0,Not what I expected.,2025-09-07 00:00:00,Amazon
REV-104930,PRD-00311,CUST-254354,1.0,Great!,2025-08-12 11:00:00,Amazon
REV-104931,PRD-02340,CUST-280303,3.0,Average.,2026-01-22 18:00:00,Amazon
REV-104932,PRD-01120,CUST-105468,4.0,Not what I expected.,2025-12-12 18:00:00,Amazon
REV-104933,PRD-02368,CUST-278856,3.0,Not what I expected.,2025-10-16 21:00:00,Amazon
REV-104934,PRD-00108,CUST-223212,5.0,Loved it!,2026-02-15 16:00:00,Amazon
REV-104935,PRD-00306,CUST-136638,4.0,Average.,2026-05-19 00:00:00,Amazon
REV-104936,PRD-00555,CUST-123982,5.0,Great!,2025-10-09 06:00:00,Amazon
REV-104937,PRD-00909,CUST-197641,3.0,Not what I expected.,2026-01-04 06:00:00,Amazon
REV-104938,PRD-01470,CUST-403858,4.0,Not what I expected.,2024-10-13 04:00:00,Amazon
REV-104939,PRD-01675,CUST-499031,3.0,Average.,2024-11-06 16:00:00,Amazon
REV-104940,PRD-02424,CUST-292132,1.0,Loved it!,2026-05-13 02:00:00,Amazon
REV-104941,PRD-00879,CUST-356731,1.0,Great!,2025-10-14 07:00:00,Amazon
REV-104942,PRD-00806,CUST-273953,4.0,Average.,2025-09-01 05:00:00,Amazon
REV-104943,PRD-01011,CUST-448495,4.0,Average.,2025-07-24 20:00:00,Amazon
REV-104944,PRD-00442,CUST-229570,5.0,Great!,2024-08-14 21:00:00,Amazon
REV-104945,PRD-01423,CUST-468830,3.0,Great!,2025-05-02 15:00:00,Amazon
REV-104946,PRD-00865,CUST-296511,5.0,Good product.,2025-09-02 18:00:00,Amazon
REV-104947,PRD-00672,CUST-493039,3.0,Average.,2024-12-04 09:00:00,Amazon
REV-104948,PRD-01722,CUST-305940,2.0,Loved it!,2024-09-08 18:00:00,Amazon
REV-104949,PRD-01129,CUST-482652,5.0,Great!,2025-06-08 01:00:00,Amazon
REV-104950,PRD-02140,CUST-419639,4.0,Loved it!,2024-08-30 10:00:00,Amazon
REV-104951,PRD-01444,CUST-143676,1.0,Good product.,2024-12-09 16:00:00,Amazon
REV-104952,PRD-01597,CUST-429311,3.0,Great!,2026-07-22 07:00:00,Amazon
REV-104954,PRD-00042,CUST-429297,3.0,Great!,2025-09-23 03:00:00,Amazon
REV-104955,PRD-01274,CUST-160423,5.0,Loved it!,2025-11-27 16:00:00,Amazon
REV-104956,PRD-01535,CUST-378058,4.0,Average.,2026-06-27 20:00:00,Amazon
REV-104957,PRD-00336,CUST-473244,2.0,Loved it!,2025-05-09 00:00:00,Amazon
REV-104958,PRD-01156,CUST-278174,5.0,Average.,2025-12-05 20:00:00,Amazon
REV-104959,PRD-01934,CUST-122261,3.0,Good product.,2026-05-05 12:00:00,Amazon
REV-104960,PRD-01047,CUST-327230,5.0,Average.,2026-03-15 02:00:00,Amazon
REV-104961,PRD-01227,CUST-184464,5.0,Average.,2024-09-25 01:00:00,Amazon
REV-104962,PRD-01850,CUST-152383,3.0,Not what I expected.,2025-12-20 22:00:00,Amazon
REV-104963,PRD-00409,CUST-418397,5.0,Good product.,2025-10-25 11:00:00,Amazon
REV-104964,PRD-00218,CUST-119543,1.0,Average.,2025-10-22 09:00:00,Amazon
REV-104965,PRD-00063,CUST-287361,2.0,Average.,2025-11-06 09:00:00,Amazon
REV-104966,PRD-01754,CUST-134161,4.0,Good product.,2025-11-28 15:00:00,Amazon
REV-104968,PRD-00392,CUST-401586,5.0,Average.,2026-04-08 02:00:00,Amazon
REV-104969,PRD-01885,CUST-284541,5.0,Loved it!,2025-02-27 08:00:00,Amazon
REV-104970,PRD-00305,CUST-138633,2.0,Loved it!,2025-02-05 07:00:00,Amazon
REV-104971,PRD-00043,CUST-423752,2.0,Not what I expected.,2025-06-09 04:00:00,Amazon
REV-104972,PRD-00011,CUST-163040,3.0,Great!,2025-09-12 08:00:00,Amazon
REV-104973,PRD-02039,CUST-264290,3.0,Good product.,2026-06-01 23:00:00,Amazon
REV-104974,PRD-01245,CUST-413962,4.0,Good product.,2026-01-10 08:00:00,Amazon
REV-104975,PRD-02159,CUST-104643,2.0,Great!,2025-01-08 15:00:00,Amazon
REV-104977,PRD-01900,CUST-436718,2.0,Good product.,2025-01-30 15:00:00,Amazon
REV-104978,PRD-02137,CUST-366032,2.0,Great!,2026-06-07 21:00:00,Amazon
REV-104979,PRD-02230,CUST-259875,2.0,Average.,2024-09-30 02:00:00,Amazon
REV-104980,PRD-00928,CUST-185222,5.0,Average.,2024-09-28 00:00:00,Amazon
REV-104982,PRD-01565,CUST-234790,2.0,Loved it!,2025-07-21 16:00:00,Amazon
REV-104983,PRD-02189,CUST-191660,5.0,Loved it!,2025-03-24 07:00:00,Amazon
REV-104985,PRD-00101,CUST-330443,5.0,Not what I expected.,2025-04-28 17:00:00,Amazon
REV-104986,PRD-01554,CUST-325199,4.0,Good product.,2025-02-15 09:00:00,Amazon
REV-104987,PRD-00004,CUST-296421,1.0,Great!,2026-05-04 19:00:00,Amazon
REV-104989,PRD-00629,CUST-499874,5.0,Not what I expected.,2026-01-09 14:00:00,Amazon
REV-104990,PRD-00569,CUST-125847,3.0,Not what I expected.,2025-10-10 09:00:00,Amazon
REV-104991,PRD-01028,CUST-424816,3.0,Good product.,2026-03-28 21:00:00,Amazon
REV-104992,PRD-00420,CUST-287463,4.0,Not what I expected.,2025-07-08 13:00:00,Amazon
REV-104993,PRD-01483,CUST-231721,4.0,Average.,2025-06-06 05:00:00,Amazon
REV-104994,PRD-01206,CUST-276584,1.0,Average.,2024-08-16 14:00:00,Amazon
REV-104995,PRD-00251,CUST-186467,1.0,Average.,2025-10-26 17:00:00,Amazon
REV-104996,PRD-01734,CUST-440475,3.0,Great!,2025-10-16 11:00:00,Amazon
REV-104997,PRD-00686,CUST-478685,1.0,Great!,2026-01-14 20:00:00,Amazon
REV-104998,PRD-00008,CUST-388962,5.0,Loved it!,2024-10-10 14:00:00,Amazon
REV-104999,PRD-01581,CUST-164321,5.0,Average.,2026-03-23 05:00:00,Amazon
REV-105000,PRD-00587,CUST-421547,1.0,Not what I expected.,2025-01-27 00:00:00,Amazon
REV-105001,PRD-00105,CUST-430058,4.0,Not what I expected.,2024-10-13 03:00:00,Amazon
REV-105002,PRD-00736,CUST-121039,2.0,Average.,2025-07-10 18:00:00,Amazon
REV-105004,PRD-00104,CUST-480582,5.0,Not what I expected.,2025-09-27 06:00:00,Amazon
REV-105005,PRD-00957,CUST-137400,1.0,Average.,2025-07-21 00:00:00,Amazon
REV-105006,PRD-00825,CUST-164578,3.0,Good product.,2025-04-18 23:00:00,Amazon
REV-105007,PRD-01749,CUST-207457,5.0,Great!,2026-01-12 19:00:00,Amazon
REV-105008,PRD-00477,CUST-304307,4.0,Not what I expected.,2025-02-22 18:00:00,Amazon
REV-105009,PRD-00200,CUST-293399,3.0,Great!,2024-10-22 13:00:00,Amazon
REV-105010,PRD-01100,CUST-366797,2.0,Good product.,2026-07-16 01:00:00,Amazon
REV-105011,PRD-01325,CUST-442527,4.0,Loved it!,2025-11-11 18:00:00,Amazon
REV-105012,PRD-01483,CUST-273757,1.0,Loved it!,2025-04-12 11:00:00,Amazon
REV-105013,PRD-00224,CUST-290638,3.0,Average.,2026-01-27 21:00:00,Amazon
REV-105014,PRD-01030,CUST-419212,5.0,Good product.,2025-01-20 13:00:00,Amazon
REV-105015,PRD-02073,CUST-316565,4.0,Average.,2025-06-29 21:00:00,Amazon
REV-105016,PRD-00231,CUST-405958,5.0,Good product.,2026-05-09 05:00:00,Amazon
REV-105018,PRD-00395,CUST-250567,4.0,Good product.,2025-06-22 09:00:00,Amazon
REV-105019,PRD-00215,CUST-215897,1.0,Not what I expected.,2024-12-27 05:00:00,Amazon
REV-105020,PRD-02094,CUST-475218,4.0,Loved it!,2026-03-17 21:00:00,Amazon
REV-105021,PRD-01670,CUST-290638,4.0,Good product.,2026-01-27 21:00:00,Amazon
REV-105022,PRD-02469,CUST-119483,5.0,Good product.,2025-08-11 03:00:00,Amazon
REV-105023,PRD-00199,CUST-289433,5.0,Loved it!,2025-08-04 15:00:00,Amazon
REV-105024,PRD-00462,CUST-101610,5.0,Great!,2025-09-09 23:00:00,Amazon
REV-105025,PRD-00904,CUST-304834,4.0,Great!,2026-05-18 03:00:00,Amazon
REV-105026,PRD-00661,CUST-265054,5.0,Average.,2026-03-22 04:00:00,Amazon
REV-105027,PRD-00144,CUST-455484,4.0,Average.,2025-06-28 23:00:00,Amazon
REV-105029,PRD-01897,CUST-392176,3.0,Loved it!,2026-01-23 20:00:00,Amazon
REV-105030,PRD-00822,CUST-459548,5.0,Good product.,2026-03-02 07:00:00,Amazon
REV-105031,PRD-00261,CUST-123685,1.0,Great!,2025-06-08 23:00:00,Amazon
REV-105033,PRD-02341,CUST-244420,5.0,Average.,2026-07-07 04:00:00,Amazon
REV-105034,PRD-02334,CUST-298728,4.0,Average.,2025-11-24 22:00:00,Amazon
REV-105035,PRD-00421,CUST-399336,1.0,Good product.,2025-06-12 19:00:00,Amazon
REV-105036,PRD-00851,CUST-311794,4.0,Average.,2026-03-25 05:00:00,Amazon
REV-105037,PRD-02167,CUST-324756,3.0,Not what I expected.,2026-03-21 04:00:00,Amazon
REV-105038,PRD-01979,CUST-226838,1.0,Loved it!,2024-10-10 15:00:00,Amazon
REV-105039,PRD-01322,CUST-326519,1.0,Good product.,2026-02-07 11:00:00,Amazon
REV-105040,PRD-02470,CUST-373533,3.0,Not what I expected.,2025-05-05 19:00:00,Amazon
REV-105041,PRD-02259,CUST-425174,4.0,Average.,2025-11-20 21:00:00,Amazon
REV-105042,PRD-01652,CUST-429311,3.0,Loved it!,2026-07-22 07:00:00,Amazon
REV-105043,PRD-02084,CUST-265412,3.0,Great!,2025-03-19 05:00:00,Amazon
REV-105044,PRD-01015,CUST-395808,2.0,Great!,2026-06-20 04:00:00,Amazon
REV-105045,PRD-01268,CUST-160423,5.0,Great!,2025-10-06 00:00:00,Amazon
REV-105046,PRD-02075,CUST-200184,3.0,Average.,2026-04-23 02:00:00,Amazon
REV-105047,PRD-01968,CUST-368936,1.0,Average.,2024-09-25 23:00:00,Amazon
REV-105048,PRD-01605,CUST-192653,1.0,Not what I expected.,2026-05-29 04:00:00,Amazon
REV-105050,PRD-02159,CUST-331027,1.0,Good product.,2025-10-20 17:00:00,Amazon
REV-105051,PRD-00672,CUST-279503,2.0,Average.,2025-11-22 12:00:00,Amazon
REV-105052,PRD-01103,CUST-102937,3.0,Great!,2026-01-30 06:00:00,Amazon
REV-105053,PRD-00813,CUST-101575,4.0,Great!,2024-12-10 02:00:00,Amazon
REV-105054,PRD-02487,CUST-278407,2.0,Loved it!,2026-02-06 06:00:00,Amazon
REV-105055,PRD-02386,CUST-247634,5.0,Not what I expected.,2025-03-18 02:00:00,Amazon
REV-105056,PRD-00553,CUST-302283,3.0,Average.,2025-12-29 18:00:00,Amazon
REV-105057,PRD-01055,CUST-178667,4.0,Good product.,2025-06-09 20:00:00,Amazon
REV-105058,PRD-02153,CUST-457048,4.0,Good product.,2024-09-25 10:00:00,Amazon
REV-105059,PRD-02471,CUST-485325,3.0,Great!,2025-01-24 23:00:00,Amazon
REV-105060,PRD-02200,CUST-117028,1.0,Not what I expected.,2025-04-11 18:00:00,Amazon
REV-105061,PRD-02201,CUST-243445,3.0,Loved it!,2026-07-09 20:00:00,Amazon
REV-105062,PRD-00575,CUST-407406,4.0,Great!,2026-01-21 23:00:00,Amazon
REV-105063,PRD-00029,CUST-141387,4.0,Not what I expected.,2025-01-10 04:00:00,Amazon
REV-105064,PRD-00427,CUST-380365,4.0,Good product.,2025-03-23 05:00:00,Amazon
REV-105065,PRD-02045,CUST-194306,4.0,Great!,2025-11-11 05:00:00,Amazon
REV-105066,PRD-02389,CUST-380368,3.0,Average.,2025-05-28 03:00:00,Amazon
REV-105067,PRD-02482,CUST-354991,4.0,Loved it!,2024-11-05 04:00:00,Amazon
REV-105068,PRD-01023,CUST-282742,1.0,Average.,2026-02-21 07:00:00,Amazon
REV-105069,PRD-01662,CUST-248594,4.0,Not what I expected.,2025-12-17 16:00:00,Amazon
REV-105070,PRD-02469,CUST-151383,5.0,Not what I expected.,2025-10-28 18:00:00,Amazon
REV-105071,PRD-02496,CUST-187327,4.0,Good product.,2026-03-06 02:00:00,Amazon
REV-105072,PRD-00723,CUST-181713,2.0,Not what I expected.,2026-06-28 19:00:00,Amazon
REV-105073,PRD-00851,CUST-275683,1.0,Not what I expected.,2026-01-26 09:00:00,Amazon
REV-105074,PRD-02246,CUST-413648,5.0,Not what I expected.,2026-05-29 23:00:00,Amazon
REV-105075,PRD-01041,CUST-320015,2.0,Good product.,2024-08-27 18:00:00,Amazon
REV-105076,PRD-00520,CUST-422103,1.0,Not what I expected.,2025-11-09 09:00:00,Amazon
REV-105077,PRD-02001,CUST-369203,4.0,Loved it!,2024-09-02 08:00:00,Amazon
REV-105078,PRD-00245,CUST-407690,4.0,Not what I expected.,2026-08-08 10:00:00,Amazon
REV-105079,PRD-01196,CUST-105102,4.0,Not what I expected.,2026-06-25 01:00:00,Amazon
REV-105081,PRD-00531,CUST-264714,1.0,Good product.,2025-01-02 19:00:00,Amazon
REV-105082,PRD-01113,CUST-112656,3.0,Great!,2024-10-03 12:00:00,Amazon
REV-105083,PRD-01146,CUST-381132,2.0,Good product.,2024-11-07 06:00:00,Amazon
REV-105084,PRD-01953,CUST-325181,4.0,Not what I expected.,2024-12-13 01:00:00,Amazon
REV-105085,PRD-02454,CUST-145179,4.0,Loved it!,2026-07-24 02:00:00,Amazon
REV-105086,PRD-01570,CUST-261748,3.0,Loved it!,2026-06-01 05:00:00,Amazon
REV-105087,PRD-02035,CUST-189377,1.0,Loved it!,2025-11-23 10:00:00,Amazon
REV-105088,PRD-01352,CUST-404467,3.0,Good product.,2026-01-24 13:00:00,Amazon
REV-105089,PRD-02256,CUST-394225,4.0,Not what I expected.,2025-01-11 14:00:00,Amazon
REV-105091,PRD-00966,CUST-345030,3.0,Not what I expected.,2025-05-29 09:00:00,Amazon
REV-105092,PRD-00828,CUST-413962,2.0,Loved it!,2026-01-10 08:00:00,Amazon
REV-105093,PRD-01063,CUST-113329,1.0,Not what I expected.,2026-05-11 17:00:00,Amazon
REV-105094,PRD-00454,CUST-448146,5.0,Not what I expected.,2025-04-06 09:00:00,Amazon
REV-105096,PRD-01834,CUST-369114,1.0,Great!,2024-10-24 08:00:00,Amazon
REV-105097,PRD-02222,CUST-444612,3.0,Average.,2026-02-17 21:00:00,Amazon
REV-105098,PRD-01911,CUST-210434,1.0,Good product.,2025-11-07 07:00:00,Amazon
REV-105099,PRD-02291,CUST-110095,2.0,Great!,2025-02-10 11:00:00,Amazon
REV-105101,PRD-00878,CUST-193270,1.0,Good product.,2025-02-12 01:00:00,Amazon
REV-105102,PRD-01520,CUST-478504,1.0,Average.,2024-08-29 10:00:00,Amazon
REV-105103,PRD-00628,CUST-355075,1.0,Average.,2025-04-20 14:00:00,Amazon
REV-105104,PRD-01492,CUST-351408,3.0,Good product.,2026-07-03 02:00:00,Amazon
REV-105105,PRD-00484,CUST-411192,4.0,Loved it!,2024-11-05 20:00:00,Amazon
REV-105106,PRD-00767,CUST-248417,5.0,Loved it!,2024-09-27 02:00:00,Amazon
REV-105107,PRD-02063,CUST-242660,3.0,Average.,2025-01-29 14:00:00,Amazon
REV-105108,PRD-01612,CUST-183232,2.0,Not what I expected.,2025-10-16 05:00:00,Amazon
REV-105109,PRD-01946,CUST-151383,2.0,Not what I expected.,2025-03-29 12:00:00,Amazon
REV-105110,PRD-00273,CUST-253742,1.0,Average.,2024-12-13 17:00:00,Amazon
REV-105111,PRD-01567,CUST-182954,2.0,Great!,2025-08-09 15:00:00,Amazon
REV-105112,PRD-00009,CUST-475889,1.0,Great!,2026-06-24 11:00:00,Amazon
REV-105113,PRD-01229,CUST-341593,2.0,Not what I expected.,2026-07-24 12:00:00,Amazon
REV-105114,PRD-00534,CUST-213367,3.0,Great!,2025-05-23 05:00:00,Amazon
REV-105115,PRD-00767,CUST-431092,1.0,Average.,2024-11-14 12:00:00,Amazon
REV-105116,PRD-00363,CUST-386295,4.0,Great!,2026-05-13 15:00:00,Amazon
REV-105117,PRD-01757,CUST-335069,4.0,Not what I expected.,2026-01-14 15:00:00,Amazon
REV-105118,PRD-01581,CUST-165072,5.0,Loved it!,2025-10-29 22:00:00,Amazon
REV-105119,PRD-00761,CUST-427596,3.0,Not what I expected.,2025-03-10 22:00:00,Amazon
REV-105120,PRD-01162,CUST-383879,3.0,Loved it!,2025-12-25 20:00:00,Amazon
REV-105121,PRD-02033,CUST-100111,4.0,Not what I expected.,2025-09-15 23:00:00,Amazon
REV-105122,PRD-00852,CUST-308827,1.0,Great!,2025-12-04 08:00:00,Amazon
REV-105123,PRD-02250,CUST-352287,4.0,Great!,2026-02-06 00:00:00,Amazon
REV-105124,PRD-01825,CUST-260927,2.0,Not what I expected.,2025-04-24 19:00:00,Amazon
REV-105125,PRD-01876,CUST-486783,3.0,Loved it!,2025-01-20 04:00:00,Amazon
REV-105126,PRD-01234,CUST-136376,5.0,Average.,2025-11-21 12:00:00,Amazon
REV-105127,PRD-00766,CUST-319664,5.0,Great!,2026-04-18 01:00:00,Amazon
REV-105128,PRD-01950,CUST-320208,3.0,Not what I expected.,2024-08-31 12:00:00,Amazon
REV-105129,PRD-00103,CUST-407195,5.0,Average.,2025-05-10 06:00:00,Amazon
REV-105130,PRD-00488,CUST-219221,4.0,Not what I expected.,2025-11-14 17:00:00,Amazon
REV-105131,PRD-02417,CUST-116549,5.0,Great!,2026-06-25 21:00:00,Amazon
REV-105132,PRD-02246,CUST-432093,2.0,Good product.,2025-11-22 01:00:00,Amazon
REV-105134,PRD-01619,CUST-286202,5.0,Loved it!,2025-05-04 21:00:00,Amazon
REV-105135,PRD-01254,CUST-400935,5.0,Great!,2025-10-13 05:00:00,Amazon
REV-105136,PRD-01959,CUST-394320,2.0,Loved it!,2026-02-07 04:00:00,Amazon
REV-105137,PRD-02234,CUST-296252,2.0,Not what I expected.,2025-09-04 02:00:00,Amazon
REV-105138,PRD-00690,CUST-103494,2.0,Average.,2025-03-05 00:00:00,Amazon
REV-105139,PRD-01515,CUST-210343,3.0,Average.,2024-09-06 06:00:00,Amazon
REV-105140,PRD-01350,CUST-269278,3.0,Average.,2026-07-16 07:00:00,Amazon
REV-105141,PRD-02179,CUST-121266,4.0,Not what I expected.,2025-08-17 02:00:00,Amazon
REV-105142,PRD-00836,CUST-278654,2.0,Not what I expected.,2025-07-11 05:00:00,Amazon
REV-105144,PRD-01924,CUST-133748,4.0,Loved it!,2025-05-20 01:00:00,Amazon
REV-105146,PRD-00616,CUST-159876,5.0,Great!,2025-02-07 13:00:00,Amazon
REV-105147,PRD-01091,CUST-253634,5.0,Not what I expected.,2025-09-18 04:00:00,Amazon
REV-105148,PRD-02201,CUST-351433,5.0,Great!,2026-07-29 20:00:00,Amazon
REV-105149,PRD-00122,CUST-120889,1.0,Not what I expected.,2025-05-12 12:00:00,Amazon
REV-105150,PRD-00072,CUST-319008,3.0,Great!,2025-06-22 19:00:00,Amazon
REV-105151,PRD-00592,CUST-431677,4.0,Loved it!,2024-09-01 22:00:00,Amazon
REV-105152,PRD-01956,CUST-493049,4.0,Average.,2026-04-24 01:00:00,Amazon
REV-105153,PRD-00480,CUST-441115,1.0,Loved it!,2026-03-11 07:00:00,Amazon
REV-105154,PRD-02026,CUST-321111,2.0,Great!,2024-08-16 05:00:00,Amazon
REV-105155,PRD-01129,CUST-407063,1.0,Not what I expected.,2026-06-24 10:00:00,Amazon
REV-105156,PRD-00009,CUST-369114,2.0,Not what I expected.,2024-10-24 08:00:00,Amazon
REV-105157,PRD-00391,CUST-255405,5.0,Great!,2025-07-14 14:00:00,Amazon
REV-105159,PRD-00517,CUST-117699,2.0,Not what I expected.,2026-07-12 18:00:00,Amazon
REV-105160,PRD-00540,CUST-392305,1.0,Average.,2025-01-05 15:00:00,Amazon
REV-105161,PRD-02195,CUST-269072,3.0,Average.,2024-11-04 22:00:00,Amazon
REV-105162,PRD-02065,CUST-212131,2.0,Loved it!,2024-12-17 17:00:00,Amazon
REV-105163,PRD-00779,CUST-368301,4.0,Good product.,2025-04-28 08:00:00,Amazon
REV-105164,PRD-00608,CUST-297308,4.0,Not what I expected.,2026-06-05 03:00:00,Amazon
REV-105165,PRD-01285,CUST-168444,4.0,Good product.,2025-03-16 04:00:00,Amazon
REV-105166,PRD-00904,CUST-382643,3.0,Not what I expected.,2025-07-07 02:00:00,Amazon
REV-105168,PRD-02372,CUST-255449,5.0,Average.,2024-12-10 08:00:00,Amazon
REV-105169,PRD-01205,CUST-247795,5.0,Great!,2025-11-27 13:00:00,Amazon
REV-105170,PRD-01224,CUST-278294,3.0,Loved it!,2025-01-26 19:00:00,Amazon
REV-105171,PRD-02225,CUST-126694,5.0,Loved it!,2025-12-09 15:00:00,Amazon
REV-105172,PRD-02429,CUST-159736,4.0,Average.,2026-03-24 22:00:00,Amazon
REV-105173,PRD-00467,CUST-211890,1.0,Loved it!,2025-03-17 18:00:00,Amazon
REV-105174,PRD-00454,CUST-191872,3.0,Average.,2025-05-27 06:00:00,Amazon
REV-105175,PRD-00928,CUST-151383,5.0,Great!,2025-05-02 08:00:00,Amazon
REV-105177,PRD-01688,CUST-343009,3.0,Not what I expected.,2025-02-22 14:00:00,Amazon
REV-105178,PRD-01128,CUST-298916,1.0,Loved it!,2024-09-07 05:00:00,Amazon
REV-105179,PRD-02363,CUST-181092,3.0,Good product.,2024-11-12 16:00:00,Amazon
REV-105180,PRD-00736,CUST-197641,5.0,Loved it!,2025-02-06 21:00:00,Amazon
REV-105182,PRD-00420,CUST-192857,2.0,Not what I expected.,2025-02-14 13:00:00,Amazon
REV-105183,PRD-00242,CUST-181146,2.0,Good product.,2024-11-12 10:00:00,Amazon
REV-105184,PRD-02061,CUST-319976,2.0,Not what I expected.,2025-03-24 07:00:00,Amazon
REV-105185,PRD-02060,CUST-236367,4.0,Great!,2026-07-21 18:00:00,Amazon
REV-105186,PRD-00547,CUST-127888,4.0,Loved it!,2025-09-16 17:00:00,Amazon
REV-105187,PRD-00691,CUST-475496,1.0,Good product.,2024-10-18 07:00:00,Amazon
REV-105188,PRD-00833,CUST-176863,2.0,Great!,2025-10-19 15:00:00,Amazon
REV-105189,PRD-01561,CUST-115110,5.0,Great!,2025-04-25 02:00:00,Amazon
REV-105190,PRD-00420,CUST-319598,4.0,Good product.,2026-02-28 06:00:00,Amazon
REV-105191,PRD-01855,CUST-227909,5.0,Loved it!,2025-06-03 01:00:00,Amazon
REV-105192,PRD-00378,CUST-447363,4.0,Average.,2025-08-27 07:00:00,Amazon
REV-105193,PRD-00315,CUST-143090,5.0,Great!,2025-11-22 15:00:00,Amazon
REV-105194,PRD-00405,CUST-311390,4.0,Great!,2025-06-02 10:00:00,Amazon
REV-105195,PRD-01676,CUST-138833,3.0,Good product.,2026-06-03 13:00:00,Amazon
REV-105196,PRD-02332,CUST-353452,4.0,Not what I expected.,2025-11-07 00:00:00,Amazon
REV-105197,PRD-00604,CUST-319204,5.0,Not what I expected.,2024-12-13 22:00:00,Amazon
REV-105198,PRD-02213,CUST-411069,4.0,Average.,2026-01-13 08:00:00,Amazon
REV-105199,PRD-01503,CUST-375755,5.0,Average.,2025-04-29 08:00:00,Amazon
REV-105200,PRD-01863,CUST-448255,1.0,Loved it!,2026-03-20 13:00:00,Amazon
REV-105201,PRD-02131,CUST-381256,4.0,Average.,2025-09-04 11:00:00,Amazon
REV-105202,PRD-01636,CUST-196840,4.0,Not what I expected.,2025-11-07 06:00:00,Amazon
REV-105203,PRD-02477,CUST-488338,2.0,Not what I expected.,2025-08-02 00:00:00,Amazon
REV-105205,PRD-01450,CUST-139032,2.0,Good product.,2026-07-21 09:00:00,Amazon
REV-105206,PRD-01763,CUST-480521,1.0,Great!,2024-11-14 12:00:00,Amazon
REV-105207,PRD-02448,CUST-493943,1.0,Good product.,2026-02-11 07:00:00,Amazon
REV-105208,PRD-00242,CUST-276069,2.0,Loved it!,2024-10-03 10:00:00,Amazon
REV-105209,PRD-00032,CUST-420813,2.0,Good product.,2026-01-28 02:00:00,Amazon
REV-105210,PRD-02413,CUST-499599,1.0,Not what I expected.,2026-01-06 19:00:00,Amazon
REV-105211,PRD-00708,CUST-323450,4.0,Loved it!,2025-11-12 07:00:00,Amazon
REV-105212,PRD-00010,CUST-422546,4.0,Loved it!,2024-11-03 15:00:00,Amazon
REV-105213,PRD-01907,CUST-356731,5.0,Average.,2026-03-20 01:00:00,Amazon
REV-105214,PRD-01083,CUST-203622,4.0,Good product.,2025-10-17 11:00:00,Amazon
REV-105215,PRD-01504,CUST-128574,5.0,Not what I expected.,2025-05-13 10:00:00,Amazon
REV-105216,PRD-01811,CUST-152898,2.0,Great!,2025-11-11 19:00:00,Amazon
REV-105218,PRD-02267,CUST-245414,3.0,Great!,2026-08-03 11:00:00,Amazon
REV-105219,PRD-00299,CUST-148791,4.0,Average.,2025-12-15 20:00:00,Amazon
REV-105220,PRD-02278,CUST-115344,5.0,Good product.,2025-08-01 02:00:00,Amazon
REV-105221,PRD-00283,CUST-460067,1.0,Not what I expected.,2026-01-14 15:00:00,Amazon
REV-105222,PRD-00611,CUST-247795,2.0,Great!,2025-11-27 13:00:00,Amazon
REV-105223,PRD-00531,CUST-366688,4.0,Average.,2024-08-29 06:00:00,Amazon
REV-105224,PRD-01985,CUST-112272,4.0,Not what I expected.,2025-03-18 15:00:00,Amazon
REV-105225,PRD-00213,CUST-382607,3.0,Great!,2024-08-31 09:00:00,Amazon
REV-105226,PRD-02449,CUST-320152,4.0,Good product.,2025-08-22 02:00:00,Amazon
REV-105227,PRD-00382,CUST-342032,2.0,Great!,2024-12-23 06:00:00,Amazon
REV-105228,PRD-02452,CUST-327574,3.0,Not what I expected.,2024-09-20 19:00:00,Amazon
REV-105229,PRD-02210,CUST-223953,2.0,Not what I expected.,2025-07-16 14:00:00,Amazon
REV-105230,PRD-01915,CUST-412420,3.0,Loved it!,2025-07-03 18:00:00,Amazon
REV-105231,PRD-01423,CUST-351601,4.0,Great!,2026-04-14 09:00:00,Amazon
REV-105232,PRD-00395,CUST-306038,5.0,Not what I expected.,2026-07-15 23:00:00,Amazon
REV-105233,PRD-00367,CUST-382840,1.0,Not what I expected.,2025-11-24 16:00:00,Amazon
REV-105235,PRD-02343,CUST-394434,5.0,Good product.,2025-01-11 20:00:00,Amazon
REV-105236,PRD-00922,CUST-215522,5.0,Not what I expected.,2025-12-29 09:00:00,Amazon
REV-105237,PRD-00675,CUST-203254,4.0,Not what I expected.,2024-09-16 09:00:00,Amazon
REV-105238,PRD-00054,CUST-285524,2.0,Great!,2024-08-30 17:00:00,Amazon
REV-105239,PRD-01922,CUST-142695,3.0,Great!,2025-10-12 19:00:00,Amazon
REV-105240,PRD-00354,CUST-206214,1.0,Not what I expected.,2025-05-02 17:00:00,Amazon
REV-105242,PRD-00332,CUST-428146,4.0,Good product.,2025-05-20 14:00:00,Amazon
REV-105244,PRD-00900,CUST-153750,4.0,Not what I expected.,2025-05-29 09:00:00,Amazon
REV-105245,PRD-00259,CUST-297573,5.0,Not what I expected.,2024-11-06 00:00:00,Amazon
REV-105247,PRD-02035,CUST-229302,1.0,Loved it!,2024-08-23 21:00:00,Amazon
REV-105248,PRD-02235,CUST-264110,4.0,Good product.,2025-08-10 14:00:00,Amazon
REV-105249,PRD-00705,CUST-268735,5.0,Great!,2026-04-23 18:00:00,Amazon
REV-105251,PRD-00455,CUST-363189,4.0,Not what I expected.,2025-06-16 22:00:00,Amazon
REV-105252,PRD-00105,CUST-436611,1.0,Good product.,2025-07-21 06:00:00,Amazon
REV-105253,PRD-02214,CUST-407034,3.0,Great!,2025-09-27 07:00:00,Amazon
REV-105254,PRD-01956,CUST-421032,1.0,Not what I expected.,2025-01-20 20:00:00,Amazon
REV-105255,PRD-00385,CUST-353708,1.0,Not what I expected.,2025-01-30 17:00:00,Amazon
REV-105256,PRD-01716,CUST-231823,1.0,Good product.,2024-12-09 09:00:00,Amazon
REV-105257,PRD-00329,CUST-270026,4.0,Good product.,2026-05-03 11:00:00,Amazon
REV-105258,PRD-00521,CUST-227941,4.0,Average.,2025-05-04 05:00:00,Amazon
REV-105259,PRD-01446,CUST-288916,2.0,Loved it!,2026-07-15 16:00:00,Amazon
REV-105260,PRD-02108,CUST-393074,1.0,Average.,2024-12-08 23:00:00,Amazon
REV-105261,PRD-02481,CUST-456097,1.0,Loved it!,2025-10-25 22:00:00,Amazon
REV-105264,PRD-00807,CUST-294120,4.0,Average.,2025-12-17 13:00:00,Amazon
REV-105265,PRD-01253,CUST-114987,2.0,Great!,2025-09-01 03:00:00,Amazon
REV-105266,PRD-01060,CUST-156867,3.0,Good product.,2026-02-20 19:00:00,Amazon
REV-105267,PRD-01803,CUST-151516,2.0,Good product.,2026-01-22 11:00:00,Amazon
REV-105268,PRD-00752,CUST-187865,3.0,Loved it!,2025-12-27 22:00:00,Amazon
REV-105269,PRD-01841,CUST-406651,4.0,Not what I expected.,2025-08-28 01:00:00,Amazon
REV-105270,PRD-01419,CUST-112598,5.0,Loved it!,2025-06-02 22:00:00,Amazon
REV-105271,PRD-00474,CUST-105103,1.0,Loved it!,2026-01-07 01:00:00,Amazon
REV-105272,PRD-01279,CUST-282469,4.0,Great!,2026-04-14 10:00:00,Amazon
REV-105273,PRD-00698,CUST-223705,3.0,Loved it!,2024-08-27 07:00:00,Amazon
REV-105274,PRD-00478,CUST-445757,4.0,Good product.,2025-02-19 10:00:00,Amazon
REV-105275,PRD-01998,CUST-254257,2.0,Average.,2026-01-23 15:00:00,Amazon
REV-105276,PRD-02072,CUST-156505,4.0,Loved it!,2025-04-26 20:00:00,Amazon
REV-105277,PRD-01118,CUST-217273,5.0,Good product.,2026-07-24 18:00:00,Amazon
REV-105278,PRD-02118,CUST-167496,3.0,Loved it!,2026-07-01 23:00:00,Amazon
REV-105279,PRD-01434,CUST-422103,4.0,Not what I expected.,2024-08-23 14:00:00,Amazon
REV-105280,PRD-00335,CUST-467103,3.0,Good product.,2026-03-02 23:00:00,Amazon
REV-105281,PRD-00931,CUST-187216,1.0,Loved it!,2025-11-26 14:00:00,Amazon
REV-105282,PRD-00012,CUST-438415,5.0,Not what I expected.,2026-06-10 02:00:00,Amazon
REV-105283,PRD-00260,CUST-117028,3.0,Great!,2026-06-13 02:00:00,Amazon
REV-105284,PRD-00974,CUST-255264,1.0,Good product.,2026-05-09 07:00:00,Amazon
REV-105285,PRD-02464,CUST-484993,5.0,Not what I expected.,2026-03-02 03:00:00,Amazon
REV-105286,PRD-01728,CUST-261061,2.0,Good product.,2025-12-27 12:00:00,Amazon
REV-105287,PRD-01926,CUST-182927,3.0,Good product.,2026-03-12 20:00:00,Amazon
REV-105289,PRD-01328,CUST-161647,5.0,Loved it!,2026-05-05 22:00:00,Amazon
REV-105290,PRD-01494,CUST-361329,1.0,Great!,2026-06-17 19:00:00,Amazon
REV-105291,PRD-02384,CUST-127806,2.0,Good product.,2025-09-02 07:00:00,Amazon
REV-105292,PRD-00937,CUST-137730,3.0,Great!,2025-09-28 21:00:00,Amazon
REV-105293,PRD-00083,CUST-491552,4.0,Not what I expected.,2025-11-06 20:00:00,Amazon
REV-105294,PRD-00949,CUST-364188,2.0,Loved it!,2025-09-12 03:00:00,Amazon
REV-105295,PRD-00368,CUST-346678,4.0,Loved it!,2025-04-19 15:00:00,Amazon
REV-105297,PRD-01234,CUST-420035,3.0,Good product.,2026-05-13 23:00:00,Amazon
REV-105298,PRD-01194,CUST-130188,1.0,Good product.,2026-06-01 20:00:00,Amazon
REV-105300,PRD-02075,CUST-321769,4.0,Great!,2025-05-23 10:00:00,Amazon
REV-105301,PRD-01539,CUST-389001,2.0,Loved it!,2024-10-03 12:00:00,Amazon
REV-105302,PRD-00867,CUST-269015,5.0,Good product.,2025-10-12 20:00:00,Amazon
REV-105304,PRD-02225,CUST-377429,4.0,Average.,2025-04-29 16:00:00,Amazon
REV-105306,PRD-00818,CUST-404866,2.0,Good product.,2025-01-29 12:00:00,Amazon
REV-105308,PRD-01166,CUST-253606,5.0,Not what I expected.,2026-01-26 23:00:00,Amazon
REV-105309,PRD-01141,CUST-236859,5.0,Good product.,2025-03-06 15:00:00,Amazon
REV-105310,PRD-00772,CUST-396546,3.0,Loved it!,2024-08-26 00:00:00,Amazon
REV-105311,PRD-00114,CUST-133980,4.0,Good product.,2026-05-04 14:00:00,Amazon
REV-105312,PRD-00924,CUST-109556,1.0,Great!,2026-07-27 03:00:00,Amazon
REV-105313,PRD-02185,CUST-421728,2.0,Average.,2026-01-10 02:00:00,Amazon
REV-105314,PRD-01447,CUST-433590,3.0,Loved it!,2025-12-06 17:00:00,Amazon
REV-105315,PRD-00172,CUST-178845,4.0,Great!,2024-10-22 16:00:00,Amazon
REV-105316,PRD-00568,CUST-274291,5.0,Great!,2025-04-22 21:00:00,Amazon
REV-105317,PRD-00765,CUST-274145,1.0,Great!,2026-06-07 17:00:00,Amazon
REV-105318,PRD-00282,CUST-285934,5.0,Great!,2026-07-15 07:00:00,Amazon
REV-105319,PRD-01235,CUST-203830,3.0,Average.,2026-01-10 22:00:00,Amazon
REV-105320,PRD-02367,CUST-166754,4.0,Good product.,2025-06-22 13:00:00,Amazon
REV-105321,PRD-00048,CUST-448981,1.0,Average.,2026-06-03 21:00:00,Amazon
REV-105322,PRD-00759,CUST-161716,4.0,Good product.,2024-10-20 14:00:00,Amazon
REV-105323,PRD-00032,CUST-313531,2.0,Loved it!,2025-03-18 00:00:00,Amazon
REV-105324,PRD-00644,CUST-131141,5.0,Great!,2025-11-25 15:00:00,Amazon
REV-105325,PRD-01232,CUST-111818,2.0,Great!,2026-05-03 04:00:00,Amazon
REV-105326,PRD-02366,CUST-265244,4.0,Great!,2025-12-10 02:00:00,Amazon
REV-105327,PRD-01711,CUST-477024,3.0,Not what I expected.,2025-09-21 01:00:00,Amazon
REV-105328,PRD-00726,CUST-382521,1.0,Great!,2026-05-15 12:00:00,Amazon
REV-105330,PRD-00119,CUST-342193,3.0,Average.,2026-07-29 11:00:00,Amazon
REV-105331,PRD-01622,CUST-265945,4.0,Good product.,2025-09-28 09:00:00,Amazon
REV-105332,PRD-00024,CUST-325856,4.0,Not what I expected.,2025-03-03 08:00:00,Amazon
REV-105333,PRD-01935,CUST-364620,1.0,Average.,2025-03-10 16:00:00,Amazon
REV-105334,PRD-01355,CUST-490384,4.0,Loved it!,2025-12-26 08:00:00,Amazon
REV-105336,PRD-00111,CUST-408323,1.0,Not what I expected.,2024-10-15 19:00:00,Amazon
REV-105337,PRD-01071,CUST-116479,2.0,Average.,2024-11-13 21:00:00,Amazon
REV-105338,PRD-00208,CUST-394103,1.0,Loved it!,2025-09-24 21:00:00,Amazon
REV-105340,PRD-00425,CUST-326677,3.0,Not what I expected.,2026-03-26 18:00:00,Amazon
REV-105341,PRD-01712,CUST-391391,5.0,Good product.,2024-10-01 17:00:00,Amazon
REV-105342,PRD-01803,CUST-428531,2.0,Good product.,2025-10-11 17:00:00,Amazon
REV-105343,PRD-00145,CUST-167372,4.0,Loved it!,2025-07-05 21:00:00,Amazon
REV-105344,PRD-00921,CUST-425038,4.0,Not what I expected.,2026-07-20 04:00:00,Amazon
REV-105345,PRD-01698,CUST-478685,4.0,Loved it!,2025-02-26 18:00:00,Amazon
REV-105346,PRD-01833,CUST-194700,2.0,Loved it!,2026-05-19 19:00:00,Amazon
REV-105347,PRD-00241,CUST-237808,2.0,Good product.,2025-08-05 23:00:00,Amazon
REV-105348,PRD-01452,CUST-380488,5.0,Great!,2025-07-29 23:00:00,Amazon
REV-105349,PRD-00028,CUST-328877,3.0,Great!,2025-07-26 16:00:00,Amazon
REV-105350,PRD-00061,CUST-360542,5.0,Loved it!,2026-05-30 13:00:00,Amazon
REV-105351,PRD-02164,CUST-447901,3.0,Not what I expected.,2026-04-16 02:00:00,Amazon
REV-105352,PRD-02032,CUST-140078,3.0,Good product.,2025-06-09 07:00:00,Amazon
REV-105353,PRD-01855,CUST-139014,5.0,Loved it!,2024-09-11 03:00:00,Amazon
REV-105354,PRD-02221,CUST-473759,3.0,Not what I expected.,2025-12-27 22:00:00,Amazon
REV-105356,PRD-02373,CUST-158010,3.0,Loved it!,2026-03-20 07:00:00,Amazon
REV-105358,PRD-00019,CUST-285249,2.0,Loved it!,2025-05-17 10:00:00,Amazon
REV-105359,PRD-00828,CUST-159340,3.0,Not what I expected.,2025-01-26 23:00:00,Amazon
REV-105360,PRD-01392,CUST-338219,3.0,Not what I expected.,2026-06-16 13:00:00,Amazon
REV-105361,PRD-00474,CUST-443372,1.0,Loved it!,2024-11-23 21:00:00,Amazon
REV-105362,PRD-02131,CUST-236135,2.0,Average.,2026-07-29 15:00:00,Amazon
REV-105363,PRD-00921,CUST-461568,2.0,Great!,2026-04-21 08:00:00,Amazon
REV-105364,PRD-00276,CUST-305466,5.0,Average.,2025-09-04 08:00:00,Amazon
REV-105365,PRD-00265,CUST-492486,3.0,Average.,2025-06-07 03:00:00,Amazon
REV-105366,PRD-01525,CUST-113760,2.0,Not what I expected.,2025-08-15 17:00:00,Amazon
REV-105367,PRD-02006,CUST-445784,1.0,Loved it!,2024-12-03 01:00:00,Amazon
REV-105368,PRD-00170,CUST-267876,2.0,Average.,2024-09-20 09:00:00,Amazon
REV-105369,PRD-00647,CUST-250949,3.0,Loved it!,2026-05-23 03:00:00,Amazon
REV-105370,PRD-02146,CUST-162365,5.0,Average.,2025-10-26 17:00:00,Amazon
REV-105371,PRD-01896,CUST-434346,5.0,Good product.,2026-02-19 20:00:00,Amazon
REV-105372,PRD-01138,CUST-202009,4.0,Not what I expected.,2025-07-11 19:00:00,Amazon
REV-105373,PRD-00647,CUST-217541,5.0,Average.,2024-08-13 23:00:00,Amazon
REV-105376,PRD-01359,CUST-445300,4.0,Not what I expected.,2026-06-10 01:00:00,Amazon
REV-105379,PRD-01371,CUST-268027,2.0,Loved it!,2025-12-31 16:00:00,Amazon
REV-105380,PRD-00083,CUST-324790,4.0,Average.,2025-09-13 16:00:00,Amazon
REV-105382,PRD-01343,CUST-112285,5.0,Average.,2026-02-28 16:00:00,Amazon
REV-105384,PRD-02113,CUST-103996,1.0,Average.,2024-12-15 21:00:00,Amazon
REV-105385,PRD-01763,CUST-205041,5.0,Good product.,2024-10-01 12:00:00,Amazon
REV-105386,PRD-00619,CUST-391551,1.0,Loved it!,2024-11-16 14:00:00,Amazon
REV-105387,PRD-00583,CUST-256557,3.0,Average.,2025-09-19 15:00:00,Amazon
REV-105388,PRD-00097,CUST-348910,1.0,Loved it!,2026-03-16 07:00:00,Amazon
REV-105389,PRD-02153,CUST-232084,4.0,Not what I expected.,2025-09-22 14:00:00,Amazon
REV-105390,PRD-02232,CUST-431024,1.0,Great!,2025-01-31 19:00:00,Amazon
REV-105391,PRD-01615,CUST-236367,5.0,Average.,2026-07-21 18:00:00,Amazon
REV-105392,PRD-00421,CUST-184981,3.0,Good product.,2026-07-15 01:00:00,Amazon
REV-105393,PRD-01917,CUST-171967,5.0,Loved it!,2025-05-16 15:00:00,Amazon
REV-105394,PRD-01456,CUST-496758,2.0,Good product.,2025-01-04 17:00:00,Amazon
REV-105395,PRD-01027,CUST-347140,5.0,Loved it!,2025-02-05 11:00:00,Amazon
REV-105396,PRD-01040,CUST-240675,1.0,Great!,2026-07-12 15:00:00,Amazon
REV-105397,PRD-02200,CUST-323610,2.0,Not what I expected.,2026-01-15 01:00:00,Amazon
REV-105398,PRD-02312,CUST-254354,5.0,Great!,2025-04-03 11:00:00,Amazon
REV-105399,PRD-00345,CUST-121548,3.0,Good product.,2025-12-13 07:00:00,Amazon
REV-105400,PRD-01870,CUST-264408,2.0,Average.,2024-10-06 11:00:00,Amazon
REV-105401,PRD-00492,CUST-224899,4.0,Not what I expected.,2025-12-15 07:00:00,Amazon
REV-105402,PRD-01247,CUST-108586,2.0,Loved it!,2025-01-17 15:00:00,Amazon
REV-105403,PRD-02161,CUST-311727,2.0,Not what I expected.,2026-06-22 23:00:00,Amazon
REV-105404,PRD-01765,CUST-383879,1.0,Average.,2025-12-25 20:00:00,Amazon
REV-105405,PRD-00865,CUST-197551,5.0,Average.,2024-08-24 04:00:00,Amazon
REV-105406,PRD-00305,CUST-236434,2.0,Good product.,2026-04-11 11:00:00,Amazon
REV-105407,PRD-00233,CUST-179528,2.0,Great!,2024-08-22 16:00:00,Amazon
REV-105408,PRD-01485,CUST-306847,2.0,Loved it!,2026-04-12 08:00:00,Amazon
REV-105410,PRD-00184,CUST-479717,3.0,Average.,2025-04-28 01:00:00,Amazon
REV-105411,PRD-01106,CUST-238471,5.0,Great!,2024-11-23 02:00:00,Amazon
REV-105412,PRD-00647,CUST-366299,3.0,Good product.,2025-04-14 04:00:00,Amazon
REV-105413,PRD-00130,CUST-432641,2.0,Good product.,2026-06-09 07:00:00,Amazon
REV-105414,PRD-00328,CUST-246799,5.0,Loved it!,2026-01-27 13:00:00,Amazon
REV-105415,PRD-00425,CUST-315906,5.0,Great!,2024-08-30 02:00:00,Amazon
REV-105416,PRD-01403,CUST-149584,5.0,Good product.,2025-09-26 03:00:00,Amazon
REV-105417,PRD-02417,CUST-466837,2.0,Loved it!,2025-08-17 10:00:00,Amazon
REV-105418,PRD-01646,CUST-127859,2.0,Average.,2024-12-21 22:00:00,Amazon
REV-105419,PRD-02422,CUST-269648,3.0,Not what I expected.,2024-10-30 19:00:00,Amazon
REV-105420,PRD-01412,CUST-363471,3.0,Loved it!,2025-09-30 10:00:00,Amazon
REV-105421,PRD-00580,CUST-497322,5.0,Great!,2026-02-04 20:00:00,Amazon
REV-105422,PRD-00499,CUST-236849,4.0,Average.,2026-04-01 20:00:00,Amazon
REV-105423,PRD-01550,CUST-489469,1.0,Not what I expected.,2026-03-08 06:00:00,Amazon
REV-105425,PRD-02385,CUST-406825,1.0,Good product.,2024-08-22 06:00:00,Amazon
REV-105426,PRD-02409,CUST-399914,1.0,Great!,2025-02-24 02:00:00,Amazon
REV-105427,PRD-00749,CUST-313531,1.0,Not what I expected.,2025-07-18 18:00:00,Amazon
REV-105428,PRD-01621,CUST-397954,3.0,Not what I expected.,2024-10-17 22:00:00,Amazon
REV-105429,PRD-01934,CUST-382521,2.0,Great!,2026-05-15 12:00:00,Amazon
REV-105430,PRD-02024,CUST-240726,4.0,Not what I expected.,2026-07-20 14:00:00,Amazon
REV-105431,PRD-00070,CUST-350022,4.0,Great!,2026-05-20 11:00:00,Amazon
REV-105432,PRD-01383,CUST-167704,4.0,Average.,2026-01-15 09:00:00,Amazon
REV-105433,PRD-00605,CUST-451159,5.0,Not what I expected.,2025-04-01 14:00:00,Amazon
REV-105435,PRD-02190,CUST-398327,3.0,Average.,2025-08-31 02:00:00,Amazon
REV-105436,PRD-01851,CUST-133091,3.0,Average.,2025-10-19 13:00:00,Amazon
REV-105437,PRD-01089,CUST-402277,5.0,Loved it!,2025-10-13 04:00:00,Amazon
REV-105438,PRD-01987,CUST-449713,3.0,Good product.,2025-08-21 12:00:00,Amazon
REV-105439,PRD-02437,CUST-292132,2.0,Great!,2025-02-13 05:00:00,Amazon
REV-105440,PRD-01738,CUST-211787,5.0,Not what I expected.,2026-02-09 08:00:00,Amazon
REV-105441,PRD-02253,CUST-357231,4.0,Not what I expected.,2024-09-18 01:00:00,Amazon
REV-105442,PRD-00182,CUST-177785,1.0,Average.,2025-09-20 15:00:00,Amazon
REV-105443,PRD-02065,CUST-450231,4.0,Great!,2025-07-23 16:00:00,Amazon
REV-105444,PRD-01326,CUST-471280,1.0,Good product.,2025-08-09 08:00:00,Amazon
REV-105445,PRD-01129,CUST-128914,2.0,Great!,2025-09-05 01:00:00,Amazon
REV-105446,PRD-00050,CUST-348079,2.0,Loved it!,2026-07-26 13:00:00,Amazon
REV-105448,PRD-01158,CUST-451809,3.0,Average.,2025-05-07 15:00:00,Amazon
REV-105449,PRD-00927,CUST-346835,2.0,Good product.,2026-04-25 22:00:00,Amazon
REV-105450,PRD-02073,CUST-466301,5.0,Loved it!,2026-04-09 21:00:00,Amazon
REV-105451,PRD-02000,CUST-214751,3.0,Loved it!,2025-03-25 10:00:00,Amazon
REV-105453,PRD-00781,CUST-303058,3.0,Great!,2025-05-01 21:00:00,Amazon
REV-105454,PRD-00532,CUST-138574,3.0,Average.,2025-02-14 11:00:00,Amazon
REV-105455,PRD-02296,CUST-368280,4.0,Not what I expected.,2025-09-07 09:00:00,Amazon
REV-105456,PRD-00926,CUST-444242,2.0,Good product.,2024-08-24 09:00:00,Amazon
REV-105457,PRD-01455,CUST-298004,4.0,Good product.,2026-02-25 09:00:00,Amazon
REV-105458,PRD-00440,CUST-124639,5.0,Average.,2024-08-22 04:00:00,Amazon
REV-105459,PRD-01709,CUST-279538,5.0,Good product.,2025-04-23 07:00:00,Amazon
REV-105460,PRD-01132,CUST-430467,4.0,Great!,2026-05-01 21:00:00,Amazon
REV-105461,PRD-01856,CUST-231684,5.0,Loved it!,2025-03-17 03:00:00,Amazon
REV-105462,PRD-01428,CUST-156172,4.0,Not what I expected.,2025-01-12 05:00:00,Amazon
REV-105463,PRD-02282,CUST-335650,3.0,Average.,2025-12-03 14:00:00,Amazon
REV-105464,PRD-00203,CUST-128051,3.0,Not what I expected.,2025-04-28 18:00:00,Amazon
REV-105465,PRD-01456,CUST-103985,1.0,Loved it!,2025-04-17 10:00:00,Amazon
REV-105466,PRD-01737,CUST-397051,3.0,Good product.,2025-02-09 05:00:00,Amazon
REV-105467,PRD-02095,CUST-340002,4.0,Not what I expected.,2026-03-17 02:00:00,Amazon
REV-105468,PRD-02138,CUST-388748,5.0,Great!,2026-02-20 20:00:00,Amazon
REV-105469,PRD-02401,CUST-120073,4.0,Good product.,2025-05-24 09:00:00,Amazon
REV-105470,PRD-00420,CUST-231569,3.0,Good product.,2025-12-25 11:00:00,Amazon
REV-105471,PRD-00497,CUST-131285,1.0,Great!,2025-04-22 14:00:00,Amazon
REV-105472,PRD-01688,CUST-185348,4.0,Not what I expected.,2025-07-24 16:00:00,Amazon
REV-105473,PRD-00566,CUST-191826,4.0,Good product.,2026-02-13 19:00:00,Amazon
REV-105474,PRD-00485,CUST-241524,3.0,Loved it!,2025-09-07 00:00:00,Amazon
REV-105475,PRD-00697,CUST-121841,2.0,Great!,2026-08-03 15:00:00,Amazon
REV-105476,PRD-02209,CUST-142025,3.0,Good product.,2025-03-20 00:00:00,Amazon
REV-105477,PRD-00095,CUST-319598,3.0,Good product.,2026-02-28 06:00:00,Amazon
REV-105478,PRD-01473,CUST-344983,1.0,Great!,2024-10-30 13:00:00,Amazon
REV-105480,PRD-02399,CUST-108309,2.0,Loved it!,2025-05-14 22:00:00,Amazon
REV-105481,PRD-02104,CUST-198222,2.0,Great!,2026-04-04 09:00:00,Amazon
REV-105482,PRD-00731,CUST-439993,5.0,Average.,2025-07-17 23:00:00,Amazon
REV-105483,PRD-00849,CUST-459919,5.0,Not what I expected.,2025-10-09 04:00:00,Amazon
REV-105484,PRD-00293,CUST-166279,3.0,Good product.,2025-04-11 06:00:00,Amazon
REV-105485,PRD-01279,CUST-495444,5.0,Great!,2025-11-24 07:00:00,Amazon
REV-105486,PRD-01791,CUST-131310,2.0,Not what I expected.,2026-05-12 12:00:00,Amazon
REV-105487,PRD-01050,CUST-330476,1.0,Not what I expected.,2024-12-04 19:00:00,Amazon
REV-105488,PRD-00555,CUST-333868,4.0,Average.,2026-05-21 22:00:00,Amazon
REV-105489,PRD-02117,CUST-343411,5.0,Average.,2024-10-23 20:00:00,Amazon
REV-105490,PRD-00557,CUST-430745,5.0,Loved it!,2025-10-27 17:00:00,Amazon
REV-105491,PRD-01116,CUST-112132,2.0,Not what I expected.,2025-12-19 04:00:00,Amazon
REV-105492,PRD-01544,CUST-348301,3.0,Average.,2025-10-19 03:00:00,Amazon
REV-105493,PRD-02485,CUST-475304,1.0,Great!,2025-05-19 06:00:00,Amazon
REV-105497,PRD-00432,CUST-233842,4.0,Great!,2025-08-27 02:00:00,Amazon
REV-105498,PRD-01534,CUST-420745,1.0,Great!,2026-03-27 09:00:00,Amazon
REV-105499,PRD-00133,CUST-431107,4.0,Great!,2025-12-07 16:00:00,Amazon
REV-105500,PRD-00661,CUST-394103,2.0,Loved it!,2026-05-17 14:00:00,Amazon
REV-105501,PRD-00261,CUST-383661,1.0,Loved it!,2025-01-25 12:00:00,Amazon
REV-105502,PRD-00758,CUST-220842,2.0,Good product.,2024-12-16 22:00:00,Amazon
REV-105504,PRD-01419,CUST-113262,5.0,Average.,2025-07-25 21:00:00,Amazon
REV-105505,PRD-01267,CUST-373627,1.0,Good product.,2025-06-29 16:00:00,Amazon
REV-105506,PRD-01028,CUST-472966,4.0,Average.,2025-03-05 01:00:00,Amazon
REV-105507,PRD-02156,CUST-265955,2.0,Great!,2025-05-22 04:00:00,Amazon
REV-105508,PRD-01477,CUST-393699,2.0,Not what I expected.,2026-04-23 00:00:00,Amazon
REV-105509,PRD-00998,CUST-231423,3.0,Average.,2026-06-07 23:00:00,Amazon
REV-105510,PRD-02394,CUST-494528,2.0,Great!,2025-12-21 19:00:00,Amazon
REV-105512,PRD-00209,CUST-271368,3.0,Great!,2024-12-01 14:00:00,Amazon
REV-105513,PRD-02108,CUST-227136,2.0,Great!,2025-05-27 03:00:00,Amazon
REV-105514,PRD-02417,CUST-173319,2.0,Great!,2025-10-26 06:00:00,Amazon
REV-105515,PRD-00563,CUST-321121,1.0,Not what I expected.,2026-03-09 13:00:00,Amazon
REV-105516,PRD-02255,CUST-216524,2.0,Not what I expected.,2025-10-21 20:00:00,Amazon
REV-105518,PRD-01366,CUST-145661,3.0,Average.,2025-07-23 08:00:00,Amazon
REV-105520,PRD-01798,CUST-192245,3.0,Not what I expected.,2025-07-03 19:00:00,Amazon
REV-105521,PRD-01302,CUST-350233,5.0,Average.,2025-07-27 00:00:00,Amazon
REV-105522,PRD-00463,CUST-240055,2.0,Good product.,2026-01-18 00:00:00,Amazon
REV-105523,PRD-00726,CUST-294643,3.0,Average.,2025-05-24 07:00:00,Amazon
REV-105525,PRD-01411,CUST-495606,4.0,Great!,2025-06-21 02:00:00,Amazon
REV-105526,PRD-02427,CUST-280975,1.0,Not what I expected.,2025-08-01 04:00:00,Amazon
REV-105528,PRD-01555,CUST-262404,3.0,Good product.,2025-01-24 22:00:00,Amazon
REV-105529,PRD-01210,CUST-460863,2.0,Not what I expected.,2026-05-12 12:00:00,Amazon
REV-105531,PRD-02124,CUST-184609,1.0,Loved it!,2025-10-21 07:00:00,Amazon
REV-105532,PRD-00858,CUST-304784,5.0,Not what I expected.,2025-05-08 12:00:00,Amazon
REV-105533,PRD-00929,CUST-114458,1.0,Average.,2026-06-07 20:00:00,Amazon
REV-105534,PRD-01633,CUST-335551,5.0,Great!,2025-10-07 02:00:00,Amazon
REV-105535,PRD-01224,CUST-187686,4.0,Great!,2025-04-17 01:00:00,Amazon
REV-105536,PRD-01662,CUST-409443,4.0,Great!,2025-05-07 12:00:00,Amazon
REV-105537,PRD-01982,CUST-313624,4.0,Good product.,2025-06-06 15:00:00,Amazon
REV-105538,PRD-01202,CUST-111254,1.0,Not what I expected.,2025-02-18 17:00:00,Amazon
REV-105539,PRD-01916,CUST-487106,3.0,Great!,2026-07-13 04:00:00,Amazon
REV-105540,PRD-00950,CUST-156074,5.0,Good product.,2024-12-08 09:00:00,Amazon
REV-105541,PRD-00091,CUST-268528,5.0,Loved it!,2025-07-28 20:00:00,Amazon
REV-105543,PRD-00132,CUST-269015,3.0,Not what I expected.,2025-09-04 11:00:00,Amazon
REV-105544,PRD-00609,CUST-292468,1.0,Average.,2025-04-20 20:00:00,Amazon
REV-105545,PRD-02268,CUST-490206,5.0,Not what I expected.,2025-04-30 18:00:00,Amazon
REV-105546,PRD-02121,CUST-289688,3.0,Great!,2024-09-21 23:00:00,Amazon
REV-105547,PRD-00994,CUST-384145,4.0,Loved it!,2026-05-03 20:00:00,Amazon
REV-105548,PRD-01117,CUST-437712,4.0,Average.,2026-02-11 08:00:00,Amazon
REV-105549,PRD-01221,CUST-280753,4.0,Not what I expected.,2025-01-26 14:00:00,Amazon
REV-105550,PRD-00511,CUST-485574,2.0,Loved it!,2024-12-24 10:00:00,Amazon
REV-105551,PRD-00375,CUST-126620,2.0,Good product.,2026-07-12 18:00:00,Amazon
REV-105552,PRD-02179,CUST-445135,4.0,Average.,2025-08-02 16:00:00,Amazon
REV-105553,PRD-00230,CUST-386568,5.0,Great!,2025-03-22 13:00:00,Amazon
REV-105554,PRD-00950,CUST-455484,3.0,Great!,2025-01-02 18:00:00,Amazon
REV-105555,PRD-02187,CUST-491519,5.0,Good product.,2025-12-25 00:00:00,Amazon
REV-105557,PRD-02222,CUST-471005,3.0,Average.,2025-04-27 01:00:00,Amazon
REV-105558,PRD-00142,CUST-295763,3.0,Good product.,2026-03-30 05:00:00,Amazon
REV-105560,PRD-00113,CUST-383885,4.0,Loved it!,2025-02-23 19:00:00,Amazon
REV-105562,PRD-02074,CUST-478815,3.0,Good product.,2024-12-30 05:00:00,Amazon
REV-105563,PRD-02406,CUST-402954,3.0,Loved it!,2025-09-05 15:00:00,Amazon
REV-105564,PRD-00217,CUST-491337,1.0,Good product.,2026-05-04 22:00:00,Amazon
REV-105565,PRD-00889,CUST-104441,4.0,Loved it!,2025-02-25 19:00:00,Amazon
REV-105567,PRD-00835,CUST-373689,2.0,Average.,2026-08-05 22:00:00,Amazon
REV-105569,PRD-00005,CUST-316185,5.0,Loved it!,2024-12-31 11:00:00,Amazon
REV-105570,PRD-00053,CUST-141213,1.0,Average.,2025-09-26 13:00:00,Amazon
REV-105571,PRD-02397,CUST-205198,1.0,Good product.,2025-02-26 08:00:00,Amazon
REV-105572,PRD-02281,CUST-264444,1.0,Good product.,2026-07-13 07:00:00,Amazon
REV-105573,PRD-01536,CUST-450347,4.0,Good product.,2025-10-15 01:00:00,Amazon
REV-105574,PRD-00874,CUST-208445,3.0,Not what I expected.,2026-02-20 06:00:00,Amazon
REV-105575,PRD-01720,CUST-422902,3.0,Not what I expected.,2026-05-02 15:00:00,Amazon
REV-105576,PRD-02381,CUST-141212,3.0,Not what I expected.,2025-07-17 12:00:00,Amazon
REV-105577,PRD-00662,CUST-104643,5.0,Good product.,2025-01-08 15:00:00,Amazon
REV-105578,PRD-00624,CUST-460936,3.0,Good product.,2024-08-22 13:00:00,Amazon
REV-105579,PRD-01145,CUST-433038,5.0,Not what I expected.,2026-01-08 09:00:00,Amazon
REV-105580,PRD-00059,CUST-186111,2.0,Average.,2026-04-25 15:00:00,Amazon
REV-105581,PRD-01853,CUST-464905,2.0,Good product.,2026-04-14 05:00:00,Amazon
REV-105582,PRD-01220,CUST-199024,3.0,Good product.,2025-11-14 02:00:00,Amazon
REV-105583,PRD-00726,CUST-156809,2.0,Average.,2025-09-13 19:00:00,Amazon
REV-105584,PRD-00284,CUST-328240,1.0,Great!,2026-07-11 05:00:00,Amazon
REV-105586,PRD-01502,CUST-284747,1.0,Not what I expected.,2025-07-30 00:00:00,Amazon
REV-105587,PRD-01085,CUST-399234,2.0,Average.,2025-08-06 06:00:00,Amazon
REV-105588,PRD-01186,CUST-240695,3.0,Average.,2026-03-24 10:00:00,Amazon
REV-105589,PRD-01265,CUST-323610,3.0,Not what I expected.,2025-08-09 00:00:00,Amazon
REV-105590,PRD-01267,CUST-330740,1.0,Not what I expected.,2024-10-23 09:00:00,Amazon
REV-105592,PRD-00217,CUST-217857,1.0,Great!,2025-12-14 17:00:00,Amazon
REV-105594,PRD-00278,CUST-283176,4.0,Average.,2025-09-12 17:00:00,Amazon
REV-105595,PRD-00104,CUST-213457,4.0,Loved it!,2025-10-30 21:00:00,Amazon
REV-105596,PRD-00694,CUST-404985,1.0,Good product.,2025-03-15 13:00:00,Amazon
REV-105597,PRD-00051,CUST-145661,5.0,Great!,2025-07-23 08:00:00,Amazon
REV-105598,PRD-02161,CUST-181256,3.0,Great!,2026-06-13 11:00:00,Amazon
REV-105599,PRD-00575,CUST-164700,3.0,Loved it!,2024-08-31 04:00:00,Amazon
REV-105600,PRD-01438,CUST-223322,3.0,Good product.,2025-10-16 03:00:00,Amazon
REV-105601,PRD-00188,CUST-178964,3.0,Great!,2024-09-09 08:00:00,Amazon
REV-105602,PRD-01124,CUST-432949,4.0,Not what I expected.,2024-12-02 23:00:00,Amazon
REV-105604,PRD-02316,CUST-130715,1.0,Great!,2025-05-04 19:00:00,Amazon
REV-105606,PRD-01686,CUST-424173,1.0,Loved it!,2025-04-10 12:00:00,Amazon
REV-105607,PRD-00573,CUST-154998,5.0,Great!,2026-05-01 19:00:00,Amazon
REV-105608,PRD-00067,CUST-492837,2.0,Good product.,2026-02-13 18:00:00,Amazon
REV-105609,PRD-01003,CUST-303655,5.0,Average.,2026-06-27 17:00:00,Amazon
REV-105610,PRD-01814,CUST-386931,5.0,Loved it!,2025-02-27 00:00:00,Amazon
REV-105611,PRD-02473,CUST-169493,3.0,Average.,2025-12-29 04:00:00,Amazon
REV-105612,PRD-02068,CUST-245318,5.0,Good product.,2024-11-13 22:00:00,Amazon
REV-105613,PRD-01681,CUST-202934,5.0,Great!,2025-05-06 18:00:00,Amazon
REV-105616,PRD-00501,CUST-450211,3.0,Good product.,2025-10-26 23:00:00,Amazon
REV-105617,PRD-01521,CUST-108989,1.0,Loved it!,2025-01-22 04:00:00,Amazon
REV-105618,PRD-00841,CUST-183594,4.0,Good product.,2025-05-09 04:00:00,Amazon
REV-105619,PRD-02029,CUST-156505,3.0,Good product.,2026-05-08 00:00:00,Amazon
REV-105620,PRD-02256,CUST-120404,4.0,Great!,2026-04-10 08:00:00,Amazon
REV-105622,PRD-01189,CUST-128068,1.0,Great!,2025-08-31 14:00:00,Amazon
REV-105623,PRD-00106,CUST-450347,5.0,Loved it!,2025-10-15 01:00:00,Amazon
REV-105624,PRD-00788,CUST-230599,2.0,Average.,2026-07-22 17:00:00,Amazon
REV-105625,PRD-01480,CUST-395997,3.0,Average.,2025-03-21 17:00:00,Amazon
REV-105627,PRD-02105,CUST-207317,2.0,Good product.,2025-08-05 15:00:00,Amazon
REV-105628,PRD-02062,CUST-198434,2.0,Great!,2024-09-17 16:00:00,Amazon
REV-105629,PRD-00674,CUST-228378,5.0,Loved it!,2024-10-05 01:00:00,Amazon
REV-105630,PRD-01625,CUST-478567,5.0,Not what I expected.,2026-01-12 01:00:00,Amazon
REV-105631,PRD-00686,CUST-378796,5.0,Average.,2024-12-30 18:00:00,Amazon
REV-105632,PRD-01491,CUST-111366,3.0,Not what I expected.,2025-01-31 10:00:00,Amazon
REV-105633,PRD-01761,CUST-243635,5.0,Great!,2026-02-11 14:00:00,Amazon
REV-105634,PRD-00558,CUST-407195,1.0,Not what I expected.,2025-05-10 06:00:00,Amazon
REV-105635,PRD-00632,CUST-189369,5.0,Not what I expected.,2024-11-22 18:00:00,Amazon
REV-105636,PRD-01407,CUST-220842,3.0,Average.,2026-01-04 08:00:00,Amazon
REV-105637,PRD-00585,CUST-407457,3.0,Not what I expected.,2025-12-09 06:00:00,Amazon
REV-105639,PRD-02150,CUST-121201,2.0,Loved it!,2025-12-22 00:00:00,Amazon
REV-105640,PRD-00868,CUST-188349,5.0,Average.,2026-06-30 09:00:00,Amazon
REV-105641,PRD-02254,CUST-328930,2.0,Great!,2024-12-24 07:00:00,Amazon
REV-105642,PRD-00689,CUST-474455,3.0,Good product.,2024-09-11 22:00:00,Amazon
REV-105643,PRD-01573,CUST-119257,1.0,Great!,2025-09-01 16:00:00,Amazon
REV-105644,PRD-00132,CUST-475742,5.0,Average.,2026-01-02 22:00:00,Amazon
REV-105645,PRD-00756,CUST-150323,2.0,Not what I expected.,2025-09-11 11:00:00,Amazon
REV-105647,PRD-02228,CUST-145541,3.0,Good product.,2026-05-18 19:00:00,Amazon
REV-105648,PRD-01692,CUST-376218,1.0,Good product.,2025-02-14 19:00:00,Amazon
REV-105649,PRD-00771,CUST-354546,2.0,Average.,2025-03-24 13:00:00,Amazon
REV-105650,PRD-00509,CUST-105468,1.0,Not what I expected.,2025-12-12 18:00:00,Amazon
REV-105651,PRD-01960,CUST-104220,3.0,Good product.,2025-03-15 00:00:00,Amazon
REV-105652,PRD-01418,CUST-378180,1.0,Great!,2025-11-22 14:00:00,Amazon
REV-105653,PRD-02147,CUST-409887,1.0,Average.,2025-04-14 09:00:00,Amazon
REV-105654,PRD-01947,CUST-105103,4.0,Average.,2026-01-07 01:00:00,Amazon
REV-105655,PRD-00387,CUST-305472,2.0,Great!,2025-03-24 12:00:00,Amazon
REV-105656,PRD-00486,CUST-473310,2.0,Good product.,2026-06-07 20:00:00,Amazon
REV-105657,PRD-00911,CUST-167496,2.0,Good product.,2026-07-01 23:00:00,Amazon
REV-105658,PRD-00149,CUST-127963,2.0,Great!,2025-01-10 02:00:00,Amazon
REV-105659,PRD-00867,CUST-158447,2.0,Loved it!,2024-08-16 20:00:00,Amazon
REV-105660,PRD-00854,CUST-453763,3.0,Good product.,2025-05-08 10:00:00,Amazon
REV-105662,PRD-01821,CUST-137775,4.0,Average.,2025-08-30 15:00:00,Amazon
REV-105663,PRD-00250,CUST-311435,1.0,Not what I expected.,2025-02-13 11:00:00,Amazon
REV-105664,PRD-01054,CUST-227964,3.0,Loved it!,2025-07-01 13:00:00,Amazon
REV-105665,PRD-02351,CUST-496190,4.0,Not what I expected.,2025-04-17 15:00:00,Amazon
REV-105666,PRD-01608,CUST-456097,3.0,Loved it!,2025-10-25 22:00:00,Amazon
REV-105667,PRD-02311,CUST-183455,4.0,Not what I expected.,2026-02-13 06:00:00,Amazon
REV-105669,PRD-01487,CUST-114584,1.0,Loved it!,2025-06-30 23:00:00,Amazon
REV-105671,PRD-01290,CUST-267356,3.0,Great!,2026-02-26 21:00:00,Amazon
REV-105672,PRD-02244,CUST-388523,1.0,Great!,2024-09-10 22:00:00,Amazon
REV-105673,PRD-01863,CUST-344357,5.0,Average.,2026-06-17 09:00:00,Amazon
REV-105674,PRD-02158,CUST-347945,4.0,Average.,2026-08-14 05:00:00,Amazon
REV-105675,PRD-00389,CUST-174362,1.0,Not what I expected.,2025-05-24 07:00:00,Amazon
REV-105676,PRD-01581,CUST-128790,3.0,Great!,2025-12-03 20:00:00,Amazon
REV-105677,PRD-00619,CUST-397802,3.0,Great!,2026-05-04 04:00:00,Amazon
REV-105678,PRD-01685,CUST-286539,3.0,Great!,2025-02-24 15:00:00,Amazon
REV-105679,PRD-02079,CUST-196780,2.0,Average.,2026-03-26 04:00:00,Amazon
REV-105680,PRD-02000,CUST-244991,3.0,Good product.,2026-01-22 00:00:00,Amazon
REV-105682,PRD-01170,CUST-231492,3.0,Loved it!,2025-03-10 16:00:00,Amazon
REV-105683,PRD-01431,CUST-167496,3.0,Average.,2025-03-05 21:00:00,Amazon
REV-105684,PRD-02176,CUST-149580,3.0,Loved it!,2026-08-09 20:00:00,Amazon
REV-105685,PRD-02465,CUST-197799,4.0,Not what I expected.,2026-07-11 05:00:00,Amazon
REV-105686,PRD-01274,CUST-364620,3.0,Great!,2025-03-10 16:00:00,Amazon
REV-105687,PRD-01412,CUST-375290,2.0,Not what I expected.,2025-09-18 23:00:00,Amazon
REV-105688,PRD-01050,CUST-453425,3.0,Great!,2025-03-14 16:00:00,Amazon
REV-105689,PRD-01480,CUST-173843,4.0,Loved it!,2026-07-05 15:00:00,Amazon
REV-105690,PRD-01726,CUST-380610,2.0,Average.,2025-08-09 14:00:00,Amazon
REV-105691,PRD-01482,CUST-332830,4.0,Not what I expected.,2024-08-30 03:00:00,Amazon
REV-105692,PRD-00575,CUST-355429,5.0,Good product.,2026-01-02 14:00:00,Amazon
REV-105693,PRD-01255,CUST-166211,1.0,Not what I expected.,2026-04-21 09:00:00,Amazon
REV-105695,PRD-02224,CUST-272047,5.0,Good product.,2025-12-09 15:00:00,Amazon
REV-105696,PRD-00978,CUST-190479,2.0,Not what I expected.,2025-12-21 20:00:00,Amazon
REV-105697,PRD-01474,CUST-479059,1.0,Loved it!,2026-04-29 20:00:00,Amazon
REV-105698,PRD-01878,CUST-132907,1.0,Loved it!,2024-11-05 20:00:00,Amazon
REV-105699,PRD-00418,CUST-339455,5.0,Not what I expected.,2025-04-01 17:00:00,Amazon
REV-105700,PRD-01229,CUST-172468,1.0,Great!,2025-02-10 17:00:00,Amazon
REV-105702,PRD-01387,CUST-352296,1.0,Average.,2025-08-29 08:00:00,Amazon
REV-105703,PRD-00260,CUST-476200,4.0,Average.,2025-04-07 07:00:00,Amazon
REV-105704,PRD-00284,CUST-393596,4.0,Average.,2025-08-26 05:00:00,Amazon
REV-105705,PRD-01783,CUST-480769,5.0,Great!,2025-01-07 19:00:00,Amazon
REV-105706,PRD-01329,CUST-195498,3.0,Great!,2025-03-21 08:00:00,Amazon
REV-105707,PRD-00580,CUST-161827,5.0,Great!,2024-09-25 20:00:00,Amazon
REV-105708,PRD-01774,CUST-236849,4.0,Not what I expected.,2026-04-01 20:00:00,Amazon
REV-105709,PRD-00422,CUST-422185,2.0,Not what I expected.,2024-12-25 02:00:00,Amazon
REV-105710,PRD-00203,CUST-109882,3.0,Not what I expected.,2025-11-10 09:00:00,Amazon
REV-105712,PRD-01277,CUST-396386,2.0,Average.,2025-12-11 12:00:00,Amazon
REV-105713,PRD-02301,CUST-428304,2.0,Not what I expected.,2025-11-14 05:00:00,Amazon
REV-105714,PRD-01473,CUST-430058,1.0,Average.,2024-10-13 03:00:00,Amazon
REV-105715,PRD-01940,CUST-383346,5.0,Great!,2025-11-28 00:00:00,Amazon
REV-105716,PRD-02370,CUST-118714,4.0,Loved it!,2025-03-27 07:00:00,Amazon
REV-105717,PRD-02116,CUST-380632,3.0,Great!,2026-04-25 23:00:00,Amazon
REV-105718,PRD-00411,CUST-356708,4.0,Good product.,2025-06-21 06:00:00,Amazon
REV-105719,PRD-01230,CUST-337803,3.0,Great!,2025-08-08 14:00:00,Amazon
REV-105720,PRD-01094,CUST-197547,4.0,Not what I expected.,2025-04-12 04:00:00,Amazon
REV-105721,PRD-00242,CUST-466284,4.0,Great!,2025-07-11 15:00:00,Amazon
REV-105722,PRD-00598,CUST-392850,5.0,Good product.,2025-04-07 16:00:00,Amazon
REV-105724,PRD-02002,CUST-207512,1.0,Great!,2025-12-30 20:00:00,Amazon
REV-105726,PRD-01549,CUST-223048,5.0,Loved it!,2025-07-06 17:00:00,Amazon
REV-105727,PRD-00927,CUST-320737,3.0,Great!,2025-12-27 18:00:00,Amazon
REV-105729,PRD-00453,CUST-255039,4.0,Average.,2025-10-09 09:00:00,Amazon
REV-105730,PRD-02394,CUST-245777,2.0,Loved it!,2026-06-23 16:00:00,Amazon
REV-105731,PRD-00686,CUST-389274,4.0,Not what I expected.,2025-11-09 09:00:00,Amazon
REV-105732,PRD-01858,CUST-372462,2.0,Average.,2025-08-19 04:00:00,Amazon
REV-105733,PRD-01198,CUST-363230,4.0,Great!,2025-01-08 14:00:00,Amazon
REV-105735,PRD-00485,CUST-360938,5.0,Loved it!,2025-06-23 08:00:00,Amazon
REV-105736,PRD-02451,CUST-441824,5.0,Great!,2026-06-02 06:00:00,Amazon
REV-105737,PRD-00984,CUST-133170,5.0,Not what I expected.,2025-07-25 18:00:00,Amazon
REV-105739,PRD-00629,CUST-182525,1.0,Loved it!,2025-12-12 12:00:00,Amazon
REV-105740,PRD-01341,CUST-141743,3.0,Average.,2024-08-31 21:00:00,Amazon
REV-105741,PRD-01589,CUST-219320,5.0,Good product.,2025-05-24 05:00:00,Amazon
REV-105742,PRD-02080,CUST-141387,5.0,Good product.,2025-01-10 04:00:00,Amazon
REV-105743,PRD-00272,CUST-171309,1.0,Loved it!,2025-10-29 16:00:00,Amazon
REV-105744,PRD-01621,CUST-296242,3.0,Not what I expected.,2025-07-12 09:00:00,Amazon
REV-105745,PRD-02202,CUST-466125,4.0,Loved it!,2026-07-12 21:00:00,Amazon
REV-105746,PRD-00625,CUST-190008,3.0,Loved it!,2024-12-11 20:00:00,Amazon
REV-105747,PRD-00416,CUST-272401,2.0,Not what I expected.,2024-09-25 00:00:00,Amazon
REV-105748,PRD-01139,CUST-251702,4.0,Good product.,2025-05-31 02:00:00,Amazon
REV-105749,PRD-00038,CUST-258302,4.0,Average.,2026-08-01 13:00:00,Amazon
REV-105750,PRD-00141,CUST-275553,2.0,Good product.,2026-06-06 09:00:00,Amazon
REV-105752,PRD-02272,CUST-240012,3.0,Average.,2026-04-20 03:00:00,Amazon
REV-105753,PRD-00798,CUST-403026,2.0,Loved it!,2026-05-26 11:00:00,Amazon
REV-105754,PRD-00996,CUST-337677,3.0,Loved it!,2024-12-21 23:00:00,Amazon
REV-105755,PRD-02109,CUST-212249,4.0,Loved it!,2026-02-07 01:00:00,Amazon
REV-105756,PRD-01910,CUST-379355,4.0,Average.,2026-02-15 23:00:00,Amazon
REV-105757,PRD-01220,CUST-226838,5.0,Great!,2024-10-10 15:00:00,Amazon
REV-105758,PRD-01549,CUST-100765,5.0,Average.,2026-01-27 02:00:00,Amazon
REV-105759,PRD-02072,CUST-351374,2.0,Loved it!,2024-10-15 09:00:00,Amazon
REV-105760,PRD-00033,CUST-245734,3.0,Great!,2025-02-10 00:00:00,Amazon
REV-105761,PRD-01570,CUST-173173,5.0,Great!,2026-06-28 21:00:00,Amazon
REV-105762,PRD-00650,CUST-226116,3.0,Good product.,2025-01-02 06:00:00,Amazon
REV-105763,PRD-00885,CUST-146640,1.0,Loved it!,2025-11-09 09:00:00,Amazon
REV-105764,PRD-00911,CUST-259039,2.0,Loved it!,2026-08-01 13:00:00,Amazon
REV-105765,PRD-01578,CUST-268379,3.0,Great!,2025-11-22 22:00:00,Amazon
REV-105766,PRD-01365,CUST-303867,5.0,Loved it!,2026-02-27 19:00:00,Amazon
REV-105767,PRD-01505,CUST-143090,5.0,Average.,2024-12-01 17:00:00,Amazon
REV-105768,PRD-01762,CUST-245151,3.0,Not what I expected.,2025-09-07 14:00:00,Amazon
REV-105769,PRD-01278,CUST-427983,4.0,Not what I expected.,2026-07-26 22:00:00,Amazon
REV-105770,PRD-01343,CUST-421523,1.0,Loved it!,2025-02-06 20:00:00,Amazon
REV-105771,PRD-01934,CUST-350482,2.0,Great!,2026-04-13 08:00:00,Amazon
REV-105772,PRD-00018,CUST-267356,3.0,Great!,2024-10-18 16:00:00,Amazon
REV-105773,PRD-01381,CUST-294185,5.0,Not what I expected.,2025-07-08 13:00:00,Amazon
REV-105774,PRD-02131,CUST-141705,2.0,Not what I expected.,2025-04-13 21:00:00,Amazon
REV-105775,PRD-01214,CUST-259053,3.0,Loved it!,2025-05-16 12:00:00,Amazon
REV-105776,PRD-01324,CUST-263173,5.0,Good product.,2026-03-17 12:00:00,Amazon
REV-105777,PRD-01815,CUST-421614,1.0,Great!,2025-08-11 01:00:00,Amazon
REV-105778,PRD-00170,CUST-180267,3.0,Loved it!,2026-02-08 13:00:00,Amazon
REV-105779,PRD-01257,CUST-485809,3.0,Average.,2026-01-15 16:00:00,Amazon
REV-105780,PRD-01918,CUST-439260,2.0,Great!,2025-08-14 14:00:00,Amazon
REV-105781,PRD-01146,CUST-419819,2.0,Loved it!,2024-11-10 20:00:00,Amazon
REV-105783,PRD-01719,CUST-251971,4.0,Good product.,2025-10-31 13:00:00,Amazon
REV-105784,PRD-02373,CUST-101610,1.0,Good product.,2024-12-06 08:00:00,Amazon
REV-105785,PRD-01984,CUST-429868,5.0,Great!,2025-12-16 06:00:00,Amazon
REV-105787,PRD-00313,CUST-426221,2.0,Average.,2025-07-17 00:00:00,Amazon
REV-105788,PRD-01168,CUST-457542,5.0,Average.,2025-09-02 03:00:00,Amazon
REV-105789,PRD-01083,CUST-208445,1.0,Loved it!,2026-02-20 06:00:00,Amazon
REV-105790,PRD-00007,CUST-489603,3.0,Average.,2025-07-16 00:00:00,Amazon
REV-105791,PRD-02153,CUST-107143,4.0,Loved it!,2026-05-04 05:00:00,Amazon
REV-105792,PRD-02174,CUST-267261,4.0,Loved it!,2026-03-24 11:00:00,Amazon
REV-105793,PRD-00007,CUST-366314,3.0,Average.,2024-09-11 00:00:00,Amazon
REV-105795,PRD-02181,CUST-309783,5.0,Not what I expected.,2025-05-27 20:00:00,Amazon
REV-105796,PRD-02075,CUST-439402,4.0,Loved it!,2025-10-13 09:00:00,Amazon
REV-105797,PRD-02011,CUST-443305,2.0,Average.,2025-08-14 18:00:00,Amazon
REV-105798,PRD-00261,CUST-220624,5.0,Average.,2025-02-04 22:00:00,Amazon
REV-105799,PRD-01394,CUST-253635,4.0,Great!,2024-09-07 00:00:00,Amazon
REV-105800,PRD-00746,CUST-183600,4.0,Great!,2025-10-15 09:00:00,Amazon
REV-105801,PRD-01792,CUST-475218,3.0,Good product.,2026-03-17 21:00:00,Amazon
REV-105802,PRD-00966,CUST-363950,2.0,Good product.,2026-06-23 08:00:00,Amazon
REV-105803,PRD-00257,CUST-200491,1.0,Average.,2026-03-07 14:00:00,Amazon
REV-105804,PRD-01500,CUST-316195,4.0,Average.,2025-04-27 19:00:00,Amazon
REV-105805,PRD-01196,CUST-410072,5.0,Not what I expected.,2024-09-20 02:00:00,Amazon
REV-105806,PRD-01201,CUST-395599,2.0,Not what I expected.,2024-08-15 18:00:00,Amazon
REV-105807,PRD-00889,CUST-206713,4.0,Great!,2024-12-12 11:00:00,Amazon
REV-105808,PRD-01041,CUST-398327,1.0,Average.,2025-08-31 02:00:00,Amazon
REV-105809,PRD-01606,CUST-395952,1.0,Average.,2026-07-10 16:00:00,Amazon
REV-105810,PRD-02088,CUST-162154,4.0,Average.,2025-08-28 13:00:00,Amazon
REV-105811,PRD-02388,CUST-113259,3.0,Not what I expected.,2025-04-11 05:00:00,Amazon
REV-105812,PRD-02021,CUST-277151,4.0,Loved it!,2024-08-23 12:00:00,Amazon
REV-105813,PRD-02019,CUST-124899,4.0,Loved it!,2024-11-06 10:00:00,Amazon
REV-105814,PRD-01265,CUST-174330,5.0,Good product.,2026-07-26 20:00:00,Amazon
REV-105815,PRD-01417,CUST-267790,5.0,Loved it!,2026-04-13 09:00:00,Amazon
REV-105816,PRD-01527,CUST-160722,3.0,Good product.,2026-01-18 09:00:00,Amazon
REV-105818,PRD-00976,CUST-412581,4.0,Good product.,2025-11-23 10:00:00,Amazon
REV-105819,PRD-00031,CUST-233930,3.0,Great!,2024-10-05 17:00:00,Amazon
REV-105820,PRD-00493,CUST-439261,5.0,Great!,2025-03-11 11:00:00,Amazon
REV-105821,PRD-01229,CUST-346008,5.0,Not what I expected.,2025-02-17 13:00:00,Amazon
REV-105822,PRD-01899,CUST-335397,4.0,Not what I expected.,2026-01-22 07:00:00,Amazon
REV-105823,PRD-02406,CUST-277589,3.0,Average.,2025-06-12 06:00:00,Amazon
REV-105824,PRD-00339,CUST-494745,5.0,Great!,2024-11-05 15:00:00,Amazon
REV-105825,PRD-00051,CUST-407820,2.0,Not what I expected.,2025-09-05 20:00:00,Amazon
REV-105826,PRD-00951,CUST-450287,4.0,Good product.,2025-09-24 01:00:00,Amazon
REV-105827,PRD-00048,CUST-499136,2.0,Great!,2026-05-23 14:00:00,Amazon
REV-105828,PRD-00594,CUST-296967,1.0,Great!,2025-08-28 07:00:00,Amazon
REV-105829,PRD-00839,CUST-259183,5.0,Good product.,2025-02-25 07:00:00,Amazon
REV-105830,PRD-01406,CUST-184105,2.0,Good product.,2025-08-07 01:00:00,Amazon
REV-105831,PRD-01733,CUST-363471,1.0,Great!,2026-03-11 17:00:00,Amazon
REV-105832,PRD-01256,CUST-386585,4.0,Average.,2025-01-01 00:00:00,Amazon
REV-105833,PRD-00099,CUST-495005,2.0,Great!,2024-10-07 08:00:00,Amazon
REV-105834,PRD-00750,CUST-454876,3.0,Great!,2025-10-30 13:00:00,Amazon
REV-105835,PRD-01297,CUST-446426,4.0,Average.,2025-08-04 05:00:00,Amazon
REV-105836,PRD-01505,CUST-492703,4.0,Great!,2026-06-04 18:00:00,Amazon
REV-105837,PRD-00170,CUST-191077,3.0,Good product.,2026-04-06 13:00:00,Amazon
REV-105838,PRD-01569,CUST-302696,4.0,Loved it!,2026-06-15 00:00:00,Amazon
REV-105839,PRD-01059,CUST-125167,1.0,Good product.,2025-08-26 14:00:00,Amazon
REV-105840,PRD-01871,CUST-450594,5.0,Average.,2026-01-21 20:00:00,Amazon
REV-105841,PRD-00392,CUST-254226,4.0,Average.,2024-12-23 13:00:00,Amazon
REV-105842,PRD-02328,CUST-239861,2.0,Average.,2025-12-21 22:00:00,Amazon
REV-105843,PRD-01742,CUST-424733,4.0,Great!,2026-03-24 06:00:00,Amazon
REV-105844,PRD-00187,CUST-256633,3.0,Average.,2025-01-04 11:00:00,Amazon
REV-105845,PRD-02272,CUST-113329,2.0,Good product.,2026-05-11 17:00:00,Amazon
REV-105846,PRD-00684,CUST-287302,3.0,Good product.,2026-03-23 23:00:00,Amazon
REV-105847,PRD-01677,CUST-108614,4.0,Average.,2025-07-23 07:00:00,Amazon
REV-105848,PRD-02150,CUST-445991,1.0,Loved it!,2025-03-04 02:00:00,Amazon
REV-105849,PRD-02284,CUST-273651,2.0,Average.,2024-11-29 13:00:00,Amazon
REV-105850,PRD-01464,CUST-483374,4.0,Good product.,2025-03-03 16:00:00,Amazon
REV-105851,PRD-01087,CUST-484330,4.0,Great!,2024-10-03 13:00:00,Amazon
REV-105854,PRD-00193,CUST-493437,1.0,Loved it!,2026-07-10 01:00:00,Amazon
REV-105855,PRD-02198,CUST-397509,2.0,Good product.,2026-06-08 23:00:00,Amazon
REV-105856,PRD-01291,CUST-273040,4.0,Average.,2026-07-12 00:00:00,Amazon
REV-105857,PRD-02261,CUST-204051,3.0,Good product.,2024-09-04 08:00:00,Amazon
REV-105858,PRD-01759,CUST-390087,1.0,Great!,2024-12-22 13:00:00,Amazon
REV-105859,PRD-01784,CUST-109052,5.0,Not what I expected.,2026-07-22 12:00:00,Amazon
REV-105860,PRD-02410,CUST-294181,1.0,Great!,2026-05-25 05:00:00,Amazon
REV-105861,PRD-00415,CUST-439328,4.0,Good product.,2025-04-12 11:00:00,Amazon
REV-105862,PRD-01255,CUST-268779,4.0,Not what I expected.,2026-03-25 22:00:00,Amazon
REV-105863,PRD-02391,CUST-437804,2.0,Average.,2025-10-20 14:00:00,Amazon
REV-105865,PRD-02469,CUST-138210,1.0,Average.,2026-04-28 17:00:00,Amazon
REV-105866,PRD-02336,CUST-493943,5.0,Not what I expected.,2026-06-21 11:00:00,Amazon
REV-105867,PRD-00609,CUST-426860,1.0,Good product.,2025-04-09 00:00:00,Amazon
REV-105868,PRD-01655,CUST-346439,4.0,Not what I expected.,2026-06-02 09:00:00,Amazon
REV-105869,PRD-00319,CUST-332319,4.0,Not what I expected.,2025-05-06 05:00:00,Amazon
REV-105870,PRD-00215,CUST-273675,5.0,Good product.,2026-03-24 04:00:00,Amazon
REV-105871,PRD-00216,CUST-273408,5.0,Loved it!,2025-01-26 03:00:00,Amazon
REV-105872,PRD-00194,CUST-415066,2.0,Great!,2024-10-23 12:00:00,Amazon
REV-105873,PRD-01912,CUST-484330,5.0,Average.,2024-10-03 13:00:00,Amazon
REV-105874,PRD-00203,CUST-446861,3.0,Not what I expected.,2024-08-19 16:00:00,Amazon
REV-105875,PRD-00823,CUST-129734,4.0,Not what I expected.,2026-01-25 19:00:00,Amazon
REV-105876,PRD-00851,CUST-155580,2.0,Good product.,2025-09-25 00:00:00,Amazon
REV-105877,PRD-01922,CUST-407690,1.0,Average.,2026-08-08 10:00:00,Amazon
REV-105878,PRD-00769,CUST-434195,2.0,Great!,2024-09-24 19:00:00,Amazon
REV-105880,PRD-00609,CUST-265239,4.0,Not what I expected.,2026-03-16 10:00:00,Amazon
REV-105881,PRD-00191,CUST-260779,5.0,Good product.,2024-11-16 23:00:00,Amazon
REV-105882,PRD-00415,CUST-267853,5.0,Not what I expected.,2025-06-01 12:00:00,Amazon
REV-105883,PRD-00089,CUST-267938,3.0,Not what I expected.,2025-02-28 02:00:00,Amazon
REV-105884,PRD-01023,CUST-294879,3.0,Loved it!,2025-07-19 17:00:00,Amazon
REV-105886,PRD-01673,CUST-159736,4.0,Loved it!,2026-08-02 12:00:00,Amazon
REV-105887,PRD-02302,CUST-200491,3.0,Loved it!,2026-03-07 14:00:00,Amazon
REV-105888,PRD-01257,CUST-491104,3.0,Great!,2024-12-18 17:00:00,Amazon
REV-105889,PRD-00656,CUST-414735,5.0,Not what I expected.,2026-04-17 01:00:00,Amazon
REV-105890,PRD-00351,CUST-153799,2.0,Loved it!,2025-01-22 07:00:00,Amazon
REV-105891,PRD-02004,CUST-156518,5.0,Not what I expected.,2026-06-24 18:00:00,Amazon
REV-105892,PRD-01331,CUST-186623,3.0,Average.,2024-11-29 19:00:00,Amazon
REV-105893,PRD-00420,CUST-134048,1.0,Good product.,2026-03-23 05:00:00,Amazon
REV-105894,PRD-01821,CUST-320937,3.0,Not what I expected.,2026-07-07 09:00:00,Amazon
REV-105895,PRD-01359,CUST-343110,1.0,Average.,2025-05-07 17:00:00,Amazon
REV-105896,PRD-01621,CUST-181992,5.0,Average.,2024-08-30 08:00:00,Amazon
REV-105897,PRD-00804,CUST-487689,5.0,Not what I expected.,2026-02-28 01:00:00,Amazon
REV-105899,PRD-02387,CUST-266024,4.0,Loved it!,2025-01-09 07:00:00,Amazon
REV-105900,PRD-02051,CUST-270066,4.0,Loved it!,2025-07-24 04:00:00,Amazon
REV-105901,PRD-01061,CUST-126841,5.0,Loved it!,2025-11-29 22:00:00,Amazon
REV-105902,PRD-01589,CUST-419311,2.0,Great!,2024-11-19 16:00:00,Amazon
REV-105903,PRD-00048,CUST-133980,4.0,Not what I expected.,2025-06-08 08:00:00,Amazon
REV-105904,PRD-01077,CUST-453407,2.0,Loved it!,2025-10-17 10:00:00,Amazon
REV-105906,PRD-01902,CUST-136565,3.0,Great!,2026-06-28 04:00:00,Amazon
REV-105909,PRD-00717,CUST-431107,3.0,Great!,2025-12-16 05:00:00,Amazon
REV-105910,PRD-01985,CUST-420813,2.0,Average.,2026-01-28 02:00:00,Amazon
REV-105911,PRD-02051,CUST-420451,4.0,Good product.,2026-03-13 06:00:00,Amazon
REV-105912,PRD-00798,CUST-416047,2.0,Average.,2025-03-02 01:00:00,Amazon
REV-105913,PRD-01992,CUST-124117,5.0,Average.,2025-04-22 06:00:00,Amazon
REV-105914,PRD-01864,CUST-441115,4.0,Not what I expected.,2025-09-30 08:00:00,Amazon
REV-105915,PRD-00940,CUST-414496,5.0,Loved it!,2024-11-28 22:00:00,Amazon
REV-105916,PRD-01014,CUST-484009,1.0,Loved it!,2025-04-18 16:00:00,Amazon
REV-105917,PRD-02287,CUST-417802,5.0,Average.,2024-08-17 11:00:00,Amazon
REV-105918,PRD-00200,CUST-181713,2.0,Great!,2025-01-16 11:00:00,Amazon
REV-105919,PRD-02165,CUST-150274,2.0,Not what I expected.,2025-09-01 22:00:00,Amazon
REV-105920,PRD-01266,CUST-497018,5.0,Average.,2026-07-24 17:00:00,Amazon
REV-105922,PRD-01897,CUST-238298,4.0,Great!,2025-12-06 16:00:00,Amazon
REV-105923,PRD-00652,CUST-219715,2.0,Great!,2025-03-06 00:00:00,Amazon
REV-105924,PRD-00531,CUST-244220,2.0,Great!,2024-12-10 06:00:00,Amazon
REV-105925,PRD-01943,CUST-323117,3.0,Not what I expected.,2024-10-17 14:00:00,Amazon
REV-105926,PRD-01882,CUST-410669,4.0,Good product.,2025-03-10 10:00:00,Amazon
REV-105927,PRD-01064,CUST-245477,3.0,Great!,2024-12-27 20:00:00,Amazon
REV-105928,PRD-01156,CUST-175388,2.0,Good product.,2024-12-07 20:00:00,Amazon
REV-105929,PRD-02355,CUST-405426,2.0,Average.,2024-08-30 19:00:00,Amazon
REV-105930,PRD-02190,CUST-324248,3.0,Good product.,2024-12-12 04:00:00,Amazon
REV-105931,PRD-01194,CUST-290925,4.0,Not what I expected.,2025-12-17 10:00:00,Amazon
REV-105933,PRD-00566,CUST-176867,2.0,Not what I expected.,2024-09-15 23:00:00,Amazon
REV-105934,PRD-00397,CUST-245352,1.0,Loved it!,2026-07-01 05:00:00,Amazon
REV-105935,PRD-00687,CUST-335776,1.0,Great!,2026-06-05 19:00:00,Amazon
REV-105936,PRD-01606,CUST-448589,2.0,Good product.,2024-10-01 06:00:00,Amazon
REV-105937,PRD-00501,CUST-491892,1.0,Great!,2025-03-14 23:00:00,Amazon
REV-105938,PRD-01879,CUST-302160,2.0,Average.,2025-09-11 00:00:00,Amazon
REV-105939,PRD-01301,CUST-245734,4.0,Good product.,2025-02-10 00:00:00,Amazon
REV-105940,PRD-00137,CUST-355593,4.0,Loved it!,2026-04-16 15:00:00,Amazon
REV-105941,PRD-01872,CUST-186367,1.0,Average.,2024-12-17 00:00:00,Amazon
REV-105942,PRD-01645,CUST-355062,1.0,Loved it!,2025-05-19 14:00:00,Amazon
REV-105943,PRD-00266,CUST-230956,4.0,Average.,2025-02-07 16:00:00,Amazon
REV-105944,PRD-00531,CUST-235310,5.0,Not what I expected.,2026-07-22 00:00:00,Amazon
REV-105945,PRD-01927,CUST-427244,5.0,Not what I expected.,2025-07-25 15:00:00,Amazon
REV-105946,PRD-00602,CUST-283738,3.0,Not what I expected.,2024-12-12 13:00:00,Amazon
REV-105947,PRD-00027,CUST-450913,3.0,Great!,2025-12-30 23:00:00,Amazon
REV-105948,PRD-02098,CUST-420035,1.0,Not what I expected.,2024-10-30 04:00:00,Amazon
REV-105949,PRD-01734,CUST-280861,3.0,Great!,2025-04-22 19:00:00,Amazon
REV-105951,PRD-02266,CUST-399234,2.0,Average.,2025-03-09 15:00:00,Amazon
REV-105952,PRD-00697,CUST-498332,2.0,Loved it!,2025-03-26 00:00:00,Amazon
REV-105953,PRD-00064,CUST-460676,5.0,Average.,2024-08-13 18:00:00,Amazon
REV-105954,PRD-00294,CUST-402820,2.0,Average.,2026-06-25 09:00:00,Amazon
REV-105955,PRD-01343,CUST-387046,3.0,Good product.,2024-11-11 22:00:00,Amazon
REV-105956,PRD-02363,CUST-164824,1.0,Not what I expected.,2025-05-24 19:00:00,Amazon
REV-105957,PRD-01502,CUST-170296,5.0,Great!,2026-03-19 08:00:00,Amazon
FREV-500000,FPRD-00147,FCUST-418352,5.0,Awesome!,2025-06-13 15:00:00,Flipkart
FREV-500001,FPRD-00422,FCUST-267967,2.0,Poor packaging,2025-12-13 21:00:00,Flipkart
FREV-500002,FPRD-00109,FCUST-446205,5.0,Highly recommended,2025-11-05 04:00:00,Flipkart
FREV-500003,FPRD-01390,FCUST-268580,5.0,Value for money,2026-08-08 17:00:00,Flipkart
FREV-500004,FPRD-01095,FCUST-559815,1.0,Value for money,2025-11-09 23:00:00,Flipkart
FREV-500005,FPRD-01135,FCUST-366887,3.0,Highly recommended,2025-04-04 20:00:00,Flipkart
FREV-500006,FPRD-00852,FCUST-580350,3.0,Decent buy,2025-11-22 04:00:00,Flipkart
FREV-500007,FPRD-00578,FCUST-236077,2.0,Decent buy,2025-08-15 01:00:00,Flipkart
FREV-500008,FPRD-00838,FCUST-311855,5.0,Decent buy,2025-07-20 11:00:00,Flipkart
FREV-500009,FPRD-01700,FCUST-423480,1.0,Decent buy,2025-11-07 00:00:00,Flipkart
FREV-500010,FPRD-00405,FCUST-307044,2.0,Poor packaging,2024-09-08 17:00:00,Flipkart
FREV-500011,FPRD-01249,FCUST-483507,1.0,Poor packaging,2024-11-22 08:00:00,Flipkart
FREV-500012,FPRD-00382,FCUST-599635,2.0,Value for money,2025-12-23 04:00:00,Flipkart
FREV-500013,FPRD-00356,FCUST-464927,2.0,Value for money,2024-09-12 01:00:00,Flipkart
FREV-500014,FPRD-01172,FCUST-536857,1.0,Value for money,2025-06-05 21:00:00,Flipkart
FREV-500015,FPRD-00431,FCUST-223553,2.0,Value for money,2025-08-14 15:00:00,Flipkart
FREV-500016,FPRD-01112,FCUST-441943,4.0,Awesome!,2026-01-05 18:00:00,Flipkart
FREV-500017,FPRD-00031,FCUST-353147,3.0,Poor packaging,2026-03-24 14:00:00,Flipkart
FREV-500018,FPRD-01546,FCUST-418577,2.0,Awesome!,2026-07-02 07:00:00,Flipkart
FREV-500019,FPRD-01890,FCUST-443795,2.0,Awesome!,2024-09-22 05:00:00,Flipkart
FREV-500020,FPRD-00610,FCUST-248681,3.0,Highly recommended,2025-07-03 02:00:00,Flipkart
FREV-500021,FPRD-02370,FCUST-404313,2.0,Awesome!,2026-02-27 02:00:00,Flipkart
FREV-500022,FPRD-00873,FCUST-575861,2.0,Value for money,2026-03-06 23:00:00,Flipkart
FREV-500023,FPRD-01841,FCUST-237962,5.0,Highly recommended,2024-09-08 04:00:00,Flipkart
FREV-500024,FPRD-00295,FCUST-233662,3.0,Value for money,2025-07-10 09:00:00,Flipkart
FREV-500025,FPRD-00039,FCUST-420496,4.0,Highly recommended,2024-12-30 23:00:00,Flipkart
FREV-500026,FPRD-00342,FCUST-587725,5.0,Poor packaging,2025-03-20 03:00:00,Flipkart
FREV-500027,FPRD-01874,FCUST-273659,1.0,Decent buy,2026-04-10 10:00:00,Flipkart
FREV-500028,FPRD-00936,FCUST-487412,3.0,Decent buy,2025-08-28 08:00:00,Flipkart
FREV-500029,FPRD-01358,FCUST-360129,1.0,Highly recommended,2025-08-01 00:00:00,Flipkart
FREV-500030,FPRD-01495,FCUST-536838,2.0,Decent buy,2026-05-22 01:00:00,Flipkart
FREV-500031,FPRD-00605,FCUST-449794,5.0,Value for money,2025-12-22 01:00:00,Flipkart
FREV-500032,FPRD-01101,FCUST-281735,3.0,Value for money,2024-10-20 02:00:00,Flipkart
FREV-500033,FPRD-02358,FCUST-446488,3.0,Awesome!,2024-09-30 09:00:00,Flipkart
FREV-500034,FPRD-01016,FCUST-508243,2.0,Highly recommended,2026-01-08 19:00:00,Flipkart
FREV-500035,FPRD-01310,FCUST-473950,1.0,Highly recommended,2025-03-29 15:00:00,Flipkart
FREV-500036,FPRD-01468,FCUST-456366,4.0,Poor packaging,2025-11-18 14:00:00,Flipkart
FREV-500037,FPRD-02186,FCUST-258109,5.0,Highly recommended,2026-01-31 04:00:00,Flipkart
FREV-500038,FPRD-00510,FCUST-597587,2.0,Highly recommended,2025-09-18 15:00:00,Flipkart
FREV-500039,FPRD-01164,FCUST-565319,5.0,Awesome!,2024-09-27 04:00:00,Flipkart
FREV-500040,FPRD-00797,FCUST-512201,2.0,Highly recommended,2025-09-24 21:00:00,Flipkart
FREV-500041,FPRD-01180,FCUST-271416,,Poor packaging,2026-03-11 17:00:00,Flipkart
FREV-500042,FPRD-01587,FCUST-219376,2.0,Awesome!,2026-04-15 00:00:00,Flipkart
FREV-500043,FPRD-00740,FCUST-234495,1.0,Value for money,2025-10-16 21:00:00,Flipkart
FREV-500044,FPRD-01479,FCUST-354894,2.0,Highly recommended,2026-04-25 14:00:00,Flipkart
FREV-500045,FPRD-02467,FCUST-316977,4.0,Value for money,2024-11-07 11:00:00,Flipkart
FREV-500046,FPRD-00908,FCUST-513604,3.0,Poor packaging,2025-08-26 01:00:00,Flipkart
FREV-500047,FPRD-01422,FCUST-530262,4.0,Awesome!,2024-09-19 21:00:00,Flipkart
FREV-500048,FPRD-02419,FCUST-252674,5.0,Decent buy,2025-08-20 16:00:00,Flipkart
FREV-500049,FPRD-01253,FCUST-250097,4.0,Highly recommended,2025-06-11 03:00:00,Flipkart
FREV-500050,FPRD-01869,FCUST-489169,4.0,Awesome!,2025-12-25 07:00:00,Flipkart
FREV-500051,FPRD-00796,FCUST-329061,4.0,Highly recommended,2026-07-07 00:00:00,Flipkart
FREV-500052,FPRD-00248,FCUST-222029,5.0,Highly recommended,2024-10-03 11:00:00,Flipkart
FREV-500053,FPRD-01919,FCUST-597489,5.0,Awesome!,2025-07-02 16:00:00,Flipkart
FREV-500054,FPRD-01259,FCUST-244585,2.0,Poor packaging,2024-12-23 05:00:00,Flipkart
FREV-500055,FPRD-01886,FCUST-325709,1.0,Awesome!,2025-05-06 11:00:00,Flipkart
FREV-500056,FPRD-00004,FCUST-589573,2.0,Poor packaging,2024-11-30 13:00:00,Flipkart
FREV-500057,FPRD-00789,FCUST-426356,1.0,Value for money,2025-05-30 08:00:00,Flipkart
FREV-500058,FPRD-00238,FCUST-256214,2.0,Highly recommended,2024-09-03 18:00:00,Flipkart
FREV-500059,FPRD-02152,FCUST-276817,3.0,Poor packaging,2026-04-09 02:00:00,Flipkart
FREV-500060,FPRD-01404,FCUST-544962,3.0,Value for money,2026-08-03 04:00:00,Flipkart
FREV-500061,FPRD-00170,FCUST-545967,1.0,Decent buy,2024-12-06 02:00:00,Flipkart
FREV-500062,FPRD-01954,FCUST-501293,5.0,Value for money,2025-10-10 13:00:00,Flipkart
FREV-500063,FPRD-01682,FCUST-449794,1.0,Poor packaging,2025-08-13 11:00:00,Flipkart
FREV-500064,FPRD-01429,FCUST-464383,3.0,Poor packaging,2025-11-07 07:00:00,Flipkart
FREV-500065,FPRD-00732,FCUST-576431,1.0,Value for money,2026-02-23 22:00:00,Flipkart
FREV-500066,FPRD-00916,FCUST-470256,4.0,Decent buy,2026-07-28 06:00:00,Flipkart
FREV-500067,FPRD-01343,FCUST-396870,1.0,Awesome!,2024-08-30 09:00:00,Flipkart
FREV-500068,FPRD-00662,FCUST-341412,2.0,Awesome!,2024-09-03 05:00:00,Flipkart
FREV-500069,FPRD-01662,FCUST-360074,5.0,Highly recommended,2026-06-06 04:00:00,Flipkart
FREV-500070,FPRD-01839,FCUST-316572,2.0,Value for money,2025-01-12 02:00:00,Flipkart
FREV-500071,FPRD-00147,FCUST-561465,5.0,Value for money,2024-08-14 23:00:00,Flipkart
FREV-500072,FPRD-00538,FCUST-475902,,Decent buy,2026-05-04 19:00:00,Flipkart
FREV-500073,FPRD-00295,FCUST-432194,3.0,Decent buy,2024-08-20 23:00:00,Flipkart
FREV-500074,FPRD-00752,FCUST-208428,5.0,Value for money,2025-08-20 07:00:00,Flipkart
FREV-500075,FPRD-00659,FCUST-450143,2.0,Poor packaging,2024-09-28 22:00:00,Flipkart
FREV-500076,FPRD-02174,FCUST-246951,3.0,Value for money,2025-02-24 09:00:00,Flipkart
FREV-500077,FPRD-01054,FCUST-375965,4.0,Value for money,2026-05-22 12:00:00,Flipkart
FREV-500078,FPRD-00794,FCUST-545308,3.0,Awesome!,2026-08-09 13:00:00,Flipkart
FREV-500079,FPRD-02025,FCUST-356486,1.0,Awesome!,2025-01-07 06:00:00,Flipkart
FREV-500080,FPRD-01422,FCUST-483928,5.0,Poor packaging,2025-02-15 21:00:00,Flipkart
FREV-500081,FPRD-00334,FCUST-554200,3.0,Decent buy,2025-01-31 01:00:00,Flipkart
FREV-500082,FPRD-01497,FCUST-451635,2.0,Value for money,2025-06-01 03:00:00,Flipkart
FREV-500083,FPRD-01628,FCUST-351847,4.0,Poor packaging,2025-09-28 10:00:00,Flipkart
FREV-500084,FPRD-00259,FCUST-466605,2.0,Value for money,2025-07-03 08:00:00,Flipkart
FREV-500085,FPRD-01781,FCUST-485861,3.0,Decent buy,2026-04-19 19:00:00,Flipkart
FREV-500086,FPRD-02266,FCUST-487256,4.0,Highly recommended,2025-12-01 00:00:00,Flipkart
FREV-500087,FPRD-01632,FCUST-473346,5.0,Awesome!,2025-11-25 17:00:00,Flipkart
FREV-500088,FPRD-01998,FCUST-478415,4.0,Decent buy,2026-04-10 19:00:00,Flipkart
FREV-500089,FPRD-02400,FCUST-563557,1.0,Awesome!,2025-01-27 06:00:00,Flipkart
FREV-500090,FPRD-00149,FCUST-342656,,Awesome!,2025-04-17 08:00:00,Flipkart
FREV-500091,FPRD-00390,FCUST-264607,1.0,Poor packaging,2025-02-28 16:00:00,Flipkart
FREV-500092,FPRD-01813,FCUST-529833,4.0,Decent buy,2025-11-08 00:00:00,Flipkart
FREV-500093,FPRD-02121,FCUST-270651,1.0,Value for money,2026-06-27 10:00:00,Flipkart
FREV-500094,FPRD-01922,FCUST-381911,5.0,Decent buy,2024-12-01 13:00:00,Flipkart
FREV-500095,FPRD-01068,FCUST-217377,,Awesome!,2026-08-04 01:00:00,Flipkart
FREV-500096,FPRD-02315,FCUST-458426,1.0,Value for money,2025-10-26 15:00:00,Flipkart
FREV-500097,FPRD-01971,FCUST-202837,2.0,Highly recommended,2025-08-29 06:00:00,Flipkart
FREV-500098,FPRD-02289,FCUST-235908,,Decent buy,2024-09-15 16:00:00,Flipkart
FREV-500099,FPRD-00600,FCUST-295052,4.0,Poor packaging,2025-07-02 10:00:00,Flipkart
FREV-500100,FPRD-00418,FCUST-200167,3.0,Value for money,2025-05-26 23:00:00,Flipkart
FREV-500101,FPRD-01802,FCUST-451635,5.0,Poor packaging,2025-11-25 06:00:00,Flipkart
FREV-500102,FPRD-00560,FCUST-525608,5.0,Awesome!,2025-08-16 16:00:00,Flipkart
FREV-500103,FPRD-01977,FCUST-531064,,Poor packaging,2025-02-02 09:00:00,Flipkart
FREV-500104,FPRD-01441,FCUST-345489,2.0,Awesome!,2026-03-25 07:00:00,Flipkart
FREV-500105,FPRD-01469,FCUST-294874,4.0,Value for money,2025-02-27 10:00:00,Flipkart
FREV-500106,FPRD-01971,FCUST-587629,2.0,Awesome!,2024-11-27 19:00:00,Flipkart
FREV-500107,FPRD-01813,FCUST-250830,2.0,Poor packaging,2026-06-26 12:00:00,Flipkart
FREV-500108,FPRD-00147,FCUST-217513,4.0,Decent buy,2026-08-17 17:00:00,Flipkart
FREV-500109,FPRD-00860,FCUST-433013,1.0,Highly recommended,2026-01-10 09:00:00,Flipkart
FREV-500110,FPRD-01484,FCUST-264848,1.0,Value for money,2026-07-05 07:00:00,Flipkart
FREV-500111,FPRD-01260,FCUST-552073,,Highly recommended,2024-11-22 03:00:00,Flipkart
FREV-500112,FPRD-01764,FCUST-551327,2.0,Value for money,2025-03-21 20:00:00,Flipkart
FREV-500113,FPRD-01086,FCUST-422853,5.0,Highly recommended,2025-07-10 12:00:00,Flipkart
FREV-500114,FPRD-01795,FCUST-276532,5.0,Decent buy,2025-08-12 02:00:00,Flipkart
FREV-500115,FPRD-02079,FCUST-350721,5.0,Decent buy,2024-10-25 21:00:00,Flipkart
FREV-500116,FPRD-00190,FCUST-359738,3.0,Value for money,2026-01-12 17:00:00,Flipkart
FREV-500117,FPRD-01949,FCUST-335167,4.0,Decent buy,2026-07-30 09:00:00,Flipkart
FREV-500118,FPRD-00022,FCUST-323642,4.0,Value for money,2026-05-15 04:00:00,Flipkart
FREV-500119,FPRD-00973,FCUST-375965,5.0,Poor packaging,2026-05-22 12:00:00,Flipkart
FREV-500120,FPRD-02337,FCUST-465438,,Poor packaging,2025-02-09 02:00:00,Flipkart
FREV-500121,FPRD-00585,FCUST-567616,3.0,Awesome!,2026-07-17 22:00:00,Flipkart
FREV-500122,FPRD-01994,FCUST-387114,2.0,Value for money,2026-01-10 08:00:00,Flipkart
FREV-500123,FPRD-02430,FCUST-234122,3.0,Value for money,2026-07-27 03:00:00,Flipkart
FREV-500124,FPRD-02430,FCUST-375756,3.0,Awesome!,2024-10-29 09:00:00,Flipkart
FREV-500125,FPRD-00710,FCUST-586703,1.0,Decent buy,2026-01-26 15:00:00,Flipkart
FREV-500126,FPRD-00284,FCUST-279382,4.0,Awesome!,2026-06-04 07:00:00,Flipkart
FREV-500127,FPRD-01298,FCUST-267411,4.0,Decent buy,2026-05-20 00:00:00,Flipkart
FREV-500128,FPRD-00284,FCUST-519610,,Highly recommended,2026-04-08 02:00:00,Flipkart
FREV-500129,FPRD-00728,FCUST-598579,3.0,Poor packaging,2025-02-27 05:00:00,Flipkart
FREV-500130,FPRD-01213,FCUST-490491,3.0,Decent buy,2025-05-08 10:00:00,Flipkart
FREV-500131,FPRD-01136,FCUST-309276,1.0,Decent buy,2024-08-20 07:00:00,Flipkart
FREV-500132,FPRD-00722,FCUST-594548,,Highly recommended,2026-07-11 06:00:00,Flipkart
FREV-500133,FPRD-01060,FCUST-508352,3.0,Awesome!,2025-02-13 10:00:00,Flipkart
FREV-500134,FPRD-01151,FCUST-382031,5.0,Value for money,2025-01-29 14:00:00,Flipkart
FREV-500135,FPRD-00103,FCUST-245748,1.0,Poor packaging,2025-01-10 11:00:00,Flipkart
FREV-500136,FPRD-00225,FCUST-255129,2.0,Awesome!,2026-02-21 09:00:00,Flipkart
FREV-500137,FPRD-00224,FCUST-579995,2.0,Decent buy,2026-01-21 00:00:00,Flipkart
FREV-500138,FPRD-00300,FCUST-499873,4.0,Awesome!,2025-01-25 22:00:00,Flipkart
FREV-500139,FPRD-01569,FCUST-516128,5.0,Decent buy,2025-10-30 00:00:00,Flipkart
FREV-500140,FPRD-00601,FCUST-252967,4.0,Value for money,2025-08-03 22:00:00,Flipkart
FREV-500141,FPRD-00419,FCUST-425621,2.0,Decent buy,2024-11-27 19:00:00,Flipkart
FREV-500142,FPRD-00203,FCUST-214978,5.0,Awesome!,2025-07-24 11:00:00,Flipkart
FREV-500143,FPRD-02152,FCUST-252188,5.0,Poor packaging,2026-05-22 19:00:00,Flipkart
FREV-500144,FPRD-00410,FCUST-398355,4.0,Highly recommended,2026-05-18 06:00:00,Flipkart
FREV-500145,FPRD-01013,FCUST-349237,5.0,Highly recommended,2025-06-15 07:00:00,Flipkart
FREV-500146,FPRD-02018,FCUST-396222,5.0,Value for money,2025-04-02 17:00:00,Flipkart
FREV-500147,FPRD-01789,FCUST-302695,1.0,Poor packaging,2025-11-15 17:00:00,Flipkart
FREV-500148,FPRD-00500,FCUST-314985,3.0,Poor packaging,2026-04-23 19:00:00,Flipkart
FREV-500149,FPRD-01303,FCUST-230563,3.0,Poor packaging,2025-12-23 07:00:00,Flipkart
FREV-500150,FPRD-02364,FCUST-596846,2.0,Value for money,2026-06-18 15:00:00,Flipkart
FREV-500151,FPRD-00598,FCUST-257044,,Poor packaging,2024-10-21 03:00:00,Flipkart
FREV-500152,FPRD-01244,FCUST-259181,3.0,Poor packaging,2026-05-24 09:00:00,Flipkart
FREV-500153,FPRD-01259,FCUST-433454,4.0,Value for money,2024-09-29 22:00:00,Flipkart
FREV-500154,FPRD-02329,FCUST-295128,5.0,Decent buy,2024-09-25 19:00:00,Flipkart
FREV-500155,FPRD-01586,FCUST-347786,1.0,Value for money,2025-11-22 17:00:00,Flipkart
FREV-500156,FPRD-01066,FCUST-325930,3.0,Awesome!,2026-06-07 20:00:00,Flipkart
FREV-500157,FPRD-00088,FCUST-389930,2.0,Highly recommended,2025-02-03 14:00:00,Flipkart
FREV-500158,FPRD-00718,FCUST-520707,4.0,Awesome!,2026-05-12 03:00:00,Flipkart
FREV-500159,FPRD-01195,FCUST-343569,,Decent buy,2026-07-22 04:00:00,Flipkart
FREV-500160,FPRD-02395,FCUST-420828,2.0,Poor packaging,2025-12-29 11:00:00,Flipkart
FREV-500161,FPRD-01771,FCUST-458763,1.0,Value for money,2025-07-31 05:00:00,Flipkart
FREV-500162,FPRD-01765,FCUST-515272,5.0,Decent buy,2026-04-20 06:00:00,Flipkart
FREV-500163,FPRD-01512,FCUST-329536,3.0,Decent buy,2024-08-25 18:00:00,Flipkart
FREV-500164,FPRD-01718,FCUST-442474,,Awesome!,2026-01-29 15:00:00,Flipkart
FREV-500165,FPRD-02497,FCUST-217377,3.0,Poor packaging,2026-08-04 01:00:00,Flipkart
FREV-500166,FPRD-01017,FCUST-366910,,Value for money,2025-11-02 14:00:00,Flipkart
FREV-500167,FPRD-00130,FCUST-309610,5.0,Poor packaging,2024-10-23 00:00:00,Flipkart
FREV-500168,FPRD-01300,FCUST-512697,1.0,Awesome!,2025-10-16 09:00:00,Flipkart
FREV-500169,FPRD-01107,FCUST-211049,5.0,Value for money,2025-06-28 07:00:00,Flipkart
FREV-500170,FPRD-00691,FCUST-232011,2.0,Awesome!,2026-07-03 22:00:00,Flipkart
FREV-500171,FPRD-01474,FCUST-313129,4.0,Highly recommended,2025-09-12 18:00:00,Flipkart
FREV-500172,FPRD-02100,FCUST-224077,4.0,Highly recommended,2024-09-01 02:00:00,Flipkart
FREV-500173,FPRD-02107,FCUST-256474,5.0,Poor packaging,2025-04-12 15:00:00,Flipkart
FREV-500174,FPRD-02310,FCUST-494007,5.0,Awesome!,2025-11-23 03:00:00,Flipkart
FREV-500175,FPRD-01797,FCUST-239868,3.0,Poor packaging,2026-05-30 01:00:00,Flipkart
FREV-500176,FPRD-00953,FCUST-437292,1.0,Decent buy,2025-07-19 22:00:00,Flipkart
FREV-500177,FPRD-02290,FCUST-232831,3.0,Poor packaging,2024-12-24 01:00:00,Flipkart
FREV-500178,FPRD-00036,FCUST-553923,2.0,Poor packaging,2026-07-22 02:00:00,Flipkart
FREV-500179,FPRD-00991,FCUST-237719,,Highly recommended,2025-01-06 03:00:00,Flipkart
FREV-500180,FPRD-01334,FCUST-286293,3.0,Value for money,2025-11-19 20:00:00,Flipkart
FREV-500181,FPRD-01262,FCUST-397362,5.0,Highly recommended,2024-11-19 22:00:00,Flipkart
FREV-500182,FPRD-01965,FCUST-228283,2.0,Awesome!,2025-01-29 07:00:00,Flipkart
FREV-500183,FPRD-01084,FCUST-324495,3.0,Highly recommended,2024-11-26 17:00:00,Flipkart
FREV-500184,FPRD-01411,FCUST-466083,2.0,Value for money,2025-09-16 00:00:00,Flipkart
FREV-500185,FPRD-02271,FCUST-369717,4.0,Awesome!,2025-08-28 07:00:00,Flipkart
FREV-500186,FPRD-00139,FCUST-336517,2.0,Highly recommended,2025-01-02 01:00:00,Flipkart
FREV-500187,FPRD-01539,FCUST-284684,1.0,Awesome!,2024-10-25 22:00:00,Flipkart
FREV-500188,FPRD-01859,FCUST-548342,5.0,Highly recommended,2026-06-24 05:00:00,Flipkart
FREV-500189,FPRD-01627,FCUST-484365,3.0,Decent buy,2026-01-02 00:00:00,Flipkart
FREV-500190,FPRD-01204,FCUST-597103,,Awesome!,2026-02-27 19:00:00,Flipkart
FREV-500191,FPRD-00762,FCUST-499646,1.0,Highly recommended,2025-11-25 13:00:00,Flipkart
FREV-500192,FPRD-02226,FCUST-439743,5.0,Highly recommended,2025-03-31 11:00:00,Flipkart
FREV-500193,FPRD-00040,FCUST-320115,3.0,Decent buy,2025-12-02 01:00:00,Flipkart
FREV-500194,FPRD-00203,FCUST-223957,5.0,Poor packaging,2024-09-27 17:00:00,Flipkart
FREV-500195,FPRD-01726,FCUST-343401,5.0,Poor packaging,2025-09-12 05:00:00,Flipkart
FREV-500196,FPRD-00377,FCUST-341900,2.0,Poor packaging,2026-03-12 21:00:00,Flipkart
FREV-500197,FPRD-02346,FCUST-219672,,Value for money,2026-08-05 16:00:00,Flipkart
FREV-500198,FPRD-00411,FCUST-506021,1.0,Value for money,2026-02-03 17:00:00,Flipkart
FREV-500199,FPRD-00956,FCUST-573968,2.0,Decent buy,2025-02-24 21:00:00,Flipkart
FREV-500200,FPRD-01656,FCUST-572958,5.0,Poor packaging,2025-06-03 18:00:00,Flipkart
FREV-500201,FPRD-00548,FCUST-270744,4.0,Awesome!,2025-03-16 16:00:00,Flipkart
FREV-500202,FPRD-00303,FCUST-380782,3.0,Highly recommended,2025-07-11 05:00:00,Flipkart
FREV-500203,FPRD-01675,FCUST-548606,5.0,Highly recommended,2026-07-31 17:00:00,Flipkart
FREV-500204,FPRD-00859,FCUST-560912,5.0,Awesome!,2025-03-14 11:00:00,Flipkart
FREV-500205,FPRD-00901,FCUST-251020,,Decent buy,2026-04-01 13:00:00,Flipkart
FREV-500206,FPRD-00141,FCUST-481932,,Awesome!,2024-11-07 18:00:00,Flipkart
FREV-500207,FPRD-01499,FCUST-286897,3.0,Awesome!,2025-09-07 23:00:00,Flipkart
FREV-500208,FPRD-02104,FCUST-242366,4.0,Awesome!,2024-09-12 02:00:00,Flipkart
FREV-500209,FPRD-01598,FCUST-399474,4.0,Poor packaging,2025-06-02 03:00:00,Flipkart
FREV-500210,FPRD-00800,FCUST-386711,4.0,Awesome!,2025-05-02 08:00:00,Flipkart
FREV-500211,FPRD-00404,FCUST-478510,3.0,Highly recommended,2026-05-21 05:00:00,Flipkart
FREV-500212,FPRD-02373,FCUST-385463,3.0,Highly recommended,2025-07-11 17:00:00,Flipkart
FREV-500213,FPRD-00860,FCUST-427136,5.0,Awesome!,2025-12-02 19:00:00,Flipkart
FREV-500214,FPRD-01559,FCUST-443077,3.0,Value for money,2025-09-26 02:00:00,Flipkart
FREV-500215,FPRD-01163,FCUST-540300,3.0,Highly recommended,2025-06-15 23:00:00,Flipkart
FREV-500216,FPRD-01333,FCUST-557662,1.0,Poor packaging,2025-06-03 08:00:00,Flipkart
FREV-500217,FPRD-02260,FCUST-236334,4.0,Value for money,2026-02-24 17:00:00,Flipkart
FREV-500218,FPRD-00462,FCUST-302446,,Decent buy,2025-12-22 15:00:00,Flipkart
FREV-500219,FPRD-01213,FCUST-287335,1.0,Highly recommended,2024-11-24 14:00:00,Flipkart
FREV-500220,FPRD-01981,FCUST-512801,3.0,Highly recommended,2026-05-08 05:00:00,Flipkart
FREV-500221,FPRD-00354,FCUST-538259,3.0,Decent buy,2025-07-20 16:00:00,Flipkart
FREV-500222,FPRD-01243,FCUST-307793,3.0,Decent buy,2025-02-07 22:00:00,Flipkart
FREV-500223,FPRD-01910,FCUST-253050,1.0,Poor packaging,2026-07-15 14:00:00,Flipkart
FREV-500224,FPRD-01602,FCUST-282067,1.0,Decent buy,2025-07-19 07:00:00,Flipkart
FREV-500225,FPRD-01496,FCUST-303074,5.0,Decent buy,2025-04-24 19:00:00,Flipkart
FREV-500226,FPRD-01998,FCUST-423874,,Value for money,2026-07-05 08:00:00,Flipkart
FREV-500227,FPRD-02387,FCUST-248032,5.0,Awesome!,2026-01-04 06:00:00,Flipkart
FREV-500228,FPRD-00037,FCUST-554187,2.0,Awesome!,2026-03-19 21:00:00,Flipkart
FREV-500229,FPRD-00526,FCUST-326158,4.0,Poor packaging,2025-05-05 13:00:00,Flipkart
FREV-500230,FPRD-02442,FCUST-347658,5.0,Value for money,2026-04-16 07:00:00,Flipkart
FREV-500231,FPRD-01794,FCUST-301140,5.0,Awesome!,2026-01-21 21:00:00,Flipkart
FREV-500232,FPRD-00122,FCUST-220232,3.0,Poor packaging,2025-03-07 02:00:00,Flipkart
FREV-500233,FPRD-01756,FCUST-207193,4.0,Awesome!,2025-11-02 11:00:00,Flipkart
FREV-500234,FPRD-01271,FCUST-266066,4.0,Value for money,2024-09-27 22:00:00,Flipkart
FREV-500235,FPRD-00313,FCUST-524782,4.0,Awesome!,2024-12-29 06:00:00,Flipkart
FREV-500236,FPRD-02422,FCUST-216505,1.0,Decent buy,2025-03-24 08:00:00,Flipkart
FREV-500237,FPRD-02081,FCUST-214978,2.0,Decent buy,2025-07-24 11:00:00,Flipkart
FREV-500238,FPRD-00913,FCUST-544946,4.0,Highly recommended,2026-04-20 21:00:00,Flipkart
FREV-500239,FPRD-02068,FCUST-347770,3.0,Decent buy,2025-07-17 06:00:00,Flipkart
FREV-500240,FPRD-02258,FCUST-414437,3.0,Poor packaging,2025-05-01 21:00:00,Flipkart
FREV-500241,FPRD-01632,FCUST-320116,4.0,Highly recommended,2025-08-07 11:00:00,Flipkart
FREV-500242,FPRD-00515,FCUST-534247,4.0,Awesome!,2026-05-04 19:00:00,Flipkart
FREV-500243,FPRD-00066,FCUST-452132,5.0,Poor packaging,2025-12-16 11:00:00,Flipkart
FREV-500244,FPRD-01853,FCUST-433987,2.0,Awesome!,2026-08-11 14:00:00,Flipkart
FREV-500245,FPRD-02272,FCUST-261610,4.0,Decent buy,2025-04-19 19:00:00,Flipkart
FREV-500246,FPRD-00559,FCUST-259250,4.0,Highly recommended,2025-03-04 09:00:00,Flipkart
FREV-500247,FPRD-00805,FCUST-449325,,Highly recommended,2025-03-27 11:00:00,Flipkart
FREV-500248,FPRD-01661,FCUST-301776,5.0,Decent buy,2025-10-23 02:00:00,Flipkart
FREV-500249,FPRD-01197,FCUST-496776,2.0,Awesome!,2026-02-08 19:00:00,Flipkart
FREV-500250,FPRD-00819,FCUST-364142,5.0,Decent buy,2026-06-20 20:00:00,Flipkart
FREV-500251,FPRD-01492,FCUST-341563,4.0,Highly recommended,2024-08-17 00:00:00,Flipkart
FREV-500252,FPRD-01942,FCUST-484510,3.0,Awesome!,2026-02-14 16:00:00,Flipkart
FREV-500253,FPRD-00131,FCUST-299947,4.0,Highly recommended,2026-04-28 03:00:00,Flipkart
FREV-500254,FPRD-00025,FCUST-515026,4.0,Poor packaging,2025-02-09 07:00:00,Flipkart
FREV-500255,FPRD-01157,FCUST-553962,,Poor packaging,2024-09-09 02:00:00,Flipkart
FREV-500256,FPRD-00529,FCUST-227047,,Decent buy,2024-12-16 05:00:00,Flipkart
FREV-500257,FPRD-01527,FCUST-301478,,Poor packaging,2026-03-29 23:00:00,Flipkart
FREV-500258,FPRD-01381,FCUST-414846,1.0,Highly recommended,2025-01-25 23:00:00,Flipkart
FREV-500259,FPRD-00024,FCUST-255442,3.0,Awesome!,2026-05-24 09:00:00,Flipkart
FREV-500260,FPRD-01737,FCUST-354386,4.0,Highly recommended,2025-05-02 17:00:00,Flipkart
FREV-500261,FPRD-01869,FCUST-276467,1.0,Decent buy,2026-07-18 17:00:00,Flipkart
FREV-500262,FPRD-01294,FCUST-265268,4.0,Poor packaging,2025-03-26 05:00:00,Flipkart
FREV-500263,FPRD-00754,FCUST-419385,4.0,Awesome!,2025-06-06 04:00:00,Flipkart
FREV-500264,FPRD-01296,FCUST-401006,3.0,Awesome!,2026-01-25 13:00:00,Flipkart
FREV-500265,FPRD-00292,FCUST-353394,1.0,Highly recommended,2026-03-04 11:00:00,Flipkart
FREV-500266,FPRD-02228,FCUST-432334,3.0,Decent buy,2025-02-18 08:00:00,Flipkart
FREV-500267,FPRD-01037,FCUST-491460,1.0,Awesome!,2026-04-19 03:00:00,Flipkart
FREV-500268,FPRD-01971,FCUST-372927,,Value for money,2025-09-22 20:00:00,Flipkart
FREV-500269,FPRD-01997,FCUST-324591,,Highly recommended,2026-01-20 01:00:00,Flipkart
FREV-500270,FPRD-01207,FCUST-291791,1.0,Poor packaging,2025-08-19 03:00:00,Flipkart
FREV-500271,FPRD-01035,FCUST-244923,1.0,Highly recommended,2024-08-16 19:00:00,Flipkart
FREV-500272,FPRD-01590,FCUST-453268,4.0,Poor packaging,2026-08-07 19:00:00,Flipkart
FREV-500273,FPRD-00438,FCUST-233662,2.0,Highly recommended,2025-07-10 09:00:00,Flipkart
FREV-500274,FPRD-01865,FCUST-426183,4.0,Decent buy,2025-11-18 03:00:00,Flipkart
FREV-500275,FPRD-00929,FCUST-570649,4.0,Highly recommended,2026-01-16 22:00:00,Flipkart
FREV-500276,FPRD-01080,FCUST-271718,2.0,Value for money,2024-09-18 16:00:00,Flipkart
FREV-500277,FPRD-00765,FCUST-435856,,Poor packaging,2026-03-09 06:00:00,Flipkart
FREV-500278,FPRD-01710,FCUST-534836,4.0,Awesome!,2024-09-13 04:00:00,Flipkart
FREV-500279,FPRD-01916,FCUST-590413,5.0,Awesome!,2026-04-22 19:00:00,Flipkart
FREV-500280,FPRD-01651,FCUST-494367,4.0,Awesome!,2025-03-02 14:00:00,Flipkart
FREV-500281,FPRD-00799,FCUST-247650,,Decent buy,2024-08-17 09:00:00,Flipkart
FREV-500282,FPRD-00912,FCUST-334361,4.0,Awesome!,2025-04-13 00:00:00,Flipkart
FREV-500283,FPRD-02418,FCUST-550708,,Awesome!,2026-07-13 12:00:00,Flipkart
FREV-500284,FPRD-00026,FCUST-322656,2.0,Value for money,2025-01-15 08:00:00,Flipkart
FREV-500285,FPRD-02405,FCUST-398464,5.0,Awesome!,2025-03-23 16:00:00,Flipkart
FREV-500286,FPRD-00761,FCUST-358460,4.0,Value for money,2026-01-10 12:00:00,Flipkart
FREV-500287,FPRD-01843,FCUST-238738,3.0,Highly recommended,2025-11-16 21:00:00,Flipkart
FREV-500288,FPRD-01731,FCUST-280220,3.0,Value for money,2025-04-28 00:00:00,Flipkart
FREV-500289,FPRD-01621,FCUST-222314,4.0,Poor packaging,2025-06-12 18:00:00,Flipkart
FREV-500290,FPRD-00607,FCUST-547052,5.0,Highly recommended,2026-07-29 04:00:00,Flipkart
FREV-500291,FPRD-01654,FCUST-467566,3.0,Value for money,2026-04-06 15:00:00,Flipkart
FREV-500292,FPRD-00885,FCUST-419769,,Poor packaging,2025-10-10 04:00:00,Flipkart
FREV-500293,FPRD-00669,FCUST-350757,3.0,Poor packaging,2025-01-29 09:00:00,Flipkart
FREV-500294,FPRD-00254,FCUST-589677,3.0,Poor packaging,2024-09-24 02:00:00,Flipkart
FREV-500295,FPRD-02322,FCUST-359959,5.0,Highly recommended,2025-07-13 03:00:00,Flipkart
FREV-500296,FPRD-01971,FCUST-550035,1.0,Decent buy,2025-05-30 11:00:00,Flipkart
FREV-500297,FPRD-01639,FCUST-474707,1.0,Value for money,2025-10-02 02:00:00,Flipkart
FREV-500298,FPRD-01691,FCUST-515158,5.0,Awesome!,2025-01-09 22:00:00,Flipkart
FREV-500299,FPRD-01260,FCUST-242049,4.0,Highly recommended,2024-12-20 08:00:00,Flipkart
FREV-500300,FPRD-02365,FCUST-599497,4.0,Poor packaging,2025-04-13 13:00:00,Flipkart
FREV-500301,FPRD-00667,FCUST-553190,3.0,Highly recommended,2026-04-24 03:00:00,Flipkart
FREV-500302,FPRD-01921,FCUST-462092,3.0,Highly recommended,2024-12-07 07:00:00,Flipkart
FREV-500303,FPRD-02054,FCUST-496892,2.0,Poor packaging,2025-10-06 01:00:00,Flipkart
FREV-500304,FPRD-01458,FCUST-598770,1.0,Value for money,2024-10-30 18:00:00,Flipkart
FREV-500305,FPRD-00131,FCUST-597202,2.0,Awesome!,2024-11-24 22:00:00,Flipkart
FREV-500306,FPRD-02217,FCUST-483547,4.0,Awesome!,2024-11-20 18:00:00,Flipkart
FREV-500307,FPRD-01299,FCUST-312890,4.0,Poor packaging,2026-06-20 14:00:00,Flipkart
FREV-500308,FPRD-00477,FCUST-449874,4.0,Highly recommended,2025-04-22 01:00:00,Flipkart
FREV-500309,FPRD-00545,FCUST-346159,1.0,Decent buy,2026-07-28 12:00:00,Flipkart
FREV-500310,FPRD-00348,FCUST-525521,5.0,Highly recommended,2025-12-29 05:00:00,Flipkart
FREV-500311,FPRD-00918,FCUST-521735,5.0,Highly recommended,2025-02-11 10:00:00,Flipkart
FREV-500312,FPRD-00660,FCUST-376265,1.0,Decent buy,2024-12-27 00:00:00,Flipkart
FREV-500313,FPRD-00218,FCUST-233274,4.0,Poor packaging,2025-02-08 16:00:00,Flipkart
FREV-500314,FPRD-01339,FCUST-482394,1.0,Poor packaging,2025-10-26 05:00:00,Flipkart
FREV-500315,FPRD-01743,FCUST-551975,1.0,Highly recommended,2024-11-09 22:00:00,Flipkart
FREV-500316,FPRD-01860,FCUST-249434,5.0,Value for money,2026-02-12 02:00:00,Flipkart
FREV-500317,FPRD-00647,FCUST-271946,3.0,Poor packaging,2025-11-24 20:00:00,Flipkart
FREV-500318,FPRD-02248,FCUST-554032,5.0,Highly recommended,2025-07-27 15:00:00,Flipkart
FREV-500319,FPRD-02367,FCUST-310253,5.0,Poor packaging,2025-08-20 13:00:00,Flipkart
FREV-500320,FPRD-02415,FCUST-523638,1.0,Awesome!,2025-09-18 16:00:00,Flipkart
FREV-500321,FPRD-01573,FCUST-430311,4.0,Value for money,2024-11-17 01:00:00,Flipkart
FREV-500322,FPRD-00484,FCUST-591302,2.0,Decent buy,2025-02-22 06:00:00,Flipkart
FREV-500323,FPRD-01502,FCUST-479733,5.0,Value for money,2026-05-02 10:00:00,Flipkart
FREV-500324,FPRD-02052,FCUST-377176,5.0,Decent buy,2025-09-19 00:00:00,Flipkart
FREV-500325,FPRD-01220,FCUST-232287,5.0,Value for money,2024-10-10 17:00:00,Flipkart
FREV-500326,FPRD-01408,FCUST-373188,3.0,Highly recommended,2026-06-16 17:00:00,Flipkart
FREV-500327,FPRD-01632,FCUST-504847,5.0,Highly recommended,2026-04-20 13:00:00,Flipkart
FREV-500328,FPRD-00471,FCUST-217835,2.0,Decent buy,2025-10-11 23:00:00,Flipkart
FREV-500329,FPRD-00923,FCUST-502961,1.0,Highly recommended,2025-05-26 09:00:00,Flipkart
FREV-500330,FPRD-01797,FCUST-407145,,Highly recommended,2026-07-02 00:00:00,Flipkart
FREV-500331,FPRD-01185,FCUST-580280,,Value for money,2026-07-28 01:00:00,Flipkart
FREV-500332,FPRD-01339,FCUST-453224,5.0,Poor packaging,2025-12-22 01:00:00,Flipkart
FREV-500333,FPRD-02337,FCUST-489744,4.0,Value for money,2026-05-09 18:00:00,Flipkart
FREV-500334,FPRD-00041,FCUST-349385,3.0,Poor packaging,2026-02-03 08:00:00,Flipkart
FREV-500335,FPRD-01832,FCUST-202707,3.0,Awesome!,2024-10-15 08:00:00,Flipkart
FREV-500336,FPRD-02494,FCUST-318449,,Awesome!,2025-09-28 01:00:00,Flipkart
FREV-500337,FPRD-02215,FCUST-333135,2.0,Poor packaging,2024-09-28 03:00:00,Flipkart
FREV-500338,FPRD-00397,FCUST-442657,5.0,Highly recommended,2026-05-12 22:00:00,Flipkart
FREV-500339,FPRD-01775,FCUST-326984,1.0,Highly recommended,2026-05-24 17:00:00,Flipkart
FREV-500340,FPRD-00914,FCUST-303580,2.0,Value for money,2024-10-10 00:00:00,Flipkart
FREV-500341,FPRD-02397,FCUST-201205,,Poor packaging,2024-12-08 22:00:00,Flipkart
FREV-500342,FPRD-00867,FCUST-215953,2.0,Decent buy,2025-11-11 16:00:00,Flipkart
FREV-500343,FPRD-00891,FCUST-524886,3.0,Highly recommended,2025-05-03 19:00:00,Flipkart
FREV-500344,FPRD-00215,FCUST-231616,5.0,Highly recommended,2024-08-21 07:00:00,Flipkart
FREV-500345,FPRD-00915,FCUST-479115,1.0,Value for money,2026-01-22 17:00:00,Flipkart
FREV-500346,FPRD-01158,FCUST-219835,4.0,Decent buy,2024-12-02 10:00:00,Flipkart
FREV-500347,FPRD-01441,FCUST-466935,1.0,Highly recommended,2025-11-14 16:00:00,Flipkart
FREV-500348,FPRD-02257,FCUST-466864,5.0,Poor packaging,2026-02-09 23:00:00,Flipkart
FREV-500349,FPRD-01879,FCUST-529423,3.0,Value for money,2026-04-04 09:00:00,Flipkart
FREV-500350,FPRD-02400,FCUST-251875,1.0,Awesome!,2025-10-02 05:00:00,Flipkart
FREV-500351,FPRD-00677,FCUST-402958,1.0,Awesome!,2026-05-01 21:00:00,Flipkart
FREV-500352,FPRD-00258,FCUST-477759,4.0,Awesome!,2025-08-02 07:00:00,Flipkart
FREV-500353,FPRD-00681,FCUST-219023,2.0,Highly recommended,2024-10-27 18:00:00,Flipkart
FREV-500354,FPRD-00955,FCUST-574793,2.0,Highly recommended,2026-06-10 07:00:00,Flipkart
FREV-500355,FPRD-00387,FCUST-291719,4.0,Value for money,2025-10-09 10:00:00,Flipkart
FREV-500356,FPRD-00771,FCUST-474949,3.0,Awesome!,2026-06-20 08:00:00,Flipkart
FREV-500357,FPRD-01720,FCUST-218323,3.0,Decent buy,2026-05-30 15:00:00,Flipkart
FREV-500358,FPRD-01298,FCUST-371735,4.0,Decent buy,2024-09-22 07:00:00,Flipkart
FREV-500359,FPRD-00540,FCUST-344988,4.0,Value for money,2025-09-13 22:00:00,Flipkart
FREV-500360,FPRD-01709,FCUST-345113,5.0,Poor packaging,2026-04-06 02:00:00,Flipkart
FREV-500361,FPRD-01547,FCUST-527592,2.0,Value for money,2026-08-08 07:00:00,Flipkart
FREV-500362,FPRD-00553,FCUST-553040,5.0,Decent buy,2025-03-29 11:00:00,Flipkart
FREV-500363,FPRD-01189,FCUST-487709,1.0,Awesome!,2025-05-04 14:00:00,Flipkart
FREV-500364,FPRD-00071,FCUST-323642,1.0,Poor packaging,2024-12-02 14:00:00,Flipkart
FREV-500365,FPRD-00524,FCUST-500221,3.0,Poor packaging,2026-02-04 04:00:00,Flipkart
FREV-500366,FPRD-01747,FCUST-203824,3.0,Highly recommended,2026-08-08 09:00:00,Flipkart
FREV-500367,FPRD-00652,FCUST-332200,5.0,Value for money,2024-12-18 18:00:00,Flipkart
FREV-500368,FPRD-01525,FCUST-218323,2.0,Value for money,2026-05-30 15:00:00,Flipkart
FREV-500369,FPRD-02206,FCUST-488347,3.0,Value for money,2025-02-16 20:00:00,Flipkart
FREV-500370,FPRD-02297,FCUST-499869,2.0,Poor packaging,2025-01-06 12:00:00,Flipkart
FREV-500371,FPRD-00581,FCUST-369242,2.0,Awesome!,2025-12-16 17:00:00,Flipkart
FREV-500372,FPRD-02229,FCUST-453268,3.0,Highly recommended,2026-07-16 03:00:00,Flipkart
FREV-500373,FPRD-00977,FCUST-478678,,Poor packaging,2026-02-10 10:00:00,Flipkart
FREV-500374,FPRD-00611,FCUST-243028,1.0,Awesome!,2026-06-15 08:00:00,Flipkart
FREV-500375,FPRD-02438,FCUST-219578,4.0,Highly recommended,2024-11-27 21:00:00,Flipkart
FREV-500376,FPRD-02469,FCUST-378582,3.0,Highly recommended,2026-05-05 03:00:00,Flipkart
FREV-500377,FPRD-02443,FCUST-509562,5.0,Decent buy,2026-08-12 01:00:00,Flipkart
FREV-500378,FPRD-00199,FCUST-465191,3.0,Highly recommended,2024-12-18 07:00:00,Flipkart
FREV-500379,FPRD-01364,FCUST-541997,2.0,Awesome!,2024-10-16 02:00:00,Flipkart
FREV-500380,FPRD-01932,FCUST-443360,2.0,Poor packaging,2024-12-12 23:00:00,Flipkart
FREV-500381,FPRD-01602,FCUST-206991,4.0,Poor packaging,2025-12-21 04:00:00,Flipkart
FREV-500382,FPRD-00815,FCUST-238633,2.0,Awesome!,2026-06-23 07:00:00,Flipkart
FREV-500383,FPRD-01326,FCUST-526959,2.0,Decent buy,2026-04-09 03:00:00,Flipkart
FREV-500384,FPRD-01444,FCUST-411095,3.0,Poor packaging,2024-09-16 14:00:00,Flipkart
FREV-500385,FPRD-02287,FCUST-498150,1.0,Value for money,2025-09-11 17:00:00,Flipkart
FREV-500386,FPRD-01755,FCUST-236466,,Awesome!,2025-04-08 07:00:00,Flipkart
FREV-500387,FPRD-02329,FCUST-433027,5.0,Decent buy,2025-02-01 01:00:00,Flipkart
FREV-500388,FPRD-01743,FCUST-436302,2.0,Decent buy,2025-12-26 04:00:00,Flipkart
FREV-500389,FPRD-02429,FCUST-492408,5.0,Awesome!,2026-05-12 16:00:00,Flipkart
FREV-500390,FPRD-01012,FCUST-449415,5.0,Awesome!,2024-10-29 20:00:00,Flipkart
FREV-500391,FPRD-00910,FCUST-561291,1.0,Value for money,2025-04-11 05:00:00,Flipkart
FREV-500392,FPRD-00191,FCUST-340283,1.0,Decent buy,2025-10-16 15:00:00,Flipkart
FREV-500393,FPRD-00720,FCUST-338387,2.0,Awesome!,2025-01-29 16:00:00,Flipkart
FREV-500394,FPRD-01844,FCUST-462356,4.0,Decent buy,2026-04-16 17:00:00,Flipkart
FREV-500395,FPRD-02348,FCUST-252242,,Poor packaging,2025-03-26 02:00:00,Flipkart
FREV-500396,FPRD-02099,FCUST-466979,3.0,Awesome!,2025-09-03 02:00:00,Flipkart
FREV-500397,FPRD-02438,FCUST-229685,5.0,Decent buy,2025-03-24 04:00:00,Flipkart
FREV-500398,FPRD-02186,FCUST-276603,5.0,Awesome!,2025-12-23 05:00:00,Flipkart
FREV-500399,FPRD-01165,FCUST-330864,5.0,Highly recommended,2026-01-29 05:00:00,Flipkart
FREV-500400,FPRD-02012,FCUST-566396,5.0,Highly recommended,2025-03-26 02:00:00,Flipkart
FREV-500401,FPRD-02321,FCUST-353676,1.0,Decent buy,2026-03-28 04:00:00,Flipkart
FREV-500402,FPRD-01527,FCUST-545964,1.0,Highly recommended,2025-05-22 19:00:00,Flipkart
FREV-500403,FPRD-01120,FCUST-446874,5.0,Poor packaging,2026-07-26 12:00:00,Flipkart
FREV-500404,FPRD-00138,FCUST-536343,1.0,Highly recommended,2024-08-31 01:00:00,Flipkart
FREV-500405,FPRD-02416,FCUST-380585,1.0,Decent buy,2026-05-03 11:00:00,Flipkart
FREV-500406,FPRD-02299,FCUST-230647,2.0,Poor packaging,2024-08-15 13:00:00,Flipkart
FREV-500407,FPRD-01194,FCUST-277992,4.0,Decent buy,2025-01-22 23:00:00,Flipkart
FREV-500408,FPRD-00389,FCUST-485201,3.0,Value for money,2024-08-29 01:00:00,Flipkart
FREV-500409,FPRD-00691,FCUST-502465,3.0,Awesome!,2025-06-30 18:00:00,Flipkart
FREV-500410,FPRD-00033,FCUST-412529,5.0,Value for money,2025-12-31 12:00:00,Flipkart
FREV-500411,FPRD-01357,FCUST-219102,2.0,Decent buy,2025-09-25 09:00:00,Flipkart
FREV-500412,FPRD-00247,FCUST-437602,5.0,Decent buy,2025-10-03 14:00:00,Flipkart
FREV-500413,FPRD-00601,FCUST-259798,1.0,Poor packaging,2024-11-01 23:00:00,Flipkart
FREV-500414,FPRD-01579,FCUST-383027,5.0,Poor packaging,2025-09-18 09:00:00,Flipkart
FREV-500415,FPRD-01602,FCUST-574708,4.0,Decent buy,2026-07-08 00:00:00,Flipkart
FREV-500416,FPRD-01317,FCUST-512481,2.0,Poor packaging,2024-09-15 18:00:00,Flipkart
FREV-500417,FPRD-01442,FCUST-275092,5.0,Highly recommended,2026-02-11 15:00:00,Flipkart
FREV-500418,FPRD-02092,FCUST-318902,2.0,Decent buy,2025-01-25 08:00:00,Flipkart
FREV-500419,FPRD-01853,FCUST-540707,3.0,Decent buy,2026-06-20 17:00:00,Flipkart
FREV-500420,FPRD-02167,FCUST-341284,4.0,Decent buy,2026-01-03 20:00:00,Flipkart
FREV-500421,FPRD-00782,FCUST-483421,3.0,Value for money,2025-02-05 06:00:00,Flipkart
FREV-500422,FPRD-01187,FCUST-305430,3.0,Value for money,2026-01-21 02:00:00,Flipkart
FREV-500423,FPRD-00113,FCUST-528147,2.0,Decent buy,2025-09-18 05:00:00,Flipkart
FREV-500424,FPRD-02318,FCUST-491503,4.0,Poor packaging,2025-04-18 18:00:00,Flipkart
FREV-500425,FPRD-00386,FCUST-477879,2.0,Highly recommended,2026-01-07 09:00:00,Flipkart
FREV-500426,FPRD-00816,FCUST-212204,4.0,Poor packaging,2026-01-03 01:00:00,Flipkart
FREV-500427,FPRD-00777,FCUST-495814,,Poor packaging,2025-10-16 00:00:00,Flipkart
FREV-500428,FPRD-01811,FCUST-260741,4.0,Decent buy,2025-01-07 14:00:00,Flipkart
FREV-500429,FPRD-00542,FCUST-560201,2.0,Awesome!,2025-05-26 18:00:00,Flipkart
FREV-500430,FPRD-01926,FCUST-351284,5.0,Awesome!,2026-05-31 05:00:00,Flipkart
FREV-500431,FPRD-01092,FCUST-297382,2.0,Value for money,2025-09-08 18:00:00,Flipkart
FREV-500432,FPRD-01182,FCUST-428997,5.0,Highly recommended,2025-03-01 10:00:00,Flipkart
FREV-500433,FPRD-02209,FCUST-489330,1.0,Poor packaging,2025-04-16 09:00:00,Flipkart
FREV-500434,FPRD-01043,FCUST-266795,1.0,Decent buy,2024-12-04 21:00:00,Flipkart
FREV-500435,FPRD-00229,FCUST-593757,2.0,Poor packaging,2025-01-26 09:00:00,Flipkart
FREV-500436,FPRD-01088,FCUST-231338,2.0,Highly recommended,2024-10-02 00:00:00,Flipkart
FREV-500437,FPRD-00415,FCUST-370437,1.0,Decent buy,2025-07-24 23:00:00,Flipkart
FREV-500438,FPRD-00013,FCUST-593757,2.0,Value for money,2025-01-26 09:00:00,Flipkart
FREV-500439,FPRD-00748,FCUST-221596,1.0,Value for money,2026-05-09 11:00:00,Flipkart
FREV-500440,FPRD-01043,FCUST-265419,5.0,Awesome!,2025-03-17 21:00:00,Flipkart
FREV-500441,FPRD-00634,FCUST-407782,5.0,Awesome!,2026-01-23 13:00:00,Flipkart
FREV-500442,FPRD-01631,FCUST-343642,1.0,Decent buy,2025-11-09 14:00:00,Flipkart
FREV-500443,FPRD-02209,FCUST-272592,,Highly recommended,2025-08-19 08:00:00,Flipkart
FREV-500444,FPRD-02250,FCUST-319300,2.0,Awesome!,2026-07-08 18:00:00,Flipkart
FREV-500445,FPRD-00755,FCUST-491951,2.0,Decent buy,2025-05-04 05:00:00,Flipkart
FREV-500446,FPRD-00630,FCUST-583644,4.0,Awesome!,2025-11-06 16:00:00,Flipkart
FREV-500447,FPRD-00483,FCUST-357610,5.0,Awesome!,2025-01-19 21:00:00,Flipkart
FREV-500448,FPRD-02209,FCUST-486504,5.0,Highly recommended,2024-11-03 14:00:00,Flipkart
FREV-500449,FPRD-00378,FCUST-221873,2.0,Highly recommended,2025-04-14 19:00:00,Flipkart
FREV-500450,FPRD-00102,FCUST-267690,1.0,Awesome!,2024-09-10 17:00:00,Flipkart
FREV-500451,FPRD-01524,FCUST-348102,1.0,Decent buy,2026-04-21 22:00:00,Flipkart
FREV-500452,FPRD-02279,FCUST-268580,2.0,Awesome!,2025-04-24 02:00:00,Flipkart
FREV-500453,FPRD-00578,FCUST-418100,,Value for money,2025-12-28 19:00:00,Flipkart
FREV-500454,FPRD-00567,FCUST-506286,4.0,Value for money,2025-01-01 07:00:00,Flipkart
FREV-500455,FPRD-01644,FCUST-394385,4.0,Poor packaging,2025-05-28 04:00:00,Flipkart
FREV-500456,FPRD-00283,FCUST-345572,4.0,Decent buy,2025-03-11 17:00:00,Flipkart
FREV-500457,FPRD-01910,FCUST-325930,1.0,Poor packaging,2026-06-07 20:00:00,Flipkart
FREV-500458,FPRD-01761,FCUST-489604,3.0,Decent buy,2024-10-06 08:00:00,Flipkart
FREV-500459,FPRD-00769,FCUST-479362,,Value for money,2025-06-18 14:00:00,Flipkart
FREV-500460,FPRD-02132,FCUST-431661,5.0,Value for money,2025-03-15 04:00:00,Flipkart
FREV-500461,FPRD-01907,FCUST-249350,5.0,Decent buy,2025-10-26 12:00:00,Flipkart
FREV-500462,FPRD-01498,FCUST-330633,2.0,Poor packaging,2024-11-07 21:00:00,Flipkart
FREV-500463,FPRD-00658,FCUST-408318,3.0,Decent buy,2025-01-09 00:00:00,Flipkart
FREV-500464,FPRD-01696,FCUST-336207,5.0,Poor packaging,2025-02-04 04:00:00,Flipkart
FREV-500465,FPRD-02287,FCUST-240651,5.0,Poor packaging,2026-07-03 05:00:00,Flipkart
FREV-500466,FPRD-01117,FCUST-580865,1.0,Value for money,2025-12-16 00:00:00,Flipkart
FREV-500467,FPRD-01054,FCUST-348489,5.0,Value for money,2025-08-13 18:00:00,Flipkart
FREV-500468,FPRD-01348,FCUST-559517,1.0,Decent buy,2026-07-19 09:00:00,Flipkart
FREV-500469,FPRD-01862,FCUST-448828,5.0,Decent buy,2025-06-11 20:00:00,Flipkart
FREV-500470,FPRD-00256,FCUST-266518,5.0,Poor packaging,2025-10-16 03:00:00,Flipkart
FREV-500471,FPRD-00759,FCUST-479514,,Awesome!,2024-09-14 17:00:00,Flipkart
FREV-500472,FPRD-00862,FCUST-590885,2.0,Decent buy,2026-02-13 07:00:00,Flipkart
FREV-500473,FPRD-01434,FCUST-291791,3.0,Decent buy,2026-05-24 10:00:00,Flipkart
FREV-500474,FPRD-02260,FCUST-464423,4.0,Decent buy,2026-07-07 21:00:00,Flipkart
FREV-500475,FPRD-00594,FCUST-406156,1.0,Awesome!,2026-05-02 23:00:00,Flipkart
FREV-500476,FPRD-00599,FCUST-301956,1.0,Highly recommended,2024-11-24 17:00:00,Flipkart
FREV-500477,FPRD-01655,FCUST-305560,3.0,Poor packaging,2026-07-06 20:00:00,Flipkart
FREV-500478,FPRD-02199,FCUST-333210,3.0,Value for money,2025-08-13 21:00:00,Flipkart
FREV-500479,FPRD-01252,FCUST-402496,3.0,Highly recommended,2025-10-11 22:00:00,Flipkart
FREV-500480,FPRD-01764,FCUST-541479,5.0,Poor packaging,2025-02-20 08:00:00,Flipkart
FREV-500481,FPRD-02005,FCUST-281595,2.0,Value for money,2024-12-03 22:00:00,Flipkart
FREV-500482,FPRD-00023,FCUST-216475,4.0,Decent buy,2025-09-28 02:00:00,Flipkart
FREV-500483,FPRD-00341,FCUST-395195,2.0,Poor packaging,2026-05-02 00:00:00,Flipkart
FREV-500484,FPRD-00543,FCUST-391384,,Awesome!,2026-01-07 07:00:00,Flipkart
FREV-500485,FPRD-00591,FCUST-473346,,Value for money,2024-08-30 18:00:00,Flipkart
FREV-500486,FPRD-01232,FCUST-315000,3.0,Poor packaging,2025-09-04 03:00:00,Flipkart
FREV-500487,FPRD-01457,FCUST-290834,4.0,Highly recommended,2025-08-29 01:00:00,Flipkart
FREV-500488,FPRD-01294,FCUST-487531,1.0,Highly recommended,2025-11-19 21:00:00,Flipkart
FREV-500489,FPRD-01876,FCUST-437279,1.0,Decent buy,2025-07-30 11:00:00,Flipkart
FREV-500490,FPRD-00176,FCUST-544065,4.0,Value for money,2026-01-06 19:00:00,Flipkart
FREV-500491,FPRD-00437,FCUST-541089,2.0,Highly recommended,2026-07-19 23:00:00,Flipkart
FREV-500492,FPRD-01745,FCUST-260576,2.0,Awesome!,2026-06-08 21:00:00,Flipkart
FREV-500493,FPRD-00019,FCUST-329159,2.0,Decent buy,2026-07-09 15:00:00,Flipkart
FREV-500494,FPRD-00099,FCUST-454920,4.0,Poor packaging,2025-03-11 15:00:00,Flipkart
FREV-500495,FPRD-00683,FCUST-524495,3.0,Awesome!,2026-04-01 21:00:00,Flipkart
FREV-500496,FPRD-00843,FCUST-284418,4.0,Decent buy,2026-02-08 18:00:00,Flipkart
FREV-500497,FPRD-00569,FCUST-564622,,Awesome!,2026-08-01 12:00:00,Flipkart
FREV-500498,FPRD-02037,FCUST-467191,4.0,Awesome!,2025-10-15 05:00:00,Flipkart
FREV-500499,FPRD-01668,FCUST-294917,3.0,Awesome!,2025-07-03 00:00:00,Flipkart
FREV-500500,FPRD-02383,FCUST-522334,2.0,Awesome!,2025-11-23 15:00:00,Flipkart
FREV-500501,FPRD-00900,FCUST-210252,2.0,Awesome!,2026-02-27 17:00:00,Flipkart
FREV-500502,FPRD-01883,FCUST-211103,4.0,Awesome!,2026-05-14 16:00:00,Flipkart
FREV-500503,FPRD-01531,FCUST-584888,,Decent buy,2025-09-02 10:00:00,Flipkart
FREV-500504,FPRD-00327,FCUST-321981,5.0,Highly recommended,2025-08-03 12:00:00,Flipkart
FREV-500505,FPRD-01914,FCUST-466935,4.0,Awesome!,2024-08-16 19:00:00,Flipkart
FREV-500506,FPRD-02249,FCUST-376647,5.0,Awesome!,2024-09-26 22:00:00,Flipkart
FREV-500507,FPRD-01425,FCUST-486217,5.0,Value for money,2025-11-16 11:00:00,Flipkart
FREV-500508,FPRD-01297,FCUST-456463,,Value for money,2026-06-15 21:00:00,Flipkart
FREV-500509,FPRD-02045,FCUST-493849,3.0,Highly recommended,2024-11-02 10:00:00,Flipkart
FREV-500510,FPRD-02194,FCUST-342753,4.0,Highly recommended,2024-09-19 22:00:00,Flipkart
FREV-500511,FPRD-02483,FCUST-356293,1.0,Value for money,2026-04-10 22:00:00,Flipkart
FREV-500512,FPRD-01488,FCUST-310999,4.0,Poor packaging,2024-10-03 01:00:00,Flipkart
FREV-500513,FPRD-00340,FCUST-581693,5.0,Value for money,2025-03-18 02:00:00,Flipkart
FREV-500514,FPRD-01878,FCUST-343772,4.0,Highly recommended,2025-05-31 07:00:00,Flipkart
FREV-500515,FPRD-01407,FCUST-520618,5.0,Poor packaging,2026-05-23 13:00:00,Flipkart
FREV-500516,FPRD-02067,FCUST-581366,2.0,Poor packaging,2026-03-05 11:00:00,Flipkart
FREV-500517,FPRD-01830,FCUST-550076,1.0,Poor packaging,2026-03-19 23:00:00,Flipkart
FREV-500518,FPRD-00299,FCUST-234874,3.0,Value for money,2024-10-02 03:00:00,Flipkart
FREV-500519,FPRD-01834,FCUST-567039,5.0,Value for money,2025-05-20 06:00:00,Flipkart
FREV-500520,FPRD-01920,FCUST-305122,1.0,Awesome!,2025-01-05 17:00:00,Flipkart
FREV-500521,FPRD-02320,FCUST-445381,1.0,Decent buy,2026-01-27 03:00:00,Flipkart
FREV-500522,FPRD-00456,FCUST-282078,2.0,Value for money,2025-06-06 07:00:00,Flipkart
FREV-500523,FPRD-01413,FCUST-382031,1.0,Awesome!,2025-01-29 14:00:00,Flipkart
FREV-500524,FPRD-01469,FCUST-429242,2.0,Value for money,2026-03-22 23:00:00,Flipkart
FREV-500525,FPRD-01874,FCUST-543580,5.0,Poor packaging,2025-12-13 23:00:00,Flipkart
FREV-500526,FPRD-01673,FCUST-232554,1.0,Highly recommended,2026-01-14 05:00:00,Flipkart
FREV-500527,FPRD-01053,FCUST-235084,5.0,Decent buy,2025-06-13 15:00:00,Flipkart
FREV-500528,FPRD-00363,FCUST-319504,2.0,Decent buy,2026-04-06 00:00:00,Flipkart
FREV-500529,FPRD-02244,FCUST-349590,3.0,Poor packaging,2025-10-05 09:00:00,Flipkart
FREV-500530,FPRD-01299,FCUST-230179,3.0,Decent buy,2026-05-03 23:00:00,Flipkart
FREV-500531,FPRD-00566,FCUST-249434,4.0,Value for money,2026-02-12 02:00:00,Flipkart
FREV-500532,FPRD-02002,FCUST-547267,5.0,Value for money,2025-11-13 05:00:00,Flipkart
FREV-500533,FPRD-01054,FCUST-559102,4.0,Poor packaging,2026-02-06 09:00:00,Flipkart
FREV-500534,FPRD-01539,FCUST-491717,4.0,Value for money,2025-12-29 09:00:00,Flipkart
FREV-500535,FPRD-02365,FCUST-210252,2.0,Decent buy,2026-02-27 17:00:00,Flipkart
FREV-500536,FPRD-01491,FCUST-270180,3.0,Decent buy,2024-10-07 19:00:00,Flipkart
FREV-500537,FPRD-02461,FCUST-420595,2.0,Value for money,2025-02-02 03:00:00,Flipkart
FREV-500538,FPRD-00063,FCUST-204311,1.0,Poor packaging,2025-08-04 22:00:00,Flipkart
FREV-500539,FPRD-01899,FCUST-446205,2.0,Highly recommended,2025-11-05 04:00:00,Flipkart
FREV-500540,FPRD-00121,FCUST-468345,1.0,Highly recommended,2026-01-19 00:00:00,Flipkart
FREV-500541,FPRD-00503,FCUST-446565,3.0,Poor packaging,2025-01-15 21:00:00,Flipkart
FREV-500542,FPRD-00761,FCUST-365700,,Awesome!,2026-06-12 21:00:00,Flipkart
FREV-500543,FPRD-00428,FCUST-472376,3.0,Highly recommended,2025-05-20 11:00:00,Flipkart
FREV-500544,FPRD-00762,FCUST-327380,4.0,Decent buy,2025-07-18 03:00:00,Flipkart
FREV-500545,FPRD-01858,FCUST-367107,1.0,Poor packaging,2024-11-15 10:00:00,Flipkart
FREV-500546,FPRD-01284,FCUST-563287,2.0,Awesome!,2025-02-25 01:00:00,Flipkart
FREV-500547,FPRD-00575,FCUST-446265,,Poor packaging,2026-07-25 13:00:00,Flipkart
FREV-500548,FPRD-02312,FCUST-241796,2.0,Awesome!,2025-05-02 01:00:00,Flipkart
FREV-500549,FPRD-01736,FCUST-330371,5.0,Awesome!,2025-10-08 16:00:00,Flipkart
FREV-500550,FPRD-02420,FCUST-537909,,Decent buy,2025-03-28 08:00:00,Flipkart
FREV-500551,FPRD-02447,FCUST-206245,3.0,Poor packaging,2024-11-08 13:00:00,Flipkart
FREV-500552,FPRD-02257,FCUST-330584,,Highly recommended,2024-10-17 18:00:00,Flipkart
FREV-500553,FPRD-00356,FCUST-388096,1.0,Awesome!,2025-03-24 03:00:00,Flipkart
FREV-500554,FPRD-01254,FCUST-367529,2.0,Poor packaging,2026-03-30 11:00:00,Flipkart
FREV-500555,FPRD-02267,FCUST-343410,4.0,Value for money,2025-11-16 06:00:00,Flipkart
FREV-500556,FPRD-01776,FCUST-440402,4.0,Highly recommended,2024-11-13 20:00:00,Flipkart
FREV-500557,FPRD-01219,FCUST-265875,3.0,Decent buy,2026-07-06 06:00:00,Flipkart
FREV-500558,FPRD-01813,FCUST-570899,4.0,Awesome!,2025-02-21 06:00:00,Flipkart
FREV-500559,FPRD-02220,FCUST-566266,2.0,Highly recommended,2025-06-29 15:00:00,Flipkart
FREV-500560,FPRD-02345,FCUST-467774,1.0,Awesome!,2026-02-12 11:00:00,Flipkart
FREV-500561,FPRD-01730,FCUST-311615,3.0,Highly recommended,2025-05-07 19:00:00,Flipkart
FREV-500562,FPRD-00865,FCUST-357093,2.0,Awesome!,2025-06-06 19:00:00,Flipkart
FREV-500563,FPRD-01396,FCUST-414264,5.0,Highly recommended,2024-12-21 16:00:00,Flipkart
FREV-500564,FPRD-00642,FCUST-396684,3.0,Decent buy,2024-09-26 06:00:00,Flipkart
FREV-500565,FPRD-00536,FCUST-239587,1.0,Value for money,2025-04-04 20:00:00,Flipkart
FREV-500566,FPRD-00078,FCUST-576604,2.0,Highly recommended,2025-05-10 06:00:00,Flipkart
FREV-500567,FPRD-02123,FCUST-535733,2.0,Highly recommended,2025-07-28 15:00:00,Flipkart
FREV-500568,FPRD-00093,FCUST-217379,2.0,Poor packaging,2024-12-15 21:00:00,Flipkart
FREV-500569,FPRD-01176,FCUST-208523,5.0,Awesome!,2026-04-11 04:00:00,Flipkart
FREV-500570,FPRD-00382,FCUST-371031,4.0,Awesome!,2025-09-08 14:00:00,Flipkart
FREV-500571,FPRD-01314,FCUST-438936,4.0,Poor packaging,2025-09-06 15:00:00,Flipkart
FREV-500572,FPRD-02414,FCUST-309235,4.0,Decent buy,2025-06-26 01:00:00,Flipkart
FREV-500573,FPRD-01783,FCUST-441342,3.0,Awesome!,2026-06-28 14:00:00,Flipkart
FREV-500574,FPRD-01055,FCUST-435904,3.0,Highly recommended,2025-04-18 08:00:00,Flipkart
FREV-500575,FPRD-00438,FCUST-437180,3.0,Decent buy,2026-06-28 12:00:00,Flipkart
FREV-500576,FPRD-00769,FCUST-242968,3.0,Poor packaging,2025-04-16 05:00:00,Flipkart
FREV-500577,FPRD-01497,FCUST-219587,5.0,Poor packaging,2025-04-07 22:00:00,Flipkart
FREV-500578,FPRD-01950,FCUST-444796,3.0,Value for money,2025-06-10 19:00:00,Flipkart
FREV-500579,FPRD-01727,FCUST-221336,2.0,Poor packaging,2025-04-26 17:00:00,Flipkart
FREV-500580,FPRD-02259,FCUST-317908,4.0,Value for money,2025-07-10 07:00:00,Flipkart
FREV-500581,FPRD-02027,FCUST-543960,2.0,Value for money,2024-08-11 09:00:00,Flipkart
FREV-500582,FPRD-00473,FCUST-276915,2.0,Poor packaging,2024-11-11 04:00:00,Flipkart
FREV-500583,FPRD-02341,FCUST-501060,2.0,Poor packaging,2024-08-30 15:00:00,Flipkart
FREV-500584,FPRD-00128,FCUST-552558,3.0,Value for money,2024-10-26 01:00:00,Flipkart
FREV-500585,FPRD-01611,FCUST-560531,5.0,Awesome!,2026-03-03 15:00:00,Flipkart
FREV-500586,FPRD-01721,FCUST-550268,4.0,Highly recommended,2026-07-11 04:00:00,Flipkart
FREV-500587,FPRD-00499,FCUST-266379,5.0,Poor packaging,2025-03-18 20:00:00,Flipkart
FREV-500588,FPRD-01509,FCUST-392694,2.0,Awesome!,2026-06-10 17:00:00,Flipkart
FREV-500589,FPRD-02153,FCUST-415818,1.0,Awesome!,2025-04-19 08:00:00,Flipkart
FREV-500590,FPRD-02174,FCUST-352503,4.0,Decent buy,2025-10-22 09:00:00,Flipkart
FREV-500591,FPRD-01318,FCUST-391940,1.0,Decent buy,2025-01-26 11:00:00,Flipkart
FREV-500592,FPRD-01407,FCUST-572090,3.0,Poor packaging,2026-05-30 23:00:00,Flipkart
FREV-500593,FPRD-02426,FCUST-442024,4.0,Poor packaging,2025-06-22 21:00:00,Flipkart
FREV-500594,FPRD-02268,FCUST-589677,1.0,Poor packaging,2025-04-06 06:00:00,Flipkart
FREV-500595,FPRD-01656,FCUST-490491,4.0,Decent buy,2025-05-08 10:00:00,Flipkart
FREV-500596,FPRD-01392,FCUST-398386,5.0,Decent buy,2025-12-08 20:00:00,Flipkart
FREV-500597,FPRD-00258,FCUST-259485,5.0,Value for money,2026-01-21 10:00:00,Flipkart
FREV-500598,FPRD-00255,FCUST-207823,5.0,Poor packaging,2025-02-28 16:00:00,Flipkart
FREV-500599,FPRD-01899,FCUST-312890,2.0,Value for money,2025-04-19 14:00:00,Flipkart
FREV-500600,FPRD-00308,FCUST-456071,,Value for money,2024-12-31 21:00:00,Flipkart
FREV-500601,FPRD-02072,FCUST-536100,2.0,Value for money,2025-06-14 02:00:00,Flipkart
FREV-500602,FPRD-01448,FCUST-340004,4.0,Highly recommended,2024-09-01 01:00:00,Flipkart
FREV-500603,FPRD-00612,FCUST-524225,2.0,Decent buy,2024-09-13 22:00:00,Flipkart
FREV-500604,FPRD-02381,FCUST-321256,4.0,Awesome!,2026-03-05 12:00:00,Flipkart
FREV-500605,FPRD-00275,FCUST-380585,1.0,Highly recommended,2026-02-11 23:00:00,Flipkart
FREV-500606,FPRD-00756,FCUST-556996,,Awesome!,2025-02-17 14:00:00,Flipkart
FREV-500607,FPRD-00197,FCUST-368257,3.0,Awesome!,2025-03-27 01:00:00,Flipkart
FREV-500608,FPRD-01474,FCUST-362694,1.0,Highly recommended,2025-10-02 03:00:00,Flipkart
FREV-500609,FPRD-01560,FCUST-264592,1.0,Awesome!,2025-06-09 19:00:00,Flipkart
FREV-500610,FPRD-01556,FCUST-525197,5.0,Value for money,2025-01-30 02:00:00,Flipkart
FREV-500611,FPRD-00937,FCUST-578864,2.0,Awesome!,2025-04-27 14:00:00,Flipkart
FREV-500612,FPRD-01531,FCUST-280484,4.0,Poor packaging,2026-06-18 21:00:00,Flipkart
FREV-500613,FPRD-00709,FCUST-501332,2.0,Value for money,2026-04-28 04:00:00,Flipkart
FREV-500614,FPRD-02479,FCUST-341412,4.0,Awesome!,2024-09-03 05:00:00,Flipkart
FREV-500615,FPRD-02187,FCUST-542213,1.0,Poor packaging,2025-10-21 08:00:00,Flipkart
FREV-500616,FPRD-00614,FCUST-411203,2.0,Decent buy,2025-11-15 02:00:00,Flipkart
FREV-500617,FPRD-02091,FCUST-476657,4.0,Highly recommended,2025-04-14 11:00:00,Flipkart
FREV-500618,FPRD-01438,FCUST-341665,2.0,Awesome!,2025-05-14 07:00:00,Flipkart
FREV-500619,FPRD-01881,FCUST-556772,2.0,Highly recommended,2026-06-10 16:00:00,Flipkart
FREV-500620,FPRD-00003,FCUST-284154,5.0,Awesome!,2024-10-22 11:00:00,Flipkart
FREV-500621,FPRD-00829,FCUST-367343,3.0,Value for money,2025-01-04 03:00:00,Flipkart
FREV-500622,FPRD-00432,FCUST-235571,2.0,Poor packaging,2025-04-19 14:00:00,Flipkart
FREV-500623,FPRD-01199,FCUST-545819,5.0,Awesome!,2025-04-24 11:00:00,Flipkart
FREV-500624,FPRD-01477,FCUST-391741,5.0,Value for money,2026-02-08 22:00:00,Flipkart
FREV-500625,FPRD-00670,FCUST-220813,1.0,Decent buy,2026-01-19 04:00:00,Flipkart
FREV-500626,FPRD-01093,FCUST-423706,4.0,Awesome!,2026-05-06 20:00:00,Flipkart
FREV-500627,FPRD-00739,FCUST-495216,2.0,Poor packaging,2025-12-09 19:00:00,Flipkart
FREV-500628,FPRD-01601,FCUST-482394,2.0,Awesome!,2025-05-04 07:00:00,Flipkart
FREV-500629,FPRD-00233,FCUST-441564,2.0,Highly recommended,2025-05-15 11:00:00,Flipkart
FREV-500630,FPRD-00355,FCUST-563609,3.0,Poor packaging,2026-03-04 08:00:00,Flipkart
FREV-500631,FPRD-02090,FCUST-350681,5.0,Poor packaging,2024-08-12 17:00:00,Flipkart
FREV-500632,FPRD-01013,FCUST-532173,4.0,Value for money,2025-11-28 19:00:00,Flipkart
FREV-500633,FPRD-01228,FCUST-314758,,Highly recommended,2024-12-02 16:00:00,Flipkart
FREV-500634,FPRD-00071,FCUST-244553,1.0,Highly recommended,2024-12-24 17:00:00,Flipkart
FREV-500635,FPRD-00717,FCUST-427474,5.0,Highly recommended,2025-04-15 07:00:00,Flipkart
FREV-500636,FPRD-01419,FCUST-404004,2.0,Decent buy,2025-01-27 06:00:00,Flipkart
FREV-500637,FPRD-01231,FCUST-316549,1.0,Value for money,2026-08-03 10:00:00,Flipkart
FREV-500638,FPRD-02043,FCUST-367802,3.0,Awesome!,2026-06-05 03:00:00,Flipkart
FREV-500639,FPRD-00434,FCUST-338811,5.0,Awesome!,2025-06-28 22:00:00,Flipkart
FREV-500640,FPRD-01995,FCUST-277651,1.0,Highly recommended,2025-08-09 17:00:00,Flipkart
FREV-500641,FPRD-00709,FCUST-488347,3.0,Highly recommended,2025-02-16 20:00:00,Flipkart
FREV-500642,FPRD-01834,FCUST-387032,1.0,Poor packaging,2025-04-02 01:00:00,Flipkart
FREV-500643,FPRD-01668,FCUST-279382,,Highly recommended,2026-06-04 07:00:00,Flipkart
FREV-500644,FPRD-01919,FCUST-445662,4.0,Highly recommended,2026-06-10 06:00:00,Flipkart
FREV-500645,FPRD-00147,FCUST-580316,4.0,Highly recommended,2024-09-17 10:00:00,Flipkart
FREV-500646,FPRD-01050,FCUST-318682,4.0,Value for money,2026-05-02 14:00:00,Flipkart
FREV-500647,FPRD-00684,FCUST-569968,5.0,Poor packaging,2026-08-06 03:00:00,Flipkart
FREV-500648,FPRD-00691,FCUST-481389,5.0,Awesome!,2026-07-18 18:00:00,Flipkart
FREV-500649,FPRD-00746,FCUST-482000,,Decent buy,2025-06-08 11:00:00,Flipkart
FREV-500650,FPRD-00980,FCUST-569468,4.0,Awesome!,2025-08-25 23:00:00,Flipkart
FREV-500651,FPRD-01899,FCUST-276967,2.0,Awesome!,2025-03-31 17:00:00,Flipkart
FREV-500652,FPRD-01385,FCUST-278567,,Awesome!,2025-03-27 05:00:00,Flipkart
FREV-500653,FPRD-00144,FCUST-499020,1.0,Awesome!,2025-11-07 01:00:00,Flipkart
FREV-500654,FPRD-00734,FCUST-264592,5.0,Decent buy,2025-06-09 19:00:00,Flipkart
FREV-500655,FPRD-01022,FCUST-578470,2.0,Highly recommended,2026-05-18 00:00:00,Flipkart
FREV-500656,FPRD-02232,FCUST-562500,1.0,Poor packaging,2025-04-17 12:00:00,Flipkart
FREV-500657,FPRD-00734,FCUST-495716,2.0,Decent buy,2025-10-26 14:00:00,Flipkart
FREV-500658,FPRD-00174,FCUST-292317,,Value for money,2024-10-15 04:00:00,Flipkart
FREV-500659,FPRD-00086,FCUST-314985,4.0,Highly recommended,2026-04-23 19:00:00,Flipkart
FREV-500660,FPRD-02312,FCUST-339941,5.0,Poor packaging,2026-03-08 05:00:00,Flipkart
FREV-500661,FPRD-02163,FCUST-580350,,Value for money,2025-11-22 04:00:00,Flipkart
FREV-500662,FPRD-02368,FCUST-328526,,Decent buy,2024-12-03 22:00:00,Flipkart
FREV-500663,FPRD-02059,FCUST-561376,2.0,Decent buy,2024-08-30 10:00:00,Flipkart
FREV-500664,FPRD-00872,FCUST-249534,2.0,Value for money,2026-03-09 20:00:00,Flipkart
FREV-500665,FPRD-02293,FCUST-449874,3.0,Poor packaging,2025-04-22 01:00:00,Flipkart
FREV-500666,FPRD-01154,FCUST-303253,1.0,Poor packaging,2024-12-24 13:00:00,Flipkart
FREV-500667,FPRD-02398,FCUST-417500,2.0,Awesome!,2026-07-25 23:00:00,Flipkart
FREV-500668,FPRD-00365,FCUST-544392,2.0,Awesome!,2026-08-08 02:00:00,Flipkart
FREV-500669,FPRD-01287,FCUST-554327,1.0,Highly recommended,2024-12-24 03:00:00,Flipkart
FREV-500670,FPRD-01237,FCUST-496625,4.0,Highly recommended,2026-07-03 08:00:00,Flipkart
FREV-500671,FPRD-02439,FCUST-459638,5.0,Highly recommended,2025-03-24 17:00:00,Flipkart
FREV-500672,FPRD-02375,FCUST-372610,,Highly recommended,2025-03-17 03:00:00,Flipkart
FREV-500673,FPRD-01475,FCUST-508577,2.0,Highly recommended,2024-11-17 00:00:00,Flipkart
FREV-500674,FPRD-02149,FCUST-549728,1.0,Awesome!,2025-01-10 22:00:00,Flipkart
FREV-500675,FPRD-02371,FCUST-212318,3.0,Awesome!,2025-11-09 09:00:00,Flipkart
FREV-500676,FPRD-00773,FCUST-473042,2.0,Decent buy,2025-12-30 12:00:00,Flipkart
FREV-500677,FPRD-01611,FCUST-250011,4.0,Awesome!,2025-05-13 19:00:00,Flipkart
FREV-500678,FPRD-00654,FCUST-243366,5.0,Value for money,2025-10-04 20:00:00,Flipkart
FREV-500679,FPRD-00467,FCUST-595256,5.0,Highly recommended,2026-05-15 15:00:00,Flipkart
FREV-500680,FPRD-02153,FCUST-462710,5.0,Decent buy,2024-11-24 18:00:00,Flipkart
FREV-500681,FPRD-00537,FCUST-250002,5.0,Value for money,2026-01-14 19:00:00,Flipkart
FREV-500682,FPRD-00038,FCUST-406952,4.0,Value for money,2025-01-21 21:00:00,Flipkart
FREV-500683,FPRD-00638,FCUST-379380,3.0,Awesome!,2024-11-21 05:00:00,Flipkart
FREV-500684,FPRD-00594,FCUST-577929,3.0,Highly recommended,2026-06-16 18:00:00,Flipkart
FREV-500685,FPRD-01583,FCUST-599734,3.0,Decent buy,2025-11-13 20:00:00,Flipkart
FREV-500686,FPRD-01599,FCUST-362467,1.0,Awesome!,2026-04-10 03:00:00,Flipkart
FREV-500687,FPRD-00974,FCUST-225603,3.0,Awesome!,2026-06-02 11:00:00,Flipkart
FREV-500688,FPRD-00311,FCUST-401464,5.0,Highly recommended,2024-10-05 03:00:00,Flipkart
FREV-500689,FPRD-00913,FCUST-436898,4.0,Awesome!,2025-04-13 03:00:00,Flipkart
FREV-500690,FPRD-01192,FCUST-385220,3.0,Highly recommended,2026-05-10 15:00:00,Flipkart
FREV-500691,FPRD-00714,FCUST-435586,5.0,Highly recommended,2025-12-20 21:00:00,Flipkart
FREV-500692,FPRD-02399,FCUST-318409,2.0,Poor packaging,2026-07-25 06:00:00,Flipkart
FREV-500693,FPRD-02002,FCUST-281683,5.0,Poor packaging,2025-08-25 07:00:00,Flipkart
FREV-500694,FPRD-01626,FCUST-407814,4.0,Highly recommended,2026-04-09 11:00:00,Flipkart
FREV-500695,FPRD-01335,FCUST-596830,4.0,Value for money,2025-10-21 12:00:00,Flipkart
FREV-500696,FPRD-02067,FCUST-319825,1.0,Awesome!,2025-08-04 18:00:00,Flipkart
FREV-500697,FPRD-01816,FCUST-287711,4.0,Value for money,2024-10-16 10:00:00,Flipkart
FREV-500698,FPRD-02094,FCUST-351891,3.0,Poor packaging,2024-10-13 21:00:00,Flipkart
FREV-500699,FPRD-00794,FCUST-576002,3.0,Highly recommended,2025-04-14 06:00:00,Flipkart
FREV-500700,FPRD-00249,FCUST-595256,3.0,Awesome!,2025-05-15 23:00:00,Flipkart
FREV-500701,FPRD-01913,FCUST-399750,4.0,Highly recommended,2024-10-26 14:00:00,Flipkart
FREV-500702,FPRD-02476,FCUST-364562,5.0,Decent buy,2025-01-04 22:00:00,Flipkart
FREV-500703,FPRD-00446,FCUST-492408,2.0,Awesome!,2025-09-07 17:00:00,Flipkart
FREV-500704,FPRD-00259,FCUST-402429,,Decent buy,2025-11-02 12:00:00,Flipkart
FREV-500705,FPRD-00403,FCUST-469526,4.0,Awesome!,2024-10-16 13:00:00,Flipkart
FREV-500706,FPRD-00140,FCUST-445278,4.0,Highly recommended,2026-03-01 12:00:00,Flipkart
FREV-500707,FPRD-01731,FCUST-422826,3.0,Highly recommended,2025-04-11 10:00:00,Flipkart
FREV-500708,FPRD-01551,FCUST-599299,3.0,Highly recommended,2025-07-05 23:00:00,Flipkart
FREV-500709,FPRD-01909,FCUST-329169,3.0,Awesome!,2026-03-02 05:00:00,Flipkart
FREV-500710,FPRD-00339,FCUST-219713,2.0,Value for money,2026-03-08 18:00:00,Flipkart
FREV-500711,FPRD-01178,FCUST-376393,3.0,Awesome!,2025-08-25 22:00:00,Flipkart
FREV-500712,FPRD-01681,FCUST-448257,4.0,Poor packaging,2024-10-31 05:00:00,Flipkart
FREV-500713,FPRD-00328,FCUST-386562,2.0,Decent buy,2024-09-04 00:00:00,Flipkart
FREV-500714,FPRD-00575,FCUST-234845,4.0,Highly recommended,2025-04-11 06:00:00,Flipkart
FREV-500715,FPRD-02377,FCUST-530114,1.0,Poor packaging,2025-01-28 04:00:00,Flipkart
FREV-500716,FPRD-01637,FCUST-224679,3.0,Value for money,2026-07-18 02:00:00,Flipkart
FREV-500717,FPRD-00706,FCUST-425257,5.0,Decent buy,2025-07-27 06:00:00,Flipkart
FREV-500718,FPRD-01698,FCUST-490688,2.0,Highly recommended,2026-05-17 00:00:00,Flipkart
FREV-500719,FPRD-01536,FCUST-316896,5.0,Highly recommended,2025-01-12 22:00:00,Flipkart
FREV-500720,FPRD-00833,FCUST-477129,5.0,Highly recommended,2024-08-19 10:00:00,Flipkart
FREV-500721,FPRD-01742,FCUST-584154,5.0,Highly recommended,2024-10-25 09:00:00,Flipkart
FREV-500722,FPRD-00307,FCUST-322705,2.0,Poor packaging,2026-01-22 19:00:00,Flipkart
FREV-500723,FPRD-01710,FCUST-216366,5.0,Poor packaging,2025-11-06 16:00:00,Flipkart
FREV-500724,FPRD-02467,FCUST-510440,1.0,Decent buy,2024-08-31 11:00:00,Flipkart
FREV-500725,FPRD-01401,FCUST-472376,4.0,Decent buy,2025-07-16 22:00:00,Flipkart
FREV-500726,FPRD-02250,FCUST-268641,2.0,Awesome!,2025-04-12 18:00:00,Flipkart
FREV-500727,FPRD-00099,FCUST-383495,5.0,Value for money,2025-04-20 09:00:00,Flipkart
FREV-500728,FPRD-00695,FCUST-417587,,Value for money,2025-10-23 11:00:00,Flipkart
FREV-500729,FPRD-01345,FCUST-230918,2.0,Awesome!,2025-03-10 03:00:00,Flipkart
FREV-500730,FPRD-00365,FCUST-598727,4.0,Highly recommended,2025-06-08 11:00:00,Flipkart
FREV-500731,FPRD-02339,FCUST-488535,,Awesome!,2025-05-08 13:00:00,Flipkart
FREV-500732,FPRD-00014,FCUST-264592,,Decent buy,2025-07-25 11:00:00,Flipkart
FREV-500733,FPRD-01558,FCUST-564252,4.0,Awesome!,2025-06-11 20:00:00,Flipkart
FREV-500734,FPRD-00633,FCUST-475750,3.0,Value for money,2025-07-06 03:00:00,Flipkart
FREV-500735,FPRD-00039,FCUST-282768,5.0,Poor packaging,2025-01-04 21:00:00,Flipkart
FREV-500736,FPRD-00339,FCUST-280220,2.0,Highly recommended,2025-04-28 00:00:00,Flipkart
FREV-500737,FPRD-00545,FCUST-268943,4.0,Value for money,2026-08-03 18:00:00,Flipkart
FREV-500738,FPRD-00110,FCUST-233075,5.0,Poor packaging,2024-11-08 15:00:00,Flipkart
FREV-500739,FPRD-01993,FCUST-400898,4.0,Highly recommended,2026-01-26 12:00:00,Flipkart
FREV-500740,FPRD-01650,FCUST-384467,2.0,Value for money,2025-04-04 02:00:00,Flipkart
FREV-500741,FPRD-01675,FCUST-431772,,Value for money,2025-12-14 23:00:00,Flipkart
FREV-500742,FPRD-02226,FCUST-236077,2.0,Highly recommended,2025-08-15 01:00:00,Flipkart
FREV-500743,FPRD-02154,FCUST-243855,2.0,Awesome!,2025-08-18 10:00:00,Flipkart
FREV-500744,FPRD-01088,FCUST-520497,3.0,Poor packaging,2025-12-28 21:00:00,Flipkart
FREV-500745,FPRD-00578,FCUST-312920,3.0,Highly recommended,2026-07-24 13:00:00,Flipkart
FREV-500746,FPRD-01234,FCUST-501132,4.0,Decent buy,2024-12-24 04:00:00,Flipkart
FREV-500747,FPRD-02315,FCUST-310443,1.0,Decent buy,2026-05-02 13:00:00,Flipkart
FREV-500748,FPRD-02063,FCUST-227620,5.0,Highly recommended,2026-02-05 08:00:00,Flipkart
FREV-500749,FPRD-02030,FCUST-375529,,Decent buy,2025-11-17 21:00:00,Flipkart
FREV-500750,FPRD-01323,FCUST-367093,3.0,Awesome!,2025-12-05 12:00:00,Flipkart
FREV-500751,FPRD-00755,FCUST-438414,1.0,Highly recommended,2024-08-24 19:00:00,Flipkart
FREV-500752,FPRD-02424,FCUST-386150,5.0,Value for money,2026-03-07 10:00:00,Flipkart
FREV-500753,FPRD-01730,FCUST-430028,3.0,Decent buy,2025-05-25 10:00:00,Flipkart
FREV-500754,FPRD-01051,FCUST-373943,5.0,Value for money,2026-06-18 12:00:00,Flipkart
FREV-500755,FPRD-01397,FCUST-364476,2.0,Highly recommended,2025-07-18 21:00:00,Flipkart
FREV-500756,FPRD-02422,FCUST-418645,5.0,Highly recommended,2026-02-19 02:00:00,Flipkart
FREV-500757,FPRD-01643,FCUST-520085,4.0,Highly recommended,2025-04-20 13:00:00,Flipkart
FREV-500758,FPRD-01193,FCUST-366279,1.0,Poor packaging,2026-06-20 10:00:00,Flipkart
FREV-500759,FPRD-01595,FCUST-496776,3.0,Highly recommended,2025-11-07 04:00:00,Flipkart
FREV-500760,FPRD-02496,FCUST-507461,2.0,Poor packaging,2025-10-07 07:00:00,Flipkart
FREV-500761,FPRD-00659,FCUST-428035,4.0,Value for money,2026-02-06 21:00:00,Flipkart
FREV-500762,FPRD-00923,FCUST-297962,1.0,Poor packaging,2025-12-16 07:00:00,Flipkart
FREV-500763,FPRD-01877,FCUST-487824,4.0,Awesome!,2026-07-22 07:00:00,Flipkart
FREV-500764,FPRD-00352,FCUST-540504,2.0,Decent buy,2024-09-18 11:00:00,Flipkart
FREV-500765,FPRD-02382,FCUST-493972,5.0,Awesome!,2025-08-22 08:00:00,Flipkart
FREV-500766,FPRD-02075,FCUST-431675,5.0,Awesome!,2024-10-04 15:00:00,Flipkart
FREV-500767,FPRD-00429,FCUST-344988,3.0,Highly recommended,2025-09-13 22:00:00,Flipkart
FREV-500768,FPRD-02027,FCUST-486445,4.0,Awesome!,2024-10-23 21:00:00,Flipkart
FREV-500769,FPRD-02274,FCUST-319766,1.0,Decent buy,2026-01-26 03:00:00,Flipkart
FREV-500770,FPRD-01057,FCUST-203132,3.0,Poor packaging,2026-07-21 05:00:00,Flipkart
FREV-500771,FPRD-02235,FCUST-241693,4.0,Poor packaging,2026-07-19 04:00:00,Flipkart
FREV-500772,FPRD-00262,FCUST-229156,4.0,Awesome!,2025-06-09 18:00:00,Flipkart
FREV-500773,FPRD-01770,FCUST-376361,5.0,Poor packaging,2025-05-03 18:00:00,Flipkart
FREV-500774,FPRD-00308,FCUST-525755,3.0,Value for money,2024-12-12 02:00:00,Flipkart
FREV-500775,FPRD-02349,FCUST-313792,,Poor packaging,2024-11-14 19:00:00,Flipkart
FREV-500776,FPRD-02338,FCUST-494683,3.0,Decent buy,2025-01-17 15:00:00,Flipkart
FREV-500777,FPRD-01355,FCUST-468345,2.0,Decent buy,2025-12-30 19:00:00,Flipkart
FREV-500778,FPRD-01593,FCUST-336717,4.0,Highly recommended,2024-09-24 01:00:00,Flipkart
FREV-500779,FPRD-01253,FCUST-451261,3.0,Awesome!,2026-07-13 10:00:00,Flipkart
FREV-500780,FPRD-00026,FCUST-586779,3.0,Highly recommended,2025-01-22 03:00:00,Flipkart
FREV-500781,FPRD-00857,FCUST-452963,3.0,Value for money,2025-06-20 13:00:00,Flipkart
FREV-500782,FPRD-00686,FCUST-436942,1.0,Poor packaging,2025-07-01 07:00:00,Flipkart
FREV-500783,FPRD-00707,FCUST-240365,1.0,Awesome!,2026-06-02 20:00:00,Flipkart
FREV-500784,FPRD-02407,FCUST-450464,4.0,Awesome!,2025-11-01 05:00:00,Flipkart
FREV-500785,FPRD-00171,FCUST-211049,3.0,Awesome!,2026-01-17 20:00:00,Flipkart
FREV-500786,FPRD-00643,FCUST-291496,1.0,Highly recommended,2025-01-23 09:00:00,Flipkart
FREV-500787,FPRD-02057,FCUST-567912,4.0,Decent buy,2026-01-25 23:00:00,Flipkart
FREV-500788,FPRD-00977,FCUST-335189,2.0,Poor packaging,2025-10-15 04:00:00,Flipkart
FREV-500789,FPRD-02241,FCUST-374803,5.0,Value for money,2025-12-14 02:00:00,Flipkart
FREV-500790,FPRD-00531,FCUST-576979,1.0,Awesome!,2024-12-09 11:00:00,Flipkart
FREV-500791,FPRD-01559,FCUST-489342,2.0,Decent buy,2026-03-31 04:00:00,Flipkart
FREV-500792,FPRD-00122,FCUST-439659,1.0,Poor packaging,2026-07-19 03:00:00,Flipkart
FREV-500793,FPRD-01709,FCUST-261366,3.0,Value for money,2026-07-26 04:00:00,Flipkart
FREV-500794,FPRD-01175,FCUST-243678,1.0,Value for money,2025-06-25 13:00:00,Flipkart
FREV-500795,FPRD-02151,FCUST-580153,3.0,Awesome!,2026-02-02 05:00:00,Flipkart
FREV-500796,FPRD-01399,FCUST-318376,4.0,Poor packaging,2025-01-14 09:00:00,Flipkart
FREV-500797,FPRD-00117,FCUST-272907,5.0,Decent buy,2026-02-14 15:00:00,Flipkart
FREV-500798,FPRD-01491,FCUST-352786,1.0,Highly recommended,2025-01-06 12:00:00,Flipkart
FREV-500799,FPRD-02081,FCUST-509294,,Value for money,2025-12-13 14:00:00,Flipkart
FREV-500800,FPRD-00285,FCUST-353070,1.0,Decent buy,2025-04-04 13:00:00,Flipkart
FREV-500801,FPRD-01140,FCUST-275069,5.0,Value for money,2024-12-10 21:00:00,Flipkart
FREV-500802,FPRD-02444,FCUST-249444,4.0,Highly recommended,2026-07-20 22:00:00,Flipkart
FREV-500803,FPRD-00651,FCUST-267147,5.0,Value for money,2026-04-15 11:00:00,Flipkart
FREV-500804,FPRD-01950,FCUST-369245,3.0,Poor packaging,2025-01-24 09:00:00,Flipkart
FREV-500805,FPRD-01087,FCUST-579089,1.0,Awesome!,2024-12-14 10:00:00,Flipkart
FREV-500806,FPRD-01747,FCUST-281273,1.0,Value for money,2025-05-26 08:00:00,Flipkart
FREV-500807,FPRD-01423,FCUST-474418,3.0,Poor packaging,2024-12-08 06:00:00,Flipkart
FREV-500808,FPRD-00089,FCUST-584544,5.0,Awesome!,2025-07-29 09:00:00,Flipkart
FREV-500809,FPRD-00676,FCUST-542160,1.0,Poor packaging,2025-10-07 23:00:00,Flipkart
FREV-500810,FPRD-00380,FCUST-483742,1.0,Poor packaging,2024-08-29 19:00:00,Flipkart
FREV-500811,FPRD-00751,FCUST-513029,2.0,Decent buy,2026-02-04 07:00:00,Flipkart
FREV-500812,FPRD-01709,FCUST-208082,3.0,Highly recommended,2025-03-28 21:00:00,Flipkart
FREV-500813,FPRD-01723,FCUST-454268,2.0,Highly recommended,2025-11-12 18:00:00,Flipkart
FREV-500814,FPRD-00813,FCUST-244145,4.0,Awesome!,2025-02-11 00:00:00,Flipkart
FREV-500815,FPRD-01848,FCUST-205900,4.0,Awesome!,2025-01-17 15:00:00,Flipkart
FREV-500816,FPRD-00979,FCUST-559469,3.0,Poor packaging,2026-02-10 19:00:00,Flipkart
FREV-500817,FPRD-01024,FCUST-261424,2.0,Awesome!,2025-09-20 23:00:00,Flipkart
FREV-500818,FPRD-00461,FCUST-531109,1.0,Poor packaging,2024-08-20 12:00:00,Flipkart
FREV-500819,FPRD-02438,FCUST-495551,1.0,Poor packaging,2025-12-03 13:00:00,Flipkart
FREV-500820,FPRD-01823,FCUST-397515,2.0,Value for money,2024-12-27 09:00:00,Flipkart
FREV-500821,FPRD-02420,FCUST-455329,2.0,Decent buy,2025-12-11 19:00:00,Flipkart
FREV-500822,FPRD-00173,FCUST-226863,2.0,Decent buy,2025-07-06 08:00:00,Flipkart
FREV-500823,FPRD-00019,FCUST-273652,3.0,Awesome!,2024-09-27 07:00:00,Flipkart
FREV-500824,FPRD-00319,FCUST-204908,4.0,Awesome!,2025-09-02 22:00:00,Flipkart
FREV-500825,FPRD-00475,FCUST-356945,1.0,Awesome!,2025-02-13 19:00:00,Flipkart
FREV-500826,FPRD-00856,FCUST-279007,3.0,Highly recommended,2026-05-19 08:00:00,Flipkart
FREV-500827,FPRD-02474,FCUST-344855,4.0,Decent buy,2025-04-23 03:00:00,Flipkart
FREV-500828,FPRD-02250,FCUST-308616,1.0,Highly recommended,2024-10-08 01:00:00,Flipkart
FREV-500829,FPRD-00048,FCUST-357741,2.0,Poor packaging,2025-08-11 04:00:00,Flipkart
FREV-500830,FPRD-01543,FCUST-468483,2.0,Poor packaging,2026-06-01 21:00:00,Flipkart
FREV-500831,FPRD-01159,FCUST-222275,1.0,Decent buy,2024-09-17 17:00:00,Flipkart
FREV-500832,FPRD-00518,FCUST-243935,2.0,Decent buy,2026-07-23 08:00:00,Flipkart
FREV-500833,FPRD-01617,FCUST-574522,1.0,Value for money,2025-05-16 08:00:00,Flipkart
FREV-500834,FPRD-01776,FCUST-495814,2.0,Decent buy,2025-10-16 00:00:00,Flipkart
FREV-500835,FPRD-02242,FCUST-377449,1.0,Value for money,2025-04-21 08:00:00,Flipkart
FREV-500836,FPRD-01299,FCUST-435738,3.0,Awesome!,2026-04-13 16:00:00,Flipkart
FREV-500837,FPRD-02112,FCUST-209832,,Highly recommended,2025-04-10 16:00:00,Flipkart
FREV-500838,FPRD-01655,FCUST-202652,1.0,Highly recommended,2025-08-05 07:00:00,Flipkart
FREV-500839,FPRD-01663,FCUST-237603,4.0,Highly recommended,2025-02-17 00:00:00,Flipkart
FREV-500840,FPRD-01181,FCUST-206245,2.0,Awesome!,2024-11-08 13:00:00,Flipkart
FREV-500841,FPRD-00569,FCUST-408621,3.0,Awesome!,2025-11-20 20:00:00,Flipkart
FREV-500842,FPRD-02326,FCUST-407464,3.0,Poor packaging,2026-02-07 18:00:00,Flipkart
FREV-500843,FPRD-01235,FCUST-321292,3.0,Value for money,2026-01-08 13:00:00,Flipkart
FREV-500844,FPRD-00667,FCUST-258928,2.0,Decent buy,2025-11-10 12:00:00,Flipkart
FREV-500845,FPRD-01603,FCUST-559403,3.0,Poor packaging,2026-06-27 19:00:00,Flipkart
FREV-500846,FPRD-01472,FCUST-398787,5.0,Poor packaging,2025-02-23 02:00:00,Flipkart
FREV-500847,FPRD-01030,FCUST-339388,4.0,Value for money,2026-06-14 15:00:00,Flipkart
FREV-500848,FPRD-01834,FCUST-272592,4.0,Decent buy,2026-07-21 22:00:00,Flipkart
FREV-500849,FPRD-01361,FCUST-392784,2.0,Decent buy,2024-11-19 16:00:00,Flipkart
FREV-500850,FPRD-00516,FCUST-330633,3.0,Highly recommended,2026-05-07 20:00:00,Flipkart
FREV-500851,FPRD-00992,FCUST-257285,2.0,Value for money,2026-05-24 21:00:00,Flipkart
FREV-500852,FPRD-02230,FCUST-350681,5.0,Decent buy,2024-08-12 17:00:00,Flipkart
FREV-500853,FPRD-00593,FCUST-522013,3.0,Poor packaging,2024-11-17 22:00:00,Flipkart
FREV-500854,FPRD-01960,FCUST-395340,3.0,Poor packaging,2025-06-06 17:00:00,Flipkart
FREV-500855,FPRD-02183,FCUST-457606,2.0,Decent buy,2026-02-03 02:00:00,Flipkart
FREV-500856,FPRD-00816,FCUST-379402,2.0,Decent buy,2025-04-07 09:00:00,Flipkart
FREV-500857,FPRD-00772,FCUST-474144,4.0,Awesome!,2025-07-14 05:00:00,Flipkart
FREV-500858,FPRD-01239,FCUST-437602,5.0,Awesome!,2025-10-03 14:00:00,Flipkart
FREV-500859,FPRD-00522,FCUST-401377,5.0,Highly recommended,2026-05-04 05:00:00,Flipkart
FREV-500860,FPRD-01374,FCUST-220813,4.0,Highly recommended,2026-01-19 04:00:00,Flipkart
FREV-500861,FPRD-00163,FCUST-467774,5.0,Poor packaging,2026-08-11 08:00:00,Flipkart
FREV-500862,FPRD-00451,FCUST-301538,4.0,Highly recommended,2024-10-24 21:00:00,Flipkart
FREV-500863,FPRD-01328,FCUST-594074,4.0,Poor packaging,2024-12-26 15:00:00,Flipkart
FREV-500864,FPRD-01755,FCUST-368048,5.0,Highly recommended,2024-11-20 18:00:00,Flipkart
FREV-500865,FPRD-00040,FCUST-453641,,Poor packaging,2025-09-14 16:00:00,Flipkart
FREV-500866,FPRD-02124,FCUST-465464,2.0,Value for money,2026-04-21 00:00:00,Flipkart
FREV-500867,FPRD-01582,FCUST-253967,3.0,Value for money,2025-02-28 04:00:00,Flipkart
FREV-500868,FPRD-02000,FCUST-477978,4.0,Poor packaging,2026-04-11 15:00:00,Flipkart
FREV-500869,FPRD-01301,FCUST-414733,3.0,Decent buy,2025-12-12 02:00:00,Flipkart
FREV-500870,FPRD-01486,FCUST-453224,2.0,Poor packaging,2026-03-18 05:00:00,Flipkart
FREV-500871,FPRD-02123,FCUST-548933,4.0,Value for money,2024-10-26 15:00:00,Flipkart
FREV-500872,FPRD-01893,FCUST-494112,2.0,Highly recommended,2025-03-07 20:00:00,Flipkart
FREV-500873,FPRD-00224,FCUST-334749,4.0,Awesome!,2025-06-13 09:00:00,Flipkart
FREV-500874,FPRD-01326,FCUST-407459,4.0,Decent buy,2026-03-13 21:00:00,Flipkart
FREV-500875,FPRD-00462,FCUST-223802,,Awesome!,2025-01-16 21:00:00,Flipkart
FREV-500876,FPRD-01571,FCUST-477105,3.0,Value for money,2024-12-10 02:00:00,Flipkart
FREV-500877,FPRD-02049,FCUST-437736,5.0,Highly recommended,2026-06-22 10:00:00,Flipkart
FREV-500878,FPRD-01054,FCUST-424211,2.0,Value for money,2024-12-13 21:00:00,Flipkart
FREV-500879,FPRD-02415,FCUST-465409,4.0,Decent buy,2026-03-02 22:00:00,Flipkart
FREV-500880,FPRD-00781,FCUST-378796,1.0,Value for money,2025-07-23 22:00:00,Flipkart
FREV-500881,FPRD-00834,FCUST-563418,3.0,Highly recommended,2026-06-02 06:00:00,Flipkart
FREV-500882,FPRD-00043,FCUST-558920,5.0,Poor packaging,2025-10-17 23:00:00,Flipkart
FREV-500883,FPRD-00951,FCUST-214349,4.0,Decent buy,2026-01-25 10:00:00,Flipkart
FREV-500884,FPRD-01890,FCUST-339944,5.0,Highly recommended,2024-11-04 02:00:00,Flipkart
FREV-500885,FPRD-02448,FCUST-390109,2.0,Value for money,2025-01-30 15:00:00,Flipkart
FREV-500886,FPRD-01348,FCUST-310973,1.0,Poor packaging,2026-03-30 13:00:00,Flipkart
FREV-500887,FPRD-00846,FCUST-321604,3.0,Value for money,2024-12-08 05:00:00,Flipkart
FREV-500888,FPRD-02387,FCUST-456095,,Awesome!,2026-05-28 15:00:00,Flipkart
FREV-500889,FPRD-01025,FCUST-342420,3.0,Highly recommended,2025-12-05 17:00:00,Flipkart
FREV-500890,FPRD-00955,FCUST-324175,,Poor packaging,2026-02-19 15:00:00,Flipkart
FREV-500891,FPRD-00904,FCUST-414233,,Awesome!,2025-08-17 13:00:00,Flipkart
FREV-500892,FPRD-02343,FCUST-487226,5.0,Highly recommended,2026-03-22 04:00:00,Flipkart
FREV-500893,FPRD-01683,FCUST-574346,,Highly recommended,2026-04-23 06:00:00,Flipkart
FREV-500894,FPRD-00173,FCUST-599313,4.0,Awesome!,2024-12-04 04:00:00,Flipkart
FREV-500895,FPRD-00357,FCUST-422021,4.0,Value for money,2024-09-17 16:00:00,Flipkart
FREV-500896,FPRD-00375,FCUST-355373,2.0,Poor packaging,2025-09-10 03:00:00,Flipkart
FREV-500897,FPRD-00212,FCUST-267667,5.0,Poor packaging,2025-02-22 02:00:00,Flipkart
FREV-500898,FPRD-01135,FCUST-274094,4.0,Poor packaging,2026-04-23 11:00:00,Flipkart
FREV-500899,FPRD-01077,FCUST-261428,4.0,Highly recommended,2025-05-21 23:00:00,Flipkart
FREV-500900,FPRD-02470,FCUST-595136,4.0,Decent buy,2024-09-04 14:00:00,Flipkart
FREV-500901,FPRD-00688,FCUST-213581,5.0,Highly recommended,2026-03-19 15:00:00,Flipkart
FREV-500902,FPRD-00140,FCUST-460134,2.0,Decent buy,2025-05-20 17:00:00,Flipkart
FREV-500903,FPRD-00017,FCUST-591864,5.0,Poor packaging,2024-09-22 06:00:00,Flipkart
FREV-500904,FPRD-00583,FCUST-541727,2.0,Value for money,2025-09-13 11:00:00,Flipkart
FREV-500905,FPRD-02463,FCUST-266084,5.0,Awesome!,2025-03-08 07:00:00,Flipkart
FREV-500906,FPRD-00408,FCUST-321667,1.0,Highly recommended,2025-12-31 07:00:00,Flipkart
FREV-500907,FPRD-00802,FCUST-333670,4.0,Awesome!,2025-11-03 02:00:00,Flipkart
FREV-500908,FPRD-00153,FCUST-443360,,Awesome!,2024-11-23 06:00:00,Flipkart
FREV-500909,FPRD-01148,FCUST-563290,4.0,Highly recommended,2026-03-14 20:00:00,Flipkart
FREV-500910,FPRD-01012,FCUST-390244,4.0,Highly recommended,2024-09-08 08:00:00,Flipkart
FREV-500911,FPRD-02063,FCUST-280584,5.0,Value for money,2025-01-26 21:00:00,Flipkart
FREV-500912,FPRD-00540,FCUST-330717,2.0,Value for money,2026-01-28 01:00:00,Flipkart
FREV-500913,FPRD-01073,FCUST-339879,5.0,Decent buy,2024-10-19 05:00:00,Flipkart
FREV-500914,FPRD-02341,FCUST-351930,4.0,Value for money,2025-05-26 14:00:00,Flipkart
FREV-500915,FPRD-01911,FCUST-515272,1.0,Highly recommended,2026-04-20 06:00:00,Flipkart
FREV-500916,FPRD-00924,FCUST-468951,1.0,Decent buy,2025-06-05 02:00:00,Flipkart
FREV-500917,FPRD-01998,FCUST-263150,1.0,Highly recommended,2024-12-15 13:00:00,Flipkart
FREV-500918,FPRD-01919,FCUST-264424,4.0,Value for money,2026-04-25 20:00:00,Flipkart
FREV-500919,FPRD-01970,FCUST-392595,5.0,Poor packaging,2025-03-07 02:00:00,Flipkart
FREV-500920,FPRD-01090,FCUST-519169,3.0,Value for money,2026-08-02 17:00:00,Flipkart
FREV-500921,FPRD-01663,FCUST-529487,1.0,Poor packaging,2025-10-03 13:00:00,Flipkart
FREV-500922,FPRD-00335,FCUST-571516,,Awesome!,2025-06-17 22:00:00,Flipkart
FREV-500923,FPRD-00738,FCUST-335970,3.0,Highly recommended,2026-02-14 21:00:00,Flipkart
FREV-500924,FPRD-00895,FCUST-475085,5.0,Decent buy,2025-10-29 01:00:00,Flipkart
FREV-500925,FPRD-01185,FCUST-532924,4.0,Awesome!,2026-02-21 06:00:00,Flipkart
FREV-500926,FPRD-00967,FCUST-507467,5.0,Awesome!,2024-12-15 01:00:00,Flipkart
FREV-500927,FPRD-01904,FCUST-484759,1.0,Decent buy,2024-11-17 03:00:00,Flipkart
FREV-500928,FPRD-00386,FCUST-328152,2.0,Poor packaging,2024-09-26 12:00:00,Flipkart
FREV-500929,FPRD-01712,FCUST-505586,3.0,Poor packaging,2025-09-05 04:00:00,Flipkart
FREV-500930,FPRD-00471,FCUST-566410,5.0,Value for money,2025-10-06 07:00:00,Flipkart
FREV-500931,FPRD-01662,FCUST-306166,1.0,Value for money,2026-06-20 12:00:00,Flipkart
FREV-500932,FPRD-02277,FCUST-496265,5.0,Awesome!,2025-11-11 02:00:00,Flipkart
FREV-500933,FPRD-01238,FCUST-279642,1.0,Value for money,2025-10-20 00:00:00,Flipkart
FREV-500934,FPRD-00644,FCUST-202707,5.0,Awesome!,2025-01-06 23:00:00,Flipkart
FREV-500935,FPRD-01706,FCUST-236334,5.0,Highly recommended,2025-09-14 02:00:00,Flipkart
FREV-500936,FPRD-02188,FCUST-349818,3.0,Value for money,2025-03-05 17:00:00,Flipkart
FREV-500937,FPRD-00107,FCUST-424867,4.0,Awesome!,2025-11-20 16:00:00,Flipkart
FREV-500938,FPRD-02207,FCUST-436675,4.0,Value for money,2026-04-03 11:00:00,Flipkart
FREV-500939,FPRD-02118,FCUST-507461,1.0,Poor packaging,2025-07-22 04:00:00,Flipkart
FREV-500940,FPRD-01361,FCUST-326702,4.0,Value for money,2026-05-09 05:00:00,Flipkart
FREV-500941,FPRD-00359,FCUST-565046,1.0,Awesome!,2025-05-03 19:00:00,Flipkart
FREV-500942,FPRD-01945,FCUST-357216,1.0,Decent buy,2026-06-01 18:00:00,Flipkart
FREV-500943,FPRD-00216,FCUST-353100,4.0,Decent buy,2025-06-23 19:00:00,Flipkart
FREV-500944,FPRD-01644,FCUST-438414,3.0,Poor packaging,2024-08-24 19:00:00,Flipkart
FREV-500945,FPRD-01885,FCUST-235658,2.0,Poor packaging,2024-09-26 17:00:00,Flipkart
FREV-500946,FPRD-02050,FCUST-507566,2.0,Value for money,2026-01-12 15:00:00,Flipkart
FREV-500947,FPRD-01879,FCUST-387114,2.0,Poor packaging,2026-01-10 08:00:00,Flipkart
FREV-500948,FPRD-02113,FCUST-551080,3.0,Decent buy,2025-10-10 01:00:00,Flipkart
FREV-500949,FPRD-01167,FCUST-342420,5.0,Highly recommended,2025-12-05 17:00:00,Flipkart
FREV-500950,FPRD-00847,FCUST-595407,1.0,Poor packaging,2024-11-04 19:00:00,Flipkart
FREV-500951,FPRD-01333,FCUST-357902,3.0,Highly recommended,2026-08-03 23:00:00,Flipkart
FREV-500952,FPRD-01945,FCUST-470434,5.0,Value for money,2026-07-20 18:00:00,Flipkart
FREV-500953,FPRD-00917,FCUST-459927,,Poor packaging,2026-08-01 01:00:00,Flipkart
FREV-500954,FPRD-00731,FCUST-414706,3.0,Decent buy,2026-04-14 04:00:00,Flipkart
FREV-500955,FPRD-01746,FCUST-421765,3.0,Decent buy,2026-01-20 02:00:00,Flipkart
FREV-500956,FPRD-00026,FCUST-504433,,Poor packaging,2026-03-15 22:00:00,Flipkart
FREV-500957,FPRD-00557,FCUST-533162,5.0,Decent buy,2025-11-07 22:00:00,Flipkart
FREV-500958,FPRD-00664,FCUST-376847,4.0,Value for money,2025-05-13 13:00:00,Flipkart
FREV-500959,FPRD-02320,FCUST-509507,4.0,Value for money,2025-09-18 13:00:00,Flipkart
FREV-500960,FPRD-01818,FCUST-505701,4.0,Awesome!,2025-10-29 05:00:00,Flipkart
FREV-500961,FPRD-00399,FCUST-552062,3.0,Awesome!,2026-03-15 12:00:00,Flipkart
FREV-500962,FPRD-01953,FCUST-228283,,Decent buy,2026-03-07 20:00:00,Flipkart
FREV-500963,FPRD-01509,FCUST-413009,1.0,Poor packaging,2025-11-25 10:00:00,Flipkart
FREV-500964,FPRD-01545,FCUST-457606,5.0,Highly recommended,2024-08-10 05:00:00,Flipkart
FREV-500965,FPRD-01114,FCUST-426804,5.0,Awesome!,2025-05-17 01:00:00,Flipkart
FREV-500966,FPRD-00766,FCUST-580668,1.0,Awesome!,2024-08-12 22:00:00,Flipkart
FREV-500967,FPRD-01630,FCUST-354738,4.0,Awesome!,2024-11-13 20:00:00,Flipkart
FREV-500968,FPRD-01993,FCUST-541774,2.0,Highly recommended,2025-06-18 03:00:00,Flipkart
FREV-500969,FPRD-00535,FCUST-343383,4.0,Decent buy,2024-10-22 22:00:00,Flipkart
FREV-500970,FPRD-02416,FCUST-464673,,Decent buy,2025-01-18 02:00:00,Flipkart
FREV-500971,FPRD-00318,FCUST-219023,,Poor packaging,2024-10-27 18:00:00,Flipkart
FREV-500972,FPRD-02053,FCUST-219102,3.0,Highly recommended,2025-09-25 09:00:00,Flipkart
FREV-500973,FPRD-01494,FCUST-266066,,Value for money,2025-10-17 09:00:00,Flipkart
FREV-500974,FPRD-01989,FCUST-442349,3.0,Value for money,2025-05-21 15:00:00,Flipkart
FREV-500975,FPRD-01436,FCUST-243324,1.0,Decent buy,2026-04-03 13:00:00,Flipkart
FREV-500976,FPRD-01663,FCUST-367703,1.0,Decent buy,2026-01-23 22:00:00,Flipkart
FREV-500977,FPRD-02270,FCUST-363655,1.0,Poor packaging,2025-06-09 15:00:00,Flipkart
FREV-500978,FPRD-02381,FCUST-395340,,Poor packaging,2025-06-06 17:00:00,Flipkart
FREV-500979,FPRD-00462,FCUST-256046,2.0,Awesome!,2024-08-12 17:00:00,Flipkart
FREV-500980,FPRD-00991,FCUST-308982,5.0,Poor packaging,2024-11-29 03:00:00,Flipkart
FREV-500981,FPRD-00330,FCUST-369747,5.0,Awesome!,2025-11-25 10:00:00,Flipkart
FREV-500982,FPRD-02057,FCUST-546750,5.0,Decent buy,2024-09-18 10:00:00,Flipkart
FREV-500983,FPRD-02491,FCUST-216422,4.0,Value for money,2026-03-27 13:00:00,Flipkart
FREV-500984,FPRD-00720,FCUST-211254,4.0,Value for money,2024-11-28 23:00:00,Flipkart
FREV-500985,FPRD-01268,FCUST-515312,5.0,Awesome!,2024-08-16 23:00:00,Flipkart
FREV-500986,FPRD-01419,FCUST-273511,4.0,Poor packaging,2026-06-30 11:00:00,Flipkart
FREV-500987,FPRD-01462,FCUST-583559,2.0,Decent buy,2026-03-22 07:00:00,Flipkart
FREV-500988,FPRD-00890,FCUST-255135,5.0,Value for money,2025-12-08 10:00:00,Flipkart
FREV-500989,FPRD-01153,FCUST-473883,,Decent buy,2025-08-05 06:00:00,Flipkart
FREV-500990,FPRD-00949,FCUST-252461,3.0,Awesome!,2025-11-19 20:00:00,Flipkart
FREV-500991,FPRD-00579,FCUST-488257,1.0,Poor packaging,2024-11-24 00:00:00,Flipkart
FREV-500992,FPRD-00329,FCUST-354212,1.0,Poor packaging,2025-06-17 09:00:00,Flipkart
FREV-500993,FPRD-02189,FCUST-468693,4.0,Value for money,2024-09-17 20:00:00,Flipkart
FREV-500994,FPRD-01409,FCUST-346530,2.0,Awesome!,2025-03-14 21:00:00,Flipkart
FREV-500995,FPRD-01958,FCUST-497940,5.0,Decent buy,2024-10-20 23:00:00,Flipkart
FREV-500996,FPRD-00385,FCUST-416205,5.0,Highly recommended,2026-05-18 14:00:00,Flipkart
FREV-500997,FPRD-01010,FCUST-286373,1.0,Poor packaging,2025-06-25 19:00:00,Flipkart
FREV-500998,FPRD-01273,FCUST-552073,5.0,Highly recommended,2024-11-22 03:00:00,Flipkart
FREV-500999,FPRD-01228,FCUST-408630,2.0,Awesome!,2025-01-18 23:00:00,Flipkart
FREV-501000,FPRD-01209,FCUST-592771,2.0,Awesome!,2025-12-30 10:00:00,Flipkart
FREV-501001,FPRD-00822,FCUST-287176,1.0,Decent buy,2025-03-05 06:00:00,Flipkart
FREV-501002,FPRD-00386,FCUST-560560,1.0,Highly recommended,2025-01-05 19:00:00,Flipkart
FREV-501003,FPRD-01601,FCUST-523536,1.0,Highly recommended,2024-11-08 01:00:00,Flipkart
FREV-501004,FPRD-02110,FCUST-284418,,Highly recommended,2025-07-22 17:00:00,Flipkart
FREV-501005,FPRD-00783,FCUST-435586,5.0,Value for money,2025-12-20 21:00:00,Flipkart
FREV-501006,FPRD-02303,FCUST-456346,,Highly recommended,2025-04-30 01:00:00,Flipkart
FREV-501007,FPRD-00466,FCUST-343401,5.0,Awesome!,2025-09-12 05:00:00,Flipkart
FREV-501008,FPRD-00134,FCUST-386594,,Decent buy,2025-02-23 01:00:00,Flipkart
FREV-501009,FPRD-00878,FCUST-281963,1.0,Value for money,2025-12-11 10:00:00,Flipkart
FREV-501010,FPRD-02066,FCUST-412756,5.0,Awesome!,2025-10-25 01:00:00,Flipkart
FREV-501011,FPRD-01795,FCUST-445858,4.0,Decent buy,2025-06-21 07:00:00,Flipkart
FREV-501012,FPRD-01737,FCUST-294827,1.0,Highly recommended,2026-01-28 15:00:00,Flipkart
FREV-501013,FPRD-02219,FCUST-240153,1.0,Highly recommended,2025-06-05 19:00:00,Flipkart
FREV-501014,FPRD-00362,FCUST-470808,1.0,Highly recommended,2025-05-18 11:00:00,Flipkart
FREV-501015,FPRD-02291,FCUST-372879,3.0,Value for money,2024-10-22 11:00:00,Flipkart
FREV-501016,FPRD-02080,FCUST-219587,4.0,Decent buy,2025-04-07 22:00:00,Flipkart
FREV-501017,FPRD-00037,FCUST-489734,5.0,Highly recommended,2024-09-21 02:00:00,Flipkart
FREV-501018,FPRD-02152,FCUST-324923,1.0,Decent buy,2025-05-20 18:00:00,Flipkart
FREV-501019,FPRD-01054,FCUST-550164,4.0,Poor packaging,2025-03-26 03:00:00,Flipkart
FREV-501020,FPRD-01970,FCUST-369417,2.0,Decent buy,2025-05-07 21:00:00,Flipkart
FREV-501021,FPRD-02422,FCUST-437634,1.0,Highly recommended,2025-09-04 19:00:00,Flipkart
FREV-501022,FPRD-00469,FCUST-239105,5.0,Poor packaging,2026-05-06 10:00:00,Flipkart
FREV-501023,FPRD-01614,FCUST-277760,2.0,Decent buy,2026-02-24 06:00:00,Flipkart
FREV-501024,FPRD-02483,FCUST-354143,3.0,Value for money,2026-05-31 07:00:00,Flipkart
FREV-501025,FPRD-01126,FCUST-568229,4.0,Poor packaging,2026-08-09 16:00:00,Flipkart
FREV-501026,FPRD-01979,FCUST-344761,5.0,Decent buy,2024-11-19 15:00:00,Flipkart
FREV-501027,FPRD-01931,FCUST-560463,2.0,Awesome!,2025-02-27 09:00:00,Flipkart
FREV-501028,FPRD-02037,FCUST-257058,5.0,Poor packaging,2024-12-06 14:00:00,Flipkart
FREV-501029,FPRD-00207,FCUST-466809,3.0,Awesome!,2026-06-13 18:00:00,Flipkart
FREV-501030,FPRD-01701,FCUST-543580,4.0,Highly recommended,2025-12-13 23:00:00,Flipkart
FREV-501031,FPRD-00715,FCUST-316549,4.0,Highly recommended,2026-08-03 10:00:00,Flipkart
FREV-501032,FPRD-00725,FCUST-236334,3.0,Decent buy,2026-02-20 09:00:00,Flipkart
FREV-501033,FPRD-01673,FCUST-411185,4.0,Highly recommended,2026-01-24 00:00:00,Flipkart
FREV-501034,FPRD-02138,FCUST-259058,3.0,Poor packaging,2025-02-01 11:00:00,Flipkart
FREV-501035,FPRD-02088,FCUST-279382,4.0,Awesome!,2026-06-04 07:00:00,Flipkart
FREV-501036,FPRD-00507,FCUST-436254,,Highly recommended,2026-07-29 18:00:00,Flipkart
FREV-501037,FPRD-02433,FCUST-419769,3.0,Decent buy,2025-10-10 04:00:00,Flipkart
FREV-501038,FPRD-00792,FCUST-453501,2.0,Highly recommended,2024-10-14 21:00:00,Flipkart
FREV-501039,FPRD-01594,FCUST-376433,,Highly recommended,2024-08-15 15:00:00,Flipkart
FREV-501040,FPRD-02371,FCUST-436505,,Value for money,2025-03-29 17:00:00,Flipkart
FREV-501041,FPRD-00069,FCUST-348955,3.0,Highly recommended,2025-04-27 13:00:00,Flipkart
FREV-501042,FPRD-00816,FCUST-565980,2.0,Value for money,2026-04-18 22:00:00,Flipkart
FREV-501043,FPRD-00324,FCUST-518024,2.0,Value for money,2025-09-20 19:00:00,Flipkart
FREV-501044,FPRD-02153,FCUST-507999,3.0,Awesome!,2024-12-04 03:00:00,Flipkart
FREV-501045,FPRD-01197,FCUST-479733,3.0,Highly recommended,2026-05-02 10:00:00,Flipkart
FREV-501046,FPRD-02180,FCUST-359885,2.0,Awesome!,2025-05-04 21:00:00,Flipkart
FREV-501047,FPRD-02233,FCUST-368620,4.0,Poor packaging,2025-08-01 16:00:00,Flipkart
FREV-501048,FPRD-00944,FCUST-398386,2.0,Awesome!,2026-01-03 00:00:00,Flipkart
FREV-501049,FPRD-00349,FCUST-598948,3.0,Awesome!,2026-04-19 05:00:00,Flipkart
FREV-501050,FPRD-01285,FCUST-456366,4.0,Value for money,2026-06-11 04:00:00,Flipkart
FREV-501051,FPRD-01450,FCUST-422094,5.0,Poor packaging,2026-06-04 14:00:00,Flipkart
FREV-501052,FPRD-01460,FCUST-514698,2.0,Value for money,2026-06-06 12:00:00,Flipkart
FREV-501053,FPRD-01425,FCUST-540998,1.0,Poor packaging,2025-12-17 02:00:00,Flipkart
FREV-501054,FPRD-00023,FCUST-300367,1.0,Awesome!,2025-11-23 13:00:00,Flipkart
FREV-501055,FPRD-02423,FCUST-256131,3.0,Decent buy,2025-03-22 23:00:00,Flipkart
FREV-501056,FPRD-02047,FCUST-480689,1.0,Poor packaging,2025-05-06 14:00:00,Flipkart
FREV-501057,FPRD-02321,FCUST-282577,4.0,Highly recommended,2025-07-16 15:00:00,Flipkart
FREV-501058,FPRD-02037,FCUST-291785,3.0,Decent buy,2024-11-16 18:00:00,Flipkart
FREV-501059,FPRD-01990,FCUST-342420,3.0,Decent buy,2025-12-05 17:00:00,Flipkart
FREV-501060,FPRD-01699,FCUST-283169,1.0,Awesome!,2025-05-12 19:00:00,Flipkart
FREV-501061,FPRD-01319,FCUST-244824,4.0,Highly recommended,2025-04-12 19:00:00,Flipkart
FREV-501062,FPRD-01748,FCUST-461520,2.0,Decent buy,2026-07-23 19:00:00,Flipkart
FREV-501063,FPRD-01373,FCUST-432233,2.0,Value for money,2025-08-11 20:00:00,Flipkart
FREV-501064,FPRD-00934,FCUST-436183,1.0,Highly recommended,2025-05-12 22:00:00,Flipkart
FREV-501065,FPRD-01667,FCUST-465000,2.0,Decent buy,2024-12-20 19:00:00,Flipkart
FREV-501066,FPRD-00484,FCUST-391384,5.0,Decent buy,2026-03-11 16:00:00,Flipkart
FREV-501067,FPRD-01866,FCUST-495680,5.0,Decent buy,2026-06-16 11:00:00,Flipkart
FREV-501068,FPRD-02294,FCUST-405310,4.0,Value for money,2026-02-26 02:00:00,Flipkart
FREV-501069,FPRD-00524,FCUST-284385,5.0,Poor packaging,2025-11-13 03:00:00,Flipkart
FREV-501070,FPRD-01971,FCUST-446163,2.0,Highly recommended,2025-02-11 20:00:00,Flipkart
FREV-501071,FPRD-00791,FCUST-480812,5.0,Highly recommended,2024-09-01 22:00:00,Flipkart
FREV-501072,FPRD-00506,FCUST-408318,2.0,Value for money,2025-01-09 00:00:00,Flipkart
FREV-501073,FPRD-01297,FCUST-576722,1.0,Decent buy,2025-09-02 19:00:00,Flipkart
FREV-501074,FPRD-02498,FCUST-277547,4.0,Awesome!,2026-05-04 09:00:00,Flipkart
FREV-501075,FPRD-02489,FCUST-287641,1.0,Awesome!,2026-02-12 23:00:00,Flipkart
FREV-501076,FPRD-01733,FCUST-284855,4.0,Awesome!,2024-09-28 06:00:00,Flipkart
FREV-501077,FPRD-02483,FCUST-529850,2.0,Poor packaging,2026-05-31 05:00:00,Flipkart
FREV-501078,FPRD-00015,FCUST-224383,1.0,Value for money,2026-03-29 22:00:00,Flipkart
FREV-501079,FPRD-01439,FCUST-395195,2.0,Highly recommended,2026-05-02 00:00:00,Flipkart
FREV-501080,FPRD-01578,FCUST-422853,2.0,Value for money,2025-03-25 02:00:00,Flipkart
FREV-501081,FPRD-01823,FCUST-536857,5.0,Poor packaging,2025-09-23 20:00:00,Flipkart
FREV-501082,FPRD-01535,FCUST-471250,4.0,Decent buy,2025-10-10 00:00:00,Flipkart
FREV-501083,FPRD-00139,FCUST-455326,1.0,Value for money,2026-06-14 12:00:00,Flipkart
FREV-501084,FPRD-00225,FCUST-470433,5.0,Awesome!,2024-11-29 16:00:00,Flipkart
FREV-501085,FPRD-01326,FCUST-203824,1.0,Highly recommended,2026-08-08 09:00:00,Flipkart
FREV-501086,FPRD-02477,FCUST-488337,1.0,Decent buy,2026-07-17 02:00:00,Flipkart
FREV-501087,FPRD-02256,FCUST-305053,3.0,Decent buy,2026-01-13 09:00:00,Flipkart
FREV-501088,FPRD-02024,FCUST-590998,4.0,Decent buy,2024-12-05 19:00:00,Flipkart
FREV-501089,FPRD-00246,FCUST-538160,,Highly recommended,2026-02-23 08:00:00,Flipkart
FREV-501090,FPRD-00853,FCUST-590366,2.0,Poor packaging,2025-02-20 14:00:00,Flipkart
FREV-501091,FPRD-02122,FCUST-368620,,Awesome!,2025-08-01 16:00:00,Flipkart
FREV-501092,FPRD-01291,FCUST-436406,4.0,Poor packaging,2026-07-04 10:00:00,Flipkart
FREV-501093,FPRD-01607,FCUST-338085,,Highly recommended,2024-10-12 07:00:00,Flipkart
FREV-501094,FPRD-01554,FCUST-309276,1.0,Poor packaging,2026-06-09 17:00:00,Flipkart
FREV-501095,FPRD-00228,FCUST-340438,4.0,Highly recommended,2025-06-05 20:00:00,Flipkart
FREV-501096,FPRD-02351,FCUST-243236,3.0,Highly recommended,2025-10-12 04:00:00,Flipkart
FREV-501097,FPRD-02123,FCUST-307758,2.0,Decent buy,2025-06-16 17:00:00,Flipkart
FREV-501098,FPRD-00976,FCUST-243998,,Highly recommended,2026-05-10 15:00:00,Flipkart
FREV-501099,FPRD-01201,FCUST-509622,2.0,Poor packaging,2025-07-09 00:00:00,Flipkart
FREV-501100,FPRD-01434,FCUST-363869,3.0,Highly recommended,2026-06-16 02:00:00,Flipkart
FREV-501101,FPRD-01983,FCUST-486086,4.0,Highly recommended,2026-05-04 17:00:00,Flipkart
FREV-501102,FPRD-00680,FCUST-350453,3.0,Value for money,2025-02-04 05:00:00,Flipkart
FREV-501103,FPRD-00226,FCUST-224764,5.0,Decent buy,2024-09-07 22:00:00,Flipkart
FREV-501104,FPRD-01306,FCUST-294422,3.0,Value for money,2026-04-25 02:00:00,Flipkart
FREV-501105,FPRD-01382,FCUST-314118,1.0,Highly recommended,2026-01-10 16:00:00,Flipkart
FREV-501106,FPRD-02382,FCUST-506135,5.0,Poor packaging,2025-08-13 09:00:00,Flipkart
FREV-501107,FPRD-02311,FCUST-222158,3.0,Value for money,2026-04-11 07:00:00,Flipkart
FREV-501108,FPRD-00852,FCUST-375529,5.0,Value for money,2026-08-01 02:00:00,Flipkart
FREV-501109,FPRD-02097,FCUST-383965,3.0,Value for money,2025-03-21 10:00:00,Flipkart
FREV-501110,FPRD-00843,FCUST-224383,5.0,Awesome!,2024-12-10 05:00:00,Flipkart
FREV-501111,FPRD-00915,FCUST-335672,3.0,Poor packaging,2024-12-23 11:00:00,Flipkart
FREV-501112,FPRD-00646,FCUST-273639,2.0,Highly recommended,2026-07-25 07:00:00,Flipkart
FREV-501113,FPRD-02034,FCUST-358181,2.0,Poor packaging,2024-10-13 08:00:00,Flipkart
FREV-501114,FPRD-02016,FCUST-243935,2.0,Poor packaging,2026-07-23 08:00:00,Flipkart
FREV-501115,FPRD-00808,FCUST-442723,1.0,Awesome!,2026-02-01 05:00:00,Flipkart
FREV-501116,FPRD-02480,FCUST-344128,5.0,Poor packaging,2025-02-08 23:00:00,Flipkart
FREV-501117,FPRD-00712,FCUST-399570,3.0,Awesome!,2026-06-12 02:00:00,Flipkart
FREV-501118,FPRD-01520,FCUST-443050,3.0,Value for money,2026-03-03 09:00:00,Flipkart
FREV-501119,FPRD-00999,FCUST-222811,3.0,Highly recommended,2026-04-25 14:00:00,Flipkart
FREV-501120,FPRD-00941,FCUST-536857,2.0,Value for money,2025-09-23 20:00:00,Flipkart
FREV-501121,FPRD-00863,FCUST-370437,3.0,Awesome!,2025-02-27 16:00:00,Flipkart
FREV-501122,FPRD-00464,FCUST-305129,3.0,Value for money,2025-04-28 15:00:00,Flipkart
FREV-501123,FPRD-00671,FCUST-299050,4.0,Value for money,2024-11-19 10:00:00,Flipkart
FREV-501124,FPRD-00358,FCUST-545500,4.0,Poor packaging,2025-11-14 12:00:00,Flipkart
FREV-501125,FPRD-02059,FCUST-546569,1.0,Decent buy,2026-04-20 08:00:00,Flipkart
FREV-501126,FPRD-00878,FCUST-361536,5.0,Awesome!,2024-08-25 07:00:00,Flipkart
FREV-501127,FPRD-00616,FCUST-385063,4.0,Decent buy,2025-05-27 09:00:00,Flipkart
FREV-501128,FPRD-02141,FCUST-568229,2.0,Poor packaging,2026-08-09 16:00:00,Flipkart
FREV-501129,FPRD-00112,FCUST-267582,,Poor packaging,2025-08-15 18:00:00,Flipkart
FREV-501130,FPRD-00974,FCUST-256095,4.0,Highly recommended,2025-10-29 01:00:00,Flipkart
FREV-501131,FPRD-00744,FCUST-438267,3.0,Poor packaging,2024-12-29 02:00:00,Flipkart
FREV-501132,FPRD-00782,FCUST-304817,5.0,Decent buy,2025-11-05 18:00:00,Flipkart
FREV-501133,FPRD-01612,FCUST-551291,2.0,Awesome!,2026-01-09 02:00:00,Flipkart
FREV-501134,FPRD-02022,FCUST-381341,5.0,Poor packaging,2025-11-01 20:00:00,Flipkart
FREV-501135,FPRD-01222,FCUST-383582,1.0,Awesome!,2025-02-06 21:00:00,Flipkart
FREV-501136,FPRD-02281,FCUST-508243,1.0,Awesome!,2026-01-08 19:00:00,Flipkart
FREV-501137,FPRD-02397,FCUST-406695,3.0,Value for money,2024-10-11 15:00:00,Flipkart
FREV-501138,FPRD-01728,FCUST-506947,1.0,Decent buy,2025-02-25 02:00:00,Flipkart
FREV-501139,FPRD-00600,FCUST-449325,2.0,Value for money,2025-03-27 11:00:00,Flipkart
FREV-501140,FPRD-01591,FCUST-538459,2.0,Highly recommended,2025-02-07 11:00:00,Flipkart
FREV-501141,FPRD-00134,FCUST-510862,3.0,Poor packaging,2026-05-10 22:00:00,Flipkart
FREV-501142,FPRD-00257,FCUST-417476,5.0,Value for money,2025-06-04 08:00:00,Flipkart
FREV-501143,FPRD-00100,FCUST-541596,4.0,Value for money,2025-09-14 12:00:00,Flipkart
FREV-501144,FPRD-02476,FCUST-464811,5.0,Poor packaging,2025-12-13 18:00:00,Flipkart
FREV-501145,FPRD-00269,FCUST-443800,5.0,Decent buy,2024-10-09 22:00:00,Flipkart
FREV-501146,FPRD-01718,FCUST-306019,1.0,Awesome!,2025-09-11 05:00:00,Flipkart
FREV-501147,FPRD-00305,FCUST-390109,,Poor packaging,2025-01-30 15:00:00,Flipkart
FREV-501148,FPRD-01885,FCUST-275203,5.0,Awesome!,2024-08-18 15:00:00,Flipkart
FREV-501149,FPRD-01085,FCUST-504791,2.0,Poor packaging,2026-02-20 05:00:00,Flipkart
FREV-501150,FPRD-00755,FCUST-324911,2.0,Decent buy,2026-03-15 01:00:00,Flipkart
FREV-501151,FPRD-01781,FCUST-587124,4.0,Highly recommended,2025-09-28 01:00:00,Flipkart
FREV-501152,FPRD-01424,FCUST-461323,1.0,Highly recommended,2025-04-18 01:00:00,Flipkart
FREV-501153,FPRD-01018,FCUST-518762,3.0,Highly recommended,2026-01-26 18:00:00,Flipkart
FREV-501154,FPRD-02082,FCUST-474197,2.0,Value for money,2025-04-07 05:00:00,Flipkart
FREV-501155,FPRD-02230,FCUST-513310,4.0,Poor packaging,2026-05-21 06:00:00,Flipkart
FREV-501156,FPRD-00716,FCUST-258109,2.0,Value for money,2024-11-15 18:00:00,Flipkart
FREV-501157,FPRD-02494,FCUST-310636,2.0,Awesome!,2024-08-18 01:00:00,Flipkart
FREV-501158,FPRD-00244,FCUST-267220,4.0,Value for money,2024-12-16 09:00:00,Flipkart
FREV-501159,FPRD-01389,FCUST-527442,3.0,Highly recommended,2025-03-20 03:00:00,Flipkart
FREV-501160,FPRD-00109,FCUST-415701,5.0,Highly recommended,2024-10-07 07:00:00,Flipkart
FREV-501161,FPRD-02202,FCUST-266906,1.0,Highly recommended,2025-03-03 12:00:00,Flipkart
FREV-501162,FPRD-01575,FCUST-438414,4.0,Poor packaging,2024-08-24 19:00:00,Flipkart
FREV-501163,FPRD-01895,FCUST-423706,4.0,Value for money,2026-05-06 20:00:00,Flipkart
FREV-501164,FPRD-01712,FCUST-443856,1.0,Poor packaging,2024-10-11 08:00:00,Flipkart
FREV-501165,FPRD-01048,FCUST-425451,5.0,Poor packaging,2026-06-14 09:00:00,Flipkart
FREV-501166,FPRD-00532,FCUST-397441,5.0,Value for money,2025-12-30 06:00:00,Flipkart
FREV-501167,FPRD-01579,FCUST-223428,4.0,Highly recommended,2025-04-09 02:00:00,Flipkart
FREV-501168,FPRD-00126,FCUST-472202,2.0,Value for money,2026-01-02 10:00:00,Flipkart
FREV-501169,FPRD-01009,FCUST-354386,2.0,Awesome!,2025-11-19 03:00:00,Flipkart
FREV-501170,FPRD-01822,FCUST-498381,,Highly recommended,2026-04-01 15:00:00,Flipkart
FREV-501171,FPRD-02414,FCUST-264613,2.0,Value for money,2025-12-07 16:00:00,Flipkart
FREV-501172,FPRD-02192,FCUST-461963,2.0,Decent buy,2026-06-10 01:00:00,Flipkart
FREV-501173,FPRD-01188,FCUST-511958,4.0,Decent buy,2025-12-29 19:00:00,Flipkart
FREV-501174,FPRD-02119,FCUST-533221,,Decent buy,2025-08-27 13:00:00,Flipkart
FREV-501175,FPRD-00678,FCUST-241396,1.0,Value for money,2024-12-21 19:00:00,Flipkart
FREV-501176,FPRD-02257,FCUST-591314,2.0,Value for money,2026-04-01 18:00:00,Flipkart
FREV-501177,FPRD-01947,FCUST-495859,5.0,Poor packaging,2024-10-23 23:00:00,Flipkart
FREV-501178,FPRD-01477,FCUST-382597,2.0,Poor packaging,2024-11-20 07:00:00,Flipkart
FREV-501179,FPRD-01295,FCUST-533420,5.0,Decent buy,2026-01-31 07:00:00,Flipkart
FREV-501180,FPRD-00097,FCUST-325930,5.0,Value for money,2026-06-07 20:00:00,Flipkart
FREV-501181,FPRD-02213,FCUST-516471,5.0,Highly recommended,2025-06-24 00:00:00,Flipkart
FREV-501182,FPRD-01431,FCUST-555852,2.0,Awesome!,2026-05-03 09:00:00,Flipkart
FREV-501183,FPRD-00286,FCUST-579559,2.0,Awesome!,2024-12-05 11:00:00,Flipkart
FREV-501184,FPRD-01281,FCUST-230251,2.0,Poor packaging,2025-04-11 12:00:00,Flipkart
FREV-501185,FPRD-00609,FCUST-429310,5.0,Decent buy,2026-02-10 07:00:00,Flipkart
FREV-501186,FPRD-00627,FCUST-450793,5.0,Decent buy,2024-09-03 04:00:00,Flipkart
FREV-501187,FPRD-00664,FCUST-252631,4.0,Poor packaging,2026-07-17 21:00:00,Flipkart
FREV-501188,FPRD-00205,FCUST-533583,5.0,Decent buy,2025-05-10 16:00:00,Flipkart
FREV-501189,FPRD-00618,FCUST-567052,4.0,Decent buy,2024-08-26 20:00:00,Flipkart
FREV-501190,FPRD-00729,FCUST-402365,,Highly recommended,2026-02-15 07:00:00,Flipkart
FREV-501191,FPRD-01946,FCUST-355681,1.0,Decent buy,2025-10-11 11:00:00,Flipkart
FREV-501192,FPRD-01767,FCUST-291650,2.0,Value for money,2026-04-08 05:00:00,Flipkart
FREV-501193,FPRD-00627,FCUST-447932,1.0,Decent buy,2026-04-27 13:00:00,Flipkart
FREV-501194,FPRD-00445,FCUST-411642,4.0,Decent buy,2026-04-14 01:00:00,Flipkart
FREV-501195,FPRD-00796,FCUST-394308,4.0,Highly recommended,2024-12-15 20:00:00,Flipkart
FREV-501196,FPRD-01263,FCUST-445278,1.0,Poor packaging,2026-07-31 08:00:00,Flipkart
FREV-501197,FPRD-00747,FCUST-496019,3.0,Decent buy,2025-12-26 17:00:00,Flipkart
FREV-501198,FPRD-00562,FCUST-372765,1.0,Value for money,2025-11-16 10:00:00,Flipkart
FREV-501199,FPRD-00608,FCUST-220365,4.0,Value for money,2024-11-27 02:00:00,Flipkart
FREV-501200,FPRD-02286,FCUST-295562,1.0,Awesome!,2024-10-13 14:00:00,Flipkart
FREV-501201,FPRD-01547,FCUST-444596,1.0,Highly recommended,2025-04-26 07:00:00,Flipkart
FREV-501202,FPRD-01977,FCUST-395786,2.0,Decent buy,2026-07-25 02:00:00,Flipkart
FREV-501203,FPRD-00976,FCUST-292367,5.0,Decent buy,2025-04-14 21:00:00,Flipkart
FREV-501204,FPRD-01678,FCUST-566266,2.0,Value for money,2025-06-29 15:00:00,Flipkart
FREV-501205,FPRD-01417,FCUST-446185,2.0,Value for money,2026-06-07 19:00:00,Flipkart
FREV-501206,FPRD-00727,FCUST-310973,5.0,Decent buy,2025-07-02 04:00:00,Flipkart
FREV-501207,FPRD-01773,FCUST-352017,2.0,Decent buy,2025-07-01 02:00:00,Flipkart
FREV-501208,FPRD-00194,FCUST-263123,3.0,Value for money,2025-04-15 15:00:00,Flipkart
FREV-501209,FPRD-02088,FCUST-259058,1.0,Awesome!,2025-09-22 01:00:00,Flipkart
FREV-501210,FPRD-01508,FCUST-355965,2.0,Decent buy,2024-08-19 16:00:00,Flipkart
FREV-501211,FPRD-00931,FCUST-599825,,Awesome!,2026-04-26 22:00:00,Flipkart
FREV-501212,FPRD-01962,FCUST-388958,5.0,Poor packaging,2025-07-28 06:00:00,Flipkart
FREV-501213,FPRD-00990,FCUST-286724,4.0,Poor packaging,2025-04-09 01:00:00,Flipkart
FREV-501214,FPRD-01785,FCUST-520278,5.0,Value for money,2026-01-17 00:00:00,Flipkart
FREV-501215,FPRD-00406,FCUST-256608,4.0,Awesome!,2025-05-04 04:00:00,Flipkart
FREV-501216,FPRD-00630,FCUST-568500,4.0,Awesome!,2025-10-04 15:00:00,Flipkart
FREV-501217,FPRD-00333,FCUST-254576,2.0,Value for money,2026-01-28 23:00:00,Flipkart
FREV-501218,FPRD-01740,FCUST-425048,3.0,Poor packaging,2025-01-26 06:00:00,Flipkart
FREV-501219,FPRD-02393,FCUST-495551,,Highly recommended,2025-12-03 13:00:00,Flipkart
FREV-501220,FPRD-01197,FCUST-324672,,Decent buy,2026-03-18 14:00:00,Flipkart
FREV-501221,FPRD-00896,FCUST-338597,1.0,Value for money,2025-06-08 02:00:00,Flipkart
FREV-501222,FPRD-01546,FCUST-580756,3.0,Awesome!,2025-12-20 20:00:00,Flipkart
FREV-501223,FPRD-02072,FCUST-565319,1.0,Awesome!,2025-09-10 13:00:00,Flipkart
FREV-501224,FPRD-02269,FCUST-539593,1.0,Value for money,2025-01-23 15:00:00,Flipkart
FREV-501225,FPRD-00841,FCUST-426422,1.0,Awesome!,2025-08-16 21:00:00,Flipkart
FREV-501226,FPRD-00145,FCUST-574041,5.0,Poor packaging,2024-11-16 18:00:00,Flipkart
FREV-501227,FPRD-00382,FCUST-249429,3.0,Highly recommended,2024-12-17 02:00:00,Flipkart
FREV-501228,FPRD-02492,FCUST-509691,1.0,Poor packaging,2025-09-14 04:00:00,Flipkart
FREV-501229,FPRD-02236,FCUST-534560,4.0,Value for money,2026-06-29 14:00:00,Flipkart
FREV-501230,FPRD-00674,FCUST-258993,2.0,Poor packaging,2024-08-23 06:00:00,Flipkart
FREV-501231,FPRD-01625,FCUST-476325,,Poor packaging,2026-02-16 10:00:00,Flipkart
FREV-501232,FPRD-01262,FCUST-466982,1.0,Awesome!,2024-09-01 19:00:00,Flipkart
FREV-501233,FPRD-00440,FCUST-570438,3.0,Highly recommended,2026-04-06 21:00:00,Flipkart
FREV-501234,FPRD-00327,FCUST-321842,3.0,Decent buy,2025-10-26 04:00:00,Flipkart
FREV-501235,FPRD-00029,FCUST-433625,1.0,Poor packaging,2024-11-05 23:00:00,Flipkart
FREV-501236,FPRD-00665,FCUST-388096,1.0,Value for money,2026-04-27 17:00:00,Flipkart
FREV-501237,FPRD-00032,FCUST-482272,2.0,Decent buy,2025-03-10 22:00:00,Flipkart
FREV-501238,FPRD-00892,FCUST-498214,4.0,Value for money,2025-11-26 21:00:00,Flipkart
FREV-501239,FPRD-01545,FCUST-453005,3.0,Awesome!,2025-12-11 19:00:00,Flipkart
FREV-501240,FPRD-00493,FCUST-503380,5.0,Decent buy,2025-10-29 19:00:00,Flipkart
FREV-501241,FPRD-00119,FCUST-218986,,Decent buy,2024-10-24 03:00:00,Flipkart
FREV-501242,FPRD-01091,FCUST-411003,4.0,Highly recommended,2025-02-24 07:00:00,Flipkart
FREV-501243,FPRD-00273,FCUST-515083,5.0,Value for money,2025-07-03 08:00:00,Flipkart
FREV-501244,FPRD-02399,FCUST-209187,2.0,Highly recommended,2026-05-30 23:00:00,Flipkart
FREV-501245,FPRD-02458,FCUST-415804,1.0,Awesome!,2024-10-19 01:00:00,Flipkart
FREV-501246,FPRD-00920,FCUST-466601,3.0,Decent buy,2025-07-25 06:00:00,Flipkart
FREV-501247,FPRD-02341,FCUST-493269,2.0,Highly recommended,2025-03-02 17:00:00,Flipkart
FREV-501248,FPRD-01105,FCUST-355397,2.0,Decent buy,2025-04-29 21:00:00,Flipkart
FREV-501249,FPRD-01432,FCUST-393472,2.0,Awesome!,2025-06-17 11:00:00,Flipkart
FREV-501250,FPRD-00354,FCUST-411095,1.0,Value for money,2024-09-16 14:00:00,Flipkart
FREV-501251,FPRD-01870,FCUST-395014,2.0,Value for money,2026-03-22 02:00:00,Flipkart
FREV-501252,FPRD-02437,FCUST-231914,5.0,Awesome!,2024-09-27 05:00:00,Flipkart
FREV-501253,FPRD-01682,FCUST-391313,4.0,Value for money,2024-08-26 18:00:00,Flipkart
FREV-501254,FPRD-01024,FCUST-501573,,Poor packaging,2025-07-22 23:00:00,Flipkart
FREV-501255,FPRD-01055,FCUST-564525,3.0,Value for money,2025-07-08 01:00:00,Flipkart
FREV-501256,FPRD-02254,FCUST-412756,4.0,Poor packaging,2025-10-25 01:00:00,Flipkart
FREV-501257,FPRD-00151,FCUST-328526,4.0,Poor packaging,2025-07-28 16:00:00,Flipkart
FREV-501258,FPRD-00451,FCUST-463253,5.0,Value for money,2025-12-30 02:00:00,Flipkart
FREV-501259,FPRD-00471,FCUST-596830,3.0,Highly recommended,2025-10-21 12:00:00,Flipkart
FREV-501260,FPRD-01931,FCUST-383096,1.0,Awesome!,2024-10-09 16:00:00,Flipkart
FREV-501261,FPRD-00741,FCUST-292194,4.0,Decent buy,2025-09-23 04:00:00,Flipkart
FREV-501262,FPRD-01992,FCUST-352115,1.0,Poor packaging,2025-03-17 04:00:00,Flipkart
FREV-501263,FPRD-00475,FCUST-261203,4.0,Poor packaging,2025-09-22 19:00:00,Flipkart
FREV-501264,FPRD-01658,FCUST-264023,1.0,Awesome!,2025-08-17 04:00:00,Flipkart
FREV-501265,FPRD-02412,FCUST-497193,1.0,Decent buy,2025-07-12 22:00:00,Flipkart
FREV-501266,FPRD-00874,FCUST-425928,5.0,Awesome!,2025-10-27 22:00:00,Flipkart
FREV-501267,FPRD-02079,FCUST-241587,4.0,Highly recommended,2026-06-03 02:00:00,Flipkart
FREV-501268,FPRD-01989,FCUST-592404,2.0,Poor packaging,2025-07-27 21:00:00,Flipkart
FREV-501269,FPRD-02023,FCUST-464914,2.0,Highly recommended,2025-03-22 11:00:00,Flipkart
FREV-501270,FPRD-01762,FCUST-401485,1.0,Awesome!,2025-10-01 12:00:00,Flipkart
FREV-501271,FPRD-01291,FCUST-202135,2.0,Awesome!,2026-06-01 12:00:00,Flipkart
FREV-501272,FPRD-00970,FCUST-512368,3.0,Poor packaging,2025-08-28 07:00:00,Flipkart
FREV-501273,FPRD-00475,FCUST-408674,1.0,Poor packaging,2026-03-31 09:00:00,Flipkart
FREV-501274,FPRD-01966,FCUST-270066,5.0,Decent buy,2025-01-25 01:00:00,Flipkart
FREV-501275,FPRD-01612,FCUST-590879,4.0,Awesome!,2025-05-19 01:00:00,Flipkart
FREV-501276,FPRD-02393,FCUST-327848,1.0,Decent buy,2025-06-04 11:00:00,Flipkart
FREV-501277,FPRD-00998,FCUST-505953,1.0,Poor packaging,2026-01-06 23:00:00,Flipkart
FREV-501278,FPRD-01914,FCUST-295597,3.0,Poor packaging,2026-01-22 09:00:00,Flipkart
FREV-501279,FPRD-00921,FCUST-432233,1.0,Decent buy,2025-08-11 20:00:00,Flipkart
FREV-501280,FPRD-01855,FCUST-364294,5.0,Decent buy,2026-03-05 03:00:00,Flipkart
FREV-501281,FPRD-00427,FCUST-256417,3.0,Decent buy,2026-04-13 16:00:00,Flipkart
FREV-501282,FPRD-01237,FCUST-389444,4.0,Value for money,2026-05-13 19:00:00,Flipkart
FREV-501283,FPRD-01316,FCUST-298067,5.0,Awesome!,2024-10-29 02:00:00,Flipkart
FREV-501284,FPRD-02325,FCUST-459370,3.0,Poor packaging,2024-08-10 13:00:00,Flipkart
FREV-501285,FPRD-01406,FCUST-473154,1.0,Decent buy,2026-03-12 12:00:00,Flipkart
FREV-501286,FPRD-00521,FCUST-419666,2.0,Value for money,2025-02-04 01:00:00,Flipkart
FREV-501287,FPRD-01518,FCUST-497068,3.0,Awesome!,2025-08-25 14:00:00,Flipkart
FREV-501288,FPRD-00569,FCUST-464952,3.0,Decent buy,2026-01-04 17:00:00,Flipkart
FREV-501289,FPRD-02021,FCUST-379814,3.0,Highly recommended,2025-04-20 10:00:00,Flipkart
FREV-501290,FPRD-00669,FCUST-599734,,Awesome!,2024-08-31 08:00:00,Flipkart
FREV-501291,FPRD-01375,FCUST-282250,3.0,Value for money,2026-01-15 09:00:00,Flipkart
FREV-501292,FPRD-02327,FCUST-531706,4.0,Poor packaging,2026-07-17 22:00:00,Flipkart
FREV-501293,FPRD-01991,FCUST-307758,4.0,Poor packaging,2025-06-16 17:00:00,Flipkart
FREV-501294,FPRD-00700,FCUST-284647,4.0,Value for money,2025-11-19 20:00:00,Flipkart
FREV-501295,FPRD-00339,FCUST-367831,1.0,Poor packaging,2026-03-13 00:00:00,Flipkart
FREV-501296,FPRD-01510,FCUST-295870,2.0,Decent buy,2025-04-03 07:00:00,Flipkart
FREV-501297,FPRD-00266,FCUST-554542,1.0,Decent buy,2025-08-02 11:00:00,Flipkart
FREV-501298,FPRD-01007,FCUST-503510,2.0,Value for money,2024-08-19 13:00:00,Flipkart
FREV-501299,FPRD-00269,FCUST-408339,2.0,Awesome!,2025-03-21 19:00:00,Flipkart
FREV-501300,FPRD-00336,FCUST-396943,5.0,Poor packaging,2025-04-11 04:00:00,Flipkart
FREV-501301,FPRD-02011,FCUST-440565,4.0,Highly recommended,2024-10-27 02:00:00,Flipkart
FREV-501302,FPRD-02259,FCUST-497987,,Poor packaging,2025-06-03 10:00:00,Flipkart
FREV-501303,FPRD-00505,FCUST-573435,5.0,Decent buy,2025-05-16 14:00:00,Flipkart
FREV-501304,FPRD-01556,FCUST-456123,3.0,Poor packaging,2026-04-09 07:00:00,Flipkart
FREV-501305,FPRD-00898,FCUST-340162,4.0,Value for money,2026-01-08 09:00:00,Flipkart
FREV-501306,FPRD-01925,FCUST-265003,2.0,Poor packaging,2025-08-12 20:00:00,Flipkart
FREV-501307,FPRD-02098,FCUST-570993,3.0,Awesome!,2025-09-04 20:00:00,Flipkart
FREV-501308,FPRD-00429,FCUST-257577,1.0,Value for money,2026-03-12 18:00:00,Flipkart
FREV-501309,FPRD-00380,FCUST-530760,,Decent buy,2026-02-04 22:00:00,Flipkart
FREV-501310,FPRD-01211,FCUST-337105,2.0,Value for money,2025-11-06 12:00:00,Flipkart
FREV-501311,FPRD-00470,FCUST-329134,3.0,Value for money,2025-07-12 17:00:00,Flipkart
FREV-501312,FPRD-00105,FCUST-237162,5.0,Value for money,2025-12-31 13:00:00,Flipkart
FREV-501313,FPRD-00787,FCUST-421546,2.0,Decent buy,2024-11-03 15:00:00,Flipkart
FREV-501314,FPRD-02325,FCUST-585793,,Value for money,2024-08-31 23:00:00,Flipkart
FREV-501315,FPRD-01697,FCUST-345665,3.0,Awesome!,2025-12-22 08:00:00,Flipkart
FREV-501316,FPRD-01484,FCUST-293600,2.0,Highly recommended,2025-07-22 03:00:00,Flipkart
FREV-501317,FPRD-02405,FCUST-494841,1.0,Value for money,2026-04-15 16:00:00,Flipkart
FREV-501318,FPRD-02335,FCUST-401465,4.0,Decent buy,2026-03-08 03:00:00,Flipkart
FREV-501319,FPRD-00810,FCUST-534168,1.0,Awesome!,2026-06-15 01:00:00,Flipkart
FREV-501320,FPRD-00785,FCUST-295128,2.0,Poor packaging,2024-09-25 19:00:00,Flipkart
FREV-501321,FPRD-02465,FCUST-572090,1.0,Decent buy,2026-05-30 23:00:00,Flipkart
FREV-501322,FPRD-00541,FCUST-306466,2.0,Value for money,2026-07-09 02:00:00,Flipkart
FREV-501323,FPRD-01150,FCUST-279901,1.0,Value for money,2025-10-07 20:00:00,Flipkart
FREV-501324,FPRD-01623,FCUST-276264,5.0,Poor packaging,2025-08-16 03:00:00,Flipkart
FREV-501325,FPRD-00392,FCUST-587492,1.0,Poor packaging,2025-02-05 06:00:00,Flipkart
FREV-501326,FPRD-01636,FCUST-311855,5.0,Decent buy,2025-06-02 16:00:00,Flipkart
FREV-501327,FPRD-01136,FCUST-427349,2.0,Value for money,2026-04-29 01:00:00,Flipkart
FREV-501328,FPRD-00825,FCUST-321023,5.0,Poor packaging,2026-04-22 05:00:00,Flipkart
FREV-501329,FPRD-00136,FCUST-524768,2.0,Awesome!,2026-07-11 15:00:00,Flipkart
FREV-501330,FPRD-00140,FCUST-466064,5.0,Decent buy,2025-03-09 13:00:00,Flipkart
FREV-501331,FPRD-01903,FCUST-387729,,Awesome!,2025-04-16 05:00:00,Flipkart
FREV-501332,FPRD-02102,FCUST-210344,3.0,Decent buy,2025-08-10 01:00:00,Flipkart
FREV-501333,FPRD-02017,FCUST-284785,,Poor packaging,2026-06-13 19:00:00,Flipkart
FREV-501334,FPRD-00733,FCUST-436038,4.0,Value for money,2026-03-13 21:00:00,Flipkart
FREV-501335,FPRD-00982,FCUST-426906,2.0,Value for money,2025-06-22 22:00:00,Flipkart
FREV-501336,FPRD-02220,FCUST-567728,1.0,Value for money,2025-09-18 13:00:00,Flipkart
FREV-501337,FPRD-01477,FCUST-231193,,Poor packaging,2025-10-09 20:00:00,Flipkart
FREV-501338,FPRD-01559,FCUST-368048,3.0,Poor packaging,2024-11-20 18:00:00,Flipkart
FREV-501339,FPRD-00873,FCUST-207083,1.0,Value for money,2025-11-13 09:00:00,Flipkart
FREV-501340,FPRD-01587,FCUST-361347,4.0,Decent buy,2025-04-16 18:00:00,Flipkart
FREV-501341,FPRD-01067,FCUST-588814,2.0,Decent buy,2025-01-04 15:00:00,Flipkart
FREV-501342,FPRD-01679,FCUST-556776,1.0,Decent buy,2025-03-06 03:00:00,Flipkart
FREV-501343,FPRD-01406,FCUST-333310,3.0,Highly recommended,2025-05-13 23:00:00,Flipkart
FREV-501344,FPRD-02450,FCUST-418645,1.0,Awesome!,2026-02-19 02:00:00,Flipkart
FREV-501345,FPRD-01420,FCUST-209834,1.0,Highly recommended,2025-10-03 04:00:00,Flipkart
FREV-501346,FPRD-01054,FCUST-578485,4.0,Highly recommended,2025-05-04 15:00:00,Flipkart
FREV-501347,FPRD-00769,FCUST-231193,5.0,Highly recommended,2025-10-09 20:00:00,Flipkart
FREV-501348,FPRD-01652,FCUST-544962,1.0,Awesome!,2026-08-03 04:00:00,Flipkart
FREV-501349,FPRD-01638,FCUST-536951,5.0,Poor packaging,2026-04-24 03:00:00,Flipkart
FREV-501350,FPRD-01845,FCUST-467660,5.0,Decent buy,2026-08-08 09:00:00,Flipkart
FREV-501351,FPRD-01906,FCUST-360262,5.0,Awesome!,2025-10-31 01:00:00,Flipkart
FREV-501352,FPRD-00750,FCUST-366910,3.0,Poor packaging,2025-11-02 14:00:00,Flipkart
FREV-501353,FPRD-00059,FCUST-301872,4.0,Poor packaging,2026-01-27 04:00:00,Flipkart
FREV-501354,FPRD-01339,FCUST-584412,2.0,Value for money,2026-03-02 10:00:00,Flipkart
FREV-501355,FPRD-00976,FCUST-341563,5.0,Awesome!,2024-08-17 00:00:00,Flipkart
FREV-501356,FPRD-01096,FCUST-297103,5.0,Highly recommended,2024-09-11 17:00:00,Flipkart
FREV-501357,FPRD-00406,FCUST-212224,4.0,Value for money,2025-08-30 04:00:00,Flipkart
FREV-501358,FPRD-00393,FCUST-455329,5.0,Decent buy,2024-12-11 01:00:00,Flipkart
FREV-501359,FPRD-00327,FCUST-215074,5.0,Poor packaging,2025-12-05 13:00:00,Flipkart
FREV-501360,FPRD-01384,FCUST-575150,5.0,Awesome!,2026-03-30 13:00:00,Flipkart
FREV-501361,FPRD-00795,FCUST-252502,5.0,Value for money,2025-12-22 21:00:00,Flipkart
FREV-501362,FPRD-00143,FCUST-471313,4.0,Decent buy,2026-04-17 07:00:00,Flipkart
FREV-501363,FPRD-02197,FCUST-206911,4.0,Decent buy,2025-01-18 07:00:00,Flipkart
FREV-501364,FPRD-00478,FCUST-452906,3.0,Decent buy,2025-12-14 15:00:00,Flipkart
FREV-501365,FPRD-01106,FCUST-294874,2.0,Poor packaging,2025-02-27 10:00:00,Flipkart
FREV-501366,FPRD-00336,FCUST-307680,1.0,Highly recommended,2024-09-29 08:00:00,Flipkart
FREV-501367,FPRD-02388,FCUST-245539,5.0,Value for money,2025-11-21 05:00:00,Flipkart
FREV-501368,FPRD-01393,FCUST-499432,5.0,Awesome!,2025-11-17 18:00:00,Flipkart
FREV-501369,FPRD-01558,FCUST-320262,3.0,Value for money,2025-08-29 01:00:00,Flipkart
FREV-501370,FPRD-00201,FCUST-429567,5.0,Awesome!,2025-02-03 00:00:00,Flipkart
FREV-501371,FPRD-00120,FCUST-579614,5.0,Poor packaging,2026-06-28 15:00:00,Flipkart
FREV-501372,FPRD-00366,FCUST-273406,2.0,Decent buy,2026-03-22 16:00:00,Flipkart
FREV-501373,FPRD-02059,FCUST-310862,,Decent buy,2026-05-15 15:00:00,Flipkart
FREV-501374,FPRD-01842,FCUST-477420,5.0,Highly recommended,2026-01-04 20:00:00,Flipkart
FREV-501375,FPRD-00252,FCUST-467684,4.0,Value for money,2025-04-23 16:00:00,Flipkart
FREV-501376,FPRD-01687,FCUST-476123,,Value for money,2024-12-01 13:00:00,Flipkart
FREV-501377,FPRD-01141,FCUST-310999,5.0,Awesome!,2025-11-05 20:00:00,Flipkart
FREV-501378,FPRD-02188,FCUST-321963,3.0,Poor packaging,2025-07-29 21:00:00,Flipkart
FREV-501379,FPRD-00699,FCUST-548342,3.0,Decent buy,2026-06-06 22:00:00,Flipkart
FREV-501380,FPRD-01268,FCUST-381359,1.0,Decent buy,2024-11-17 20:00:00,Flipkart
FREV-501381,FPRD-00362,FCUST-471297,5.0,Awesome!,2025-03-28 22:00:00,Flipkart
FREV-501382,FPRD-01483,FCUST-215310,1.0,Decent buy,2025-06-11 20:00:00,Flipkart
FREV-501383,FPRD-00012,FCUST-496465,3.0,Highly recommended,2026-03-09 12:00:00,Flipkart
FREV-501384,FPRD-01100,FCUST-256436,1.0,Decent buy,2025-12-27 07:00:00,Flipkart
FREV-501385,FPRD-02250,FCUST-303253,4.0,Value for money,2026-03-19 14:00:00,Flipkart
FREV-501386,FPRD-01895,FCUST-290064,4.0,Value for money,2025-09-08 07:00:00,Flipkart
FREV-501387,FPRD-00903,FCUST-509545,1.0,Highly recommended,2025-09-07 19:00:00,Flipkart
FREV-501388,FPRD-01192,FCUST-541715,3.0,Decent buy,2025-12-08 04:00:00,Flipkart
FREV-501389,FPRD-00524,FCUST-566659,5.0,Poor packaging,2026-02-12 04:00:00,Flipkart
FREV-501390,FPRD-01361,FCUST-276967,1.0,Poor packaging,2025-01-04 09:00:00,Flipkart
FREV-501391,FPRD-01458,FCUST-597963,5.0,Value for money,2025-03-12 21:00:00,Flipkart
FREV-501392,FPRD-01224,FCUST-477287,4.0,Decent buy,2026-06-08 18:00:00,Flipkart
FREV-501393,FPRD-01000,FCUST-392694,5.0,Value for money,2025-12-24 11:00:00,Flipkart
FREV-501394,FPRD-01585,FCUST-253635,2.0,Awesome!,2025-10-21 05:00:00,Flipkart
FREV-501395,FPRD-02199,FCUST-268799,4.0,Highly recommended,2025-06-07 02:00:00,Flipkart
FREV-501396,FPRD-01550,FCUST-243028,1.0,Highly recommended,2026-06-15 08:00:00,Flipkart
FREV-501397,FPRD-01213,FCUST-394385,,Value for money,2025-05-28 04:00:00,Flipkart
FREV-501398,FPRD-01653,FCUST-572034,2.0,Awesome!,2025-04-08 17:00:00,Flipkart
FREV-501399,FPRD-02281,FCUST-307958,3.0,Awesome!,2026-03-02 17:00:00,Flipkart
FREV-501400,FPRD-01521,FCUST-375384,5.0,Decent buy,2026-05-07 05:00:00,Flipkart
FREV-501401,FPRD-01443,FCUST-408773,4.0,Decent buy,2025-03-10 22:00:00,Flipkart
FREV-501402,FPRD-01926,FCUST-470622,,Poor packaging,2025-08-11 07:00:00,Flipkart
FREV-501403,FPRD-01667,FCUST-383644,1.0,Poor packaging,2026-02-14 19:00:00,Flipkart
FREV-501404,FPRD-02234,FCUST-490085,1.0,Poor packaging,2026-04-26 22:00:00,Flipkart
FREV-501405,FPRD-01463,FCUST-215026,5.0,Awesome!,2026-01-30 23:00:00,Flipkart
FREV-501406,FPRD-00162,FCUST-308371,5.0,Highly recommended,2024-09-16 02:00:00,Flipkart
FREV-501407,FPRD-00903,FCUST-389162,3.0,Poor packaging,2026-08-01 02:00:00,Flipkart
FREV-501408,FPRD-01980,FCUST-396404,1.0,Value for money,2025-02-10 12:00:00,Flipkart
FREV-501409,FPRD-00098,FCUST-551885,3.0,Decent buy,2025-06-05 11:00:00,Flipkart
FREV-501410,FPRD-01546,FCUST-598962,3.0,Poor packaging,2026-07-22 18:00:00,Flipkart
FREV-501411,FPRD-01834,FCUST-561376,3.0,Awesome!,2024-09-23 10:00:00,Flipkart
FREV-501412,FPRD-00688,FCUST-411873,1.0,Awesome!,2025-11-27 09:00:00,Flipkart
FREV-501413,FPRD-01485,FCUST-428960,4.0,Decent buy,2025-01-02 06:00:00,Flipkart
FREV-501414,FPRD-00750,FCUST-448226,1.0,Highly recommended,2024-11-07 19:00:00,Flipkart
FREV-501415,FPRD-01810,FCUST-304226,1.0,Value for money,2026-01-23 16:00:00,Flipkart
FREV-501416,FPRD-02219,FCUST-351722,2.0,Decent buy,2026-04-05 09:00:00,Flipkart
FREV-501417,FPRD-00186,FCUST-240153,2.0,Value for money,2025-03-08 19:00:00,Flipkart
FREV-501418,FPRD-01252,FCUST-393336,2.0,Poor packaging,2025-08-31 01:00:00,Flipkart
FREV-501419,FPRD-01530,FCUST-325919,4.0,Awesome!,2026-04-13 10:00:00,Flipkart
FREV-501420,FPRD-01103,FCUST-563085,4.0,Awesome!,2026-07-01 13:00:00,Flipkart
FREV-501421,FPRD-00196,FCUST-536343,3.0,Decent buy,2026-02-23 12:00:00,Flipkart
FREV-501422,FPRD-02425,FCUST-470263,3.0,Value for money,2026-07-05 04:00:00,Flipkart
FREV-501423,FPRD-01934,FCUST-250089,,Highly recommended,2025-10-24 04:00:00,Flipkart
FREV-501424,FPRD-00689,FCUST-504913,5.0,Decent buy,2024-11-12 22:00:00,Flipkart
FREV-501425,FPRD-01062,FCUST-390370,2.0,Highly recommended,2025-08-18 08:00:00,Flipkart
FREV-501426,FPRD-01687,FCUST-306008,2.0,Decent buy,2024-10-21 08:00:00,Flipkart
FREV-501427,FPRD-00092,FCUST-590133,4.0,Value for money,2026-04-25 12:00:00,Flipkart
FREV-501428,FPRD-02018,FCUST-362158,2.0,Decent buy,2026-03-11 01:00:00,Flipkart
FREV-501429,FPRD-00441,FCUST-239307,3.0,Decent buy,2024-10-08 21:00:00,Flipkart
FREV-501430,FPRD-02216,FCUST-489604,1.0,Poor packaging,2026-05-27 12:00:00,Flipkart
FREV-501431,FPRD-00979,FCUST-223091,2.0,Highly recommended,2025-08-20 01:00:00,Flipkart
FREV-501432,FPRD-00089,FCUST-353685,2.0,Poor packaging,2025-03-26 14:00:00,Flipkart
FREV-501433,FPRD-00385,FCUST-401404,2.0,Decent buy,2025-06-03 14:00:00,Flipkart
FREV-501434,FPRD-01666,FCUST-265136,4.0,Poor packaging,2024-12-07 18:00:00,Flipkart
FREV-501435,FPRD-01268,FCUST-577141,,Highly recommended,2024-11-04 16:00:00,Flipkart
FREV-501436,FPRD-01745,FCUST-446139,2.0,Value for money,2024-11-10 10:00:00,Flipkart
FREV-501437,FPRD-00970,FCUST-234763,1.0,Value for money,2024-09-02 04:00:00,Flipkart
FREV-501438,FPRD-02168,FCUST-291196,1.0,Decent buy,2025-09-03 19:00:00,Flipkart
FREV-501439,FPRD-01130,FCUST-579971,5.0,Awesome!,2026-06-11 14:00:00,Flipkart
FREV-501440,FPRD-00987,FCUST-507167,2.0,Value for money,2025-04-26 17:00:00,Flipkart
FREV-501441,FPRD-01964,FCUST-394392,1.0,Awesome!,2026-06-30 08:00:00,Flipkart
FREV-501442,FPRD-02409,FCUST-578079,2.0,Decent buy,2026-04-05 08:00:00,Flipkart
FREV-501443,FPRD-00815,FCUST-450604,4.0,Poor packaging,2025-12-06 11:00:00,Flipkart
FREV-501444,FPRD-00943,FCUST-246993,5.0,Value for money,2024-11-14 06:00:00,Flipkart
FREV-501445,FPRD-00634,FCUST-389586,5.0,Highly recommended,2025-06-07 18:00:00,Flipkart
FREV-501446,FPRD-01293,FCUST-566539,1.0,Highly recommended,2025-03-10 01:00:00,Flipkart
FREV-501447,FPRD-01716,FCUST-253552,1.0,Decent buy,2024-10-11 10:00:00,Flipkart
FREV-501448,FPRD-01511,FCUST-275203,2.0,Value for money,2024-08-18 15:00:00,Flipkart
FREV-501449,FPRD-01490,FCUST-569695,2.0,Highly recommended,2025-06-11 09:00:00,Flipkart
FREV-501450,FPRD-00070,FCUST-569746,1.0,Awesome!,2026-01-15 01:00:00,Flipkart
FREV-501451,FPRD-01464,FCUST-332210,3.0,Poor packaging,2024-10-17 11:00:00,Flipkart
FREV-501452,FPRD-01127,FCUST-516909,2.0,Decent buy,2026-06-05 06:00:00,Flipkart
FREV-501453,FPRD-01014,FCUST-260737,5.0,Poor packaging,2025-12-24 13:00:00,Flipkart
FREV-501454,FPRD-00535,FCUST-289612,4.0,Value for money,2025-11-16 20:00:00,Flipkart
FREV-501455,FPRD-00418,FCUST-556151,4.0,Awesome!,2024-08-22 06:00:00,Flipkart
FREV-501456,FPRD-01775,FCUST-466643,5.0,Poor packaging,2024-10-12 21:00:00,Flipkart
FREV-501457,FPRD-02391,FCUST-515913,4.0,Decent buy,2025-02-22 12:00:00,Flipkart
FREV-501458,FPRD-01974,FCUST-548251,,Decent buy,2025-06-02 03:00:00,Flipkart
FREV-501459,FPRD-00487,FCUST-451704,,Poor packaging,2024-09-19 03:00:00,Flipkart
FREV-501460,FPRD-01629,FCUST-524698,1.0,Poor packaging,2025-10-20 22:00:00,Flipkart
FREV-501461,FPRD-02321,FCUST-380713,2.0,Decent buy,2026-07-16 17:00:00,Flipkart
FREV-501462,FPRD-01708,FCUST-310032,4.0,Highly recommended,2025-10-05 12:00:00,Flipkart
FREV-501463,FPRD-02200,FCUST-485465,1.0,Poor packaging,2026-03-03 22:00:00,Flipkart
FREV-501464,FPRD-01968,FCUST-457467,3.0,Decent buy,2025-07-14 19:00:00,Flipkart
FREV-501465,FPRD-00908,FCUST-451704,3.0,Decent buy,2025-12-23 14:00:00,Flipkart
FREV-501466,FPRD-00883,FCUST-322594,4.0,Decent buy,2025-08-22 15:00:00,Flipkart
FREV-501467,FPRD-01982,FCUST-531550,3.0,Awesome!,2024-09-04 19:00:00,Flipkart
FREV-501468,FPRD-01356,FCUST-223142,5.0,Decent buy,2025-02-25 14:00:00,Flipkart
FREV-501469,FPRD-00879,FCUST-361157,2.0,Poor packaging,2025-03-25 09:00:00,Flipkart
FREV-501470,FPRD-00478,FCUST-304542,3.0,Value for money,2024-08-15 14:00:00,Flipkart
FREV-501471,FPRD-01667,FCUST-590998,3.0,Awesome!,2025-11-23 23:00:00,Flipkart
FREV-501472,FPRD-01904,FCUST-497598,1.0,Highly recommended,2025-03-27 10:00:00,Flipkart
FREV-501473,FPRD-01556,FCUST-409535,4.0,Decent buy,2025-09-28 21:00:00,Flipkart
FREV-501474,FPRD-01822,FCUST-286636,5.0,Decent buy,2025-06-15 13:00:00,Flipkart
FREV-501475,FPRD-00192,FCUST-532978,4.0,Poor packaging,2025-07-16 06:00:00,Flipkart
FREV-501476,FPRD-01924,FCUST-554148,5.0,Poor packaging,2025-11-17 08:00:00,Flipkart
FREV-501477,FPRD-01233,FCUST-584285,1.0,Awesome!,2024-11-29 01:00:00,Flipkart
FREV-501478,FPRD-02178,FCUST-340162,4.0,Poor packaging,2024-12-09 18:00:00,Flipkart
FREV-501479,FPRD-01258,FCUST-481234,,Awesome!,2025-08-28 23:00:00,Flipkart
FREV-501480,FPRD-02413,FCUST-270079,1.0,Highly recommended,2025-06-08 05:00:00,Flipkart
FREV-501481,FPRD-00567,FCUST-583964,2.0,Highly recommended,2024-08-23 16:00:00,Flipkart
FREV-501482,FPRD-01759,FCUST-412815,,Poor packaging,2025-12-31 14:00:00,Flipkart
FREV-501483,FPRD-02039,FCUST-467556,3.0,Decent buy,2024-09-17 23:00:00,Flipkart
FREV-501484,FPRD-00993,FCUST-574196,3.0,Decent buy,2024-10-16 13:00:00,Flipkart
FREV-501485,FPRD-00717,FCUST-245070,5.0,Value for money,2026-04-06 17:00:00,Flipkart
FREV-501486,FPRD-01718,FCUST-374323,4.0,Poor packaging,2025-02-07 18:00:00,Flipkart
FREV-501487,FPRD-01912,FCUST-304280,2.0,Awesome!,2026-07-03 02:00:00,Flipkart
FREV-501488,FPRD-02158,FCUST-251029,2.0,Decent buy,2026-04-25 05:00:00,Flipkart
FREV-501489,FPRD-00726,FCUST-596917,1.0,Awesome!,2025-11-28 02:00:00,Flipkart
FREV-501490,FPRD-01872,FCUST-307457,5.0,Decent buy,2026-05-09 17:00:00,Flipkart
FREV-501491,FPRD-01047,FCUST-261225,3.0,Poor packaging,2026-04-28 20:00:00,Flipkart
FREV-501492,FPRD-01059,FCUST-530748,,Decent buy,2025-08-29 10:00:00,Flipkart
FREV-501493,FPRD-00627,FCUST-320994,3.0,Awesome!,2026-02-19 01:00:00,Flipkart
FREV-501494,FPRD-00548,FCUST-524794,,Decent buy,2025-10-13 05:00:00,Flipkart
FREV-501495,FPRD-01779,FCUST-367740,3.0,Awesome!,2026-05-25 17:00:00,Flipkart
FREV-501496,FPRD-01508,FCUST-202135,5.0,Awesome!,2025-10-11 17:00:00,Flipkart
FREV-501497,FPRD-00723,FCUST-367361,2.0,Highly recommended,2025-02-21 07:00:00,Flipkart
FREV-501498,FPRD-00823,FCUST-576551,3.0,Decent buy,2025-11-20 06:00:00,Flipkart
FREV-501499,FPRD-02384,FCUST-492540,1.0,Decent buy,2025-11-04 10:00:00,Flipkart
FREV-501500,FPRD-02436,FCUST-502070,5.0,Highly recommended,2024-08-28 00:00:00,Flipkart
FREV-501501,FPRD-00662,FCUST-261203,3.0,Value for money,2025-09-22 19:00:00,Flipkart
FREV-501502,FPRD-01051,FCUST-200468,1.0,Highly recommended,2025-07-03 00:00:00,Flipkart
FREV-501503,FPRD-00769,FCUST-353173,3.0,Value for money,2026-03-13 21:00:00,Flipkart
FREV-501504,FPRD-00972,FCUST-262137,2.0,Highly recommended,2026-05-19 22:00:00,Flipkart
FREV-501505,FPRD-00463,FCUST-487709,2.0,Highly recommended,2025-05-04 14:00:00,Flipkart
FREV-501506,FPRD-02168,FCUST-463587,3.0,Value for money,2025-09-15 11:00:00,Flipkart
FREV-501507,FPRD-02114,FCUST-579971,3.0,Decent buy,2026-03-17 23:00:00,Flipkart
FREV-501508,FPRD-00965,FCUST-316977,1.0,Awesome!,2024-11-07 11:00:00,Flipkart
FREV-501509,FPRD-00646,FCUST-548342,5.0,Decent buy,2026-06-24 05:00:00,Flipkart
FREV-501510,FPRD-01521,FCUST-562114,3.0,Poor packaging,2025-11-25 12:00:00,Flipkart
FREV-501511,FPRD-00447,FCUST-566790,4.0,Decent buy,2024-12-28 03:00:00,Flipkart
FREV-501512,FPRD-00308,FCUST-272716,,Poor packaging,2025-04-20 06:00:00,Flipkart
FREV-501513,FPRD-00457,FCUST-228128,1.0,Value for money,2025-05-02 12:00:00,Flipkart
FREV-501514,FPRD-01281,FCUST-515883,5.0,Awesome!,2025-06-22 01:00:00,Flipkart
FREV-501515,FPRD-02373,FCUST-414040,3.0,Decent buy,2026-07-21 14:00:00,Flipkart
FREV-501516,FPRD-00004,FCUST-466988,4.0,Decent buy,2024-11-01 20:00:00,Flipkart
FREV-501517,FPRD-00677,FCUST-538259,5.0,Value for money,2026-05-27 07:00:00,Flipkart
FREV-501518,FPRD-00852,FCUST-489326,5.0,Poor packaging,2025-09-28 08:00:00,Flipkart
FREV-501519,FPRD-01526,FCUST-333670,4.0,Highly recommended,2025-11-03 02:00:00,Flipkart
FREV-501520,FPRD-01775,FCUST-555041,1.0,Awesome!,2026-07-21 01:00:00,Flipkart
FREV-501521,FPRD-00062,FCUST-506612,2.0,Highly recommended,2026-01-11 08:00:00,Flipkart
FREV-501522,FPRD-00960,FCUST-276817,,Highly recommended,2026-04-09 02:00:00,Flipkart
FREV-501523,FPRD-02369,FCUST-460338,1.0,Decent buy,2026-02-01 16:00:00,Flipkart
FREV-501524,FPRD-00251,FCUST-527070,4.0,Decent buy,2025-01-10 14:00:00,Flipkart
FREV-501525,FPRD-01353,FCUST-359649,3.0,Highly recommended,2024-12-30 09:00:00,Flipkart
FREV-501526,FPRD-00084,FCUST-390933,4.0,Decent buy,2025-05-11 09:00:00,Flipkart
FREV-501527,FPRD-01443,FCUST-584251,5.0,Highly recommended,2025-07-04 03:00:00,Flipkart
FREV-501528,FPRD-02154,FCUST-216802,2.0,Value for money,2024-10-06 23:00:00,Flipkart
FREV-501529,FPRD-00649,FCUST-463877,2.0,Value for money,2025-03-03 11:00:00,Flipkart
FREV-501530,FPRD-00592,FCUST-310055,,Decent buy,2026-06-10 19:00:00,Flipkart
FREV-501531,FPRD-01103,FCUST-248054,,Poor packaging,2025-04-09 09:00:00,Flipkart
FREV-501532,FPRD-00774,FCUST-564240,4.0,Highly recommended,2025-08-21 05:00:00,Flipkart
FREV-501533,FPRD-01547,FCUST-568424,4.0,Poor packaging,2026-06-25 13:00:00,Flipkart
FREV-501534,FPRD-02469,FCUST-207649,3.0,Highly recommended,2025-07-19 21:00:00,Flipkart
FREV-501535,FPRD-00040,FCUST-389582,,Awesome!,2024-10-11 17:00:00,Flipkart
FREV-501536,FPRD-00688,FCUST-498381,,Poor packaging,2024-12-03 06:00:00,Flipkart
FREV-501537,FPRD-01549,FCUST-207738,2.0,Highly recommended,2025-06-04 11:00:00,Flipkart
FREV-501538,FPRD-00135,FCUST-227187,2.0,Awesome!,2026-05-05 11:00:00,Flipkart
FREV-501539,FPRD-02317,FCUST-591883,1.0,Value for money,2026-04-09 01:00:00,Flipkart
FREV-501540,FPRD-01062,FCUST-326750,1.0,Value for money,2026-06-26 09:00:00,Flipkart
FREV-501541,FPRD-00023,FCUST-538846,3.0,Poor packaging,2026-07-31 12:00:00,Flipkart
FREV-501542,FPRD-00118,FCUST-399305,3.0,Decent buy,2025-07-21 04:00:00,Flipkart
FREV-501543,FPRD-01165,FCUST-483215,2.0,Value for money,2025-03-19 03:00:00,Flipkart
FREV-501544,FPRD-01244,FCUST-239056,2.0,Highly recommended,2025-03-10 19:00:00,Flipkart
FREV-501545,FPRD-02066,FCUST-218188,4.0,Poor packaging,2026-07-21 09:00:00,Flipkart
FREV-501546,FPRD-00337,FCUST-350453,,Value for money,2025-02-04 05:00:00,Flipkart
FREV-501547,FPRD-00327,FCUST-356945,5.0,Value for money,2025-02-13 19:00:00,Flipkart
FREV-501548,FPRD-00419,FCUST-247701,5.0,Highly recommended,2025-11-04 17:00:00,Flipkart
FREV-501549,FPRD-00357,FCUST-365276,5.0,Poor packaging,2025-04-16 08:00:00,Flipkart
FREV-501550,FPRD-02496,FCUST-407459,3.0,Decent buy,2026-03-13 21:00:00,Flipkart
FREV-501551,FPRD-01298,FCUST-384467,4.0,Poor packaging,2025-09-26 00:00:00,Flipkart
FREV-501552,FPRD-00893,FCUST-486849,1.0,Value for money,2025-04-22 21:00:00,Flipkart
FREV-501553,FPRD-01324,FCUST-239547,3.0,Decent buy,2026-07-29 07:00:00,Flipkart
FREV-501554,FPRD-00632,FCUST-320691,3.0,Highly recommended,2025-01-24 20:00:00,Flipkart
FREV-501555,FPRD-01041,FCUST-573995,4.0,Value for money,2026-04-05 15:00:00,Flipkart
FREV-501556,FPRD-00893,FCUST-498272,5.0,Highly recommended,2025-10-23 15:00:00,Flipkart
FREV-501557,FPRD-01944,FCUST-260737,5.0,Poor packaging,2025-12-24 13:00:00,Flipkart
FREV-501558,FPRD-02036,FCUST-552809,3.0,Decent buy,2026-02-09 02:00:00,Flipkart
FREV-501559,FPRD-02187,FCUST-464811,2.0,Poor packaging,2025-12-13 18:00:00,Flipkart
FREV-501560,FPRD-01760,FCUST-497259,3.0,Decent buy,2025-07-28 06:00:00,Flipkart
FREV-501561,FPRD-00954,FCUST-429744,3.0,Highly recommended,2026-07-26 13:00:00,Flipkart
FREV-501562,FPRD-00137,FCUST-367525,1.0,Decent buy,2025-01-04 22:00:00,Flipkart
FREV-501563,FPRD-01544,FCUST-293873,5.0,Value for money,2024-11-19 06:00:00,Flipkart
FREV-501564,FPRD-01566,FCUST-572958,2.0,Poor packaging,2025-06-03 18:00:00,Flipkart
FREV-501565,FPRD-01544,FCUST-284466,3.0,Poor packaging,2024-09-06 07:00:00,Flipkart
FREV-501566,FPRD-01591,FCUST-551200,3.0,Decent buy,2025-01-06 03:00:00,Flipkart
FREV-501567,FPRD-02271,FCUST-586703,5.0,Decent buy,2025-01-18 22:00:00,Flipkart
FREV-501568,FPRD-01153,FCUST-475231,3.0,Poor packaging,2025-12-22 10:00:00,Flipkart
FREV-501569,FPRD-02313,FCUST-316733,5.0,Poor packaging,2026-05-08 06:00:00,Flipkart
FREV-501570,FPRD-02390,FCUST-224014,,Value for money,2026-02-15 12:00:00,Flipkart
FREV-501571,FPRD-02245,FCUST-442134,2.0,Value for money,2025-03-26 14:00:00,Flipkart
FREV-501572,FPRD-00544,FCUST-485617,1.0,Poor packaging,2025-12-19 16:00:00,Flipkart
FREV-501573,FPRD-01847,FCUST-206731,3.0,Awesome!,2026-03-12 00:00:00,Flipkart
FREV-501574,FPRD-00612,FCUST-459875,3.0,Value for money,2026-07-29 18:00:00,Flipkart
FREV-501575,FPRD-00139,FCUST-366668,4.0,Poor packaging,2025-08-21 20:00:00,Flipkart
FREV-501576,FPRD-01161,FCUST-440565,3.0,Highly recommended,2024-10-22 08:00:00,Flipkart
FREV-501577,FPRD-01016,FCUST-494197,4.0,Highly recommended,2025-06-08 22:00:00,Flipkart
FREV-501578,FPRD-02155,FCUST-255016,1.0,Awesome!,2024-10-16 16:00:00,Flipkart
FREV-501579,FPRD-00860,FCUST-520817,3.0,Value for money,2025-08-24 07:00:00,Flipkart
FREV-501580,FPRD-01811,FCUST-253635,4.0,Value for money,2025-10-21 05:00:00,Flipkart
FREV-501581,FPRD-00577,FCUST-398340,4.0,Decent buy,2025-05-07 16:00:00,Flipkart
FREV-501582,FPRD-00046,FCUST-489330,2.0,Poor packaging,2025-04-16 09:00:00,Flipkart
FREV-501583,FPRD-00064,FCUST-264870,3.0,Value for money,2024-10-06 01:00:00,Flipkart
FREV-501584,FPRD-00310,FCUST-595256,2.0,Awesome!,2026-05-15 15:00:00,Flipkart
FREV-501585,FPRD-02302,FCUST-415471,1.0,Awesome!,2025-01-27 23:00:00,Flipkart
FREV-501586,FPRD-02071,FCUST-306639,1.0,Awesome!,2025-12-11 16:00:00,Flipkart
FREV-501587,FPRD-00609,FCUST-567962,5.0,Decent buy,2024-10-09 08:00:00,Flipkart
FREV-501588,FPRD-01398,FCUST-450215,5.0,Highly recommended,2026-05-21 06:00:00,Flipkart
FREV-501589,FPRD-00297,FCUST-221451,3.0,Decent buy,2025-10-21 14:00:00,Flipkart
FREV-501590,FPRD-02075,FCUST-588357,2.0,Poor packaging,2025-08-11 14:00:00,Flipkart
FREV-501591,FPRD-02414,FCUST-452369,5.0,Highly recommended,2025-06-07 15:00:00,Flipkart
FREV-501592,FPRD-00133,FCUST-482924,1.0,Poor packaging,2024-10-10 08:00:00,Flipkart
FREV-501593,FPRD-02366,FCUST-267276,2.0,Decent buy,2025-05-03 07:00:00,Flipkart
FREV-501594,FPRD-00717,FCUST-236334,2.0,Value for money,2026-02-20 09:00:00,Flipkart
FREV-501595,FPRD-00088,FCUST-369793,1.0,Awesome!,2025-01-02 21:00:00,Flipkart
FREV-501596,FPRD-01052,FCUST-525608,3.0,Poor packaging,2026-04-21 14:00:00,Flipkart
FREV-501597,FPRD-00402,FCUST-484655,4.0,Decent buy,2025-05-04 08:00:00,Flipkart
FREV-501598,FPRD-02482,FCUST-373238,3.0,Highly recommended,2026-06-14 14:00:00,Flipkart
FREV-501599,FPRD-01274,FCUST-204925,2.0,Highly recommended,2025-06-27 22:00:00,Flipkart
FREV-501600,FPRD-00926,FCUST-355128,1.0,Decent buy,2025-07-26 11:00:00,Flipkart
FREV-501601,FPRD-01457,FCUST-458791,2.0,Awesome!,2024-09-30 12:00:00,Flipkart
FREV-501602,FPRD-01362,FCUST-252500,,Value for money,2025-05-21 17:00:00,Flipkart
FREV-501603,FPRD-02472,FCUST-497808,1.0,Awesome!,2025-05-04 17:00:00,Flipkart
FREV-501604,FPRD-01511,FCUST-333625,1.0,Highly recommended,2025-10-20 15:00:00,Flipkart
FREV-501605,FPRD-01369,FCUST-405132,5.0,Poor packaging,2024-10-27 15:00:00,Flipkart
FREV-501606,FPRD-01578,FCUST-212381,,Awesome!,2024-08-22 20:00:00,Flipkart
FREV-501607,FPRD-01924,FCUST-303580,,Poor packaging,2024-10-10 00:00:00,Flipkart
FREV-501608,FPRD-02213,FCUST-344488,3.0,Highly recommended,2024-11-21 21:00:00,Flipkart
FREV-501609,FPRD-00714,FCUST-383754,2.0,Decent buy,2026-06-19 07:00:00,Flipkart
FREV-501610,FPRD-02127,FCUST-309866,3.0,Value for money,2026-04-21 22:00:00,Flipkart
FREV-501611,FPRD-00870,FCUST-316033,2.0,Awesome!,2024-11-12 03:00:00,Flipkart
FREV-501612,FPRD-00135,FCUST-437186,,Awesome!,2026-05-13 12:00:00,Flipkart
FREV-501613,FPRD-02150,FCUST-384953,,Poor packaging,2026-04-01 17:00:00,Flipkart
FREV-501614,FPRD-00549,FCUST-324318,4.0,Decent buy,2025-02-07 07:00:00,Flipkart
FREV-501615,FPRD-01014,FCUST-557371,4.0,Decent buy,2025-01-16 06:00:00,Flipkart
FREV-501616,FPRD-00397,FCUST-320319,,Poor packaging,2025-03-14 14:00:00,Flipkart
FREV-501617,FPRD-00708,FCUST-562322,5.0,Poor packaging,2025-11-24 02:00:00,Flipkart
FREV-501618,FPRD-01262,FCUST-469824,2.0,Poor packaging,2025-10-27 02:00:00,Flipkart
FREV-501619,FPRD-00651,FCUST-311735,4.0,Value for money,2026-03-05 07:00:00,Flipkart
FREV-501620,FPRD-02157,FCUST-311715,4.0,Poor packaging,2024-10-17 08:00:00,Flipkart
FREV-501621,FPRD-02025,FCUST-513604,4.0,Decent buy,2025-08-26 01:00:00,Flipkart
FREV-501622,FPRD-00360,FCUST-453005,1.0,Awesome!,2026-06-17 04:00:00,Flipkart
FREV-501623,FPRD-02408,FCUST-329159,4.0,Decent buy,2026-07-09 15:00:00,Flipkart
FREV-501624,FPRD-01483,FCUST-239547,5.0,Awesome!,2026-01-30 01:00:00,Flipkart
FREV-501625,FPRD-00083,FCUST-474908,1.0,Awesome!,2025-04-08 11:00:00,Flipkart
FREV-501626,FPRD-01528,FCUST-556473,5.0,Value for money,2025-10-24 19:00:00,Flipkart
FREV-501627,FPRD-02450,FCUST-534355,5.0,Value for money,2025-03-06 20:00:00,Flipkart
FREV-501628,FPRD-00387,FCUST-509294,3.0,Highly recommended,2025-12-13 14:00:00,Flipkart
FREV-501629,FPRD-01628,FCUST-521010,4.0,Highly recommended,2025-02-11 03:00:00,Flipkart
FREV-501630,FPRD-02460,FCUST-393650,,Poor packaging,2025-06-05 19:00:00,Flipkart
FREV-501631,FPRD-00064,FCUST-202481,2.0,Poor packaging,2025-01-23 02:00:00,Flipkart
FREV-501632,FPRD-01242,FCUST-450970,5.0,Awesome!,2025-08-12 20:00:00,Flipkart
FREV-501633,FPRD-02448,FCUST-576648,2.0,Value for money,2026-04-20 09:00:00,Flipkart
FREV-501634,FPRD-00129,FCUST-295870,5.0,Poor packaging,2025-04-03 07:00:00,Flipkart
FREV-501635,FPRD-00409,FCUST-327967,1.0,Awesome!,2024-12-27 01:00:00,Flipkart
FREV-501636,FPRD-02251,FCUST-310443,3.0,Decent buy,2026-05-02 13:00:00,Flipkart
FREV-501637,FPRD-01305,FCUST-413949,4.0,Poor packaging,2024-12-12 03:00:00,Flipkart
FREV-501638,FPRD-01571,FCUST-407810,4.0,Value for money,2024-10-11 10:00:00,Flipkart
FREV-501639,FPRD-00847,FCUST-413678,5.0,Awesome!,2025-12-06 08:00:00,Flipkart
FREV-501640,FPRD-01561,FCUST-222946,4.0,Highly recommended,2025-02-10 19:00:00,Flipkart
FREV-501641,FPRD-01605,FCUST-534315,4.0,Value for money,2026-03-08 22:00:00,Flipkart
FREV-501642,FPRD-02322,FCUST-263814,5.0,Value for money,2025-07-21 09:00:00,Flipkart
FREV-501643,FPRD-01315,FCUST-409013,5.0,Poor packaging,2026-05-25 19:00:00,Flipkart
FREV-501644,FPRD-01553,FCUST-242795,3.0,Highly recommended,2025-12-09 10:00:00,Flipkart
FREV-501645,FPRD-00981,FCUST-309137,3.0,Decent buy,2024-09-16 11:00:00,Flipkart
FREV-501646,FPRD-02126,FCUST-555397,5.0,Awesome!,2025-05-17 16:00:00,Flipkart
FREV-501647,FPRD-02404,FCUST-205847,1.0,Poor packaging,2025-07-02 01:00:00,Flipkart
FREV-501648,FPRD-00670,FCUST-223476,1.0,Value for money,2026-03-19 09:00:00,Flipkart
FREV-501649,FPRD-01688,FCUST-583200,5.0,Value for money,2026-07-14 09:00:00,Flipkart
FREV-501650,FPRD-01112,FCUST-308925,1.0,Decent buy,2024-09-22 00:00:00,Flipkart
FREV-501651,FPRD-01781,FCUST-219853,1.0,Awesome!,2024-09-08 21:00:00,Flipkart
FREV-501652,FPRD-02344,FCUST-411663,2.0,Poor packaging,2026-03-30 06:00:00,Flipkart
FREV-501653,FPRD-00244,FCUST-318608,,Decent buy,2024-11-21 15:00:00,Flipkart
FREV-501654,FPRD-00163,FCUST-209194,,Highly recommended,2025-07-18 10:00:00,Flipkart
FREV-501655,FPRD-00534,FCUST-451483,4.0,Highly recommended,2025-02-13 04:00:00,Flipkart
FREV-501656,FPRD-01377,FCUST-336227,2.0,Value for money,2025-07-31 12:00:00,Flipkart
FREV-501657,FPRD-00411,FCUST-393454,2.0,Awesome!,2024-12-26 12:00:00,Flipkart
FREV-501658,FPRD-01156,FCUST-294408,3.0,Poor packaging,2025-02-18 06:00:00,Flipkart
FREV-501659,FPRD-01174,FCUST-365276,3.0,Poor packaging,2025-08-30 00:00:00,Flipkart
FREV-501660,FPRD-01136,FCUST-260116,3.0,Decent buy,2026-02-17 03:00:00,Flipkart
FREV-501661,FPRD-02205,FCUST-589048,4.0,Poor packaging,2025-09-22 03:00:00,Flipkart
FREV-501662,FPRD-01636,FCUST-252739,2.0,Decent buy,2025-09-11 02:00:00,Flipkart
FREV-501663,FPRD-01865,FCUST-446488,5.0,Awesome!,2024-09-30 09:00:00,Flipkart
FREV-501664,FPRD-01898,FCUST-514574,3.0,Poor packaging,2025-07-31 11:00:00,Flipkart
FREV-501665,FPRD-01127,FCUST-204908,1.0,Awesome!,2026-07-06 09:00:00,Flipkart
FREV-501666,FPRD-01937,FCUST-345673,2.0,Awesome!,2026-06-24 17:00:00,Flipkart
FREV-501667,FPRD-01604,FCUST-218922,1.0,Value for money,2024-09-11 03:00:00,Flipkart
FREV-501668,FPRD-02458,FCUST-361347,3.0,Highly recommended,2025-05-08 11:00:00,Flipkart
FREV-501669,FPRD-01667,FCUST-249716,5.0,Poor packaging,2026-01-02 13:00:00,Flipkart
FREV-501670,FPRD-02175,FCUST-297754,2.0,Poor packaging,2026-02-21 18:00:00,Flipkart
FREV-501671,FPRD-01885,FCUST-503428,5.0,Decent buy,2025-03-25 03:00:00,Flipkart
FREV-501672,FPRD-01191,FCUST-321369,1.0,Awesome!,2025-05-10 02:00:00,Flipkart
FREV-501673,FPRD-01813,FCUST-576979,3.0,Highly recommended,2024-12-09 11:00:00,Flipkart
FREV-501674,FPRD-01336,FCUST-289612,2.0,Value for money,2025-06-27 11:00:00,Flipkart
FREV-501675,FPRD-00249,FCUST-444929,2.0,Decent buy,2025-09-24 07:00:00,Flipkart
FREV-501676,FPRD-00796,FCUST-408075,1.0,Decent buy,2024-10-24 15:00:00,Flipkart
FREV-501677,FPRD-02472,FCUST-479514,,Highly recommended,2024-10-22 01:00:00,Flipkart
FREV-501678,FPRD-00987,FCUST-453005,5.0,Value for money,2025-12-11 19:00:00,Flipkart
FREV-501679,FPRD-01622,FCUST-572958,4.0,Awesome!,2025-07-10 09:00:00,Flipkart
FREV-501680,FPRD-01754,FCUST-259518,1.0,Poor packaging,2025-12-15 02:00:00,Flipkart
FREV-501681,FPRD-02190,FCUST-255270,3.0,Decent buy,2026-05-06 22:00:00,Flipkart
FREV-501682,FPRD-00142,FCUST-504380,5.0,Decent buy,2024-11-25 08:00:00,Flipkart
FREV-501683,FPRD-00097,FCUST-544747,,Poor packaging,2024-08-15 14:00:00,Flipkart
FREV-501684,FPRD-02272,FCUST-496085,3.0,Poor packaging,2026-04-15 16:00:00,Flipkart
FREV-501685,FPRD-01282,FCUST-428638,,Value for money,2025-11-13 20:00:00,Flipkart
FREV-501686,FPRD-00336,FCUST-547899,1.0,Poor packaging,2025-08-29 15:00:00,Flipkart
FREV-501687,FPRD-01620,FCUST-294892,4.0,Awesome!,2024-10-20 23:00:00,Flipkart
FREV-501688,FPRD-00054,FCUST-410480,2.0,Decent buy,2026-05-28 16:00:00,Flipkart
FREV-501689,FPRD-00057,FCUST-265268,3.0,Awesome!,2024-12-10 14:00:00,Flipkart
FREV-501690,FPRD-00144,FCUST-516776,4.0,Value for money,2026-06-24 21:00:00,Flipkart
FREV-501691,FPRD-01376,FCUST-379830,3.0,Decent buy,2025-09-12 19:00:00,Flipkart
FREV-501692,FPRD-00531,FCUST-391415,2.0,Awesome!,2025-01-16 01:00:00,Flipkart
FREV-501693,FPRD-01595,FCUST-526438,4.0,Value for money,2025-04-14 03:00:00,Flipkart
FREV-501694,FPRD-01196,FCUST-389930,1.0,Decent buy,2026-04-08 17:00:00,Flipkart
FREV-501695,FPRD-01367,FCUST-237516,2.0,Value for money,2024-11-14 10:00:00,Flipkart
FREV-501696,FPRD-01107,FCUST-447738,1.0,Poor packaging,2025-11-23 09:00:00,Flipkart
FREV-501697,FPRD-01849,FCUST-235397,3.0,Value for money,2024-10-18 13:00:00,Flipkart
FREV-501698,FPRD-00587,FCUST-487748,3.0,Highly recommended,2025-10-10 06:00:00,Flipkart
FREV-501699,FPRD-01970,FCUST-211008,2.0,Decent buy,2025-07-30 13:00:00,Flipkart
FREV-501700,FPRD-00998,FCUST-331876,2.0,Awesome!,2025-11-08 08:00:00,Flipkart
FREV-501701,FPRD-01159,FCUST-210779,2.0,Awesome!,2025-02-04 10:00:00,Flipkart
FREV-501702,FPRD-00092,FCUST-353419,3.0,Decent buy,2025-12-14 19:00:00,Flipkart
FREV-501703,FPRD-00405,FCUST-492872,4.0,Value for money,2026-05-26 11:00:00,Flipkart
FREV-501704,FPRD-00135,FCUST-497147,1.0,Poor packaging,2024-09-30 09:00:00,Flipkart
FREV-501705,FPRD-00756,FCUST-596309,,Value for money,2026-05-05 16:00:00,Flipkart
FREV-501706,FPRD-02447,FCUST-479283,4.0,Poor packaging,2025-02-02 19:00:00,Flipkart
FREV-501707,FPRD-02076,FCUST-482423,5.0,Decent buy,2025-10-25 12:00:00,Flipkart
FREV-501708,FPRD-00535,FCUST-301430,,Poor packaging,2025-07-10 16:00:00,Flipkart
FREV-501709,FPRD-00920,FCUST-471971,1.0,Highly recommended,2025-07-02 10:00:00,Flipkart
FREV-501710,FPRD-01478,FCUST-376361,1.0,Value for money,2025-01-29 18:00:00,Flipkart
FREV-501711,FPRD-00980,FCUST-202652,4.0,Highly recommended,2025-08-05 07:00:00,Flipkart
FREV-501712,FPRD-00916,FCUST-346138,2.0,Value for money,2026-05-26 05:00:00,Flipkart
FREV-501713,FPRD-00173,FCUST-464967,5.0,Poor packaging,2025-10-22 05:00:00,Flipkart
FREV-501714,FPRD-02243,FCUST-283585,5.0,Poor packaging,2025-12-29 03:00:00,Flipkart
FREV-501715,FPRD-02121,FCUST-280727,2.0,Awesome!,2025-03-25 01:00:00,Flipkart
FREV-501716,FPRD-01916,FCUST-479097,1.0,Value for money,2026-05-07 21:00:00,Flipkart
FREV-501717,FPRD-00621,FCUST-476134,5.0,Highly recommended,2025-07-03 15:00:00,Flipkart
FREV-501718,FPRD-00936,FCUST-532273,5.0,Awesome!,2024-12-20 01:00:00,Flipkart
FREV-501719,FPRD-02495,FCUST-391761,2.0,Awesome!,2026-06-03 22:00:00,Flipkart
FREV-501720,FPRD-01751,FCUST-343290,2.0,Awesome!,2024-10-11 06:00:00,Flipkart
FREV-501721,FPRD-00805,FCUST-344647,3.0,Decent buy,2026-01-10 09:00:00,Flipkart
FREV-501722,FPRD-00062,FCUST-232077,3.0,Poor packaging,2025-04-20 13:00:00,Flipkart
FREV-501723,FPRD-00177,FCUST-303920,5.0,Decent buy,2026-06-13 18:00:00,Flipkart
FREV-501724,FPRD-00194,FCUST-550938,5.0,Value for money,2025-03-05 22:00:00,Flipkart
FREV-501725,FPRD-01063,FCUST-253765,1.0,Decent buy,2026-06-20 16:00:00,Flipkart
FREV-501726,FPRD-00997,FCUST-379725,1.0,Decent buy,2025-10-01 12:00:00,Flipkart
FREV-501727,FPRD-01394,FCUST-549929,1.0,Highly recommended,2025-04-22 05:00:00,Flipkart
FREV-501728,FPRD-01165,FCUST-552276,4.0,Poor packaging,2026-03-10 23:00:00,Flipkart
FREV-501729,FPRD-01858,FCUST-285235,5.0,Decent buy,2026-05-20 15:00:00,Flipkart
FREV-501730,FPRD-00287,FCUST-588562,2.0,Awesome!,2026-02-26 06:00:00,Flipkart
FREV-501731,FPRD-02383,FCUST-283089,1.0,Poor packaging,2025-08-16 11:00:00,Flipkart
FREV-501732,FPRD-00069,FCUST-544962,5.0,Decent buy,2024-10-19 06:00:00,Flipkart
FREV-501733,FPRD-02155,FCUST-486567,3.0,Decent buy,2025-07-12 00:00:00,Flipkart
FREV-501734,FPRD-02483,FCUST-229854,3.0,Value for money,2025-12-02 09:00:00,Flipkart
FREV-501735,FPRD-00215,FCUST-593340,4.0,Highly recommended,2025-01-14 02:00:00,Flipkart
FREV-501736,FPRD-02165,FCUST-468627,1.0,Value for money,2025-10-23 14:00:00,Flipkart
FREV-501737,FPRD-00343,FCUST-576590,2.0,Value for money,2025-11-08 18:00:00,Flipkart
FREV-501738,FPRD-01390,FCUST-377763,3.0,Decent buy,2025-05-11 13:00:00,Flipkart
FREV-501739,FPRD-00068,FCUST-210605,5.0,Poor packaging,2025-02-20 22:00:00,Flipkart
FREV-501740,FPRD-01758,FCUST-325136,4.0,Awesome!,2026-07-04 06:00:00,Flipkart
FREV-501741,FPRD-00237,FCUST-503140,1.0,Value for money,2025-10-26 13:00:00,Flipkart
FREV-501742,FPRD-02391,FCUST-503503,4.0,Decent buy,2024-12-13 09:00:00,Flipkart
FREV-501743,FPRD-02326,FCUST-422853,,Awesome!,2025-07-10 12:00:00,Flipkart
FREV-501744,FPRD-01147,FCUST-256046,2.0,Awesome!,2024-09-10 08:00:00,Flipkart
FREV-501745,FPRD-02221,FCUST-485385,4.0,Value for money,2025-10-09 13:00:00,Flipkart
FREV-501746,FPRD-00506,FCUST-229669,3.0,Awesome!,2024-09-20 23:00:00,Flipkart
FREV-501747,FPRD-01741,FCUST-525197,4.0,Awesome!,2025-01-30 02:00:00,Flipkart
FREV-501748,FPRD-01622,FCUST-499432,3.0,Awesome!,2024-12-27 10:00:00,Flipkart
FREV-501749,FPRD-00366,FCUST-291341,4.0,Poor packaging,2025-11-09 20:00:00,Flipkart
FREV-501750,FPRD-01821,FCUST-323477,5.0,Highly recommended,2026-04-16 12:00:00,Flipkart
FREV-501751,FPRD-01624,FCUST-230827,4.0,Highly recommended,2026-06-06 23:00:00,Flipkart
FREV-501752,FPRD-00017,FCUST-531523,2.0,Decent buy,2025-11-12 09:00:00,Flipkart
FREV-501753,FPRD-01066,FCUST-501259,4.0,Value for money,2025-12-03 11:00:00,Flipkart
FREV-501754,FPRD-01349,FCUST-216366,,Decent buy,2025-02-04 16:00:00,Flipkart
FREV-501755,FPRD-00195,FCUST-467950,,Value for money,2025-10-20 09:00:00,Flipkart
FREV-501756,FPRD-01097,FCUST-589745,4.0,Value for money,2026-05-06 15:00:00,Flipkart
FREV-501757,FPRD-02256,FCUST-368453,1.0,Value for money,2025-07-15 15:00:00,Flipkart
FREV-501758,FPRD-01778,FCUST-475051,1.0,Awesome!,2026-06-14 21:00:00,Flipkart
FREV-501759,FPRD-01585,FCUST-232833,3.0,Awesome!,2025-05-14 05:00:00,Flipkart
FREV-501760,FPRD-00547,FCUST-481852,2.0,Highly recommended,2025-03-20 09:00:00,Flipkart
FREV-501761,FPRD-00220,FCUST-512253,2.0,Highly recommended,2025-04-08 03:00:00,Flipkart
FREV-501762,FPRD-00206,FCUST-377300,5.0,Value for money,2026-03-26 21:00:00,Flipkart
FREV-501763,FPRD-01518,FCUST-528600,1.0,Poor packaging,2025-07-12 15:00:00,Flipkart
FREV-501764,FPRD-00826,FCUST-471255,5.0,Awesome!,2025-12-07 21:00:00,Flipkart
FREV-501765,FPRD-00326,FCUST-497147,2.0,Value for money,2024-09-30 09:00:00,Flipkart
FREV-501766,FPRD-00384,FCUST-391132,3.0,Decent buy,2025-09-11 19:00:00,Flipkart
FREV-501767,FPRD-01448,FCUST-573405,2.0,Value for money,2026-01-25 19:00:00,Flipkart
FREV-501768,FPRD-01395,FCUST-235397,,Highly recommended,2024-10-18 13:00:00,Flipkart
FREV-501769,FPRD-01322,FCUST-481811,3.0,Poor packaging,2026-07-25 03:00:00,Flipkart
FREV-501770,FPRD-02467,FCUST-534986,5.0,Value for money,2025-08-25 19:00:00,Flipkart
FREV-501771,FPRD-01377,FCUST-322707,2.0,Awesome!,2025-11-15 06:00:00,Flipkart
FREV-501772,FPRD-00936,FCUST-389543,4.0,Poor packaging,2024-09-29 08:00:00,Flipkart
FREV-501773,FPRD-00507,FCUST-591896,4.0,Value for money,2025-06-15 12:00:00,Flipkart
FREV-501774,FPRD-01200,FCUST-316299,5.0,Highly recommended,2024-10-11 08:00:00,Flipkart
FREV-501775,FPRD-01005,FCUST-442148,5.0,Decent buy,2026-08-12 15:00:00,Flipkart
FREV-501776,FPRD-01939,FCUST-312792,1.0,Highly recommended,2025-01-20 08:00:00,Flipkart
FREV-501777,FPRD-02142,FCUST-540202,2.0,Value for money,2025-04-18 11:00:00,Flipkart
FREV-501778,FPRD-02291,FCUST-269698,5.0,Poor packaging,2024-10-01 02:00:00,Flipkart
FREV-501779,FPRD-01699,FCUST-553765,2.0,Highly recommended,2024-12-13 06:00:00,Flipkart
FREV-501780,FPRD-00402,FCUST-330778,1.0,Highly recommended,2025-02-05 14:00:00,Flipkart
FREV-501781,FPRD-01779,FCUST-211697,1.0,Highly recommended,2026-01-05 00:00:00,Flipkart
FREV-501782,FPRD-00951,FCUST-549929,1.0,Highly recommended,2025-04-22 05:00:00,Flipkart
FREV-501783,FPRD-00697,FCUST-323566,1.0,Highly recommended,2025-08-10 07:00:00,Flipkart
FREV-501784,FPRD-00230,FCUST-532173,1.0,Awesome!,2025-11-28 19:00:00,Flipkart
FREV-501785,FPRD-01421,FCUST-335974,,Highly recommended,2026-06-20 09:00:00,Flipkart
FREV-501786,FPRD-01067,FCUST-555731,4.0,Decent buy,2026-01-06 08:00:00,Flipkart
FREV-501787,FPRD-02412,FCUST-411828,4.0,Decent buy,2025-06-07 21:00:00,Flipkart
FREV-501788,FPRD-00274,FCUST-286266,3.0,Decent buy,2026-01-26 01:00:00,Flipkart
FREV-501789,FPRD-02434,FCUST-529850,5.0,Awesome!,2024-08-11 03:00:00,Flipkart
FREV-501790,FPRD-02012,FCUST-333923,2.0,Awesome!,2025-08-28 01:00:00,Flipkart
FREV-501791,FPRD-01086,FCUST-321292,1.0,Awesome!,2024-09-18 15:00:00,Flipkart
FREV-501792,FPRD-00296,FCUST-495009,2.0,Poor packaging,2025-05-26 02:00:00,Flipkart
FREV-501793,FPRD-00259,FCUST-582912,5.0,Highly recommended,2025-02-02 19:00:00,Flipkart
FREV-501794,FPRD-02097,FCUST-224014,1.0,Decent buy,2026-07-03 20:00:00,Flipkart
FREV-501795,FPRD-02413,FCUST-267276,5.0,Awesome!,2025-05-03 07:00:00,Flipkart
FREV-501796,FPRD-01987,FCUST-281508,2.0,Decent buy,2026-04-25 18:00:00,Flipkart
FREV-501797,FPRD-00782,FCUST-246712,3.0,Highly recommended,2025-09-19 15:00:00,Flipkart
FREV-501798,FPRD-00493,FCUST-266518,1.0,Decent buy,2025-10-16 03:00:00,Flipkart
FREV-501799,FPRD-01240,FCUST-253765,3.0,Value for money,2026-06-20 16:00:00,Flipkart
FREV-501800,FPRD-00724,FCUST-405628,,Decent buy,2026-07-17 06:00:00,Flipkart
FREV-501801,FPRD-00631,FCUST-544894,5.0,Highly recommended,2024-08-10 03:00:00,Flipkart
FREV-501802,FPRD-00318,FCUST-219195,1.0,Decent buy,2024-09-28 12:00:00,Flipkart
FREV-501803,FPRD-00873,FCUST-535964,3.0,Value for money,2025-10-24 16:00:00,Flipkart
FREV-501804,FPRD-01082,FCUST-507983,,Value for money,2024-08-31 05:00:00,Flipkart
FREV-501805,FPRD-02140,FCUST-225852,3.0,Highly recommended,2024-12-26 13:00:00,Flipkart
FREV-501806,FPRD-02212,FCUST-576431,1.0,Awesome!,2026-02-23 22:00:00,Flipkart
FREV-501807,FPRD-01131,FCUST-316572,2.0,Highly recommended,2025-01-12 02:00:00,Flipkart
FREV-501808,FPRD-01466,FCUST-247113,3.0,Poor packaging,2024-11-29 10:00:00,Flipkart
FREV-501809,FPRD-00918,FCUST-289336,4.0,Poor packaging,2025-08-16 02:00:00,Flipkart
FREV-501810,FPRD-01692,FCUST-426682,1.0,Highly recommended,2026-07-17 08:00:00,Flipkart
FREV-501811,FPRD-01401,FCUST-530241,3.0,Value for money,2026-04-18 05:00:00,Flipkart
FREV-501812,FPRD-01191,FCUST-592087,2.0,Decent buy,2025-11-15 03:00:00,Flipkart
FREV-501813,FPRD-00679,FCUST-272279,5.0,Highly recommended,2025-03-08 00:00:00,Flipkart
FREV-501814,FPRD-02105,FCUST-587813,2.0,Poor packaging,2026-02-24 03:00:00,Flipkart
FREV-501815,FPRD-02267,FCUST-538996,4.0,Value for money,2026-03-25 12:00:00,Flipkart
FREV-501816,FPRD-00151,FCUST-539750,4.0,Awesome!,2025-05-13 02:00:00,Flipkart
FREV-501817,FPRD-00677,FCUST-442377,4.0,Decent buy,2026-02-27 12:00:00,Flipkart
FREV-501818,FPRD-00471,FCUST-217678,2.0,Awesome!,2025-08-24 15:00:00,Flipkart
FREV-501819,FPRD-00236,FCUST-242651,3.0,Awesome!,2025-03-20 18:00:00,Flipkart
FREV-501820,FPRD-00661,FCUST-359738,2.0,Highly recommended,2026-01-12 17:00:00,Flipkart
FREV-501821,FPRD-02389,FCUST-264632,4.0,Decent buy,2025-07-20 10:00:00,Flipkart
FREV-501822,FPRD-01715,FCUST-345182,4.0,Highly recommended,2026-06-03 14:00:00,Flipkart
FREV-501823,FPRD-01137,FCUST-551485,4.0,Decent buy,2025-02-18 03:00:00,Flipkart
FREV-501824,FPRD-02014,FCUST-298839,1.0,Value for money,2026-06-23 03:00:00,Flipkart
FREV-501825,FPRD-01389,FCUST-387130,,Awesome!,2025-01-31 20:00:00,Flipkart
FREV-501826,FPRD-01321,FCUST-363978,5.0,Awesome!,2026-02-09 14:00:00,Flipkart
FREV-501827,FPRD-02324,FCUST-540998,4.0,Decent buy,2025-11-24 08:00:00,Flipkart
FREV-501828,FPRD-01426,FCUST-376647,3.0,Awesome!,2024-09-26 22:00:00,Flipkart
FREV-501829,FPRD-02480,FCUST-361536,5.0,Awesome!,2024-08-25 07:00:00,Flipkart
FREV-501830,FPRD-00501,FCUST-547513,1.0,Awesome!,2024-10-26 20:00:00,Flipkart
FREV-501831,FPRD-01305,FCUST-405310,4.0,Highly recommended,2024-10-08 05:00:00,Flipkart
FREV-501832,FPRD-00924,FCUST-383978,2.0,Decent buy,2026-05-05 17:00:00,Flipkart
FREV-501833,FPRD-01824,FCUST-305014,,Awesome!,2026-03-16 07:00:00,Flipkart
FREV-501834,FPRD-02035,FCUST-403322,4.0,Awesome!,2026-04-10 08:00:00,Flipkart
FREV-501835,FPRD-00707,FCUST-527048,4.0,Poor packaging,2024-10-31 00:00:00,Flipkart
FREV-501836,FPRD-02149,FCUST-472000,4.0,Poor packaging,2025-05-02 19:00:00,Flipkart
FREV-501837,FPRD-01176,FCUST-465191,2.0,Value for money,2026-07-09 23:00:00,Flipkart
FREV-501838,FPRD-01922,FCUST-257460,4.0,Value for money,2025-12-02 06:00:00,Flipkart
FREV-501839,FPRD-00045,FCUST-216559,4.0,Highly recommended,2024-10-09 12:00:00,Flipkart
FREV-501840,FPRD-00388,FCUST-592644,4.0,Decent buy,2025-03-08 19:00:00,Flipkart
FREV-501841,FPRD-01042,FCUST-211211,4.0,Poor packaging,2025-10-20 12:00:00,Flipkart
FREV-501842,FPRD-02341,FCUST-353070,4.0,Highly recommended,2025-04-04 13:00:00,Flipkart
FREV-501843,FPRD-00115,FCUST-501207,3.0,Decent buy,2025-04-19 22:00:00,Flipkart
FREV-501844,FPRD-00527,FCUST-588133,5.0,Awesome!,2025-05-22 08:00:00,Flipkart
FREV-501845,FPRD-01175,FCUST-430886,3.0,Highly recommended,2026-06-03 16:00:00,Flipkart
FREV-501846,FPRD-00677,FCUST-589058,2.0,Highly recommended,2024-11-09 04:00:00,Flipkart
FREV-501847,FPRD-01294,FCUST-590885,4.0,Value for money,2026-02-13 07:00:00,Flipkart
FREV-501848,FPRD-02183,FCUST-573042,3.0,Awesome!,2024-08-30 15:00:00,Flipkart
FREV-501849,FPRD-01602,FCUST-511958,5.0,Decent buy,2025-12-29 19:00:00,Flipkart
FREV-501850,FPRD-01485,FCUST-313792,3.0,Awesome!,2024-11-14 19:00:00,Flipkart
FREV-501851,FPRD-02328,FCUST-367107,2.0,Highly recommended,2024-11-15 10:00:00,Flipkart
FREV-501852,FPRD-02321,FCUST-540202,2.0,Awesome!,2025-04-18 11:00:00,Flipkart
FREV-501853,FPRD-00348,FCUST-270079,2.0,Poor packaging,2026-07-26 18:00:00,Flipkart
FREV-501854,FPRD-00320,FCUST-530760,2.0,Highly recommended,2026-02-04 22:00:00,Flipkart
FREV-501855,FPRD-01858,FCUST-548342,5.0,Awesome!,2026-06-24 05:00:00,Flipkart
FREV-501856,FPRD-00174,FCUST-449474,5.0,Awesome!,2026-07-14 12:00:00,Flipkart
FREV-501857,FPRD-00255,FCUST-500064,5.0,Value for money,2026-03-05 07:00:00,Flipkart
FREV-501858,FPRD-02230,FCUST-318376,2.0,Poor packaging,2025-08-28 03:00:00,Flipkart
FREV-501859,FPRD-00297,FCUST-208786,3.0,Poor packaging,2025-11-13 08:00:00,Flipkart
FREV-501860,FPRD-00424,FCUST-393454,2.0,Awesome!,2024-12-26 12:00:00,Flipkart
FREV-501861,FPRD-00577,FCUST-216366,2.0,Awesome!,2026-07-15 11:00:00,Flipkart
FREV-501862,FPRD-00635,FCUST-535506,4.0,Awesome!,2025-11-18 21:00:00,Flipkart
FREV-501863,FPRD-01177,FCUST-211660,2.0,Value for money,2026-04-14 00:00:00,Flipkart
FREV-501864,FPRD-00956,FCUST-203957,4.0,Value for money,2025-05-20 06:00:00,Flipkart
FREV-501865,FPRD-01307,FCUST-296333,5.0,Decent buy,2024-10-08 17:00:00,Flipkart
FREV-501866,FPRD-00475,FCUST-362697,2.0,Decent buy,2026-04-01 10:00:00,Flipkart
FREV-501867,FPRD-01502,FCUST-594491,2.0,Highly recommended,2025-08-03 11:00:00,Flipkart
FREV-501868,FPRD-01461,FCUST-366887,1.0,Value for money,2025-05-22 20:00:00,Flipkart
FREV-501869,FPRD-00278,FCUST-516909,1.0,Value for money,2026-05-18 23:00:00,Flipkart
FREV-501870,FPRD-00447,FCUST-494683,3.0,Value for money,2025-01-17 15:00:00,Flipkart
FREV-501871,FPRD-00330,FCUST-482394,4.0,Awesome!,2024-10-15 13:00:00,Flipkart
FREV-501872,FPRD-00619,FCUST-426422,4.0,Awesome!,2024-10-27 20:00:00,Flipkart
FREV-501873,FPRD-00527,FCUST-207306,4.0,Awesome!,2026-01-26 01:00:00,Flipkart
FREV-501874,FPRD-01005,FCUST-210702,1.0,Awesome!,2024-10-28 12:00:00,Flipkart
FREV-501875,FPRD-01878,FCUST-346082,3.0,Value for money,2025-06-23 19:00:00,Flipkart
FREV-501876,FPRD-00135,FCUST-590698,3.0,Value for money,2025-04-23 11:00:00,Flipkart
FREV-501877,FPRD-00342,FCUST-408907,,Value for money,2026-05-18 18:00:00,Flipkart
FREV-501878,FPRD-01602,FCUST-304779,4.0,Highly recommended,2024-09-22 02:00:00,Flipkart
FREV-501879,FPRD-02362,FCUST-318409,,Decent buy,2026-07-25 06:00:00,Flipkart
FREV-501880,FPRD-02334,FCUST-442723,4.0,Awesome!,2026-02-01 05:00:00,Flipkart
FREV-501881,FPRD-02140,FCUST-462616,3.0,Awesome!,2025-11-22 05:00:00,Flipkart
FREV-501882,FPRD-00410,FCUST-266906,5.0,Poor packaging,2024-08-10 06:00:00,Flipkart
FREV-501883,FPRD-02200,FCUST-501293,2.0,Value for money,2025-10-10 13:00:00,Flipkart
FREV-501884,FPRD-01262,FCUST-257127,,Decent buy,2024-12-16 11:00:00,Flipkart
FREV-501885,FPRD-02345,FCUST-401230,4.0,Value for money,2025-06-19 00:00:00,Flipkart
FREV-501886,FPRD-00027,FCUST-224679,3.0,Awesome!,2026-07-18 02:00:00,Flipkart
FREV-501887,FPRD-02244,FCUST-454493,3.0,Awesome!,2025-07-04 00:00:00,Flipkart
FREV-501888,FPRD-02224,FCUST-418100,4.0,Value for money,2026-04-07 17:00:00,Flipkart
FREV-501889,FPRD-01157,FCUST-492999,5.0,Value for money,2025-10-17 05:00:00,Flipkart
FREV-501890,FPRD-02248,FCUST-210352,5.0,Highly recommended,2024-10-20 17:00:00,Flipkart
FREV-501891,FPRD-00124,FCUST-573152,2.0,Poor packaging,2024-08-24 21:00:00,Flipkart
FREV-501892,FPRD-01401,FCUST-284418,3.0,Value for money,2025-04-04 16:00:00,Flipkart
FREV-501893,FPRD-00251,FCUST-272983,2.0,Awesome!,2026-02-03 04:00:00,Flipkart
FREV-501894,FPRD-01697,FCUST-292590,2.0,Highly recommended,2025-08-26 01:00:00,Flipkart
FREV-501895,FPRD-02028,FCUST-399305,3.0,Value for money,2026-03-27 09:00:00,Flipkart
FREV-501896,FPRD-00170,FCUST-311615,4.0,Awesome!,2026-02-15 22:00:00,Flipkart
FREV-501897,FPRD-00601,FCUST-548880,1.0,Awesome!,2025-02-07 20:00:00,Flipkart
FREV-501898,FPRD-02031,FCUST-211968,,Poor packaging,2025-05-01 04:00:00,Flipkart
FREV-501899,FPRD-00467,FCUST-581693,1.0,Decent buy,2025-03-18 02:00:00,Flipkart
FREV-501900,FPRD-00370,FCUST-396945,5.0,Highly recommended,2026-06-17 00:00:00,Flipkart
FREV-501901,FPRD-00234,FCUST-368048,2.0,Decent buy,2024-11-20 18:00:00,Flipkart
FREV-501902,FPRD-00800,FCUST-559102,3.0,Highly recommended,2026-02-06 09:00:00,Flipkart
FREV-501903,FPRD-01575,FCUST-473989,5.0,Decent buy,2025-11-16 10:00:00,Flipkart
FREV-501904,FPRD-00082,FCUST-227351,5.0,Decent buy,2025-06-17 18:00:00,Flipkart
FREV-501905,FPRD-00533,FCUST-539983,,Poor packaging,2026-05-10 14:00:00,Flipkart
FREV-501906,FPRD-01248,FCUST-331902,,Value for money,2026-07-19 08:00:00,Flipkart
FREV-501907,FPRD-00395,FCUST-447738,1.0,Decent buy,2025-12-11 09:00:00,Flipkart
FREV-501908,FPRD-02012,FCUST-303074,3.0,Highly recommended,2025-04-24 19:00:00,Flipkart
FREV-501909,FPRD-01088,FCUST-561750,5.0,Awesome!,2024-09-22 11:00:00,Flipkart
FREV-501910,FPRD-00856,FCUST-565227,4.0,Poor packaging,2024-12-10 04:00:00,Flipkart
FREV-501911,FPRD-02243,FCUST-213376,4.0,Highly recommended,2026-04-26 07:00:00,Flipkart
FREV-501912,FPRD-01633,FCUST-381817,3.0,Awesome!,2026-08-03 08:00:00,Flipkart
FREV-501913,FPRD-00389,FCUST-210352,2.0,Value for money,2024-10-20 17:00:00,Flipkart
FREV-501914,FPRD-01035,FCUST-348955,5.0,Poor packaging,2025-04-27 13:00:00,Flipkart
FREV-501915,FPRD-01420,FCUST-329130,,Awesome!,2025-01-19 10:00:00,Flipkart
FREV-501916,FPRD-01447,FCUST-594548,5.0,Awesome!,2026-07-11 06:00:00,Flipkart
FREV-501917,FPRD-01484,FCUST-471814,3.0,Highly recommended,2026-01-27 04:00:00,Flipkart
FREV-501918,FPRD-01903,FCUST-395195,3.0,Awesome!,2026-05-02 00:00:00,Flipkart
FREV-501919,FPRD-00211,FCUST-498031,4.0,Poor packaging,2025-01-31 17:00:00,Flipkart
FREV-501920,FPRD-00030,FCUST-357381,3.0,Decent buy,2025-12-08 21:00:00,Flipkart
FREV-501921,FPRD-02375,FCUST-540998,3.0,Value for money,2024-12-25 00:00:00,Flipkart
FREV-501922,FPRD-01606,FCUST-458901,,Decent buy,2024-12-04 02:00:00,Flipkart
FREV-501923,FPRD-00745,FCUST-318629,2.0,Awesome!,2026-02-15 10:00:00,Flipkart
FREV-501924,FPRD-00606,FCUST-383828,2.0,Value for money,2025-03-26 05:00:00,Flipkart
FREV-501925,FPRD-01543,FCUST-304832,1.0,Decent buy,2024-11-30 23:00:00,Flipkart
FREV-501926,FPRD-02101,FCUST-480042,1.0,Awesome!,2026-05-28 13:00:00,Flipkart
FREV-501927,FPRD-01261,FCUST-454493,3.0,Highly recommended,2025-05-03 20:00:00,Flipkart
FREV-501928,FPRD-01993,FCUST-355669,1.0,Highly recommended,2025-10-30 06:00:00,Flipkart
FREV-501929,FPRD-01017,FCUST-446565,1.0,Awesome!,2025-11-01 12:00:00,Flipkart
FREV-501930,FPRD-00548,FCUST-278889,5.0,Highly recommended,2026-08-12 15:00:00,Flipkart
FREV-501931,FPRD-01323,FCUST-540633,4.0,Decent buy,2025-10-20 01:00:00,Flipkart
FREV-501932,FPRD-01693,FCUST-466216,5.0,Highly recommended,2025-09-15 08:00:00,Flipkart
FREV-501933,FPRD-02173,FCUST-385001,5.0,Value for money,2026-06-20 19:00:00,Flipkart
FREV-501934,FPRD-00071,FCUST-393767,3.0,Highly recommended,2024-08-16 06:00:00,Flipkart
FREV-501935,FPRD-01813,FCUST-283308,3.0,Decent buy,2025-04-29 20:00:00,Flipkart
FREV-501936,FPRD-01579,FCUST-549293,4.0,Poor packaging,2026-06-18 00:00:00,Flipkart
FREV-501937,FPRD-00901,FCUST-346884,5.0,Highly recommended,2026-07-20 06:00:00,Flipkart
FREV-501938,FPRD-01019,FCUST-442185,,Decent buy,2025-01-29 23:00:00,Flipkart
FREV-501939,FPRD-02440,FCUST-266906,5.0,Highly recommended,2025-07-30 04:00:00,Flipkart
FREV-501940,FPRD-01893,FCUST-430311,5.0,Value for money,2024-11-17 01:00:00,Flipkart
FREV-501941,FPRD-00522,FCUST-435904,2.0,Value for money,2025-04-18 08:00:00,Flipkart
FREV-501942,FPRD-01690,FCUST-532273,5.0,Value for money,2024-12-20 01:00:00,Flipkart
FREV-501943,FPRD-00442,FCUST-525755,2.0,Highly recommended,2025-09-01 06:00:00,Flipkart
FREV-501944,FPRD-01477,FCUST-553765,2.0,Value for money,2026-01-05 03:00:00,Flipkart
FREV-501945,FPRD-00318,FCUST-592617,2.0,Value for money,2025-04-20 16:00:00,Flipkart
FREV-501946,FPRD-01559,FCUST-462722,1.0,Decent buy,2025-02-25 08:00:00,Flipkart
FREV-501947,FPRD-02166,FCUST-539983,1.0,Decent buy,2026-05-10 14:00:00,Flipkart
FREV-501948,FPRD-00060,FCUST-224242,4.0,Value for money,2025-07-28 05:00:00,Flipkart
FREV-501949,FPRD-00530,FCUST-551885,2.0,Value for money,2025-06-05 11:00:00,Flipkart
FREV-501950,FPRD-01881,FCUST-301776,2.0,Value for money,2025-10-23 02:00:00,Flipkart
FREV-501951,FPRD-01096,FCUST-404727,4.0,Decent buy,2025-03-17 19:00:00,Flipkart
FREV-501952,FPRD-00571,FCUST-221837,4.0,Poor packaging,2026-06-28 17:00:00,Flipkart
FREV-501953,FPRD-00983,FCUST-491717,5.0,Awesome!,2025-12-29 09:00:00,Flipkart
FREV-501954,FPRD-01092,FCUST-532403,1.0,Decent buy,2024-08-27 18:00:00,Flipkart
FREV-501955,FPRD-02106,FCUST-441738,,Poor packaging,2025-07-02 00:00:00,Flipkart
FREV-501956,FPRD-01873,FCUST-498272,3.0,Poor packaging,2025-10-23 15:00:00,Flipkart
FREV-501957,FPRD-00512,FCUST-323566,5.0,Decent buy,2025-08-10 07:00:00,Flipkart
FREV-501958,FPRD-01759,FCUST-485527,1.0,Value for money,2025-07-16 15:00:00,Flipkart
FREV-501959,FPRD-01541,FCUST-263751,2.0,Poor packaging,2025-12-05 13:00:00,Flipkart
FREV-501960,FPRD-01635,FCUST-544923,3.0,Decent buy,2025-07-11 05:00:00,Flipkart
FREV-501961,FPRD-00615,FCUST-465438,2.0,Poor packaging,2025-02-09 02:00:00,Flipkart
FREV-501962,FPRD-00621,FCUST-231101,2.0,Poor packaging,2025-05-18 21:00:00,Flipkart
FREV-501963,FPRD-01667,FCUST-266906,3.0,Highly recommended,2025-10-25 01:00:00,Flipkart
FREV-501964,FPRD-00367,FCUST-257127,1.0,Poor packaging,2026-02-24 04:00:00,Flipkart
FREV-501965,FPRD-01943,FCUST-268594,4.0,Highly recommended,2025-03-15 19:00:00,Flipkart
FREV-501966,FPRD-02064,FCUST-230023,1.0,Poor packaging,2025-11-24 08:00:00,Flipkart
FREV-501967,FPRD-01949,FCUST-419385,2.0,Poor packaging,2024-11-28 16:00:00,Flipkart
FREV-501968,FPRD-02223,FCUST-382148,1.0,Decent buy,2025-10-29 10:00:00,Flipkart
FREV-501969,FPRD-00765,FCUST-293075,4.0,Value for money,2026-07-24 03:00:00,Flipkart
FREV-501970,FPRD-01748,FCUST-546897,4.0,Decent buy,2026-08-05 01:00:00,Flipkart
FREV-501971,FPRD-02087,FCUST-251426,4.0,Decent buy,2024-10-25 01:00:00,Flipkart
FREV-501972,FPRD-01757,FCUST-260737,4.0,Value for money,2026-07-06 06:00:00,Flipkart
FREV-501973,FPRD-01725,FCUST-427049,1.0,Value for money,2025-08-28 14:00:00,Flipkart
FREV-501974,FPRD-00259,FCUST-419628,1.0,Awesome!,2025-04-10 16:00:00,Flipkart
FREV-501975,FPRD-00205,FCUST-243102,4.0,Highly recommended,2026-04-27 18:00:00,Flipkart
FREV-501976,FPRD-01466,FCUST-374323,3.0,Awesome!,2024-12-01 15:00:00,Flipkart
FREV-501977,FPRD-02275,FCUST-231616,3.0,Value for money,2025-07-03 02:00:00,Flipkart
FREV-501978,FPRD-00907,FCUST-218193,4.0,Highly recommended,2025-12-25 17:00:00,Flipkart
FREV-501979,FPRD-01017,FCUST-352270,3.0,Poor packaging,2025-07-30 02:00:00,Flipkart
FREV-501980,FPRD-00731,FCUST-401650,5.0,Decent buy,2025-07-10 08:00:00,Flipkart
FREV-501981,FPRD-00813,FCUST-203745,5.0,Highly recommended,2025-11-04 08:00:00,Flipkart
FREV-501982,FPRD-00323,FCUST-374280,2.0,Awesome!,2024-12-27 03:00:00,Flipkart
FREV-501983,FPRD-01812,FCUST-451704,2.0,Value for money,2025-12-23 14:00:00,Flipkart
FREV-501984,FPRD-01483,FCUST-508213,4.0,Awesome!,2024-11-06 11:00:00,Flipkart
FREV-501985,FPRD-01505,FCUST-210352,2.0,Awesome!,2024-10-20 17:00:00,Flipkart
FREV-501986,FPRD-02174,FCUST-270180,2.0,Value for money,2024-12-08 09:00:00,Flipkart
FREV-501987,FPRD-01435,FCUST-275361,,Decent buy,2025-04-25 06:00:00,Flipkart
FREV-501988,FPRD-02166,FCUST-339485,4.0,Highly recommended,2025-09-21 13:00:00,Flipkart
FREV-501989,FPRD-01723,FCUST-345665,4.0,Value for money,2025-12-22 08:00:00,Flipkart
FREV-501990,FPRD-01048,FCUST-249534,2.0,Value for money,2026-03-09 20:00:00,Flipkart
FREV-501991,FPRD-01758,FCUST-350392,5.0,Poor packaging,2025-02-01 07:00:00,Flipkart
FREV-501992,FPRD-00043,FCUST-339089,2.0,Decent buy,2024-08-15 19:00:00,Flipkart
FREV-501993,FPRD-01129,FCUST-395098,4.0,Awesome!,2026-03-06 07:00:00,Flipkart
FREV-501994,FPRD-01646,FCUST-468076,3.0,Value for money,2025-05-19 12:00:00,Flipkart
FREV-501995,FPRD-02298,FCUST-300367,5.0,Value for money,2026-07-31 13:00:00,Flipkart
FREV-501996,FPRD-01706,FCUST-223476,2.0,Decent buy,2026-03-19 09:00:00,Flipkart
FREV-501997,FPRD-00535,FCUST-411893,3.0,Value for money,2026-03-22 20:00:00,Flipkart
FREV-501998,FPRD-01339,FCUST-407232,5.0,Awesome!,2025-09-05 09:00:00,Flipkart
FREV-501999,FPRD-00275,FCUST-334026,,Awesome!,2025-01-20 19:00:00,Flipkart
FREV-502000,FPRD-02126,FCUST-524698,,Value for money,2025-10-20 22:00:00,Flipkart
FREV-502001,FPRD-01327,FCUST-211660,5.0,Value for money,2026-04-14 00:00:00,Flipkart
FREV-502002,FPRD-01666,FCUST-494219,2.0,Highly recommended,2026-05-04 23:00:00,Flipkart
FREV-502003,FPRD-02103,FCUST-489744,5.0,Decent buy,2026-05-09 18:00:00,Flipkart
FREV-502004,FPRD-00038,FCUST-301429,3.0,Highly recommended,2024-11-06 23:00:00,Flipkart
FREV-502005,FPRD-01874,FCUST-314335,5.0,Decent buy,2026-06-09 23:00:00,Flipkart
FREV-502006,FPRD-02313,FCUST-241351,3.0,Awesome!,2025-08-03 07:00:00,Flipkart
FREV-502007,FPRD-01113,FCUST-462616,1.0,Highly recommended,2025-11-22 05:00:00,Flipkart
FREV-502008,FPRD-00865,FCUST-355965,5.0,Decent buy,2026-08-07 12:00:00,Flipkart
FREV-502009,FPRD-01862,FCUST-380891,5.0,Highly recommended,2025-01-28 13:00:00,Flipkart
FREV-502010,FPRD-01772,FCUST-516902,4.0,Awesome!,2024-10-14 12:00:00,Flipkart
FREV-502011,FPRD-00817,FCUST-245269,3.0,Highly recommended,2025-12-18 07:00:00,Flipkart
FREV-502012,FPRD-01191,FCUST-241889,4.0,Decent buy,2025-08-20 20:00:00,Flipkart
FREV-502013,FPRD-01450,FCUST-566790,3.0,Highly recommended,2024-12-28 03:00:00,Flipkart
FREV-502014,FPRD-02144,FCUST-424311,3.0,Awesome!,2024-12-29 12:00:00,Flipkart
FREV-502015,FPRD-00904,FCUST-487748,5.0,Highly recommended,2025-10-10 06:00:00,Flipkart
FREV-502016,FPRD-00812,FCUST-280124,5.0,Poor packaging,2025-07-09 19:00:00,Flipkart
FREV-502017,FPRD-00968,FCUST-351482,1.0,Awesome!,2025-05-19 14:00:00,Flipkart
FREV-502018,FPRD-01411,FCUST-360603,3.0,Poor packaging,2024-12-26 02:00:00,Flipkart
FREV-502019,FPRD-01226,FCUST-561921,5.0,Value for money,2026-01-01 01:00:00,Flipkart
FREV-502020,FPRD-00179,FCUST-508352,5.0,Decent buy,2025-02-13 10:00:00,Flipkart
FREV-502021,FPRD-00379,FCUST-223428,2.0,Awesome!,2025-04-09 02:00:00,Flipkart
FREV-502022,FPRD-00256,FCUST-336214,3.0,Poor packaging,2025-05-07 12:00:00,Flipkart
FREV-502023,FPRD-01850,FCUST-326774,1.0,Poor packaging,2025-04-26 11:00:00,Flipkart
FREV-502024,FPRD-02499,FCUST-344647,1.0,Decent buy,2025-11-06 06:00:00,Flipkart
FREV-502025,FPRD-01445,FCUST-539593,,Highly recommended,2026-06-06 03:00:00,Flipkart
FREV-502026,FPRD-00986,FCUST-248825,3.0,Poor packaging,2025-07-04 17:00:00,Flipkart
FREV-502027,FPRD-01615,FCUST-595407,5.0,Decent buy,2024-11-04 19:00:00,Flipkart
FREV-502028,FPRD-00928,FCUST-226370,5.0,Value for money,2025-05-05 08:00:00,Flipkart
FREV-502029,FPRD-02160,FCUST-444734,3.0,Awesome!,2025-01-26 10:00:00,Flipkart
FREV-502030,FPRD-01437,FCUST-217835,1.0,Awesome!,2025-10-11 23:00:00,Flipkart
FREV-502031,FPRD-00963,FCUST-218639,,Value for money,2025-10-02 05:00:00,Flipkart
FREV-502032,FPRD-01537,FCUST-293252,4.0,Highly recommended,2026-02-13 12:00:00,Flipkart
FREV-502033,FPRD-02470,FCUST-270937,4.0,Decent buy,2024-10-21 01:00:00,Flipkart
FREV-502034,FPRD-00907,FCUST-307506,2.0,Awesome!,2025-09-12 18:00:00,Flipkart
FREV-502035,FPRD-00574,FCUST-200167,1.0,Poor packaging,2025-05-26 23:00:00,Flipkart
FREV-502036,FPRD-02365,FCUST-409214,5.0,Decent buy,2026-01-15 13:00:00,Flipkart
FREV-502037,FPRD-02313,FCUST-355373,2.0,Awesome!,2025-09-22 05:00:00,Flipkart
FREV-502038,FPRD-00713,FCUST-502961,4.0,Highly recommended,2025-05-26 09:00:00,Flipkart
FREV-502039,FPRD-02122,FCUST-451275,1.0,Poor packaging,2025-10-03 13:00:00,Flipkart
FREV-502040,FPRD-01140,FCUST-271884,4.0,Decent buy,2025-03-05 15:00:00,Flipkart
FREV-502041,FPRD-01149,FCUST-288077,1.0,Highly recommended,2026-03-03 14:00:00,Flipkart
FREV-502042,FPRD-00750,FCUST-496265,3.0,Decent buy,2026-07-22 12:00:00,Flipkart
FREV-502043,FPRD-01448,FCUST-515795,5.0,Highly recommended,2025-03-02 14:00:00,Flipkart
FREV-502044,FPRD-00107,FCUST-247270,2.0,Awesome!,2026-05-28 05:00:00,Flipkart
FREV-502045,FPRD-01597,FCUST-306566,3.0,Value for money,2025-07-27 00:00:00,Flipkart
FREV-502046,FPRD-00850,FCUST-567039,3.0,Highly recommended,2026-01-12 01:00:00,Flipkart
FREV-502047,FPRD-01456,FCUST-408481,4.0,Poor packaging,2024-09-21 05:00:00,Flipkart
FREV-502048,FPRD-00928,FCUST-596830,4.0,Highly recommended,2025-10-21 12:00:00,Flipkart
FREV-502049,FPRD-00574,FCUST-561376,1.0,Value for money,2024-09-23 10:00:00,Flipkart
FREV-502050,FPRD-02074,FCUST-313894,1.0,Value for money,2025-04-22 20:00:00,Flipkart
FREV-502051,FPRD-01707,FCUST-568198,1.0,Poor packaging,2024-10-23 15:00:00,Flipkart
FREV-502052,FPRD-00958,FCUST-589754,5.0,Value for money,2026-06-02 14:00:00,Flipkart
FREV-502053,FPRD-00466,FCUST-217787,2.0,Highly recommended,2025-08-15 01:00:00,Flipkart
FREV-502054,FPRD-01266,FCUST-289534,5.0,Value for money,2024-09-02 04:00:00,Flipkart
FREV-502055,FPRD-00774,FCUST-219672,3.0,Decent buy,2026-06-23 17:00:00,Flipkart
FREV-502056,FPRD-00859,FCUST-364384,,Highly recommended,2024-11-29 12:00:00,Flipkart
FREV-502057,FPRD-00130,FCUST-255135,2.0,Highly recommended,2025-12-08 10:00:00,Flipkart
FREV-502058,FPRD-00589,FCUST-379725,,Highly recommended,2025-05-14 00:00:00,Flipkart
FREV-502059,FPRD-01182,FCUST-431281,,Awesome!,2024-08-21 14:00:00,Flipkart
FREV-502060,FPRD-01142,FCUST-469374,4.0,Awesome!,2025-07-15 02:00:00,Flipkart
FREV-502061,FPRD-02295,FCUST-317312,4.0,Decent buy,2025-10-18 02:00:00,Flipkart
FREV-502062,FPRD-01295,FCUST-360246,5.0,Value for money,2024-12-27 21:00:00,Flipkart
FREV-502063,FPRD-00150,FCUST-507167,3.0,Awesome!,2025-05-16 22:00:00,Flipkart
FREV-502064,FPRD-00926,FCUST-371866,4.0,Awesome!,2025-01-19 22:00:00,Flipkart
FREV-502065,FPRD-01520,FCUST-574716,4.0,Awesome!,2025-11-23 01:00:00,Flipkart
FREV-502066,FPRD-00695,FCUST-298652,1.0,Awesome!,2025-11-24 00:00:00,Flipkart
FREV-502067,FPRD-00321,FCUST-373451,5.0,Awesome!,2026-03-12 00:00:00,Flipkart
FREV-502068,FPRD-01644,FCUST-340598,5.0,Awesome!,2025-01-26 09:00:00,Flipkart
FREV-502069,FPRD-00190,FCUST-400961,1.0,Highly recommended,2026-08-02 02:00:00,Flipkart
FREV-502070,FPRD-01242,FCUST-470256,3.0,Highly recommended,2026-07-28 06:00:00,Flipkart
FREV-502071,FPRD-00681,FCUST-436898,4.0,Awesome!,2025-04-13 03:00:00,Flipkart
FREV-502072,FPRD-00834,FCUST-376847,4.0,Highly recommended,2025-05-13 13:00:00,Flipkart
FREV-502073,FPRD-00149,FCUST-587629,5.0,Highly recommended,2025-10-20 09:00:00,Flipkart
FREV-502074,FPRD-00075,FCUST-412633,1.0,Awesome!,2026-03-20 14:00:00,Flipkart
FREV-502075,FPRD-02240,FCUST-269980,4.0,Value for money,2024-10-31 03:00:00,Flipkart
FREV-502076,FPRD-01144,FCUST-390244,5.0,Value for money,2026-03-02 09:00:00,Flipkart
FREV-502077,FPRD-00281,FCUST-501573,1.0,Poor packaging,2025-10-25 23:00:00,Flipkart
FREV-502078,FPRD-01986,FCUST-432567,3.0,Awesome!,2025-04-29 22:00:00,Flipkart
FREV-502079,FPRD-01738,FCUST-276181,3.0,Value for money,2025-11-12 01:00:00,Flipkart
FREV-502080,FPRD-01462,FCUST-293600,5.0,Decent buy,2025-07-22 03:00:00,Flipkart
FREV-502081,FPRD-00769,FCUST-299089,5.0,Awesome!,2026-02-18 11:00:00,Flipkart
FREV-502082,FPRD-01171,FCUST-502196,3.0,Highly recommended,2026-04-26 14:00:00,Flipkart
FREV-502083,FPRD-02003,FCUST-444312,4.0,Poor packaging,2024-10-03 12:00:00,Flipkart
FREV-502084,FPRD-00475,FCUST-217116,1.0,Awesome!,2025-01-04 00:00:00,Flipkart
FREV-502085,FPRD-00502,FCUST-346082,1.0,Highly recommended,2026-07-04 19:00:00,Flipkart
FREV-502086,FPRD-01936,FCUST-450571,4.0,Awesome!,2026-06-13 07:00:00,Flipkart
FREV-502087,FPRD-02015,FCUST-220573,5.0,Highly recommended,2025-08-14 08:00:00,Flipkart
FREV-502088,FPRD-00744,FCUST-494112,5.0,Awesome!,2025-11-04 04:00:00,Flipkart
FREV-502089,FPRD-01011,FCUST-589573,5.0,Decent buy,2024-10-23 19:00:00,Flipkart
FREV-502090,FPRD-00123,FCUST-214330,3.0,Highly recommended,2024-10-15 21:00:00,Flipkart
FREV-502091,FPRD-01881,FCUST-544065,4.0,Decent buy,2026-01-06 19:00:00,Flipkart
FREV-502092,FPRD-00266,FCUST-232098,3.0,Poor packaging,2025-12-15 13:00:00,Flipkart
FREV-502093,FPRD-02149,FCUST-414733,5.0,Highly recommended,2025-09-06 10:00:00,Flipkart
FREV-502094,FPRD-02320,FCUST-482272,1.0,Decent buy,2025-11-24 03:00:00,Flipkart
FREV-502095,FPRD-01191,FCUST-408161,5.0,Awesome!,2025-05-29 09:00:00,Flipkart
FREV-502096,FPRD-00345,FCUST-458763,3.0,Poor packaging,2026-02-12 20:00:00,Flipkart
FREV-502097,FPRD-00188,FCUST-203027,3.0,Value for money,2026-01-13 23:00:00,Flipkart
FREV-502098,FPRD-00236,FCUST-516377,2.0,Highly recommended,2025-01-28 12:00:00,Flipkart
FREV-502099,FPRD-01682,FCUST-256190,3.0,Poor packaging,2026-01-26 19:00:00,Flipkart
FREV-502100,FPRD-02107,FCUST-448447,1.0,Decent buy,2026-04-29 13:00:00,Flipkart
FREV-502101,FPRD-01916,FCUST-208786,5.0,Value for money,2025-11-13 08:00:00,Flipkart
FREV-502102,FPRD-00920,FCUST-573157,5.0,Poor packaging,2025-08-06 17:00:00,Flipkart
FREV-502103,FPRD-02123,FCUST-525870,1.0,Poor packaging,2025-06-05 20:00:00,Flipkart
FREV-502104,FPRD-00494,FCUST-395688,3.0,Value for money,2025-03-12 18:00:00,Flipkart
FREV-502105,FPRD-02037,FCUST-530572,1.0,Value for money,2024-12-28 02:00:00,Flipkart
FREV-502106,FPRD-01355,FCUST-316733,,Decent buy,2026-05-08 06:00:00,Flipkart
FREV-502107,FPRD-02029,FCUST-220086,,Poor packaging,2025-01-22 10:00:00,Flipkart
FREV-502108,FPRD-01384,FCUST-333923,3.0,Highly recommended,2025-01-28 16:00:00,Flipkart
FREV-502109,FPRD-00867,FCUST-261610,,Poor packaging,2024-09-15 15:00:00,Flipkart
FREV-502110,FPRD-00298,FCUST-541078,2.0,Awesome!,2025-08-15 21:00:00,Flipkart
FREV-502111,FPRD-02053,FCUST-451203,1.0,Poor packaging,2026-06-14 14:00:00,Flipkart
FREV-502112,FPRD-01640,FCUST-470515,4.0,Poor packaging,2026-08-04 17:00:00,Flipkart
FREV-502113,FPRD-01482,FCUST-454427,3.0,Value for money,2025-03-28 07:00:00,Flipkart
FREV-502114,FPRD-02237,FCUST-545819,4.0,Value for money,2025-04-24 11:00:00,Flipkart
FREV-502115,FPRD-00234,FCUST-246837,3.0,Value for money,2026-07-28 08:00:00,Flipkart
FREV-502116,FPRD-00215,FCUST-465464,,Awesome!,2026-04-21 00:00:00,Flipkart
FREV-502117,FPRD-01130,FCUST-346092,3.0,Value for money,2026-03-21 19:00:00,Flipkart
FREV-502118,FPRD-00557,FCUST-338811,1.0,Highly recommended,2025-11-13 01:00:00,Flipkart
FREV-502119,FPRD-02140,FCUST-300380,3.0,Poor packaging,2025-02-14 03:00:00,Flipkart
FREV-502120,FPRD-02323,FCUST-599782,4.0,Highly recommended,2026-05-24 22:00:00,Flipkart
FREV-502121,FPRD-02130,FCUST-226712,3.0,Decent buy,2025-05-29 11:00:00,Flipkart
FREV-502122,FPRD-01173,FCUST-311761,,Value for money,2026-08-03 21:00:00,Flipkart
FREV-502123,FPRD-01942,FCUST-325940,,Poor packaging,2026-05-15 03:00:00,Flipkart
FREV-502124,FPRD-00558,FCUST-255380,5.0,Value for money,2025-05-05 14:00:00,Flipkart
FREV-502125,FPRD-00610,FCUST-408892,5.0,Awesome!,2025-11-02 11:00:00,Flipkart
FREV-502126,FPRD-01321,FCUST-375756,5.0,Highly recommended,2024-10-29 09:00:00,Flipkart
FREV-502127,FPRD-00314,FCUST-378725,5.0,Highly recommended,2026-02-22 18:00:00,Flipkart
FREV-502128,FPRD-01416,FCUST-244261,1.0,Decent buy,2026-02-23 18:00:00,Flipkart
FREV-502129,FPRD-00133,FCUST-224150,2.0,Highly recommended,2025-08-16 03:00:00,Flipkart
FREV-502130,FPRD-02430,FCUST-545925,2.0,Awesome!,2025-05-22 00:00:00,Flipkart
FREV-502131,FPRD-01601,FCUST-256046,2.0,Awesome!,2024-09-10 08:00:00,Flipkart
FREV-502132,FPRD-00007,FCUST-288755,4.0,Decent buy,2026-08-03 03:00:00,Flipkart
FREV-502133,FPRD-01719,FCUST-307878,3.0,Poor packaging,2025-09-17 19:00:00,Flipkart
FREV-502134,FPRD-00397,FCUST-291341,2.0,Value for money,2025-11-09 20:00:00,Flipkart
FREV-502135,FPRD-02341,FCUST-507983,5.0,Highly recommended,2026-05-22 03:00:00,Flipkart
FREV-502136,FPRD-02469,FCUST-576750,3.0,Poor packaging,2024-10-01 15:00:00,Flipkart
FREV-502137,FPRD-02060,FCUST-215041,5.0,Awesome!,2026-06-19 02:00:00,Flipkart
FREV-502138,FPRD-02169,FCUST-429744,2.0,Decent buy,2026-07-26 13:00:00,Flipkart
FREV-502139,FPRD-02131,FCUST-522361,3.0,Poor packaging,2026-05-08 21:00:00,Flipkart
FREV-502140,FPRD-01629,FCUST-552387,1.0,Highly recommended,2026-06-29 16:00:00,Flipkart
FREV-502141,FPRD-01560,FCUST-439573,2.0,Decent buy,2026-06-10 08:00:00,Flipkart
FREV-502142,FPRD-00153,FCUST-581667,2.0,Decent buy,2026-05-15 16:00:00,Flipkart
FREV-502143,FPRD-01432,FCUST-214387,5.0,Decent buy,2026-01-26 16:00:00,Flipkart
FREV-502144,FPRD-00799,FCUST-460338,1.0,Highly recommended,2026-02-01 16:00:00,Flipkart
FREV-502145,FPRD-01838,FCUST-328099,4.0,Highly recommended,2024-12-15 13:00:00,Flipkart
FREV-502146,FPRD-00934,FCUST-443309,,Awesome!,2026-01-17 06:00:00,Flipkart
FREV-502147,FPRD-00153,FCUST-207083,3.0,Highly recommended,2025-12-23 02:00:00,Flipkart
FREV-502148,FPRD-01924,FCUST-552454,5.0,Poor packaging,2025-03-06 20:00:00,Flipkart
FREV-502149,FPRD-01083,FCUST-401230,1.0,Decent buy,2025-06-19 00:00:00,Flipkart
FREV-502150,FPRD-01503,FCUST-531550,2.0,Highly recommended,2025-03-23 00:00:00,Flipkart
FREV-502151,FPRD-02195,FCUST-522361,1.0,Highly recommended,2024-10-09 15:00:00,Flipkart
FREV-502152,FPRD-01389,FCUST-397701,,Value for money,2026-03-10 09:00:00,Flipkart
FREV-502153,FPRD-02330,FCUST-587930,4.0,Poor packaging,2024-08-30 20:00:00,Flipkart
FREV-502154,FPRD-01505,FCUST-455913,1.0,Decent buy,2024-12-21 21:00:00,Flipkart
FREV-502155,FPRD-01156,FCUST-279491,4.0,Value for money,2024-11-24 02:00:00,Flipkart
FREV-502156,FPRD-02167,FCUST-395105,4.0,Awesome!,2026-02-19 17:00:00,Flipkart
FREV-502157,FPRD-00399,FCUST-522013,5.0,Awesome!,2025-06-19 22:00:00,Flipkart
FREV-502158,FPRD-01919,FCUST-390264,1.0,Value for money,2025-03-09 16:00:00,Flipkart
FREV-502159,FPRD-00790,FCUST-241796,2.0,Decent buy,2026-01-16 05:00:00,Flipkart
FREV-502160,FPRD-00934,FCUST-432419,4.0,Poor packaging,2026-06-20 05:00:00,Flipkart
FREV-502161,FPRD-01469,FCUST-212962,,Awesome!,2026-06-01 19:00:00,Flipkart
FREV-502162,FPRD-00172,FCUST-330261,2.0,Poor packaging,2025-06-26 00:00:00,Flipkart
FREV-502163,FPRD-01975,FCUST-494981,3.0,Poor packaging,2026-03-26 21:00:00,Flipkart
FREV-502164,FPRD-00271,FCUST-453266,3.0,Poor packaging,2026-07-16 23:00:00,Flipkart
FREV-502165,FPRD-01305,FCUST-200959,5.0,Value for money,2026-02-14 19:00:00,Flipkart
FREV-502166,FPRD-01454,FCUST-358392,5.0,Highly recommended,2024-09-20 09:00:00,Flipkart
FREV-502167,FPRD-01519,FCUST-322871,2.0,Poor packaging,2025-02-11 22:00:00,Flipkart
FREV-502168,FPRD-02003,FCUST-555295,1.0,Awesome!,2025-09-12 08:00:00,Flipkart
FREV-502169,FPRD-01032,FCUST-406400,3.0,Poor packaging,2024-10-04 19:00:00,Flipkart
FREV-502170,FPRD-01466,FCUST-241039,1.0,Decent buy,2025-12-01 17:00:00,Flipkart
FREV-502171,FPRD-02490,FCUST-315859,5.0,Poor packaging,2026-02-06 19:00:00,Flipkart
FREV-502172,FPRD-01690,FCUST-350128,5.0,Awesome!,2025-04-10 04:00:00,Flipkart
FREV-502173,FPRD-01289,FCUST-577410,5.0,Awesome!,2026-05-23 09:00:00,Flipkart
FREV-502174,FPRD-00266,FCUST-256213,3.0,Poor packaging,2025-12-26 02:00:00,Flipkart
FREV-502175,FPRD-01178,FCUST-371828,2.0,Highly recommended,2026-07-17 21:00:00,Flipkart
FREV-502176,FPRD-01959,FCUST-209194,5.0,Value for money,2025-07-18 10:00:00,Flipkart
FREV-502177,FPRD-02395,FCUST-361665,1.0,Value for money,2026-02-12 12:00:00,Flipkart
FREV-502178,FPRD-02143,FCUST-225098,4.0,Awesome!,2025-04-23 23:00:00,Flipkart
FREV-502179,FPRD-01501,FCUST-246072,2.0,Awesome!,2024-12-19 17:00:00,Flipkart
FREV-502180,FPRD-00454,FCUST-535733,1.0,Awesome!,2025-07-28 15:00:00,Flipkart
FREV-502181,FPRD-02361,FCUST-415471,5.0,Decent buy,2026-05-03 07:00:00,Flipkart
FREV-502182,FPRD-01436,FCUST-418875,4.0,Poor packaging,2025-12-25 19:00:00,Flipkart
FREV-502183,FPRD-00532,FCUST-399085,,Value for money,2025-12-25 17:00:00,Flipkart
FREV-502184,FPRD-01949,FCUST-226380,3.0,Awesome!,2024-11-17 04:00:00,Flipkart
FREV-502185,FPRD-00616,FCUST-268780,4.0,Value for money,2026-05-31 05:00:00,Flipkart
FREV-502186,FPRD-01570,FCUST-257153,5.0,Value for money,2024-10-22 08:00:00,Flipkart
FREV-502187,FPRD-01439,FCUST-329068,3.0,Highly recommended,2026-07-19 22:00:00,Flipkart
FREV-502188,FPRD-02067,FCUST-470027,3.0,Poor packaging,2026-05-22 05:00:00,Flipkart
FREV-502189,FPRD-02284,FCUST-305014,1.0,Poor packaging,2026-03-16 07:00:00,Flipkart
FREV-502190,FPRD-00695,FCUST-349353,5.0,Value for money,2024-11-12 20:00:00,Flipkart
FREV-502191,FPRD-00258,FCUST-553535,4.0,Decent buy,2026-07-28 04:00:00,Flipkart
FREV-502192,FPRD-00926,FCUST-599782,1.0,Awesome!,2026-05-24 22:00:00,Flipkart
FREV-502193,FPRD-00714,FCUST-554374,4.0,Poor packaging,2024-10-15 19:00:00,Flipkart
FREV-502194,FPRD-00836,FCUST-263327,2.0,Poor packaging,2026-06-09 05:00:00,Flipkart
FREV-502195,FPRD-01109,FCUST-463539,2.0,Highly recommended,2025-03-22 07:00:00,Flipkart
FREV-502196,FPRD-02192,FCUST-571499,5.0,Awesome!,2026-04-10 02:00:00,Flipkart
FREV-502197,FPRD-01947,FCUST-498399,1.0,Awesome!,2024-11-19 23:00:00,Flipkart
FREV-502198,FPRD-01919,FCUST-256436,1.0,Awesome!,2025-04-21 13:00:00,Flipkart
FREV-502199,FPRD-00277,FCUST-329910,1.0,Poor packaging,2025-10-22 15:00:00,Flipkart
FREV-502200,FPRD-00175,FCUST-515795,4.0,Value for money,2025-12-22 12:00:00,Flipkart
FREV-502201,FPRD-00671,FCUST-452976,4.0,Value for money,2025-12-17 09:00:00,Flipkart
FREV-502202,FPRD-02353,FCUST-220573,1.0,Highly recommended,2025-10-08 02:00:00,Flipkart
FREV-502203,FPRD-01248,FCUST-531102,5.0,Decent buy,2024-11-04 07:00:00,Flipkart
FREV-502204,FPRD-00370,FCUST-432022,5.0,Value for money,2025-04-22 16:00:00,Flipkart
FREV-502205,FPRD-01948,FCUST-475750,2.0,Poor packaging,2025-07-06 03:00:00,Flipkart
FREV-502206,FPRD-02038,FCUST-567280,1.0,Poor packaging,2024-12-15 01:00:00,Flipkart
FREV-502207,FPRD-00186,FCUST-446265,2.0,Highly recommended,2025-04-10 16:00:00,Flipkart
FREV-502208,FPRD-00985,FCUST-577121,2.0,Awesome!,2026-05-29 04:00:00,Flipkart
FREV-502209,FPRD-00004,FCUST-384787,4.0,Value for money,2024-08-30 14:00:00,Flipkart
FREV-502210,FPRD-01169,FCUST-499464,4.0,Poor packaging,2025-03-13 07:00:00,Flipkart
FREV-502211,FPRD-01555,FCUST-257496,5.0,Decent buy,2025-04-30 09:00:00,Flipkart
FREV-502212,FPRD-00131,FCUST-233274,1.0,Highly recommended,2025-02-08 16:00:00,Flipkart
FREV-502213,FPRD-02405,FCUST-238465,1.0,Poor packaging,2024-09-21 19:00:00,Flipkart
FREV-502214,FPRD-01631,FCUST-212256,5.0,Value for money,2025-09-30 16:00:00,Flipkart
FREV-502215,FPRD-02492,FCUST-435565,4.0,Highly recommended,2026-04-04 16:00:00,Flipkart
FREV-502216,FPRD-00606,FCUST-279901,5.0,Value for money,2025-02-06 22:00:00,Flipkart
FREV-502217,FPRD-02203,FCUST-329169,4.0,Value for money,2025-04-10 13:00:00,Flipkart
FREV-502218,FPRD-00063,FCUST-580153,5.0,Value for money,2026-02-02 05:00:00,Flipkart
FREV-502219,FPRD-00402,FCUST-248740,2.0,Highly recommended,2025-05-29 10:00:00,Flipkart
FREV-502220,FPRD-00921,FCUST-473231,3.0,Decent buy,2026-03-24 12:00:00,Flipkart
FREV-502221,FPRD-02308,FCUST-417646,,Value for money,2025-05-02 09:00:00,Flipkart
FREV-502222,FPRD-02179,FCUST-546750,4.0,Highly recommended,2024-09-18 10:00:00,Flipkart
FREV-502223,FPRD-02379,FCUST-341252,1.0,Highly recommended,2026-04-19 00:00:00,Flipkart
FREV-502224,FPRD-00784,FCUST-439651,2.0,Decent buy,2026-03-10 16:00:00,Flipkart
FREV-502225,FPRD-01290,FCUST-458878,3.0,Decent buy,2026-07-08 01:00:00,Flipkart
FREV-502226,FPRD-01620,FCUST-291532,4.0,Poor packaging,2026-03-22 05:00:00,Flipkart
FREV-502227,FPRD-01841,FCUST-589749,1.0,Awesome!,2025-03-14 10:00:00,Flipkart
FREV-502228,FPRD-00168,FCUST-334149,3.0,Decent buy,2026-07-23 09:00:00,Flipkart
FREV-502229,FPRD-00099,FCUST-200126,3.0,Highly recommended,2025-09-25 11:00:00,Flipkart
FREV-502230,FPRD-00104,FCUST-318116,3.0,Highly recommended,2026-05-02 04:00:00,Flipkart
FREV-502231,FPRD-02406,FCUST-483940,4.0,Value for money,2025-12-24 18:00:00,Flipkart
FREV-502232,FPRD-00529,FCUST-214586,5.0,Awesome!,2025-06-11 17:00:00,Flipkart
FREV-502233,FPRD-01365,FCUST-288712,4.0,Highly recommended,2025-03-15 06:00:00,Flipkart
FREV-502234,FPRD-00624,FCUST-221451,,Decent buy,2025-10-09 13:00:00,Flipkart
FREV-502235,FPRD-00895,FCUST-292228,4.0,Poor packaging,2026-03-23 21:00:00,Flipkart
FREV-502236,FPRD-01381,FCUST-264297,4.0,Highly recommended,2025-12-14 23:00:00,Flipkart
FREV-502237,FPRD-00875,FCUST-230316,1.0,Value for money,2025-09-05 07:00:00,Flipkart
FREV-502238,FPRD-00890,FCUST-505953,2.0,Awesome!,2026-01-06 23:00:00,Flipkart
FREV-502239,FPRD-01824,FCUST-540913,1.0,Value for money,2024-09-21 17:00:00,Flipkart
FREV-502240,FPRD-01959,FCUST-354654,5.0,Value for money,2025-04-01 18:00:00,Flipkart
FREV-502241,FPRD-00271,FCUST-541874,4.0,Value for money,2026-03-17 15:00:00,Flipkart
FREV-502242,FPRD-02075,FCUST-401900,3.0,Poor packaging,2026-04-16 20:00:00,Flipkart
FREV-502243,FPRD-01476,FCUST-491667,1.0,Value for money,2026-01-05 10:00:00,Flipkart
FREV-502244,FPRD-00824,FCUST-352317,3.0,Awesome!,2024-10-09 00:00:00,Flipkart
FREV-502245,FPRD-02113,FCUST-307680,5.0,Decent buy,2024-09-29 08:00:00,Flipkart
FREV-502246,FPRD-01716,FCUST-445083,1.0,Decent buy,2025-03-10 07:00:00,Flipkart
FREV-502247,FPRD-00495,FCUST-426915,,Awesome!,2026-06-16 06:00:00,Flipkart
FREV-502248,FPRD-01293,FCUST-589773,,Value for money,2025-04-02 22:00:00,Flipkart
FREV-502249,FPRD-01373,FCUST-561750,4.0,Value for money,2024-09-22 11:00:00,Flipkart
FREV-502250,FPRD-02219,FCUST-446205,2.0,Highly recommended,2026-07-29 19:00:00,Flipkart
FREV-502251,FPRD-00956,FCUST-307044,2.0,Awesome!,2026-04-06 08:00:00,Flipkart
FREV-502252,FPRD-02482,FCUST-347965,5.0,Decent buy,2024-12-31 02:00:00,Flipkart
FREV-502253,FPRD-01516,FCUST-327330,1.0,Highly recommended,2026-02-21 00:00:00,Flipkart
FREV-502254,FPRD-00494,FCUST-335725,4.0,Poor packaging,2026-07-05 15:00:00,Flipkart
FREV-502255,FPRD-01810,FCUST-224679,,Poor packaging,2026-07-18 02:00:00,Flipkart
FREV-502256,FPRD-00096,FCUST-258097,2.0,Poor packaging,2024-12-22 10:00:00,Flipkart
FREV-502257,FPRD-02491,FCUST-529740,1.0,Value for money,2025-07-29 06:00:00,Flipkart
FREV-502258,FPRD-00254,FCUST-390370,1.0,Decent buy,2025-08-18 08:00:00,Flipkart
FREV-502259,FPRD-01183,FCUST-558035,5.0,Decent buy,2025-04-04 11:00:00,Flipkart
FREV-502260,FPRD-02431,FCUST-574346,5.0,Highly recommended,2026-04-23 06:00:00,Flipkart
FREV-502261,FPRD-02057,FCUST-415388,4.0,Decent buy,2026-02-14 11:00:00,Flipkart
FREV-502262,FPRD-01798,FCUST-511933,3.0,Decent buy,2025-02-28 05:00:00,Flipkart
FREV-502263,FPRD-01323,FCUST-319620,5.0,Value for money,2024-12-24 08:00:00,Flipkart
FREV-502264,FPRD-02372,FCUST-496625,2.0,Awesome!,2025-01-04 23:00:00,Flipkart
FREV-502265,FPRD-02168,FCUST-427399,5.0,Value for money,2024-11-15 16:00:00,Flipkart
FREV-502266,FPRD-00938,FCUST-529740,4.0,Value for money,2025-07-29 06:00:00,Flipkart
FREV-502267,FPRD-01879,FCUST-303664,3.0,Value for money,2024-08-23 13:00:00,Flipkart
FREV-502268,FPRD-01198,FCUST-416635,4.0,Value for money,2025-02-01 15:00:00,Flipkart
FREV-502269,FPRD-00545,FCUST-235612,4.0,Highly recommended,2025-10-16 04:00:00,Flipkart
FREV-502270,FPRD-01784,FCUST-360259,5.0,Value for money,2025-06-25 01:00:00,Flipkart
FREV-502271,FPRD-00528,FCUST-468171,1.0,Value for money,2025-07-28 01:00:00,Flipkart
FREV-502272,FPRD-01069,FCUST-337105,,Decent buy,2026-07-14 20:00:00,Flipkart
FREV-502273,FPRD-02445,FCUST-562984,2.0,Value for money,2025-03-30 15:00:00,Flipkart
FREV-502274,FPRD-02224,FCUST-479362,3.0,Highly recommended,2025-06-18 14:00:00,Flipkart
FREV-502275,FPRD-00667,FCUST-525870,5.0,Decent buy,2025-03-10 01:00:00,Flipkart
FREV-502276,FPRD-01087,FCUST-450198,3.0,Awesome!,2025-11-05 10:00:00,Flipkart
FREV-502277,FPRD-00399,FCUST-474215,4.0,Poor packaging,2025-08-24 01:00:00,Flipkart
FREV-502278,FPRD-01933,FCUST-367831,4.0,Awesome!,2025-08-27 17:00:00,Flipkart
FREV-502279,FPRD-00698,FCUST-267817,3.0,Value for money,2024-11-09 15:00:00,Flipkart
FREV-502280,FPRD-01182,FCUST-307958,3.0,Value for money,2026-03-02 17:00:00,Flipkart
FREV-502281,FPRD-00104,FCUST-482394,,Poor packaging,2024-10-15 13:00:00,Flipkart
FREV-502282,FPRD-02085,FCUST-591110,4.0,Value for money,2026-07-03 17:00:00,Flipkart
FREV-502283,FPRD-01524,FCUST-399267,2.0,Value for money,2026-08-06 13:00:00,Flipkart
FREV-502284,FPRD-01285,FCUST-466599,1.0,Poor packaging,2025-06-27 07:00:00,Flipkart
FREV-502285,FPRD-02167,FCUST-425341,3.0,Highly recommended,2025-07-27 17:00:00,Flipkart
FREV-502286,FPRD-00849,FCUST-471971,4.0,Decent buy,2025-07-02 10:00:00,Flipkart
FREV-502287,FPRD-01940,FCUST-230922,2.0,Value for money,2025-07-21 19:00:00,Flipkart
FREV-502288,FPRD-01184,FCUST-280727,2.0,Decent buy,2024-10-03 08:00:00,Flipkart
FREV-502289,FPRD-00402,FCUST-200126,2.0,Poor packaging,2026-03-18 10:00:00,Flipkart
FREV-502290,FPRD-01872,FCUST-567104,5.0,Awesome!,2025-10-07 02:00:00,Flipkart
FREV-502291,FPRD-00561,FCUST-220365,3.0,Awesome!,2025-09-17 18:00:00,Flipkart
FREV-502292,FPRD-01178,FCUST-566179,4.0,Value for money,2025-09-12 19:00:00,Flipkart
FREV-502293,FPRD-01159,FCUST-306359,3.0,Awesome!,2025-04-23 19:00:00,Flipkart
FREV-502294,FPRD-02142,FCUST-246012,4.0,Decent buy,2025-07-09 17:00:00,Flipkart
FREV-502295,FPRD-00279,FCUST-496253,2.0,Awesome!,2025-09-29 10:00:00,Flipkart
FREV-502296,FPRD-00345,FCUST-217513,3.0,Decent buy,2026-08-17 17:00:00,Flipkart
FREV-502297,FPRD-00983,FCUST-493249,3.0,Value for money,2026-08-11 05:00:00,Flipkart
FREV-502298,FPRD-00680,FCUST-571475,4.0,Awesome!,2025-01-13 07:00:00,Flipkart
FREV-502299,FPRD-00817,FCUST-412084,,Value for money,2025-04-17 16:00:00,Flipkart
FREV-502300,FPRD-02038,FCUST-413275,,Decent buy,2026-02-01 18:00:00,Flipkart
FREV-502301,FPRD-00584,FCUST-596309,3.0,Poor packaging,2026-05-05 16:00:00,Flipkart
FREV-502302,FPRD-01362,FCUST-548342,3.0,Decent buy,2025-09-07 20:00:00,Flipkart
FREV-502303,FPRD-01916,FCUST-367564,,Poor packaging,2025-05-17 10:00:00,Flipkart
FREV-502304,FPRD-00661,FCUST-329134,1.0,Highly recommended,2025-07-12 17:00:00,Flipkart
FREV-502305,FPRD-01076,FCUST-426915,2.0,Awesome!,2026-06-16 06:00:00,Flipkart
FREV-502306,FPRD-01979,FCUST-284855,4.0,Decent buy,2024-08-29 08:00:00,Flipkart
FREV-502307,FPRD-00985,FCUST-352115,5.0,Value for money,2025-03-17 04:00:00,Flipkart
FREV-502308,FPRD-02057,FCUST-201412,3.0,Decent buy,2026-07-15 06:00:00,Flipkart
FREV-502309,FPRD-00241,FCUST-367525,4.0,Value for money,2025-01-04 22:00:00,Flipkart
FREV-502310,FPRD-01945,FCUST-307791,5.0,Value for money,2025-07-02 12:00:00,Flipkart
FREV-502311,FPRD-01317,FCUST-522096,4.0,Decent buy,2025-09-27 11:00:00,Flipkart
FREV-502312,FPRD-02403,FCUST-448828,2.0,Value for money,2026-04-07 15:00:00,Flipkart
FREV-502313,FPRD-01979,FCUST-367802,2.0,Highly recommended,2026-06-05 03:00:00,Flipkart
FREV-502314,FPRD-01318,FCUST-207983,5.0,Poor packaging,2024-10-19 17:00:00,Flipkart
FREV-502315,FPRD-02382,FCUST-282325,2.0,Awesome!,2026-07-06 20:00:00,Flipkart
FREV-502316,FPRD-02126,FCUST-420885,4.0,Decent buy,2026-05-12 16:00:00,Flipkart
FREV-502317,FPRD-01203,FCUST-262308,1.0,Highly recommended,2025-02-04 15:00:00,Flipkart
FREV-502318,FPRD-02360,FCUST-492028,5.0,Value for money,2026-03-03 11:00:00,Flipkart
FREV-502319,FPRD-01906,FCUST-478335,3.0,Highly recommended,2025-10-15 17:00:00,Flipkart
FREV-502320,FPRD-01423,FCUST-401230,,Poor packaging,2024-09-14 08:00:00,Flipkart
FREV-502321,FPRD-01772,FCUST-323477,5.0,Highly recommended,2026-04-16 12:00:00,Flipkart
FREV-502322,FPRD-01665,FCUST-286266,1.0,Decent buy,2026-01-26 01:00:00,Flipkart
FREV-502323,FPRD-01339,FCUST-406074,2.0,Awesome!,2026-04-24 12:00:00,Flipkart
FREV-502324,FPRD-01928,FCUST-239017,5.0,Highly recommended,2025-04-04 00:00:00,Flipkart
FREV-502325,FPRD-01869,FCUST-204925,4.0,Awesome!,2025-06-27 22:00:00,Flipkart
FREV-502326,FPRD-00781,FCUST-255270,4.0,Highly recommended,2025-11-05 00:00:00,Flipkart
FREV-502327,FPRD-01057,FCUST-534111,3.0,Poor packaging,2025-11-23 23:00:00,Flipkart
FREV-502328,FPRD-01481,FCUST-510174,5.0,Awesome!,2026-06-14 18:00:00,Flipkart
FREV-502329,FPRD-01085,FCUST-211902,1.0,Value for money,2024-11-03 11:00:00,Flipkart
FREV-502330,FPRD-00376,FCUST-533915,4.0,Highly recommended,2025-03-09 22:00:00,Flipkart
FREV-502331,FPRD-01420,FCUST-541930,4.0,Poor packaging,2025-01-02 04:00:00,Flipkart
FREV-502332,FPRD-01741,FCUST-463253,3.0,Decent buy,2025-12-30 02:00:00,Flipkart
FREV-502333,FPRD-00142,FCUST-543997,4.0,Awesome!,2025-11-01 13:00:00,Flipkart
FREV-502334,FPRD-01257,FCUST-476364,2.0,Awesome!,2026-03-17 00:00:00,Flipkart
FREV-502335,FPRD-02432,FCUST-270180,,Decent buy,2024-10-07 19:00:00,Flipkart
FREV-502336,FPRD-00405,FCUST-539750,,Decent buy,2025-05-13 02:00:00,Flipkart
FREV-502337,FPRD-00357,FCUST-401900,5.0,Value for money,2026-04-16 20:00:00,Flipkart
FREV-502338,FPRD-00842,FCUST-321981,3.0,Poor packaging,2025-03-28 13:00:00,Flipkart
FREV-502339,FPRD-00479,FCUST-405246,4.0,Awesome!,2024-10-11 20:00:00,Flipkart
FREV-502340,FPRD-01457,FCUST-278572,2.0,Value for money,2024-08-19 23:00:00,Flipkart
FREV-502341,FPRD-02254,FCUST-540888,1.0,Value for money,2026-07-13 15:00:00,Flipkart
FREV-502342,FPRD-01770,FCUST-349405,1.0,Highly recommended,2025-03-13 16:00:00,Flipkart
FREV-502343,FPRD-02116,FCUST-267220,,Poor packaging,2024-12-16 09:00:00,Flipkart
FREV-502344,FPRD-00632,FCUST-368048,4.0,Awesome!,2025-05-09 22:00:00,Flipkart
FREV-502345,FPRD-01347,FCUST-456071,1.0,Decent buy,2025-07-18 17:00:00,Flipkart
FREV-502346,FPRD-01468,FCUST-242643,5.0,Highly recommended,2026-04-10 21:00:00,Flipkart
FREV-502347,FPRD-00631,FCUST-264848,5.0,Decent buy,2025-08-29 10:00:00,Flipkart
FREV-502348,FPRD-02453,FCUST-595797,2.0,Value for money,2024-11-08 12:00:00,Flipkart
FREV-502349,FPRD-01376,FCUST-220726,2.0,Awesome!,2026-02-16 17:00:00,Flipkart
FREV-502350,FPRD-00663,FCUST-487560,3.0,Decent buy,2026-08-04 01:00:00,Flipkart
FREV-502351,FPRD-00902,FCUST-548342,2.0,Value for money,2026-06-24 05:00:00,Flipkart
FREV-502352,FPRD-00388,FCUST-558920,5.0,Awesome!,2025-10-17 23:00:00,Flipkart
FREV-502353,FPRD-00308,FCUST-547899,2.0,Value for money,2026-05-27 04:00:00,Flipkart
FREV-502354,FPRD-02360,FCUST-529949,,Poor packaging,2025-03-03 20:00:00,Flipkart
FREV-502355,FPRD-01629,FCUST-361820,4.0,Highly recommended,2025-06-26 10:00:00,Flipkart
FREV-502356,FPRD-00439,FCUST-236334,3.0,Highly recommended,2026-02-20 09:00:00,Flipkart
FREV-502357,FPRD-01022,FCUST-202707,,Awesome!,2025-01-06 23:00:00,Flipkart
FREV-502358,FPRD-02479,FCUST-375362,5.0,Highly recommended,2026-05-03 17:00:00,Flipkart
FREV-502359,FPRD-01042,FCUST-331663,1.0,Value for money,2025-03-01 03:00:00,Flipkart
FREV-502360,FPRD-02479,FCUST-407462,2.0,Poor packaging,2024-12-13 19:00:00,Flipkart
FREV-502361,FPRD-00469,FCUST-518024,2.0,Awesome!,2026-02-13 00:00:00,Flipkart
FREV-502362,FPRD-02381,FCUST-203824,1.0,Awesome!,2026-08-08 09:00:00,Flipkart
FREV-502363,FPRD-01279,FCUST-332210,5.0,Value for money,2025-04-18 08:00:00,Flipkart
FREV-502364,FPRD-00374,FCUST-316612,4.0,Highly recommended,2025-04-14 19:00:00,Flipkart
FREV-502365,FPRD-00176,FCUST-338413,,Highly recommended,2026-01-23 02:00:00,Flipkart
FREV-502366,FPRD-00217,FCUST-247701,3.0,Awesome!,2025-11-04 17:00:00,Flipkart
FREV-502367,FPRD-00465,FCUST-489633,4.0,Poor packaging,2025-09-24 02:00:00,Flipkart
FREV-502368,FPRD-02183,FCUST-268442,5.0,Poor packaging,2025-05-11 02:00:00,Flipkart
FREV-502369,FPRD-00760,FCUST-307243,1.0,Highly recommended,2025-05-07 04:00:00,Flipkart
FREV-502370,FPRD-01807,FCUST-232011,4.0,Poor packaging,2025-05-22 22:00:00,Flipkart
FREV-502371,FPRD-01111,FCUST-447297,5.0,Value for money,2025-11-09 19:00:00,Flipkart
FREV-502372,FPRD-00563,FCUST-313911,5.0,Highly recommended,2026-07-10 00:00:00,Flipkart
FREV-502373,FPRD-02188,FCUST-364527,5.0,Poor packaging,2026-01-17 10:00:00,Flipkart
FREV-502374,FPRD-00787,FCUST-510466,4.0,Value for money,2025-09-20 01:00:00,Flipkart
FREV-502375,FPRD-01034,FCUST-203390,2.0,Decent buy,2026-01-20 07:00:00,Flipkart
FREV-502376,FPRD-02451,FCUST-480377,2.0,Decent buy,2025-03-07 19:00:00,Flipkart
FREV-502377,FPRD-02166,FCUST-345453,4.0,Awesome!,2025-09-18 04:00:00,Flipkart
FREV-502378,FPRD-00487,FCUST-430779,2.0,Poor packaging,2025-01-31 23:00:00,Flipkart
FREV-502379,FPRD-02318,FCUST-444596,5.0,Highly recommended,2025-04-26 07:00:00,Flipkart
FREV-502380,FPRD-01681,FCUST-363752,3.0,Value for money,2024-11-09 06:00:00,Flipkart
FREV-502381,FPRD-00717,FCUST-463364,3.0,Value for money,2026-05-31 17:00:00,Flipkart
FREV-502382,FPRD-02481,FCUST-363677,1.0,Value for money,2026-01-27 01:00:00,Flipkart
FREV-502383,FPRD-00021,FCUST-597489,2.0,Highly recommended,2025-07-02 16:00:00,Flipkart
FREV-502384,FPRD-01585,FCUST-478632,2.0,Decent buy,2025-06-07 15:00:00,Flipkart
FREV-502385,FPRD-01435,FCUST-487531,5.0,Awesome!,2025-11-19 21:00:00,Flipkart
FREV-502386,FPRD-00204,FCUST-530114,5.0,Value for money,2025-01-28 04:00:00,Flipkart
FREV-502387,FPRD-01520,FCUST-349737,3.0,Value for money,2025-09-25 17:00:00,Flipkart
FREV-502388,FPRD-00394,FCUST-463253,3.0,Highly recommended,2025-12-30 02:00:00,Flipkart
FREV-502389,FPRD-01547,FCUST-459277,2.0,Poor packaging,2025-08-17 14:00:00,Flipkart
FREV-502390,FPRD-00744,FCUST-233471,3.0,Decent buy,2025-06-06 10:00:00,Flipkart
FREV-502391,FPRD-00747,FCUST-549072,3.0,Value for money,2025-03-25 03:00:00,Flipkart
FREV-502392,FPRD-00749,FCUST-473319,4.0,Awesome!,2026-05-17 18:00:00,Flipkart
FREV-502393,FPRD-00914,FCUST-309610,,Poor packaging,2024-09-25 03:00:00,Flipkart
FREV-502394,FPRD-01029,FCUST-207934,5.0,Poor packaging,2025-06-30 05:00:00,Flipkart
FREV-502395,FPRD-00809,FCUST-324672,3.0,Poor packaging,2026-03-18 14:00:00,Flipkart
FREV-502396,FPRD-01537,FCUST-202481,5.0,Highly recommended,2026-07-30 00:00:00,Flipkart
FREV-502397,FPRD-01032,FCUST-378409,1.0,Awesome!,2024-08-15 21:00:00,Flipkart
FREV-502398,FPRD-00093,FCUST-204256,5.0,Awesome!,2024-11-04 15:00:00,Flipkart
FREV-502399,FPRD-02080,FCUST-393336,1.0,Awesome!,2025-08-31 01:00:00,Flipkart
FREV-502400,FPRD-01865,FCUST-540000,2.0,Highly recommended,2026-03-02 05:00:00,Flipkart
FREV-502401,FPRD-02340,FCUST-306090,5.0,Awesome!,2024-11-30 06:00:00,Flipkart
FREV-502402,FPRD-01266,FCUST-300367,4.0,Value for money,2025-11-23 13:00:00,Flipkart
FREV-502403,FPRD-00829,FCUST-350895,1.0,Value for money,2026-05-28 08:00:00,Flipkart
FREV-502404,FPRD-00280,FCUST-345836,1.0,Poor packaging,2025-08-07 22:00:00,Flipkart
FREV-502405,FPRD-02116,FCUST-445066,5.0,Poor packaging,2025-05-18 02:00:00,Flipkart
FREV-502406,FPRD-00627,FCUST-514500,3.0,Awesome!,2025-09-28 00:00:00,Flipkart
FREV-502407,FPRD-01588,FCUST-442848,2.0,Highly recommended,2026-07-28 06:00:00,Flipkart
FREV-502408,FPRD-01622,FCUST-248035,5.0,Poor packaging,2024-12-12 12:00:00,Flipkart
FREV-502409,FPRD-01898,FCUST-401184,5.0,Highly recommended,2025-01-31 03:00:00,Flipkart
FREV-502410,FPRD-00960,FCUST-424388,3.0,Decent buy,2025-11-28 21:00:00,Flipkart
FREV-502411,FPRD-01089,FCUST-249088,3.0,Poor packaging,2024-11-23 05:00:00,Flipkart
FREV-502412,FPRD-01731,FCUST-449109,4.0,Highly recommended,2025-08-24 14:00:00,Flipkart
FREV-502413,FPRD-00589,FCUST-536824,1.0,Decent buy,2025-01-31 02:00:00,Flipkart
FREV-502414,FPRD-01141,FCUST-415760,1.0,Awesome!,2025-12-01 22:00:00,Flipkart
FREV-502415,FPRD-00026,FCUST-536639,5.0,Highly recommended,2026-04-07 15:00:00,Flipkart
FREV-502416,FPRD-01246,FCUST-559403,1.0,Decent buy,2026-06-27 19:00:00,Flipkart
FREV-502417,FPRD-00661,FCUST-392045,3.0,Value for money,2025-04-14 21:00:00,Flipkart
FREV-502418,FPRD-02413,FCUST-577923,,Awesome!,2025-04-25 11:00:00,Flipkart
FREV-502419,FPRD-00286,FCUST-340429,1.0,Highly recommended,2025-06-06 17:00:00,Flipkart
FREV-502420,FPRD-00552,FCUST-497259,2.0,Value for money,2025-07-28 06:00:00,Flipkart
FREV-502421,FPRD-01992,FCUST-283889,2.0,Value for money,2026-07-02 03:00:00,Flipkart
FREV-502422,FPRD-02361,FCUST-325531,5.0,Value for money,2024-12-03 17:00:00,Flipkart
FREV-502423,FPRD-01934,FCUST-334023,3.0,Value for money,2025-05-22 10:00:00,Flipkart
FREV-502424,FPRD-01114,FCUST-422367,5.0,Highly recommended,2025-12-03 16:00:00,Flipkart
FREV-502425,FPRD-01718,FCUST-235084,4.0,Awesome!,2025-06-13 15:00:00,Flipkart
FREV-502426,FPRD-00214,FCUST-341014,2.0,Poor packaging,2026-01-17 15:00:00,Flipkart
FREV-502427,FPRD-02404,FCUST-534532,2.0,Highly recommended,2025-02-14 06:00:00,Flipkart
FREV-502428,FPRD-01333,FCUST-478823,4.0,Poor packaging,2024-09-21 04:00:00,Flipkart
FREV-502429,FPRD-01839,FCUST-283569,3.0,Value for money,2025-10-05 17:00:00,Flipkart
FREV-502430,FPRD-02003,FCUST-473042,2.0,Decent buy,2025-12-30 12:00:00,Flipkart
FREV-502431,FPRD-00471,FCUST-320562,1.0,Awesome!,2026-05-09 19:00:00,Flipkart
FREV-502432,FPRD-02241,FCUST-559970,,Highly recommended,2025-06-28 17:00:00,Flipkart
FREV-502433,FPRD-01002,FCUST-545091,1.0,Value for money,2025-03-12 23:00:00,Flipkart
FREV-502434,FPRD-01145,FCUST-479530,4.0,Poor packaging,2025-11-19 03:00:00,Flipkart
FREV-502435,FPRD-01635,FCUST-428672,1.0,Poor packaging,2024-09-15 04:00:00,Flipkart
FREV-502436,FPRD-02138,FCUST-263982,3.0,Poor packaging,2025-12-26 06:00:00,Flipkart
FREV-502437,FPRD-00341,FCUST-482000,5.0,Decent buy,2025-06-08 11:00:00,Flipkart
FREV-502438,FPRD-01605,FCUST-293646,1.0,Decent buy,2026-03-10 00:00:00,Flipkart
FREV-502439,FPRD-01550,FCUST-389582,2.0,Poor packaging,2024-10-11 17:00:00,Flipkart
FREV-502440,FPRD-01764,FCUST-493169,2.0,Awesome!,2025-03-27 08:00:00,Flipkart
FREV-502441,FPRD-00131,FCUST-391741,2.0,Value for money,2026-01-23 05:00:00,Flipkart
FREV-502442,FPRD-00885,FCUST-495550,,Highly recommended,2026-06-15 07:00:00,Flipkart
FREV-502443,FPRD-02103,FCUST-595136,2.0,Highly recommended,2024-09-04 14:00:00,Flipkart
FREV-502444,FPRD-00116,FCUST-267690,5.0,Poor packaging,2024-09-10 17:00:00,Flipkart
FREV-502445,FPRD-01932,FCUST-426992,,Value for money,2024-10-25 20:00:00,Flipkart
FREV-502446,FPRD-01844,FCUST-449474,2.0,Highly recommended,2026-07-14 12:00:00,Flipkart
FREV-502447,FPRD-00089,FCUST-318409,2.0,Value for money,2024-12-02 06:00:00,Flipkart
FREV-502448,FPRD-00862,FCUST-284013,5.0,Decent buy,2025-07-01 14:00:00,Flipkart
FREV-502449,FPRD-02028,FCUST-294874,5.0,Poor packaging,2024-12-03 15:00:00,Flipkart
FREV-502450,FPRD-01831,FCUST-324935,1.0,Decent buy,2025-08-29 21:00:00,Flipkart
FREV-502451,FPRD-02461,FCUST-219333,2.0,Decent buy,2025-01-25 08:00:00,Flipkart
FREV-502452,FPRD-01653,FCUST-541596,1.0,Highly recommended,2025-09-14 12:00:00,Flipkart
FREV-502453,FPRD-01412,FCUST-259389,3.0,Decent buy,2025-01-22 17:00:00,Flipkart
FREV-502454,FPRD-01334,FCUST-251968,5.0,Awesome!,2024-09-23 15:00:00,Flipkart
FREV-502455,FPRD-00506,FCUST-442134,4.0,Value for money,2025-03-26 14:00:00,Flipkart
FREV-502456,FPRD-00914,FCUST-321369,2.0,Decent buy,2025-06-08 04:00:00,Flipkart
FREV-502457,FPRD-00745,FCUST-296232,5.0,Value for money,2025-02-10 04:00:00,Flipkart
FREV-502458,FPRD-00824,FCUST-295870,2.0,Highly recommended,2025-04-03 07:00:00,Flipkart
FREV-502459,FPRD-01903,FCUST-400547,,Awesome!,2024-10-11 03:00:00,Flipkart
FREV-502460,FPRD-01533,FCUST-459806,4.0,Value for money,2025-05-03 12:00:00,Flipkart
FREV-502461,FPRD-00658,FCUST-307454,5.0,Highly recommended,2026-06-24 09:00:00,Flipkart
FREV-502462,FPRD-01792,FCUST-408773,5.0,Awesome!,2025-03-10 22:00:00,Flipkart
FREV-502463,FPRD-00099,FCUST-594232,5.0,Value for money,2026-03-24 21:00:00,Flipkart
FREV-502464,FPRD-00590,FCUST-428672,2.0,Highly recommended,2024-09-15 04:00:00,Flipkart
FREV-502465,FPRD-01368,FCUST-220517,2.0,Decent buy,2026-06-01 17:00:00,Flipkart
FREV-502466,FPRD-00118,FCUST-415162,3.0,Poor packaging,2024-08-30 17:00:00,Flipkart
FREV-502467,FPRD-02123,FCUST-429042,4.0,Value for money,2025-11-10 18:00:00,Flipkart
FREV-502468,FPRD-00124,FCUST-437292,4.0,Poor packaging,2026-01-07 00:00:00,Flipkart
FREV-502469,FPRD-00625,FCUST-418042,5.0,Awesome!,2024-11-30 16:00:00,Flipkart
FREV-502470,FPRD-01255,FCUST-594027,2.0,Value for money,2025-09-12 16:00:00,Flipkart
FREV-502471,FPRD-00258,FCUST-503547,5.0,Awesome!,2025-10-23 07:00:00,Flipkart
FREV-502472,FPRD-00061,FCUST-382143,4.0,Value for money,2024-09-07 09:00:00,Flipkart
FREV-502473,FPRD-01745,FCUST-483566,4.0,Value for money,2025-10-17 09:00:00,Flipkart
FREV-502474,FPRD-00203,FCUST-294511,5.0,Decent buy,2025-03-21 16:00:00,Flipkart
FREV-502475,FPRD-01181,FCUST-566514,,Poor packaging,2024-10-03 18:00:00,Flipkart
FREV-502476,FPRD-02092,FCUST-369150,2.0,Value for money,2024-12-05 18:00:00,Flipkart
FREV-502477,FPRD-00431,FCUST-286724,5.0,Awesome!,2025-04-09 01:00:00,Flipkart
FREV-502478,FPRD-00303,FCUST-226197,2.0,Decent buy,2025-05-23 13:00:00,Flipkart
FREV-502479,FPRD-00292,FCUST-589773,3.0,Decent buy,2025-04-02 22:00:00,Flipkart
FREV-502480,FPRD-00295,FCUST-316333,1.0,Value for money,2026-05-21 00:00:00,Flipkart
FREV-502481,FPRD-01644,FCUST-227953,1.0,Poor packaging,2026-03-30 11:00:00,Flipkart
FREV-502482,FPRD-00802,FCUST-407782,,Value for money,2025-10-30 20:00:00,Flipkart
FREV-502483,FPRD-02493,FCUST-507773,,Highly recommended,2026-03-16 15:00:00,Flipkart
FREV-502484,FPRD-02482,FCUST-281429,4.0,Poor packaging,2024-08-26 09:00:00,Flipkart
FREV-502485,FPRD-02416,FCUST-399767,3.0,Poor packaging,2025-03-29 08:00:00,Flipkart
FREV-502486,FPRD-00860,FCUST-337065,1.0,Awesome!,2026-02-02 06:00:00,Flipkart
FREV-502487,FPRD-01028,FCUST-472633,2.0,Awesome!,2025-02-08 05:00:00,Flipkart
FREV-502488,FPRD-02316,FCUST-215849,5.0,Decent buy,2025-04-30 14:00:00,Flipkart
FREV-502489,FPRD-01915,FCUST-574059,2.0,Poor packaging,2026-04-22 17:00:00,Flipkart
FREV-502490,FPRD-00377,FCUST-300260,,Awesome!,2025-11-22 03:00:00,Flipkart
FREV-502491,FPRD-02346,FCUST-241693,2.0,Poor packaging,2026-07-19 04:00:00,Flipkart
FREV-502492,FPRD-00935,FCUST-390424,4.0,Poor packaging,2025-02-25 13:00:00,Flipkart
FREV-502493,FPRD-02254,FCUST-468612,4.0,Decent buy,2024-10-11 04:00:00,Flipkart
FREV-502494,FPRD-00067,FCUST-363978,1.0,Highly recommended,2026-02-09 14:00:00,Flipkart
FREV-502495,FPRD-01087,FCUST-560959,3.0,Decent buy,2024-11-19 21:00:00,Flipkart
FREV-502496,FPRD-01452,FCUST-439810,3.0,Value for money,2025-11-08 15:00:00,Flipkart
FREV-502497,FPRD-01155,FCUST-560546,3.0,Highly recommended,2024-12-24 09:00:00,Flipkart
FREV-502498,FPRD-00306,FCUST-284862,1.0,Awesome!,2025-03-30 04:00:00,Flipkart
FREV-502499,FPRD-00976,FCUST-554868,,Highly recommended,2025-01-18 04:00:00,Flipkart
FREV-502500,FPRD-00061,FCUST-305135,4.0,Value for money,2026-01-04 02:00:00,Flipkart
FREV-502501,FPRD-01867,FCUST-392250,1.0,Poor packaging,2025-12-02 03:00:00,Flipkart
FREV-502502,FPRD-00672,FCUST-431626,3.0,Poor packaging,2025-12-03 06:00:00,Flipkart
FREV-502503,FPRD-00511,FCUST-522202,2.0,Awesome!,2025-01-05 09:00:00,Flipkart
FREV-502504,FPRD-00736,FCUST-402428,5.0,Value for money,2024-11-30 07:00:00,Flipkart
FREV-502505,FPRD-02253,FCUST-434908,5.0,Awesome!,2025-05-12 10:00:00,Flipkart
FREV-502506,FPRD-00696,FCUST-205504,1.0,Awesome!,2025-10-24 22:00:00,Flipkart
FREV-502507,FPRD-01233,FCUST-524782,,Decent buy,2024-12-29 06:00:00,Flipkart
FREV-502508,FPRD-00034,FCUST-491460,5.0,Poor packaging,2025-04-07 09:00:00,Flipkart
FREV-502509,FPRD-01153,FCUST-494367,5.0,Value for money,2025-03-02 14:00:00,Flipkart
FREV-502510,FPRD-01784,FCUST-593978,2.0,Awesome!,2025-01-03 01:00:00,Flipkart
FREV-502511,FPRD-02029,FCUST-577491,,Awesome!,2025-09-08 10:00:00,Flipkart
FREV-502512,FPRD-02046,FCUST-382840,5.0,Highly recommended,2026-02-19 16:00:00,Flipkart
FREV-502513,FPRD-00107,FCUST-393043,,Poor packaging,2024-09-12 05:00:00,Flipkart
FREV-502514,FPRD-01913,FCUST-361272,1.0,Decent buy,2025-03-02 06:00:00,Flipkart
FREV-502515,FPRD-00857,FCUST-376433,2.0,Decent buy,2024-08-15 15:00:00,Flipkart
FREV-502516,FPRD-00598,FCUST-384687,4.0,Poor packaging,2024-09-13 17:00:00,Flipkart
FREV-502517,FPRD-01524,FCUST-278428,2.0,Poor packaging,2025-04-10 21:00:00,Flipkart
FREV-502518,FPRD-00297,FCUST-464318,3.0,Highly recommended,2025-10-11 14:00:00,Flipkart
FREV-502519,FPRD-00508,FCUST-568229,3.0,Awesome!,2026-08-09 16:00:00,Flipkart
FREV-502520,FPRD-00018,FCUST-428997,1.0,Decent buy,2025-10-19 17:00:00,Flipkart
FREV-502521,FPRD-02085,FCUST-297328,5.0,Awesome!,2025-12-10 13:00:00,Flipkart
FREV-502522,FPRD-01058,FCUST-257285,3.0,Highly recommended,2026-05-24 21:00:00,Flipkart
FREV-502523,FPRD-01196,FCUST-298018,,Value for money,2025-11-02 10:00:00,Flipkart
FREV-502524,FPRD-00019,FCUST-236077,3.0,Decent buy,2025-08-15 01:00:00,Flipkart
FREV-502525,FPRD-02337,FCUST-573435,5.0,Decent buy,2025-05-16 14:00:00,Flipkart
FREV-502526,FPRD-01297,FCUST-337198,4.0,Poor packaging,2025-07-30 06:00:00,Flipkart
FREV-502527,FPRD-01630,FCUST-269630,5.0,Awesome!,2025-03-25 12:00:00,Flipkart
FREV-502528,FPRD-02057,FCUST-316896,2.0,Awesome!,2025-01-12 22:00:00,Flipkart
FREV-502529,FPRD-02270,FCUST-364647,2.0,Value for money,2026-05-09 07:00:00,Flipkart
FREV-502530,FPRD-02413,FCUST-345453,3.0,Poor packaging,2026-05-28 23:00:00,Flipkart
FREV-502531,FPRD-01404,FCUST-271160,1.0,Poor packaging,2025-02-22 16:00:00,Flipkart
FREV-502532,FPRD-02354,FCUST-226863,5.0,Highly recommended,2025-07-06 08:00:00,Flipkart
FREV-502533,FPRD-01977,FCUST-329199,3.0,Decent buy,2025-10-15 07:00:00,Flipkart
FREV-502534,FPRD-02395,FCUST-451592,,Highly recommended,2025-12-20 21:00:00,Flipkart
FREV-502535,FPRD-01168,FCUST-445846,1.0,Value for money,2026-05-15 00:00:00,Flipkart
FREV-502536,FPRD-02452,FCUST-345113,2.0,Highly recommended,2026-04-06 02:00:00,Flipkart
FREV-502537,FPRD-02001,FCUST-573145,1.0,Poor packaging,2024-11-16 22:00:00,Flipkart
FREV-502538,FPRD-00509,FCUST-524004,1.0,Decent buy,2025-12-14 22:00:00,Flipkart
FREV-502539,FPRD-02142,FCUST-380591,,Awesome!,2026-06-30 08:00:00,Flipkart
FREV-502540,FPRD-00193,FCUST-559403,4.0,Decent buy,2025-06-01 07:00:00,Flipkart
FREV-502541,FPRD-02405,FCUST-253850,2.0,Poor packaging,2025-11-24 20:00:00,Flipkart
FREV-502542,FPRD-02487,FCUST-478967,3.0,Poor packaging,2025-11-23 22:00:00,Flipkart
FREV-502543,FPRD-01133,FCUST-565974,5.0,Awesome!,2026-02-27 07:00:00,Flipkart
FREV-502544,FPRD-02245,FCUST-214035,,Poor packaging,2025-09-05 07:00:00,Flipkart
FREV-502545,FPRD-02201,FCUST-253139,4.0,Highly recommended,2024-12-12 18:00:00,Flipkart
FREV-502546,FPRD-00946,FCUST-313792,5.0,Poor packaging,2024-11-14 19:00:00,Flipkart
FREV-502547,FPRD-00178,FCUST-427469,5.0,Decent buy,2025-09-17 21:00:00,Flipkart
FREV-502548,FPRD-02071,FCUST-405628,1.0,Poor packaging,2026-07-17 06:00:00,Flipkart
FREV-502549,FPRD-02311,FCUST-237267,4.0,Poor packaging,2024-09-13 20:00:00,Flipkart
FREV-502550,FPRD-02014,FCUST-578248,3.0,Awesome!,2026-03-09 14:00:00,Flipkart
FREV-502551,FPRD-00452,FCUST-562322,2.0,Value for money,2026-05-04 03:00:00,Flipkart
FREV-502552,FPRD-02475,FCUST-470146,,Decent buy,2026-06-05 17:00:00,Flipkart
FREV-502553,FPRD-02081,FCUST-295216,3.0,Value for money,2026-05-12 15:00:00,Flipkart
FREV-502554,FPRD-02215,FCUST-366257,2.0,Poor packaging,2025-04-29 18:00:00,Flipkart
FREV-502555,FPRD-01801,FCUST-563287,5.0,Highly recommended,2025-02-25 01:00:00,Flipkart
FREV-502556,FPRD-01526,FCUST-576750,3.0,Decent buy,2024-10-01 15:00:00,Flipkart
FREV-502557,FPRD-00135,FCUST-295503,1.0,Decent buy,2025-08-11 16:00:00,Flipkart
FREV-502558,FPRD-00082,FCUST-259944,5.0,Decent buy,2024-10-25 01:00:00,Flipkart
FREV-502559,FPRD-00506,FCUST-270978,4.0,Awesome!,2025-10-02 21:00:00,Flipkart
FREV-502560,FPRD-01555,FCUST-382580,5.0,Decent buy,2026-05-22 03:00:00,Flipkart
FREV-502561,FPRD-01166,FCUST-599769,1.0,Value for money,2025-02-18 14:00:00,Flipkart
FREV-502562,FPRD-00517,FCUST-572034,2.0,Highly recommended,2025-04-08 17:00:00,Flipkart
FREV-502563,FPRD-01119,FCUST-477978,4.0,Poor packaging,2026-04-11 15:00:00,Flipkart
FREV-502564,FPRD-02015,FCUST-448226,2.0,Value for money,2024-11-07 19:00:00,Flipkart
FREV-502565,FPRD-01341,FCUST-492872,1.0,Awesome!,2026-05-26 11:00:00,Flipkart
FREV-502566,FPRD-02105,FCUST-283191,1.0,Highly recommended,2025-09-27 21:00:00,Flipkart
FREV-502567,FPRD-01536,FCUST-376393,5.0,Decent buy,2025-11-27 06:00:00,Flipkart
FREV-502568,FPRD-00613,FCUST-511521,4.0,Value for money,2024-11-29 12:00:00,Flipkart
FREV-502569,FPRD-00632,FCUST-252553,4.0,Awesome!,2025-04-08 13:00:00,Flipkart
FREV-502570,FPRD-01776,FCUST-478335,5.0,Poor packaging,2024-12-11 11:00:00,Flipkart
FREV-502571,FPRD-01624,FCUST-334246,3.0,Poor packaging,2024-12-07 01:00:00,Flipkart
FREV-502572,FPRD-00921,FCUST-566539,,Poor packaging,2026-02-03 06:00:00,Flipkart
FREV-502573,FPRD-02285,FCUST-395181,,Value for money,2024-11-30 00:00:00,Flipkart
FREV-502574,FPRD-00638,FCUST-532418,4.0,Highly recommended,2026-05-04 04:00:00,Flipkart
FREV-502575,FPRD-02432,FCUST-336214,5.0,Value for money,2025-05-07 12:00:00,Flipkart
FREV-502576,FPRD-02413,FCUST-449336,3.0,Poor packaging,2025-01-27 11:00:00,Flipkart
FREV-502577,FPRD-01457,FCUST-424388,4.0,Highly recommended,2025-11-28 21:00:00,Flipkart
FREV-502578,FPRD-00168,FCUST-450902,2.0,Value for money,2026-05-10 19:00:00,Flipkart
FREV-502579,FPRD-00249,FCUST-585377,1.0,Value for money,2025-04-30 21:00:00,Flipkart
FREV-502580,FPRD-01202,FCUST-307132,3.0,Decent buy,2025-08-08 08:00:00,Flipkart
FREV-502581,FPRD-01740,FCUST-337198,2.0,Decent buy,2025-07-02 15:00:00,Flipkart
FREV-502582,FPRD-00180,FCUST-490676,5.0,Decent buy,2025-04-20 19:00:00,Flipkart
FREV-502583,FPRD-00180,FCUST-218225,1.0,Awesome!,2024-08-17 23:00:00,Flipkart
FREV-502584,FPRD-02330,FCUST-404341,2.0,Highly recommended,2026-06-15 21:00:00,Flipkart
FREV-502585,FPRD-02357,FCUST-276817,4.0,Highly recommended,2026-04-09 13:00:00,Flipkart
FREV-502586,FPRD-00617,FCUST-270588,,Highly recommended,2024-12-02 11:00:00,Flipkart
FREV-502587,FPRD-00079,FCUST-314885,,Awesome!,2024-08-21 14:00:00,Flipkart
FREV-502588,FPRD-01084,FCUST-447565,2.0,Value for money,2025-08-23 09:00:00,Flipkart
FREV-502589,FPRD-00241,FCUST-214586,1.0,Decent buy,2025-06-11 17:00:00,Flipkart
FREV-502590,FPRD-00877,FCUST-549293,2.0,Awesome!,2026-06-18 00:00:00,Flipkart
FREV-502591,FPRD-01978,FCUST-442369,3.0,Awesome!,2025-06-08 07:00:00,Flipkart
FREV-502592,FPRD-01228,FCUST-325587,2.0,Decent buy,2024-11-05 14:00:00,Flipkart
FREV-502593,FPRD-02399,FCUST-576722,4.0,Value for money,2025-09-02 19:00:00,Flipkart
FREV-502594,FPRD-00527,FCUST-473346,3.0,Poor packaging,2026-02-22 20:00:00,Flipkart
FREV-502595,FPRD-00482,FCUST-534986,1.0,Poor packaging,2024-10-07 18:00:00,Flipkart
FREV-502596,FPRD-00860,FCUST-262137,3.0,Decent buy,2025-06-02 10:00:00,Flipkart
FREV-502597,FPRD-00251,FCUST-339879,5.0,Poor packaging,2025-07-04 09:00:00,Flipkart
FREV-502598,FPRD-01054,FCUST-574793,2.0,Poor packaging,2026-06-10 07:00:00,Flipkart
FREV-502599,FPRD-01064,FCUST-283308,5.0,Awesome!,2025-10-19 20:00:00,Flipkart
FREV-502600,FPRD-01282,FCUST-336214,4.0,Poor packaging,2026-07-12 12:00:00,Flipkart
FREV-502601,FPRD-00195,FCUST-581314,3.0,Highly recommended,2025-11-30 04:00:00,Flipkart
FREV-502602,FPRD-00696,FCUST-361769,3.0,Decent buy,2026-05-31 04:00:00,Flipkart
FREV-502603,FPRD-00688,FCUST-459313,4.0,Value for money,2026-06-18 22:00:00,Flipkart
FREV-502604,FPRD-01675,FCUST-576249,2.0,Highly recommended,2026-07-17 20:00:00,Flipkart
FREV-502605,FPRD-01560,FCUST-215309,5.0,Decent buy,2024-08-23 17:00:00,Flipkart
FREV-502606,FPRD-00150,FCUST-345882,,Awesome!,2026-06-15 15:00:00,Flipkart
FREV-502607,FPRD-01914,FCUST-294869,1.0,Poor packaging,2026-02-17 16:00:00,Flipkart
FREV-502608,FPRD-01726,FCUST-548288,5.0,Poor packaging,2025-04-16 15:00:00,Flipkart
FREV-502609,FPRD-00721,FCUST-430311,3.0,Awesome!,2025-05-06 09:00:00,Flipkart
FREV-502610,FPRD-01504,FCUST-209939,4.0,Decent buy,2024-11-29 11:00:00,Flipkart
FREV-502611,FPRD-01904,FCUST-494112,1.0,Highly recommended,2025-03-07 20:00:00,Flipkart
FREV-502612,FPRD-01677,FCUST-485128,5.0,Poor packaging,2026-01-01 06:00:00,Flipkart
FREV-502613,FPRD-00220,FCUST-402013,5.0,Highly recommended,2025-07-04 04:00:00,Flipkart
FREV-502614,FPRD-00967,FCUST-390424,5.0,Poor packaging,2025-02-25 13:00:00,Flipkart
FREV-502615,FPRD-00527,FCUST-572215,2.0,Value for money,2024-12-04 00:00:00,Flipkart
FREV-502616,FPRD-01072,FCUST-524782,,Poor packaging,2025-04-10 17:00:00,Flipkart
FREV-502617,FPRD-00820,FCUST-388071,2.0,Decent buy,2026-05-18 10:00:00,Flipkart
FREV-502618,FPRD-01236,FCUST-360047,5.0,Awesome!,2025-01-21 17:00:00,Flipkart
FREV-502619,FPRD-00318,FCUST-284345,1.0,Value for money,2026-07-21 18:00:00,Flipkart
FREV-502620,FPRD-00344,FCUST-304604,1.0,Highly recommended,2024-12-03 00:00:00,Flipkart
FREV-502621,FPRD-00149,FCUST-502800,4.0,Value for money,2025-10-06 12:00:00,Flipkart
FREV-502622,FPRD-01382,FCUST-222035,4.0,Poor packaging,2026-05-04 20:00:00,Flipkart
FREV-502623,FPRD-00780,FCUST-468133,,Highly recommended,2025-03-01 19:00:00,Flipkart
FREV-502624,FPRD-00270,FCUST-375299,4.0,Value for money,2025-10-13 07:00:00,Flipkart
FREV-502625,FPRD-00472,FCUST-592092,1.0,Highly recommended,2025-05-29 08:00:00,Flipkart
FREV-502626,FPRD-01959,FCUST-223603,5.0,Decent buy,2026-04-20 21:00:00,Flipkart
FREV-502627,FPRD-02451,FCUST-576537,3.0,Decent buy,2026-01-23 22:00:00,Flipkart
FREV-502628,FPRD-01489,FCUST-323968,4.0,Highly recommended,2026-03-16 04:00:00,Flipkart
FREV-502629,FPRD-02141,FCUST-214508,3.0,Value for money,2024-10-07 02:00:00,Flipkart
FREV-502630,FPRD-00659,FCUST-243178,2.0,Value for money,2025-02-20 18:00:00,Flipkart
FREV-502631,FPRD-00404,FCUST-367404,4.0,Poor packaging,2024-09-02 19:00:00,Flipkart
FREV-502632,FPRD-01902,FCUST-495551,1.0,Value for money,2025-12-03 13:00:00,Flipkart
FREV-502633,FPRD-00853,FCUST-459313,2.0,Value for money,2026-06-18 22:00:00,Flipkart
FREV-502634,FPRD-00337,FCUST-574708,1.0,Poor packaging,2024-12-15 13:00:00,Flipkart
FREV-502635,FPRD-02149,FCUST-286867,3.0,Decent buy,2025-12-24 03:00:00,Flipkart
FREV-502636,FPRD-00301,FCUST-455785,5.0,Decent buy,2026-07-16 09:00:00,Flipkart
FREV-502637,FPRD-01180,FCUST-547135,3.0,Highly recommended,2026-05-21 12:00:00,Flipkart
FREV-502638,FPRD-02223,FCUST-411075,2.0,Decent buy,2025-11-06 02:00:00,Flipkart
FREV-502639,FPRD-02040,FCUST-400898,2.0,Decent buy,2026-01-26 12:00:00,Flipkart
FREV-502640,FPRD-02219,FCUST-322053,4.0,Poor packaging,2025-02-14 05:00:00,Flipkart
FREV-502641,FPRD-01479,FCUST-414063,2.0,Decent buy,2024-10-26 18:00:00,Flipkart
FREV-502642,FPRD-00315,FCUST-591596,1.0,Decent buy,2025-07-25 04:00:00,Flipkart
FREV-502643,FPRD-00998,FCUST-233075,4.0,Decent buy,2024-11-08 15:00:00,Flipkart
FREV-502644,FPRD-00972,FCUST-490676,1.0,Decent buy,2026-07-13 14:00:00,Flipkart
FREV-502645,FPRD-01427,FCUST-574737,4.0,Decent buy,2025-11-30 13:00:00,Flipkart
FREV-502646,FPRD-00393,FCUST-385192,2.0,Decent buy,2024-10-31 16:00:00,Flipkart
FREV-502647,FPRD-01724,FCUST-377399,1.0,Decent buy,2025-04-09 21:00:00,Flipkart
FREV-502648,FPRD-00401,FCUST-316108,2.0,Value for money,2025-10-27 21:00:00,Flipkart
FREV-502649,FPRD-00019,FCUST-358683,4.0,Decent buy,2026-08-03 09:00:00,Flipkart
FREV-502650,FPRD-00240,FCUST-314165,,Decent buy,2026-02-25 11:00:00,Flipkart
FREV-502651,FPRD-00223,FCUST-373719,4.0,Value for money,2025-08-28 23:00:00,Flipkart
FREV-502652,FPRD-00628,FCUST-350004,4.0,Awesome!,2026-05-15 19:00:00,Flipkart
FREV-502653,FPRD-00015,FCUST-235908,5.0,Value for money,2024-11-17 09:00:00,Flipkart
FREV-502654,FPRD-00720,FCUST-490676,5.0,Awesome!,2026-07-13 14:00:00,Flipkart
FREV-502655,FPRD-01714,FCUST-307794,,Value for money,2025-01-15 14:00:00,Flipkart
FREV-502656,FPRD-02190,FCUST-281862,3.0,Highly recommended,2025-12-15 03:00:00,Flipkart
FREV-502657,FPRD-00207,FCUST-382143,5.0,Value for money,2024-12-22 16:00:00,Flipkart
FREV-502658,FPRD-00933,FCUST-343410,4.0,Value for money,2026-03-02 01:00:00,Flipkart
FREV-502659,FPRD-00433,FCUST-256474,5.0,Highly recommended,2025-11-13 16:00:00,Flipkart
FREV-502660,FPRD-01358,FCUST-233924,1.0,Awesome!,2026-04-24 21:00:00,Flipkart
FREV-502661,FPRD-02182,FCUST-373719,,Value for money,2025-08-28 23:00:00,Flipkart
FREV-502662,FPRD-01320,FCUST-479065,2.0,Decent buy,2025-02-27 08:00:00,Flipkart
FREV-502663,FPRD-00176,FCUST-288586,1.0,Decent buy,2024-10-03 19:00:00,Flipkart
FREV-502664,FPRD-00532,FCUST-301478,2.0,Poor packaging,2026-03-29 23:00:00,Flipkart
FREV-502665,FPRD-02268,FCUST-594632,5.0,Value for money,2025-05-23 04:00:00,Flipkart
FREV-502666,FPRD-01512,FCUST-466770,3.0,Highly recommended,2025-01-13 12:00:00,Flipkart
FREV-502667,FPRD-01058,FCUST-393466,2.0,Highly recommended,2026-06-04 07:00:00,Flipkart
FREV-502668,FPRD-02006,FCUST-372692,3.0,Decent buy,2025-03-29 22:00:00,Flipkart
FREV-502669,FPRD-00517,FCUST-367093,4.0,Awesome!,2024-12-23 07:00:00,Flipkart
FREV-502670,FPRD-00840,FCUST-356486,1.0,Value for money,2025-01-07 06:00:00,Flipkart
FREV-502671,FPRD-01868,FCUST-230942,1.0,Awesome!,2025-12-01 04:00:00,Flipkart
FREV-502672,FPRD-02002,FCUST-570419,1.0,Awesome!,2026-01-05 16:00:00,Flipkart
FREV-502673,FPRD-00176,FCUST-505740,4.0,Poor packaging,2025-07-28 11:00:00,Flipkart
FREV-502674,FPRD-02170,FCUST-557662,4.0,Value for money,2025-06-03 08:00:00,Flipkart
FREV-502675,FPRD-00205,FCUST-475927,4.0,Decent buy,2025-07-01 11:00:00,Flipkart
FREV-502676,FPRD-00816,FCUST-499635,5.0,Highly recommended,2025-08-31 10:00:00,Flipkart
FREV-502677,FPRD-01326,FCUST-314118,2.0,Poor packaging,2026-01-10 16:00:00,Flipkart
FREV-502678,FPRD-01666,FCUST-255723,,Value for money,2025-03-05 17:00:00,Flipkart
FREV-502679,FPRD-00128,FCUST-577159,3.0,Awesome!,2025-05-05 02:00:00,Flipkart
FREV-502680,FPRD-00603,FCUST-338811,2.0,Value for money,2025-11-13 01:00:00,Flipkart
FREV-502681,FPRD-00167,FCUST-457575,4.0,Awesome!,2026-03-16 01:00:00,Flipkart
FREV-502682,FPRD-01360,FCUST-542539,3.0,Poor packaging,2025-01-03 12:00:00,Flipkart
FREV-502683,FPRD-00503,FCUST-317087,1.0,Poor packaging,2026-07-01 19:00:00,Flipkart
FREV-502684,FPRD-02316,FCUST-377474,5.0,Highly recommended,2025-11-06 06:00:00,Flipkart
FREV-502685,FPRD-00467,FCUST-513936,2.0,Awesome!,2024-11-18 10:00:00,Flipkart
FREV-502686,FPRD-01953,FCUST-469374,1.0,Awesome!,2025-07-15 02:00:00,Flipkart
FREV-502687,FPRD-00568,FCUST-492150,5.0,Awesome!,2025-10-28 03:00:00,Flipkart
FREV-502688,FPRD-02315,FCUST-425341,4.0,Poor packaging,2025-02-21 10:00:00,Flipkart
FREV-502689,FPRD-00123,FCUST-411893,5.0,Value for money,2026-03-22 20:00:00,Flipkart
FREV-502690,FPRD-01435,FCUST-324276,5.0,Highly recommended,2025-02-01 15:00:00,Flipkart
FREV-502691,FPRD-00132,FCUST-554148,1.0,Poor packaging,2026-03-18 23:00:00,Flipkart
FREV-502692,FPRD-01197,FCUST-405628,1.0,Highly recommended,2025-01-28 03:00:00,Flipkart
FREV-502693,FPRD-00930,FCUST-508494,4.0,Awesome!,2025-01-17 09:00:00,Flipkart
FREV-502694,FPRD-00337,FCUST-330039,2.0,Decent buy,2026-03-23 06:00:00,Flipkart
FREV-502695,FPRD-02397,FCUST-553938,3.0,Value for money,2025-02-06 18:00:00,Flipkart
FREV-502696,FPRD-00329,FCUST-594232,2.0,Decent buy,2026-03-24 21:00:00,Flipkart
FREV-502697,FPRD-02093,FCUST-545681,5.0,Poor packaging,2025-01-04 16:00:00,Flipkart
FREV-502698,FPRD-00898,FCUST-229591,1.0,Awesome!,2025-12-10 18:00:00,Flipkart
FREV-502699,FPRD-01345,FCUST-286752,3.0,Awesome!,2024-12-02 20:00:00,Flipkart
FREV-502700,FPRD-00655,FCUST-466826,5.0,Highly recommended,2026-04-29 09:00:00,Flipkart
FREV-502701,FPRD-02246,FCUST-468051,,Awesome!,2026-01-27 02:00:00,Flipkart
FREV-502702,FPRD-00647,FCUST-384212,5.0,Highly recommended,2026-01-01 16:00:00,Flipkart
FREV-502703,FPRD-02147,FCUST-499634,1.0,Decent buy,2026-02-09 17:00:00,Flipkart
FREV-502704,FPRD-02254,FCUST-351482,1.0,Decent buy,2024-11-04 09:00:00,Flipkart
FREV-502705,FPRD-01453,FCUST-381515,1.0,Awesome!,2026-03-01 01:00:00,Flipkart
FREV-502706,FPRD-02325,FCUST-320262,1.0,Value for money,2025-08-29 01:00:00,Flipkart
FREV-502707,FPRD-00206,FCUST-432892,,Awesome!,2025-11-27 09:00:00,Flipkart
FREV-502708,FPRD-01223,FCUST-538459,3.0,Poor packaging,2025-02-07 11:00:00,Flipkart
FREV-502709,FPRD-01195,FCUST-581824,2.0,Decent buy,2025-05-04 01:00:00,Flipkart
FREV-502710,FPRD-00690,FCUST-338136,3.0,Awesome!,2025-03-18 09:00:00,Flipkart
FREV-502711,FPRD-02220,FCUST-232173,4.0,Highly recommended,2025-01-17 13:00:00,Flipkart
FREV-502712,FPRD-02052,FCUST-482000,2.0,Value for money,2025-06-08 11:00:00,Flipkart
FREV-502713,FPRD-00515,FCUST-337369,2.0,Value for money,2026-02-28 00:00:00,Flipkart
FREV-502714,FPRD-00984,FCUST-390109,2.0,Value for money,2025-01-30 15:00:00,Flipkart
FREV-502715,FPRD-00854,FCUST-591961,4.0,Value for money,2025-12-14 07:00:00,Flipkart
FREV-502716,FPRD-01124,FCUST-220807,1.0,Poor packaging,2025-03-19 18:00:00,Flipkart
FREV-502717,FPRD-00581,FCUST-525817,4.0,Decent buy,2025-07-22 06:00:00,Flipkart
FREV-502718,FPRD-00267,FCUST-252188,2.0,Value for money,2025-02-17 14:00:00,Flipkart
FREV-502719,FPRD-01937,FCUST-366234,1.0,Decent buy,2025-12-15 18:00:00,Flipkart
FREV-502720,FPRD-02154,FCUST-216559,5.0,Value for money,2024-10-09 12:00:00,Flipkart
FREV-502721,FPRD-00525,FCUST-393650,2.0,Poor packaging,2024-11-28 20:00:00,Flipkart
FREV-502722,FPRD-02422,FCUST-283569,3.0,Value for money,2026-04-22 09:00:00,Flipkart
FREV-502723,FPRD-00617,FCUST-478510,4.0,Value for money,2026-05-21 05:00:00,Flipkart
FREV-502724,FPRD-00342,FCUST-242968,5.0,Poor packaging,2025-10-02 15:00:00,Flipkart
FREV-502725,FPRD-01473,FCUST-591190,4.0,Awesome!,2026-02-16 22:00:00,Flipkart
FREV-502726,FPRD-01802,FCUST-334425,5.0,Decent buy,2024-11-11 22:00:00,Flipkart
FREV-502727,FPRD-00380,FCUST-332210,2.0,Decent buy,2024-10-17 11:00:00,Flipkart
FREV-502728,FPRD-01959,FCUST-318682,5.0,Poor packaging,2026-05-02 14:00:00,Flipkart
FREV-502729,FPRD-00218,FCUST-351248,3.0,Value for money,2026-06-30 18:00:00,Flipkart
FREV-502730,FPRD-02402,FCUST-349876,4.0,Highly recommended,2026-07-31 03:00:00,Flipkart
FREV-502731,FPRD-01352,FCUST-246999,3.0,Awesome!,2025-07-02 08:00:00,Flipkart
FREV-502732,FPRD-02024,FCUST-430188,5.0,Decent buy,2025-05-06 17:00:00,Flipkart
FREV-502733,FPRD-00111,FCUST-248740,3.0,Value for money,2025-05-14 05:00:00,Flipkart
FREV-502734,FPRD-00472,FCUST-529423,2.0,Highly recommended,2025-03-20 18:00:00,Flipkart
FREV-502735,FPRD-01213,FCUST-341159,4.0,Highly recommended,2025-01-22 01:00:00,Flipkart
FREV-502736,FPRD-00331,FCUST-409013,2.0,Decent buy,2026-05-25 19:00:00,Flipkart
FREV-502737,FPRD-02314,FCUST-219818,3.0,Decent buy,2026-04-20 16:00:00,Flipkart
FREV-502738,FPRD-01132,FCUST-365700,4.0,Highly recommended,2025-07-28 00:00:00,Flipkart
FREV-502739,FPRD-01044,FCUST-238571,2.0,Value for money,2024-10-06 09:00:00,Flipkart
FREV-502740,FPRD-00160,FCUST-454769,2.0,Poor packaging,2025-12-17 16:00:00,Flipkart
FREV-502741,FPRD-00840,FCUST-496569,5.0,Highly recommended,2024-08-21 12:00:00,Flipkart
FREV-502742,FPRD-02206,FCUST-404824,3.0,Highly recommended,2025-03-19 05:00:00,Flipkart
FREV-502743,FPRD-02212,FCUST-588801,1.0,Decent buy,2025-10-22 02:00:00,Flipkart
FREV-502744,FPRD-00359,FCUST-279665,3.0,Highly recommended,2024-12-24 19:00:00,Flipkart
FREV-502745,FPRD-02429,FCUST-253552,1.0,Decent buy,2024-08-09 19:00:00,Flipkart
FREV-502746,FPRD-00286,FCUST-234249,2.0,Poor packaging,2025-02-19 02:00:00,Flipkart
FREV-502747,FPRD-01444,FCUST-375362,4.0,Awesome!,2024-08-31 12:00:00,Flipkart
FREV-502748,FPRD-00394,FCUST-320042,3.0,Poor packaging,2024-10-18 23:00:00,Flipkart
FREV-502749,FPRD-01523,FCUST-272718,2.0,Highly recommended,2025-03-13 06:00:00,Flipkart
FREV-502750,FPRD-02250,FCUST-437038,5.0,Decent buy,2025-01-21 13:00:00,Flipkart
FREV-502751,FPRD-01026,FCUST-465409,2.0,Awesome!,2026-01-27 06:00:00,Flipkart
FREV-502752,FPRD-00996,FCUST-345453,2.0,Poor packaging,2025-09-18 04:00:00,Flipkart
FREV-502753,FPRD-01550,FCUST-560440,1.0,Highly recommended,2024-11-04 02:00:00,Flipkart
FREV-502754,FPRD-00060,FCUST-472147,1.0,Poor packaging,2025-09-10 20:00:00,Flipkart
FREV-502755,FPRD-02184,FCUST-409214,2.0,Awesome!,2026-01-15 13:00:00,Flipkart
FREV-502756,FPRD-00314,FCUST-587453,,Value for money,2026-08-01 17:00:00,Flipkart
FREV-502757,FPRD-00183,FCUST-527264,4.0,Highly recommended,2026-06-10 00:00:00,Flipkart
FREV-502758,FPRD-00053,FCUST-538259,2.0,Decent buy,2025-07-20 16:00:00,Flipkart
FREV-502759,FPRD-01843,FCUST-368440,3.0,Highly recommended,2024-12-26 10:00:00,Flipkart
FREV-502760,FPRD-02064,FCUST-477055,4.0,Awesome!,2026-04-12 21:00:00,Flipkart
FREV-502761,FPRD-01951,FCUST-589344,4.0,Decent buy,2024-10-31 13:00:00,Flipkart
FREV-502762,FPRD-01553,FCUST-596270,1.0,Decent buy,2024-10-26 17:00:00,Flipkart
FREV-502763,FPRD-01558,FCUST-219333,3.0,Poor packaging,2026-02-25 09:00:00,Flipkart
FREV-502764,FPRD-00379,FCUST-334068,1.0,Poor packaging,2025-07-01 09:00:00,Flipkart
FREV-502765,FPRD-02433,FCUST-494336,3.0,Awesome!,2025-11-06 01:00:00,Flipkart
FREV-502766,FPRD-02059,FCUST-210177,5.0,Highly recommended,2025-10-24 13:00:00,Flipkart
FREV-502767,FPRD-01722,FCUST-416635,5.0,Value for money,2025-02-01 15:00:00,Flipkart
FREV-502768,FPRD-00223,FCUST-560560,5.0,Awesome!,2025-01-05 19:00:00,Flipkart
FREV-502769,FPRD-00376,FCUST-495191,4.0,Poor packaging,2024-10-02 08:00:00,Flipkart
FREV-502770,FPRD-01784,FCUST-366344,1.0,Value for money,2024-11-29 09:00:00,Flipkart
FREV-502771,FPRD-01160,FCUST-432393,2.0,Highly recommended,2025-04-13 08:00:00,Flipkart
FREV-502772,FPRD-01952,FCUST-383595,,Highly recommended,2025-07-31 08:00:00,Flipkart
FREV-502773,FPRD-01297,FCUST-324562,5.0,Decent buy,2024-10-10 06:00:00,Flipkart
FREV-502774,FPRD-01222,FCUST-288834,3.0,Highly recommended,2025-01-10 13:00:00,Flipkart
FREV-502775,FPRD-01824,FCUST-384467,1.0,Decent buy,2025-04-04 02:00:00,Flipkart
FREV-502776,FPRD-01819,FCUST-213581,4.0,Poor packaging,2025-08-27 03:00:00,Flipkart
FREV-502777,FPRD-01122,FCUST-384143,1.0,Poor packaging,2025-08-16 23:00:00,Flipkart
FREV-502778,FPRD-01891,FCUST-449336,4.0,Value for money,2025-01-27 11:00:00,Flipkart
FREV-502779,FPRD-00224,FCUST-246956,2.0,Decent buy,2026-04-12 14:00:00,Flipkart
FREV-502780,FPRD-01703,FCUST-405407,5.0,Poor packaging,2025-08-19 11:00:00,Flipkart
FREV-502781,FPRD-01571,FCUST-536343,4.0,Awesome!,2024-08-31 01:00:00,Flipkart
FREV-502782,FPRD-01972,FCUST-234470,2.0,Value for money,2025-10-03 23:00:00,Flipkart
FREV-502783,FPRD-00885,FCUST-315720,4.0,Poor packaging,2026-02-22 05:00:00,Flipkart
FREV-502784,FPRD-00180,FCUST-349124,3.0,Value for money,2026-01-31 17:00:00,Flipkart
FREV-502785,FPRD-00393,FCUST-404341,1.0,Poor packaging,2026-06-15 21:00:00,Flipkart
FREV-502786,FPRD-00305,FCUST-569384,5.0,Highly recommended,2025-06-06 00:00:00,Flipkart
FREV-502787,FPRD-00331,FCUST-501226,3.0,Poor packaging,2025-05-25 05:00:00,Flipkart
FREV-502788,FPRD-01037,FCUST-423668,2.0,Awesome!,2026-06-09 15:00:00,Flipkart
FREV-502789,FPRD-00683,FCUST-510986,1.0,Decent buy,2024-10-25 11:00:00,Flipkart
FREV-502790,FPRD-01658,FCUST-344275,4.0,Value for money,2025-06-10 04:00:00,Flipkart
FREV-502791,FPRD-00515,FCUST-565439,3.0,Awesome!,2025-10-08 12:00:00,Flipkart
FREV-502792,FPRD-01493,FCUST-581778,1.0,Value for money,2025-07-18 12:00:00,Flipkart
FREV-502793,FPRD-01959,FCUST-283308,2.0,Value for money,2024-11-19 22:00:00,Flipkart
FREV-502794,FPRD-02054,FCUST-405166,2.0,Value for money,2025-02-12 19:00:00,Flipkart
FREV-502795,FPRD-00231,FCUST-534111,3.0,Awesome!,2025-11-23 23:00:00,Flipkart
FREV-502796,FPRD-02347,FCUST-414040,3.0,Highly recommended,2026-07-21 14:00:00,Flipkart
FREV-502797,FPRD-00148,FCUST-522013,4.0,Highly recommended,2024-11-17 22:00:00,Flipkart
FREV-502798,FPRD-01939,FCUST-423874,4.0,Value for money,2026-07-05 08:00:00,Flipkart
FREV-502799,FPRD-00280,FCUST-347965,4.0,Value for money,2025-08-29 21:00:00,Flipkart
FREV-502800,FPRD-01880,FCUST-279007,5.0,Highly recommended,2026-05-19 08:00:00,Flipkart
FREV-502801,FPRD-00260,FCUST-517963,1.0,Value for money,2025-08-18 02:00:00,Flipkart
FREV-502802,FPRD-02167,FCUST-488145,3.0,Decent buy,2025-08-19 05:00:00,Flipkart
FREV-502803,FPRD-00502,FCUST-304338,,Decent buy,2025-12-14 09:00:00,Flipkart
FREV-502804,FPRD-00629,FCUST-401337,3.0,Value for money,2025-11-15 23:00:00,Flipkart
FREV-502805,FPRD-01121,FCUST-211254,3.0,Decent buy,2024-11-28 23:00:00,Flipkart
FREV-502806,FPRD-02358,FCUST-488573,2.0,Awesome!,2024-12-26 07:00:00,Flipkart
FREV-502807,FPRD-00721,FCUST-280373,1.0,Awesome!,2024-11-22 13:00:00,Flipkart
FREV-502808,FPRD-00064,FCUST-370069,5.0,Poor packaging,2024-11-22 19:00:00,Flipkart
FREV-502809,FPRD-01677,FCUST-330371,,Awesome!,2026-04-14 11:00:00,Flipkart
FREV-502810,FPRD-00146,FCUST-569295,2.0,Poor packaging,2025-02-01 19:00:00,Flipkart
FREV-502811,FPRD-01835,FCUST-439743,5.0,Poor packaging,2025-08-19 13:00:00,Flipkart
FREV-502812,FPRD-00459,FCUST-331902,3.0,Awesome!,2025-04-03 00:00:00,Flipkart
FREV-502813,FPRD-00125,FCUST-227468,3.0,Poor packaging,2025-02-03 16:00:00,Flipkart
FREV-502814,FPRD-01150,FCUST-528147,3.0,Highly recommended,2025-09-18 05:00:00,Flipkart
FREV-502815,FPRD-00820,FCUST-344647,,Decent buy,2026-01-10 09:00:00,Flipkart
FREV-502816,FPRD-02350,FCUST-596593,1.0,Value for money,2024-10-03 09:00:00,Flipkart
FREV-502817,FPRD-02197,FCUST-340429,1.0,Awesome!,2025-11-26 09:00:00,Flipkart
FREV-502818,FPRD-02051,FCUST-538162,2.0,Decent buy,2025-07-26 02:00:00,Flipkart
FREV-502819,FPRD-01510,FCUST-350462,3.0,Decent buy,2025-12-09 00:00:00,Flipkart
FREV-502820,FPRD-01557,FCUST-426367,4.0,Awesome!,2025-01-28 17:00:00,Flipkart
FREV-502821,FPRD-01889,FCUST-366344,5.0,Poor packaging,2025-08-09 09:00:00,Flipkart
FREV-502822,FPRD-01421,FCUST-416205,4.0,Decent buy,2026-05-18 14:00:00,Flipkart
FREV-502823,FPRD-00304,FCUST-275865,5.0,Awesome!,2025-12-02 11:00:00,Flipkart
FREV-502824,FPRD-00990,FCUST-353709,1.0,Highly recommended,2025-04-15 10:00:00,Flipkart
FREV-502825,FPRD-00546,FCUST-225834,4.0,Awesome!,2025-03-31 16:00:00,Flipkart
FREV-502826,FPRD-00981,FCUST-353447,3.0,Value for money,2025-10-31 13:00:00,Flipkart
FREV-502827,FPRD-01763,FCUST-201205,3.0,Value for money,2025-07-24 01:00:00,Flipkart
FREV-502828,FPRD-01024,FCUST-321981,5.0,Value for money,2025-02-20 00:00:00,Flipkart
FREV-502829,FPRD-00289,FCUST-283250,2.0,Decent buy,2024-12-04 02:00:00,Flipkart
FREV-502830,FPRD-01992,FCUST-573078,,Awesome!,2024-08-28 19:00:00,Flipkart
FREV-502831,FPRD-01912,FCUST-475851,4.0,Highly recommended,2025-09-23 22:00:00,Flipkart
FREV-502832,FPRD-00415,FCUST-513144,2.0,Awesome!,2025-04-29 17:00:00,Flipkart
FREV-502833,FPRD-02352,FCUST-485128,3.0,Decent buy,2026-01-01 06:00:00,Flipkart
FREV-502834,FPRD-00884,FCUST-549964,3.0,Value for money,2024-11-03 20:00:00,Flipkart
FREV-502835,FPRD-01719,FCUST-554238,4.0,Awesome!,2025-11-21 02:00:00,Flipkart
FREV-502836,FPRD-02242,FCUST-203320,5.0,Decent buy,2025-08-11 11:00:00,Flipkart
FREV-502837,FPRD-01184,FCUST-506821,4.0,Decent buy,2026-07-30 19:00:00,Flipkart
FREV-502838,FPRD-01333,FCUST-455796,5.0,Highly recommended,2026-07-18 03:00:00,Flipkart
FREV-502839,FPRD-01216,FCUST-379047,1.0,Highly recommended,2024-10-30 13:00:00,Flipkart
FREV-502840,FPRD-02342,FCUST-283569,3.0,Decent buy,2025-10-05 17:00:00,Flipkart
FREV-502841,FPRD-00216,FCUST-539411,4.0,Poor packaging,2025-04-28 21:00:00,Flipkart
FREV-502842,FPRD-01895,FCUST-588357,4.0,Value for money,2025-08-11 14:00:00,Flipkart
FREV-502843,FPRD-01990,FCUST-302244,5.0,Decent buy,2025-04-13 08:00:00,Flipkart
FREV-502844,FPRD-02259,FCUST-267967,4.0,Value for money,2025-12-13 21:00:00,Flipkart
FREV-502845,FPRD-01500,FCUST-273639,4.0,Decent buy,2026-02-18 16:00:00,Flipkart
FREV-502846,FPRD-02079,FCUST-221342,1.0,Awesome!,2026-04-19 19:00:00,Flipkart
FREV-502847,FPRD-00235,FCUST-554142,5.0,Decent buy,2024-11-06 01:00:00,Flipkart
FREV-502848,FPRD-01094,FCUST-377763,1.0,Value for money,2025-05-11 13:00:00,Flipkart
FREV-502849,FPRD-00944,FCUST-261610,3.0,Decent buy,2025-04-19 19:00:00,Flipkart
FREV-502850,FPRD-02442,FCUST-550268,2.0,Highly recommended,2026-07-11 04:00:00,Flipkart
FREV-502851,FPRD-00079,FCUST-235818,5.0,Poor packaging,2025-06-29 11:00:00,Flipkart
FREV-502852,FPRD-00189,FCUST-567823,1.0,Poor packaging,2026-07-10 03:00:00,Flipkart
FREV-502853,FPRD-02427,FCUST-592094,2.0,Value for money,2026-01-11 01:00:00,Flipkart
FREV-502854,FPRD-02413,FCUST-231454,2.0,Poor packaging,2025-07-13 05:00:00,Flipkart
FREV-502855,FPRD-00510,FCUST-383358,2.0,Poor packaging,2024-10-16 17:00:00,Flipkart
FREV-502856,FPRD-01344,FCUST-235818,4.0,Value for money,2025-07-11 08:00:00,Flipkart
FREV-502857,FPRD-00981,FCUST-511604,2.0,Poor packaging,2024-10-04 23:00:00,Flipkart
FREV-502858,FPRD-01740,FCUST-232011,5.0,Value for money,2025-05-22 22:00:00,Flipkart
FREV-502859,FPRD-02089,FCUST-372937,,Awesome!,2024-09-04 11:00:00,Flipkart
FREV-502860,FPRD-00701,FCUST-231958,2.0,Decent buy,2025-11-17 10:00:00,Flipkart
FREV-502861,FPRD-00190,FCUST-366887,3.0,Decent buy,2024-12-24 07:00:00,Flipkart
FREV-502862,FPRD-00477,FCUST-538160,3.0,Awesome!,2026-02-23 08:00:00,Flipkart
FREV-502863,FPRD-00774,FCUST-504791,1.0,Value for money,2026-02-20 05:00:00,Flipkart
FREV-502864,FPRD-02092,FCUST-573998,3.0,Poor packaging,2026-05-16 20:00:00,Flipkart
FREV-502865,FPRD-00997,FCUST-305462,5.0,Decent buy,2026-06-13 12:00:00,Flipkart
FREV-502866,FPRD-02243,FCUST-365918,5.0,Poor packaging,2026-06-07 01:00:00,Flipkart
FREV-502867,FPRD-01640,FCUST-386416,3.0,Decent buy,2025-07-21 14:00:00,Flipkart
FREV-502868,FPRD-01139,FCUST-529405,4.0,Highly recommended,2024-09-17 17:00:00,Flipkart
FREV-502869,FPRD-00768,FCUST-285001,5.0,Value for money,2025-01-01 08:00:00,Flipkart
FREV-502870,FPRD-01006,FCUST-420782,4.0,Value for money,2025-10-13 02:00:00,Flipkart
FREV-502871,FPRD-01897,FCUST-531196,,Decent buy,2026-02-05 18:00:00,Flipkart
FREV-502872,FPRD-01675,FCUST-238571,3.0,Highly recommended,2024-10-06 09:00:00,Flipkart
FREV-502873,FPRD-01006,FCUST-371812,3.0,Poor packaging,2026-07-06 20:00:00,Flipkart
FREV-502874,FPRD-01561,FCUST-320869,2.0,Decent buy,2025-05-05 22:00:00,Flipkart
FREV-502875,FPRD-01214,FCUST-304095,3.0,Decent buy,2024-12-17 13:00:00,Flipkart
FREV-502876,FPRD-00655,FCUST-559714,3.0,Poor packaging,2026-03-22 08:00:00,Flipkart
FREV-502877,FPRD-00749,FCUST-245323,2.0,Decent buy,2026-04-30 08:00:00,Flipkart
FREV-502878,FPRD-00453,FCUST-331876,5.0,Awesome!,2024-11-21 22:00:00,Flipkart
FREV-502879,FPRD-00352,FCUST-204645,3.0,Value for money,2026-03-06 14:00:00,Flipkart
FREV-502880,FPRD-00324,FCUST-206969,4.0,Awesome!,2025-09-01 22:00:00,Flipkart
FREV-502881,FPRD-02488,FCUST-340162,2.0,Highly recommended,2025-08-17 07:00:00,Flipkart
FREV-502882,FPRD-01945,FCUST-266386,5.0,Decent buy,2026-06-21 21:00:00,Flipkart
FREV-502883,FPRD-01706,FCUST-589564,2.0,Decent buy,2024-08-27 18:00:00,Flipkart
FREV-502884,FPRD-01526,FCUST-212224,4.0,Highly recommended,2025-08-30 04:00:00,Flipkart
FREV-502885,FPRD-00968,FCUST-318409,,Value for money,2026-07-25 06:00:00,Flipkart
FREV-502886,FPRD-00370,FCUST-408161,3.0,Value for money,2024-10-09 00:00:00,Flipkart
FREV-502887,FPRD-00112,FCUST-531706,3.0,Highly recommended,2026-07-17 22:00:00,Flipkart
FREV-502888,FPRD-00874,FCUST-305251,3.0,Poor packaging,2025-04-01 22:00:00,Flipkart
FREV-502889,FPRD-01642,FCUST-448395,2.0,Highly recommended,2026-05-20 18:00:00,Flipkart
FREV-502890,FPRD-01593,FCUST-428960,,Awesome!,2025-01-02 06:00:00,Flipkart
FREV-502891,FPRD-01359,FCUST-212226,5.0,Awesome!,2024-08-12 06:00:00,Flipkart
FREV-502892,FPRD-01598,FCUST-367082,,Awesome!,2025-10-14 11:00:00,Flipkart
FREV-502893,FPRD-00328,FCUST-369242,4.0,Value for money,2025-12-16 17:00:00,Flipkart
FREV-502894,FPRD-01914,FCUST-529851,,Highly recommended,2026-02-25 09:00:00,Flipkart
FREV-502895,FPRD-01922,FCUST-474030,1.0,Awesome!,2024-12-06 13:00:00,Flipkart
FREV-502896,FPRD-01993,FCUST-495716,5.0,Value for money,2025-09-08 20:00:00,Flipkart
FREV-502897,FPRD-00895,FCUST-341579,2.0,Decent buy,2026-04-24 08:00:00,Flipkart
FREV-502898,FPRD-00588,FCUST-256214,,Decent buy,2024-09-03 18:00:00,Flipkart
FREV-502899,FPRD-01517,FCUST-275203,1.0,Awesome!,2025-08-23 02:00:00,Flipkart
FREV-502900,FPRD-00808,FCUST-245070,2.0,Poor packaging,2026-04-06 17:00:00,Flipkart
FREV-502901,FPRD-02483,FCUST-528500,5.0,Awesome!,2025-12-19 10:00:00,Flipkart
FREV-502902,FPRD-01295,FCUST-241396,3.0,Highly recommended,2024-12-21 19:00:00,Flipkart
FREV-502903,FPRD-02475,FCUST-558592,2.0,Poor packaging,2026-02-03 08:00:00,Flipkart
FREV-502904,FPRD-00505,FCUST-414150,4.0,Value for money,2026-02-03 06:00:00,Flipkart
FREV-502905,FPRD-02317,FCUST-268732,3.0,Awesome!,2025-10-02 23:00:00,Flipkart
FREV-502906,FPRD-00335,FCUST-385181,1.0,Decent buy,2026-07-12 17:00:00,Flipkart
FREV-502907,FPRD-01424,FCUST-584251,3.0,Awesome!,2025-07-04 03:00:00,Flipkart
FREV-502908,FPRD-01472,FCUST-221567,1.0,Awesome!,2024-12-11 09:00:00,Flipkart
FREV-502909,FPRD-01820,FCUST-547663,2.0,Value for money,2026-03-15 21:00:00,Flipkart
FREV-502910,FPRD-01032,FCUST-544452,,Awesome!,2026-01-10 14:00:00,Flipkart
FREV-502911,FPRD-00952,FCUST-236790,2.0,Awesome!,2024-10-24 01:00:00,Flipkart
FREV-502912,FPRD-01500,FCUST-228052,4.0,Poor packaging,2025-01-28 22:00:00,Flipkart
FREV-502913,FPRD-01370,FCUST-444734,,Poor packaging,2025-01-26 10:00:00,Flipkart
FREV-502914,FPRD-01364,FCUST-405235,5.0,Poor packaging,2025-02-01 19:00:00,Flipkart
FREV-502915,FPRD-00760,FCUST-513936,5.0,Awesome!,2024-11-18 10:00:00,Flipkart
FREV-502916,FPRD-01657,FCUST-402141,,Awesome!,2025-10-21 00:00:00,Flipkart
FREV-502917,FPRD-00990,FCUST-287223,5.0,Poor packaging,2024-09-07 10:00:00,Flipkart
FREV-502918,FPRD-00784,FCUST-221342,4.0,Value for money,2025-03-12 12:00:00,Flipkart
FREV-502919,FPRD-00587,FCUST-483928,3.0,Highly recommended,2025-02-15 21:00:00,Flipkart
FREV-502920,FPRD-00381,FCUST-593955,1.0,Awesome!,2024-11-09 10:00:00,Flipkart
FREV-502921,FPRD-01976,FCUST-335176,3.0,Value for money,2024-09-23 05:00:00,Flipkart
FREV-502922,FPRD-01789,FCUST-498879,4.0,Highly recommended,2026-05-03 15:00:00,Flipkart
FREV-502923,FPRD-00074,FCUST-240471,1.0,Decent buy,2025-04-27 04:00:00,Flipkart
FREV-502924,FPRD-01900,FCUST-351284,1.0,Poor packaging,2026-01-14 16:00:00,Flipkart
FREV-502925,FPRD-00110,FCUST-588864,4.0,Value for money,2026-04-26 01:00:00,Flipkart
FREV-502926,FPRD-01862,FCUST-316612,1.0,Highly recommended,2025-06-25 23:00:00,Flipkart
FREV-502927,FPRD-01003,FCUST-495934,2.0,Value for money,2025-03-20 02:00:00,Flipkart
FREV-502928,FPRD-00564,FCUST-353070,4.0,Value for money,2025-04-04 13:00:00,Flipkart
FREV-502929,FPRD-01186,FCUST-533162,,Decent buy,2025-11-07 22:00:00,Flipkart
FREV-502930,FPRD-00481,FCUST-367680,2.0,Awesome!,2024-11-09 12:00:00,Flipkart
FREV-502931,FPRD-02286,FCUST-369747,3.0,Value for money,2025-11-25 10:00:00,Flipkart
FREV-502932,FPRD-00307,FCUST-458763,1.0,Value for money,2025-07-31 05:00:00,Flipkart
FREV-502933,FPRD-02062,FCUST-247650,5.0,Decent buy,2026-03-06 13:00:00,Flipkart
FREV-502934,FPRD-00438,FCUST-491870,4.0,Decent buy,2025-12-26 04:00:00,Flipkart
FREV-502935,FPRD-00253,FCUST-559714,3.0,Decent buy,2024-12-21 12:00:00,Flipkart
FREV-502936,FPRD-01185,FCUST-336855,3.0,Awesome!,2024-08-25 12:00:00,Flipkart
FREV-502937,FPRD-00917,FCUST-483353,5.0,Value for money,2024-08-24 10:00:00,Flipkart
FREV-502938,FPRD-00895,FCUST-553765,4.0,Decent buy,2026-01-05 03:00:00,Flipkart
FREV-502939,FPRD-00133,FCUST-559442,1.0,Awesome!,2026-06-14 05:00:00,Flipkart
FREV-502940,FPRD-01415,FCUST-518924,3.0,Poor packaging,2025-07-03 11:00:00,Flipkart
FREV-502941,FPRD-01846,FCUST-522334,,Highly recommended,2025-11-23 15:00:00,Flipkart
FREV-502942,FPRD-00365,FCUST-370114,1.0,Highly recommended,2026-01-20 23:00:00,Flipkart
FREV-502943,FPRD-01365,FCUST-303068,4.0,Poor packaging,2026-02-16 14:00:00,Flipkart
FREV-502944,FPRD-01917,FCUST-527442,3.0,Awesome!,2025-03-20 03:00:00,Flipkart
FREV-502945,FPRD-00806,FCUST-437279,3.0,Awesome!,2025-07-30 11:00:00,Flipkart
FREV-502946,FPRD-01495,FCUST-287399,5.0,Decent buy,2025-09-08 01:00:00,Flipkart
FREV-502947,FPRD-00132,FCUST-399267,2.0,Decent buy,2026-08-06 13:00:00,Flipkart
FREV-502948,FPRD-00294,FCUST-310805,4.0,Highly recommended,2026-02-01 05:00:00,Flipkart
FREV-502949,FPRD-01836,FCUST-365581,2.0,Value for money,2024-09-24 07:00:00,Flipkart
FREV-502950,FPRD-01833,FCUST-216366,3.0,Value for money,2025-02-04 16:00:00,Flipkart
FREV-502951,FPRD-00479,FCUST-537835,2.0,Decent buy,2025-07-04 15:00:00,Flipkart
FREV-502952,FPRD-02345,FCUST-309235,2.0,Decent buy,2025-06-26 01:00:00,Flipkart
FREV-502953,FPRD-00927,FCUST-442657,1.0,Highly recommended,2026-05-12 22:00:00,Flipkart
FREV-502954,FPRD-01273,FCUST-550447,3.0,Awesome!,2025-08-11 05:00:00,Flipkart
FREV-502955,FPRD-00511,FCUST-476134,3.0,Highly recommended,2025-02-03 16:00:00,Flipkart
FREV-502956,FPRD-00151,FCUST-571143,4.0,Highly recommended,2026-03-08 12:00:00,Flipkart
FREV-502957,FPRD-00135,FCUST-450199,4.0,Decent buy,2024-12-19 06:00:00,Flipkart
FREV-502958,FPRD-01644,FCUST-395120,5.0,Awesome!,2025-05-14 11:00:00,Flipkart
FREV-502959,FPRD-01427,FCUST-587813,1.0,Awesome!,2026-06-09 13:00:00,Flipkart
FREV-502960,FPRD-01873,FCUST-214387,1.0,Value for money,2026-01-26 16:00:00,Flipkart
FREV-502961,FPRD-00191,FCUST-285578,3.0,Poor packaging,2024-09-15 13:00:00,Flipkart
FREV-502962,FPRD-02389,FCUST-367107,4.0,Value for money,2024-11-15 10:00:00,Flipkart
FREV-502963,FPRD-00728,FCUST-409187,3.0,Value for money,2026-01-08 23:00:00,Flipkart
FREV-502964,FPRD-01538,FCUST-509842,1.0,Decent buy,2026-04-14 13:00:00,Flipkart
FREV-502965,FPRD-00368,FCUST-362158,1.0,Highly recommended,2024-11-28 17:00:00,Flipkart
FREV-502966,FPRD-01169,FCUST-399474,3.0,Awesome!,2025-06-02 03:00:00,Flipkart
FREV-502967,FPRD-01684,FCUST-563322,4.0,Awesome!,2024-10-21 02:00:00,Flipkart
FREV-502968,FPRD-02347,FCUST-422094,1.0,Awesome!,2026-06-04 14:00:00,Flipkart
FREV-502969,FPRD-01469,FCUST-578148,3.0,Value for money,2025-05-23 07:00:00,Flipkart
FREV-502970,FPRD-01163,FCUST-348955,1.0,Value for money,2024-09-27 15:00:00,Flipkart
FREV-502971,FPRD-01495,FCUST-574059,3.0,Awesome!,2026-04-22 17:00:00,Flipkart
FREV-502972,FPRD-00522,FCUST-518024,,Awesome!,2025-09-20 19:00:00,Flipkart
FREV-502973,FPRD-01334,FCUST-465656,2.0,Highly recommended,2025-07-19 10:00:00,Flipkart
FREV-502974,FPRD-00380,FCUST-395688,5.0,Highly recommended,2025-10-30 04:00:00,Flipkart
FREV-502975,FPRD-00409,FCUST-395164,4.0,Value for money,2025-05-16 17:00:00,Flipkart
FREV-502976,FPRD-00901,FCUST-587629,4.0,Highly recommended,2025-10-20 09:00:00,Flipkart
FREV-502977,FPRD-00260,FCUST-595734,4.0,Decent buy,2025-10-10 00:00:00,Flipkart
FREV-502978,FPRD-02333,FCUST-462857,2.0,Highly recommended,2025-01-13 06:00:00,Flipkart
FREV-502979,FPRD-01811,FCUST-343399,5.0,Value for money,2026-01-26 08:00:00,Flipkart
FREV-502980,FPRD-01699,FCUST-312681,1.0,Value for money,2025-10-09 23:00:00,Flipkart
FREV-502981,FPRD-02436,FCUST-314514,,Awesome!,2026-02-27 12:00:00,Flipkart
FREV-502982,FPRD-01618,FCUST-221997,,Poor packaging,2026-05-12 11:00:00,Flipkart
FREV-502983,FPRD-01512,FCUST-483507,1.0,Value for money,2025-12-04 11:00:00,Flipkart
FREV-502984,FPRD-02168,FCUST-536824,4.0,Awesome!,2025-01-31 02:00:00,Flipkart
FREV-502985,FPRD-01719,FCUST-269946,1.0,Decent buy,2026-05-01 17:00:00,Flipkart
FREV-502986,FPRD-00934,FCUST-565481,3.0,Value for money,2024-11-09 00:00:00,Flipkart
FREV-502987,FPRD-00956,FCUST-513068,5.0,Value for money,2026-05-31 06:00:00,Flipkart
FREV-502988,FPRD-02420,FCUST-255412,5.0,Awesome!,2025-11-10 11:00:00,Flipkart
FREV-502989,FPRD-01250,FCUST-415230,5.0,Highly recommended,2025-04-27 17:00:00,Flipkart
FREV-502990,FPRD-01328,FCUST-362481,3.0,Value for money,2026-04-09 12:00:00,Flipkart
FREV-502991,FPRD-01834,FCUST-321981,2.0,Value for money,2025-02-20 00:00:00,Flipkart
FREV-502992,FPRD-00467,FCUST-574913,2.0,Value for money,2025-12-12 20:00:00,Flipkart
FREV-502993,FPRD-01049,FCUST-478823,3.0,Awesome!,2026-04-05 17:00:00,Flipkart
FREV-502994,FPRD-01237,FCUST-345453,4.0,Value for money,2025-07-19 10:00:00,Flipkart
FREV-502995,FPRD-00117,FCUST-236772,4.0,Decent buy,2026-07-07 07:00:00,Flipkart
FREV-502996,FPRD-01002,FCUST-252208,2.0,Poor packaging,2025-12-30 07:00:00,Flipkart
FREV-502997,FPRD-02498,FCUST-423431,1.0,Highly recommended,2024-09-22 18:00:00,Flipkart
FREV-502998,FPRD-00222,FCUST-245420,5.0,Poor packaging,2024-10-22 04:00:00,Flipkart
FREV-502999,FPRD-02398,FCUST-530327,5.0,Decent buy,2025-04-01 14:00:00,Flipkart
FREV-503000,FPRD-02278,FCUST-344647,4.0,Highly recommended,2024-09-21 03:00:00,Flipkart
FREV-503001,FPRD-00075,FCUST-572105,3.0,Highly recommended,2025-01-23 07:00:00,Flipkart
FREV-503002,FPRD-00455,FCUST-251875,2.0,Poor packaging,2024-09-06 08:00:00,Flipkart
FREV-503003,FPRD-00251,FCUST-350451,,Value for money,2026-07-02 02:00:00,Flipkart
FREV-503004,FPRD-01753,FCUST-207193,5.0,Poor packaging,2025-11-02 11:00:00,Flipkart
FREV-503005,FPRD-01635,FCUST-453005,2.0,Highly recommended,2026-06-17 04:00:00,Flipkart
FREV-503006,FPRD-01240,FCUST-447610,5.0,Awesome!,2025-06-23 10:00:00,Flipkart
FREV-503007,FPRD-00315,FCUST-440012,4.0,Awesome!,2025-02-09 11:00:00,Flipkart
FREV-503008,FPRD-01269,FCUST-509369,1.0,Decent buy,2024-09-18 20:00:00,Flipkart
FREV-503009,FPRD-00377,FCUST-220365,1.0,Highly recommended,2024-11-27 02:00:00,Flipkart
FREV-503010,FPRD-01691,FCUST-551919,1.0,Awesome!,2024-10-30 16:00:00,Flipkart
FREV-503011,FPRD-02128,FCUST-318866,2.0,Value for money,2026-08-09 22:00:00,Flipkart
FREV-503012,FPRD-01101,FCUST-288623,3.0,Awesome!,2026-01-19 19:00:00,Flipkart
FREV-503013,FPRD-00971,FCUST-395181,,Value for money,2024-11-30 00:00:00,Flipkart
FREV-503014,FPRD-00017,FCUST-596846,5.0,Value for money,2025-11-06 05:00:00,Flipkart
FREV-503015,FPRD-01725,FCUST-209194,1.0,Poor packaging,2025-04-22 08:00:00,Flipkart
FREV-503016,FPRD-02178,FCUST-397736,1.0,Awesome!,2025-08-31 07:00:00,Flipkart
FREV-503017,FPRD-00224,FCUST-569384,1.0,Awesome!,2025-06-06 00:00:00,Flipkart
FREV-503018,FPRD-02082,FCUST-229571,3.0,Decent buy,2025-09-27 07:00:00,Flipkart
FREV-503019,FPRD-02139,FCUST-329509,3.0,Decent buy,2024-12-28 06:00:00,Flipkart
FREV-503020,FPRD-02288,FCUST-241796,2.0,Highly recommended,2025-05-02 01:00:00,Flipkart
FREV-503021,FPRD-01701,FCUST-454965,1.0,Poor packaging,2025-01-27 05:00:00,Flipkart
FREV-503022,FPRD-01535,FCUST-291791,3.0,Value for money,2025-08-19 03:00:00,Flipkart
FREV-503023,FPRD-00671,FCUST-294543,2.0,Awesome!,2026-07-15 00:00:00,Flipkart
FREV-503024,FPRD-01158,FCUST-403924,4.0,Decent buy,2025-11-21 15:00:00,Flipkart
FREV-503025,FPRD-00841,FCUST-208685,2.0,Awesome!,2026-05-30 06:00:00,Flipkart
FREV-503026,FPRD-02444,FCUST-216747,2.0,Highly recommended,2025-04-18 01:00:00,Flipkart
FREV-503027,FPRD-00887,FCUST-523638,3.0,Highly recommended,2025-09-18 16:00:00,Flipkart
FREV-503028,FPRD-01959,FCUST-565583,2.0,Highly recommended,2025-03-11 05:00:00,Flipkart
FREV-503029,FPRD-01438,FCUST-233924,2.0,Poor packaging,2026-04-24 21:00:00,Flipkart
FREV-503030,FPRD-01305,FCUST-324318,,Poor packaging,2025-02-07 07:00:00,Flipkart
FREV-503031,FPRD-00839,FCUST-417587,3.0,Highly recommended,2025-10-23 11:00:00,Flipkart
FREV-503032,FPRD-00318,FCUST-349761,3.0,Awesome!,2026-04-03 12:00:00,Flipkart
FREV-503033,FPRD-01534,FCUST-301080,5.0,Value for money,2025-06-07 10:00:00,Flipkart
FREV-503034,FPRD-01805,FCUST-599782,4.0,Decent buy,2026-05-24 22:00:00,Flipkart
FREV-503035,FPRD-00335,FCUST-338175,2.0,Highly recommended,2024-08-31 17:00:00,Flipkart
FREV-503036,FPRD-02124,FCUST-392231,,Awesome!,2026-02-21 09:00:00,Flipkart
FREV-503037,FPRD-00247,FCUST-413034,5.0,Decent buy,2026-04-17 16:00:00,Flipkart
FREV-503038,FPRD-01569,FCUST-507122,4.0,Highly recommended,2025-04-15 02:00:00,Flipkart
FREV-503039,FPRD-00349,FCUST-378456,1.0,Awesome!,2025-10-17 14:00:00,Flipkart
FREV-503040,FPRD-02453,FCUST-566334,5.0,Awesome!,2025-07-14 20:00:00,Flipkart
FREV-503041,FPRD-02354,FCUST-325329,2.0,Poor packaging,2025-09-09 22:00:00,Flipkart
FREV-503042,FPRD-02220,FCUST-240564,5.0,Value for money,2026-05-14 20:00:00,Flipkart
FREV-503043,FPRD-01410,FCUST-347965,3.0,Awesome!,2025-08-29 21:00:00,Flipkart
FREV-503044,FPRD-02107,FCUST-292194,1.0,Value for money,2025-09-23 04:00:00,Flipkart
FREV-503045,FPRD-00500,FCUST-243178,,Value for money,2026-01-09 11:00:00,Flipkart
FREV-503046,FPRD-01506,FCUST-338175,3.0,Value for money,2025-08-28 15:00:00,Flipkart
FREV-503047,FPRD-02096,FCUST-586473,4.0,Highly recommended,2024-11-25 11:00:00,Flipkart
FREV-503048,FPRD-00304,FCUST-200962,5.0,Highly recommended,2026-07-14 12:00:00,Flipkart
FREV-503049,FPRD-00415,FCUST-390860,4.0,Decent buy,2024-09-29 01:00:00,Flipkart
FREV-503050,FPRD-00229,FCUST-466601,3.0,Decent buy,2025-07-25 06:00:00,Flipkart
FREV-503051,FPRD-02500,FCUST-537512,5.0,Highly recommended,2025-08-14 20:00:00,Flipkart
FREV-503052,FPRD-00955,FCUST-437062,1.0,Value for money,2024-09-29 12:00:00,Flipkart
FREV-503053,FPRD-02418,FCUST-286752,1.0,Decent buy,2025-08-27 18:00:00,Flipkart
FREV-503054,FPRD-00293,FCUST-401084,,Awesome!,2026-05-26 08:00:00,Flipkart
FREV-503055,FPRD-00624,FCUST-381171,2.0,Value for money,2024-10-01 04:00:00,Flipkart
FREV-503056,FPRD-01150,FCUST-232011,4.0,Highly recommended,2025-05-22 22:00:00,Flipkart
FREV-503057,FPRD-01516,FCUST-304951,5.0,Poor packaging,2025-09-03 16:00:00,Flipkart
FREV-503058,FPRD-01391,FCUST-237162,2.0,Awesome!,2024-08-07 04:00:00,Flipkart
FREV-503059,FPRD-00043,FCUST-512310,3.0,Value for money,2025-06-02 06:00:00,Flipkart
FREV-503060,FPRD-01306,FCUST-584507,1.0,Poor packaging,2025-07-01 11:00:00,Flipkart
FREV-503061,FPRD-01576,FCUST-451530,2.0,Awesome!,2025-07-26 10:00:00,Flipkart
FREV-503062,FPRD-01810,FCUST-304114,3.0,Awesome!,2026-04-05 05:00:00,Flipkart
FREV-503063,FPRD-00038,FCUST-536457,,Poor packaging,2025-11-28 05:00:00,Flipkart
FREV-503064,FPRD-01185,FCUST-531064,1.0,Value for money,2025-03-21 16:00:00,Flipkart
FREV-503065,FPRD-01515,FCUST-241657,5.0,Awesome!,2026-05-16 21:00:00,Flipkart
FREV-503066,FPRD-02269,FCUST-245306,4.0,Poor packaging,2026-01-12 20:00:00,Flipkart
FREV-503067,FPRD-02368,FCUST-576882,5.0,Poor packaging,2026-04-21 10:00:00,Flipkart
FREV-503068,FPRD-02079,FCUST-289669,3.0,Poor packaging,2025-05-03 18:00:00,Flipkart
FREV-503069,FPRD-00330,FCUST-246999,1.0,Value for money,2025-07-02 08:00:00,Flipkart
FREV-503070,FPRD-00277,FCUST-231432,5.0,Value for money,2024-12-12 00:00:00,Flipkart
FREV-503071,FPRD-00333,FCUST-495057,4.0,Highly recommended,2025-11-17 14:00:00,Flipkart
FREV-503072,FPRD-02123,FCUST-582225,4.0,Awesome!,2025-05-25 06:00:00,Flipkart
FREV-503073,FPRD-02060,FCUST-312721,,Highly recommended,2026-05-06 11:00:00,Flipkart
FREV-503074,FPRD-00592,FCUST-564252,3.0,Highly recommended,2025-03-20 02:00:00,Flipkart
FREV-503075,FPRD-01277,FCUST-361322,2.0,Highly recommended,2025-07-20 13:00:00,Flipkart
FREV-503076,FPRD-01686,FCUST-439887,5.0,Highly recommended,2024-12-13 02:00:00,Flipkart
FREV-503077,FPRD-00652,FCUST-554187,3.0,Highly recommended,2026-03-19 21:00:00,Flipkart
FREV-503078,FPRD-01490,FCUST-347255,3.0,Poor packaging,2026-03-16 14:00:00,Flipkart
FREV-503079,FPRD-00397,FCUST-475231,2.0,Decent buy,2024-12-13 01:00:00,Flipkart
FREV-503080,FPRD-00590,FCUST-202981,3.0,Poor packaging,2025-04-22 00:00:00,Flipkart
FREV-503081,FPRD-01353,FCUST-231352,2.0,Poor packaging,2025-05-22 05:00:00,Flipkart
FREV-503082,FPRD-01176,FCUST-406402,4.0,Poor packaging,2026-02-08 21:00:00,Flipkart
FREV-503083,FPRD-02305,FCUST-330371,1.0,Decent buy,2025-10-08 16:00:00,Flipkart
FREV-503084,FPRD-01513,FCUST-383978,2.0,Poor packaging,2024-12-25 05:00:00,Flipkart
FREV-503085,FPRD-00152,FCUST-582718,3.0,Decent buy,2024-11-29 11:00:00,Flipkart
FREV-503086,FPRD-00708,FCUST-539723,4.0,Highly recommended,2026-06-28 10:00:00,Flipkart
FREV-503087,FPRD-00676,FCUST-375096,3.0,Decent buy,2024-12-30 21:00:00,Flipkart
FREV-503088,FPRD-00699,FCUST-599304,5.0,Value for money,2025-03-18 17:00:00,Flipkart
FREV-503089,FPRD-02318,FCUST-404324,1.0,Awesome!,2025-09-11 01:00:00,Flipkart
FREV-503090,FPRD-00236,FCUST-566206,5.0,Value for money,2025-09-25 04:00:00,Flipkart
FREV-503091,FPRD-01104,FCUST-443234,1.0,Value for money,2025-03-11 09:00:00,Flipkart
FREV-503092,FPRD-00801,FCUST-486567,3.0,Poor packaging,2025-07-12 00:00:00,Flipkart
FREV-503093,FPRD-00943,FCUST-497068,2.0,Poor packaging,2025-02-08 01:00:00,Flipkart
FREV-503094,FPRD-02408,FCUST-531055,3.0,Value for money,2024-10-29 06:00:00,Flipkart
FREV-503095,FPRD-00081,FCUST-530748,4.0,Decent buy,2025-08-29 10:00:00,Flipkart
FREV-503096,FPRD-00135,FCUST-348955,1.0,Poor packaging,2024-09-27 15:00:00,Flipkart
FREV-503097,FPRD-00227,FCUST-254256,5.0,Value for money,2025-08-20 07:00:00,Flipkart
FREV-503098,FPRD-00781,FCUST-563888,1.0,Value for money,2024-12-19 10:00:00,Flipkart
FREV-503099,FPRD-02237,FCUST-534168,1.0,Value for money,2026-05-05 03:00:00,Flipkart
FREV-503100,FPRD-01301,FCUST-591883,3.0,Poor packaging,2026-04-09 01:00:00,Flipkart
FREV-503101,FPRD-00858,FCUST-224439,3.0,Decent buy,2025-08-11 17:00:00,Flipkart
FREV-503102,FPRD-00624,FCUST-262137,4.0,Highly recommended,2026-05-19 22:00:00,Flipkart
FREV-503103,FPRD-00798,FCUST-225529,4.0,Highly recommended,2024-12-15 01:00:00,Flipkart
FREV-503104,FPRD-00138,FCUST-359382,5.0,Value for money,2025-06-12 15:00:00,Flipkart
FREV-503105,FPRD-01249,FCUST-519388,2.0,Value for money,2024-10-24 18:00:00,Flipkart
FREV-503106,FPRD-00614,FCUST-506947,1.0,Decent buy,2025-11-05 23:00:00,Flipkart
FREV-503107,FPRD-00041,FCUST-502217,5.0,Highly recommended,2025-12-07 09:00:00,Flipkart
FREV-503108,FPRD-01766,FCUST-329134,3.0,Highly recommended,2026-04-19 20:00:00,Flipkart
FREV-503109,FPRD-01094,FCUST-230977,5.0,Decent buy,2025-12-04 00:00:00,Flipkart
FREV-503110,FPRD-02141,FCUST-241667,1.0,Highly recommended,2024-10-11 03:00:00,Flipkart
FREV-503111,FPRD-01374,FCUST-521638,3.0,Value for money,2026-04-28 21:00:00,Flipkart
FREV-503112,FPRD-00693,FCUST-554868,1.0,Decent buy,2025-01-18 04:00:00,Flipkart
FREV-503113,FPRD-01328,FCUST-329347,2.0,Awesome!,2026-06-25 22:00:00,Flipkart
FREV-503114,FPRD-01660,FCUST-504929,,Poor packaging,2024-09-19 13:00:00,Flipkart
FREV-503115,FPRD-01432,FCUST-397146,2.0,Awesome!,2024-10-13 00:00:00,Flipkart
FREV-503116,FPRD-01929,FCUST-409118,3.0,Poor packaging,2026-03-07 02:00:00,Flipkart
FREV-503117,FPRD-00355,FCUST-514690,3.0,Decent buy,2026-04-20 16:00:00,Flipkart
FREV-503118,FPRD-00031,FCUST-210953,4.0,Value for money,2025-07-02 18:00:00,Flipkart
FREV-503119,FPRD-02471,FCUST-409718,2.0,Poor packaging,2026-02-01 21:00:00,Flipkart
FREV-503120,FPRD-00286,FCUST-247733,3.0,Awesome!,2025-01-27 07:00:00,Flipkart
FREV-503121,FPRD-00620,FCUST-200468,4.0,Highly recommended,2026-06-28 23:00:00,Flipkart
FREV-503122,FPRD-01378,FCUST-558500,2.0,Value for money,2025-09-10 00:00:00,Flipkart
FREV-503123,FPRD-01391,FCUST-360325,5.0,Poor packaging,2025-07-16 01:00:00,Flipkart
FREV-503124,FPRD-00004,FCUST-558035,4.0,Highly recommended,2025-04-04 11:00:00,Flipkart
FREV-503125,FPRD-01036,FCUST-495859,5.0,Awesome!,2025-12-09 23:00:00,Flipkart
FREV-503126,FPRD-02355,FCUST-574405,5.0,Value for money,2026-01-27 09:00:00,Flipkart
FREV-503127,FPRD-00120,FCUST-421546,3.0,Value for money,2024-11-03 15:00:00,Flipkart
FREV-503128,FPRD-01017,FCUST-468900,3.0,Awesome!,2024-10-04 08:00:00,Flipkart
FREV-503129,FPRD-01905,FCUST-550076,3.0,Awesome!,2024-10-11 14:00:00,Flipkart
FREV-503130,FPRD-02470,FCUST-576241,,Poor packaging,2025-10-09 00:00:00,Flipkart
FREV-503131,FPRD-02021,FCUST-334425,3.0,Decent buy,2026-06-27 09:00:00,Flipkart
FREV-503132,FPRD-02339,FCUST-352149,3.0,Awesome!,2026-04-29 10:00:00,Flipkart
FREV-503133,FPRD-02141,FCUST-381911,,Value for money,2024-12-01 13:00:00,Flipkart
FREV-503134,FPRD-00455,FCUST-458071,2.0,Decent buy,2025-12-31 09:00:00,Flipkart
FREV-503135,FPRD-01410,FCUST-286273,5.0,Decent buy,2025-05-31 09:00:00,Flipkart
FREV-503136,FPRD-00037,FCUST-398474,2.0,Decent buy,2025-05-28 01:00:00,Flipkart
FREV-503137,FPRD-01063,FCUST-204532,2.0,Highly recommended,2026-05-27 13:00:00,Flipkart
FREV-503138,FPRD-00611,FCUST-305145,4.0,Highly recommended,2025-12-02 19:00:00,Flipkart
FREV-503139,FPRD-00732,FCUST-548872,5.0,Awesome!,2025-09-10 19:00:00,Flipkart
FREV-503140,FPRD-00234,FCUST-469824,1.0,Awesome!,2026-02-08 10:00:00,Flipkart
FREV-503141,FPRD-00197,FCUST-288441,4.0,Highly recommended,2026-01-20 04:00:00,Flipkart
FREV-503142,FPRD-00431,FCUST-376085,4.0,Poor packaging,2026-07-15 06:00:00,Flipkart
FREV-503143,FPRD-01412,FCUST-287708,,Awesome!,2024-12-09 12:00:00,Flipkart
FREV-503144,FPRD-00392,FCUST-453501,5.0,Awesome!,2024-10-14 21:00:00,Flipkart
FREV-503145,FPRD-00866,FCUST-383978,5.0,Decent buy,2026-01-24 21:00:00,Flipkart
FREV-503146,FPRD-00541,FCUST-532201,1.0,Value for money,2025-07-30 04:00:00,Flipkart
FREV-503147,FPRD-02414,FCUST-371735,4.0,Poor packaging,2026-01-08 19:00:00,Flipkart
FREV-503148,FPRD-01598,FCUST-387032,1.0,Awesome!,2025-04-02 01:00:00,Flipkart
FREV-503149,FPRD-01445,FCUST-503259,3.0,Highly recommended,2026-02-17 08:00:00,Flipkart
FREV-503150,FPRD-00379,FCUST-224383,2.0,Value for money,2024-09-02 17:00:00,Flipkart
FREV-503151,FPRD-02298,FCUST-220517,5.0,Poor packaging,2026-04-06 05:00:00,Flipkart
FREV-503152,FPRD-02113,FCUST-245842,4.0,Awesome!,2024-09-05 16:00:00,Flipkart
FREV-503153,FPRD-00947,FCUST-425893,,Awesome!,2024-08-12 22:00:00,Flipkart
FREV-503154,FPRD-00500,FCUST-388071,2.0,Awesome!,2026-03-20 05:00:00,Flipkart
FREV-503155,FPRD-00104,FCUST-464927,3.0,Value for money,2024-09-12 01:00:00,Flipkart
FREV-503156,FPRD-00011,FCUST-425137,2.0,Highly recommended,2024-08-11 23:00:00,Flipkart
FREV-503157,FPRD-01977,FCUST-551616,1.0,Poor packaging,2025-07-25 06:00:00,Flipkart
FREV-503158,FPRD-01947,FCUST-301481,5.0,Poor packaging,2026-04-16 15:00:00,Flipkart
FREV-503159,FPRD-01897,FCUST-515795,3.0,Decent buy,2025-12-22 12:00:00,Flipkart
FREV-503160,FPRD-01131,FCUST-266084,2.0,Awesome!,2024-09-12 11:00:00,Flipkart
FREV-503161,FPRD-00052,FCUST-598770,3.0,Highly recommended,2024-10-30 18:00:00,Flipkart
FREV-503162,FPRD-00405,FCUST-264848,4.0,Highly recommended,2026-06-20 06:00:00,Flipkart
FREV-503163,FPRD-00756,FCUST-249716,4.0,Decent buy,2024-09-04 03:00:00,Flipkart
FREV-503164,FPRD-00562,FCUST-256850,4.0,Poor packaging,2025-02-26 03:00:00,Flipkart
FREV-503165,FPRD-01456,FCUST-499699,1.0,Awesome!,2025-12-15 22:00:00,Flipkart
FREV-503166,FPRD-01735,FCUST-344128,4.0,Poor packaging,2025-02-08 23:00:00,Flipkart
FREV-503167,FPRD-01505,FCUST-249132,4.0,Value for money,2024-11-30 07:00:00,Flipkart
FREV-503168,FPRD-02259,FCUST-268697,3.0,Awesome!,2026-02-27 23:00:00,Flipkart
FREV-503169,FPRD-01690,FCUST-252461,3.0,Highly recommended,2026-06-14 20:00:00,Flipkart
FREV-503170,FPRD-00386,FCUST-475489,2.0,Poor packaging,2024-10-17 02:00:00,Flipkart
FREV-503171,FPRD-01937,FCUST-413790,1.0,Poor packaging,2024-09-27 22:00:00,Flipkart
FREV-503172,FPRD-01623,FCUST-566539,4.0,Decent buy,2025-03-10 01:00:00,Flipkart
FREV-503173,FPRD-00678,FCUST-534111,5.0,Value for money,2025-11-23 23:00:00,Flipkart
FREV-503174,FPRD-00864,FCUST-270651,2.0,Value for money,2026-06-27 10:00:00,Flipkart
FREV-503175,FPRD-00548,FCUST-405933,,Awesome!,2024-08-16 03:00:00,Flipkart
FREV-503176,FPRD-01040,FCUST-398834,4.0,Highly recommended,2025-07-05 04:00:00,Flipkart
FREV-503177,FPRD-00523,FCUST-440506,2.0,Highly recommended,2025-09-11 07:00:00,Flipkart
FREV-503178,FPRD-00382,FCUST-456004,5.0,Value for money,2026-06-25 10:00:00,Flipkart
FREV-503179,FPRD-02427,FCUST-346495,3.0,Poor packaging,2025-05-14 13:00:00,Flipkart
FREV-503180,FPRD-02124,FCUST-317312,3.0,Poor packaging,2025-10-18 02:00:00,Flipkart
FREV-503181,FPRD-00133,FCUST-329359,3.0,Poor packaging,2025-05-19 14:00:00,Flipkart
FREV-503182,FPRD-01088,FCUST-361347,5.0,Highly recommended,2025-05-08 11:00:00,Flipkart
FREV-503183,FPRD-00251,FCUST-386645,4.0,Poor packaging,2025-12-21 12:00:00,Flipkart
FREV-503184,FPRD-00641,FCUST-378582,2.0,Awesome!,2024-11-29 08:00:00,Flipkart
FREV-503185,FPRD-01975,FCUST-376350,3.0,Awesome!,2025-04-02 08:00:00,Flipkart
FREV-503186,FPRD-00908,FCUST-467994,1.0,Poor packaging,2026-02-08 00:00:00,Flipkart
FREV-503187,FPRD-02215,FCUST-598883,2.0,Decent buy,2025-01-27 12:00:00,Flipkart
FREV-503188,FPRD-01042,FCUST-286752,2.0,Highly recommended,2024-12-02 20:00:00,Flipkart
FREV-503189,FPRD-00178,FCUST-382630,1.0,Value for money,2026-04-20 09:00:00,Flipkart
FREV-503190,FPRD-00078,FCUST-443928,4.0,Awesome!,2024-11-18 08:00:00,Flipkart
FREV-503191,FPRD-02109,FCUST-363710,,Awesome!,2026-06-08 16:00:00,Flipkart
FREV-503192,FPRD-00004,FCUST-421816,2.0,Decent buy,2024-12-23 04:00:00,Flipkart
FREV-503193,FPRD-02142,FCUST-342753,,Value for money,2025-09-08 05:00:00,Flipkart
FREV-503194,FPRD-01776,FCUST-376361,4.0,Highly recommended,2025-05-03 18:00:00,Flipkart
FREV-503195,FPRD-01657,FCUST-537661,1.0,Value for money,2025-09-18 18:00:00,Flipkart
FREV-503196,FPRD-01533,FCUST-567578,4.0,Decent buy,2026-04-27 13:00:00,Flipkart
FREV-503197,FPRD-02456,FCUST-445722,3.0,Value for money,2025-09-27 07:00:00,Flipkart
FREV-503198,FPRD-01770,FCUST-473346,5.0,Poor packaging,2024-08-30 18:00:00,Flipkart
FREV-503199,FPRD-02240,FCUST-435417,3.0,Value for money,2025-02-06 01:00:00,Flipkart
FREV-503200,FPRD-01283,FCUST-368008,1.0,Decent buy,2025-03-11 21:00:00,Flipkart
FREV-503201,FPRD-01099,FCUST-246561,5.0,Value for money,2026-02-07 17:00:00,Flipkart
FREV-503202,FPRD-01417,FCUST-510698,4.0,Poor packaging,2024-10-20 19:00:00,Flipkart
FREV-503203,FPRD-01613,FCUST-567530,2.0,Awesome!,2025-11-30 05:00:00,Flipkart
FREV-503204,FPRD-00961,FCUST-456366,1.0,Awesome!,2024-12-24 02:00:00,Flipkart
FREV-503205,FPRD-01102,FCUST-284855,2.0,Awesome!,2024-09-28 06:00:00,Flipkart
FREV-503206,FPRD-00363,FCUST-301140,2.0,Poor packaging,2026-07-31 13:00:00,Flipkart
FREV-503207,FPRD-02485,FCUST-322361,2.0,Poor packaging,2025-05-30 01:00:00,Flipkart
FREV-503208,FPRD-01810,FCUST-318426,4.0,Decent buy,2024-12-25 01:00:00,Flipkart
FREV-503209,FPRD-01273,FCUST-226380,2.0,Decent buy,2024-12-25 09:00:00,Flipkart
FREV-503210,FPRD-01016,FCUST-370157,,Highly recommended,2024-10-18 04:00:00,Flipkart
FREV-503211,FPRD-00798,FCUST-577829,3.0,Value for money,2024-08-19 19:00:00,Flipkart
FREV-503212,FPRD-02483,FCUST-592771,2.0,Awesome!,2026-05-27 13:00:00,Flipkart
FREV-503213,FPRD-02188,FCUST-460404,2.0,Highly recommended,2024-11-21 18:00:00,Flipkart
FREV-503214,FPRD-02287,FCUST-450198,2.0,Decent buy,2025-11-05 10:00:00,Flipkart
FREV-503215,FPRD-01134,FCUST-490852,5.0,Poor packaging,2026-03-17 00:00:00,Flipkart
FREV-503216,FPRD-02229,FCUST-222102,3.0,Value for money,2026-02-15 10:00:00,Flipkart
FREV-503217,FPRD-01702,FCUST-374858,3.0,Awesome!,2024-09-06 06:00:00,Flipkart
FREV-503218,FPRD-00854,FCUST-298067,1.0,Awesome!,2025-01-21 19:00:00,Flipkart
FREV-503219,FPRD-01619,FCUST-524201,2.0,Decent buy,2026-07-10 06:00:00,Flipkart
FREV-503220,FPRD-01034,FCUST-402958,4.0,Awesome!,2026-05-01 21:00:00,Flipkart
FREV-503221,FPRD-01287,FCUST-233621,4.0,Highly recommended,2025-07-19 03:00:00,Flipkart
FREV-503222,FPRD-00544,FCUST-468578,,Awesome!,2026-05-25 18:00:00,Flipkart
FREV-503223,FPRD-01513,FCUST-536343,5.0,Poor packaging,2024-08-31 01:00:00,Flipkart
FREV-503224,FPRD-00875,FCUST-506849,1.0,Poor packaging,2025-12-01 11:00:00,Flipkart
FREV-503225,FPRD-02333,FCUST-329509,2.0,Highly recommended,2026-04-24 17:00:00,Flipkart
FREV-503226,FPRD-01696,FCUST-286293,2.0,Highly recommended,2025-11-19 20:00:00,Flipkart
FREV-503227,FPRD-00995,FCUST-391614,1.0,Highly recommended,2024-12-26 17:00:00,Flipkart
FREV-503228,FPRD-01087,FCUST-568896,1.0,Decent buy,2024-11-18 08:00:00,Flipkart
FREV-503229,FPRD-01375,FCUST-465382,2.0,Awesome!,2026-06-01 17:00:00,Flipkart
FREV-503230,FPRD-01875,FCUST-292317,4.0,Value for money,2025-03-29 13:00:00,Flipkart
FREV-503231,FPRD-00012,FCUST-547135,2.0,Decent buy,2025-12-22 22:00:00,Flipkart
FREV-503232,FPRD-00909,FCUST-492872,5.0,Decent buy,2026-02-04 23:00:00,Flipkart
FREV-503233,FPRD-01903,FCUST-289212,4.0,Highly recommended,2026-07-10 10:00:00,Flipkart
FREV-503234,FPRD-00675,FCUST-540504,1.0,Poor packaging,2024-09-18 11:00:00,Flipkart
FREV-503235,FPRD-00093,FCUST-415331,3.0,Poor packaging,2026-05-11 23:00:00,Flipkart
FREV-503236,FPRD-01418,FCUST-532403,,Decent buy,2026-06-10 21:00:00,Flipkart
FREV-503237,FPRD-00355,FCUST-599454,1.0,Highly recommended,2026-01-15 03:00:00,Flipkart
FREV-503238,FPRD-01419,FCUST-512965,3.0,Poor packaging,2024-10-04 19:00:00,Flipkart
FREV-503239,FPRD-01861,FCUST-453266,4.0,Poor packaging,2024-11-23 03:00:00,Flipkart
FREV-503240,FPRD-02154,FCUST-442657,2.0,Poor packaging,2026-05-12 22:00:00,Flipkart
FREV-503241,FPRD-02335,FCUST-588864,1.0,Poor packaging,2025-09-24 16:00:00,Flipkart
FREV-503242,FPRD-02246,FCUST-484728,1.0,Decent buy,2025-10-18 04:00:00,Flipkart
FREV-503243,FPRD-00599,FCUST-326868,,Decent buy,2024-08-26 08:00:00,Flipkart
FREV-503244,FPRD-02470,FCUST-219578,,Value for money,2024-11-26 02:00:00,Flipkart
FREV-503245,FPRD-01501,FCUST-578299,4.0,Decent buy,2024-11-22 15:00:00,Flipkart
FREV-503246,FPRD-02436,FCUST-570663,5.0,Decent buy,2025-06-22 16:00:00,Flipkart
FREV-503247,FPRD-02336,FCUST-353070,3.0,Poor packaging,2025-04-04 13:00:00,Flipkart
FREV-503248,FPRD-02136,FCUST-584507,2.0,Value for money,2025-05-21 12:00:00,Flipkart
FREV-503249,FPRD-01598,FCUST-246561,4.0,Highly recommended,2026-02-07 17:00:00,Flipkart
FREV-503250,FPRD-01637,FCUST-599284,3.0,Value for money,2026-04-23 23:00:00,Flipkart
FREV-503251,FPRD-01538,FCUST-427469,5.0,Poor packaging,2025-09-17 21:00:00,Flipkart
FREV-503252,FPRD-01073,FCUST-586020,2.0,Decent buy,2026-04-14 08:00:00,Flipkart
FREV-503253,FPRD-01285,FCUST-467383,1.0,Awesome!,2025-01-24 03:00:00,Flipkart
FREV-503254,FPRD-00019,FCUST-305891,3.0,Awesome!,2025-07-16 03:00:00,Flipkart
FREV-503255,FPRD-01229,FCUST-522316,4.0,Poor packaging,2025-11-28 01:00:00,Flipkart
FREV-503256,FPRD-00725,FCUST-369220,4.0,Poor packaging,2024-11-11 19:00:00,Flipkart
FREV-503257,FPRD-01422,FCUST-337168,4.0,Awesome!,2025-03-23 06:00:00,Flipkart
FREV-503258,FPRD-00606,FCUST-245533,5.0,Decent buy,2024-12-19 14:00:00,Flipkart
FREV-503259,FPRD-01359,FCUST-291596,3.0,Awesome!,2024-10-20 09:00:00,Flipkart
FREV-503260,FPRD-00102,FCUST-223042,5.0,Highly recommended,2025-06-04 10:00:00,Flipkart
FREV-503261,FPRD-02303,FCUST-391779,3.0,Decent buy,2025-01-04 10:00:00,Flipkart
FREV-503262,FPRD-00288,FCUST-383978,2.0,Value for money,2026-05-05 17:00:00,Flipkart
FREV-503263,FPRD-01796,FCUST-235170,3.0,Poor packaging,2025-09-03 00:00:00,Flipkart
FREV-503264,FPRD-02416,FCUST-451848,1.0,Highly recommended,2025-07-20 17:00:00,Flipkart
FREV-503265,FPRD-01759,FCUST-327563,4.0,Awesome!,2026-03-29 05:00:00,Flipkart
FREV-503266,FPRD-00895,FCUST-511847,5.0,Decent buy,2025-06-25 17:00:00,Flipkart
FREV-503267,FPRD-00989,FCUST-333340,1.0,Highly recommended,2026-05-22 21:00:00,Flipkart
FREV-503268,FPRD-02443,FCUST-525755,,Decent buy,2024-12-12 02:00:00,Flipkart
FREV-503269,FPRD-01158,FCUST-287708,4.0,Poor packaging,2025-03-19 06:00:00,Flipkart
FREV-503270,FPRD-00022,FCUST-554238,4.0,Value for money,2026-05-14 01:00:00,Flipkart
FREV-503271,FPRD-00739,FCUST-580350,2.0,Poor packaging,2025-11-22 04:00:00,Flipkart
FREV-503272,FPRD-00046,FCUST-509545,1.0,Poor packaging,2025-09-07 19:00:00,Flipkart
FREV-503273,FPRD-02363,FCUST-489465,3.0,Value for money,2025-12-28 01:00:00,Flipkart
FREV-503274,FPRD-00761,FCUST-591896,1.0,Highly recommended,2025-06-15 12:00:00,Flipkart
FREV-503275,FPRD-01742,FCUST-538846,4.0,Decent buy,2026-07-21 02:00:00,Flipkart
FREV-503276,FPRD-00783,FCUST-271330,2.0,Highly recommended,2024-12-26 09:00:00,Flipkart
FREV-503277,FPRD-00093,FCUST-527374,1.0,Decent buy,2026-02-11 02:00:00,Flipkart
FREV-503278,FPRD-00043,FCUST-562465,,Poor packaging,2026-08-07 18:00:00,Flipkart
FREV-503279,FPRD-00109,FCUST-202596,2.0,Poor packaging,2026-03-13 06:00:00,Flipkart
FREV-503280,FPRD-00906,FCUST-280824,2.0,Awesome!,2024-08-19 21:00:00,Flipkart
FREV-503281,FPRD-00662,FCUST-219853,,Poor packaging,2024-09-08 21:00:00,Flipkart
FREV-503282,FPRD-01179,FCUST-432022,,Value for money,2025-04-22 16:00:00,Flipkart
FREV-503283,FPRD-01034,FCUST-202135,2.0,Value for money,2025-04-11 00:00:00,Flipkart
FREV-503284,FPRD-01631,FCUST-290064,,Decent buy,2024-08-16 03:00:00,Flipkart
FREV-503285,FPRD-00582,FCUST-219818,4.0,Poor packaging,2026-04-20 16:00:00,Flipkart
FREV-503286,FPRD-02026,FCUST-408892,4.0,Poor packaging,2025-11-02 11:00:00,Flipkart
FREV-503287,FPRD-01877,FCUST-363246,3.0,Value for money,2024-11-26 01:00:00,Flipkart
FREV-503288,FPRD-02263,FCUST-421765,3.0,Value for money,2026-06-10 21:00:00,Flipkart
FREV-503289,FPRD-01301,FCUST-534986,3.0,Awesome!,2024-10-07 18:00:00,Flipkart
FREV-503290,FPRD-00119,FCUST-375756,3.0,Highly recommended,2024-10-31 07:00:00,Flipkart
FREV-503291,FPRD-01695,FCUST-408763,5.0,Highly recommended,2025-12-10 12:00:00,Flipkart
FREV-503292,FPRD-02030,FCUST-512317,5.0,Highly recommended,2025-09-30 07:00:00,Flipkart
FREV-503293,FPRD-01927,FCUST-381760,5.0,Highly recommended,2026-08-11 22:00:00,Flipkart
FREV-503294,FPRD-00179,FCUST-283191,,Highly recommended,2026-06-29 20:00:00,Flipkart
FREV-503295,FPRD-00864,FCUST-586953,5.0,Value for money,2024-10-31 00:00:00,Flipkart
FREV-503296,FPRD-00321,FCUST-312138,,Decent buy,2025-12-16 19:00:00,Flipkart
FREV-503297,FPRD-01939,FCUST-592223,4.0,Highly recommended,2025-01-15 00:00:00,Flipkart
FREV-503298,FPRD-00669,FCUST-329159,5.0,Poor packaging,2025-12-17 09:00:00,Flipkart
FREV-503299,FPRD-01192,FCUST-568689,3.0,Poor packaging,2025-09-18 03:00:00,Flipkart
FREV-503300,FPRD-00912,FCUST-236466,4.0,Value for money,2025-04-08 07:00:00,Flipkart
FREV-503301,FPRD-00406,FCUST-531437,1.0,Value for money,2025-07-03 18:00:00,Flipkart
FREV-503302,FPRD-01625,FCUST-501259,3.0,Awesome!,2025-12-03 11:00:00,Flipkart
FREV-503303,FPRD-01014,FCUST-340719,5.0,Awesome!,2024-10-08 03:00:00,Flipkart
FREV-503304,FPRD-02363,FCUST-560947,,Value for money,2024-08-24 01:00:00,Flipkart
FREV-503305,FPRD-01274,FCUST-392045,1.0,Highly recommended,2024-10-11 12:00:00,Flipkart
FREV-503306,FPRD-00250,FCUST-245865,1.0,Decent buy,2025-02-21 04:00:00,Flipkart
FREV-503307,FPRD-00962,FCUST-354194,2.0,Decent buy,2025-05-11 19:00:00,Flipkart
FREV-503308,FPRD-01346,FCUST-325715,5.0,Value for money,2025-09-15 10:00:00,Flipkart
FREV-503309,FPRD-01566,FCUST-225805,4.0,Awesome!,2026-04-29 09:00:00,Flipkart
FREV-503310,FPRD-02208,FCUST-223802,4.0,Value for money,2025-01-16 21:00:00,Flipkart
FREV-503311,FPRD-01463,FCUST-473154,2.0,Awesome!,2026-03-12 12:00:00,Flipkart
FREV-503312,FPRD-01627,FCUST-389821,3.0,Poor packaging,2024-08-15 05:00:00,Flipkart
FREV-503313,FPRD-02158,FCUST-217407,5.0,Awesome!,2025-10-06 13:00:00,Flipkart
FREV-503314,FPRD-01005,FCUST-258063,2.0,Awesome!,2025-06-19 02:00:00,Flipkart
FREV-503315,FPRD-00187,FCUST-520487,,Value for money,2025-05-22 16:00:00,Flipkart
FREV-503316,FPRD-02024,FCUST-530572,1.0,Highly recommended,2024-12-28 02:00:00,Flipkart
FREV-503317,FPRD-00642,FCUST-515883,1.0,Decent buy,2025-06-22 01:00:00,Flipkart
FREV-503318,FPRD-00915,FCUST-453133,4.0,Poor packaging,2024-12-11 07:00:00,Flipkart
FREV-503319,FPRD-01591,FCUST-307791,4.0,Awesome!,2025-07-02 12:00:00,Flipkart
FREV-503320,FPRD-01171,FCUST-569974,1.0,Decent buy,2025-12-13 03:00:00,Flipkart
FREV-503321,FPRD-02431,FCUST-355693,4.0,Value for money,2026-08-08 09:00:00,Flipkart
FREV-503322,FPRD-01312,FCUST-266026,5.0,Awesome!,2024-12-17 03:00:00,Flipkart
FREV-503323,FPRD-01033,FCUST-231119,5.0,Highly recommended,2025-03-12 06:00:00,Flipkart
FREV-503324,FPRD-00001,FCUST-236047,4.0,Decent buy,2026-04-06 14:00:00,Flipkart
FREV-503325,FPRD-02159,FCUST-531096,4.0,Value for money,2025-12-11 06:00:00,Flipkart
FREV-503326,FPRD-01596,FCUST-283440,4.0,Highly recommended,2025-12-09 17:00:00,Flipkart
FREV-503327,FPRD-02361,FCUST-342500,,Value for money,2026-03-03 11:00:00,Flipkart
FREV-503328,FPRD-00754,FCUST-301430,5.0,Value for money,2025-10-24 04:00:00,Flipkart
FREV-503329,FPRD-01583,FCUST-339870,,Decent buy,2025-11-15 13:00:00,Flipkart
FREV-503330,FPRD-02265,FCUST-290806,4.0,Highly recommended,2025-03-18 15:00:00,Flipkart
FREV-503331,FPRD-02427,FCUST-574859,5.0,Value for money,2025-07-05 09:00:00,Flipkart
FREV-503332,FPRD-00101,FCUST-449109,4.0,Decent buy,2026-05-13 07:00:00,Flipkart
FREV-503333,FPRD-01654,FCUST-584443,1.0,Highly recommended,2025-10-25 13:00:00,Flipkart
FREV-503334,FPRD-02338,FCUST-496573,3.0,Awesome!,2026-01-23 14:00:00,Flipkart
FREV-503335,FPRD-00163,FCUST-449806,3.0,Decent buy,2026-06-13 13:00:00,Flipkart
FREV-503336,FPRD-00075,FCUST-587930,2.0,Value for money,2024-08-30 20:00:00,Flipkart
FREV-503337,FPRD-00304,FCUST-244038,4.0,Awesome!,2025-11-10 19:00:00,Flipkart
FREV-503338,FPRD-01395,FCUST-544747,1.0,Decent buy,2024-08-15 14:00:00,Flipkart
FREV-503339,FPRD-00542,FCUST-232338,4.0,Poor packaging,2025-03-16 19:00:00,Flipkart
FREV-503340,FPRD-01949,FCUST-317444,2.0,Highly recommended,2025-07-14 05:00:00,Flipkart
FREV-503341,FPRD-00044,FCUST-565980,,Decent buy,2026-04-18 22:00:00,Flipkart
FREV-503342,FPRD-00776,FCUST-517420,4.0,Value for money,2026-07-12 14:00:00,Flipkart
FREV-503343,FPRD-00937,FCUST-493251,5.0,Value for money,2025-06-15 02:00:00,Flipkart
FREV-503344,FPRD-00122,FCUST-266084,3.0,Value for money,2026-05-06 23:00:00,Flipkart
FREV-503345,FPRD-00971,FCUST-574737,4.0,Awesome!,2025-03-06 07:00:00,Flipkart
FREV-503346,FPRD-01976,FCUST-528600,4.0,Poor packaging,2025-07-12 15:00:00,Flipkart
FREV-503347,FPRD-00471,FCUST-455341,1.0,Value for money,2025-02-23 18:00:00,Flipkart
FREV-503348,FPRD-02382,FCUST-475927,4.0,Decent buy,2025-07-01 11:00:00,Flipkart
FREV-503349,FPRD-00931,FCUST-303608,1.0,Awesome!,2025-11-26 14:00:00,Flipkart
FREV-503350,FPRD-02484,FCUST-357610,3.0,Poor packaging,2026-02-05 00:00:00,Flipkart
FREV-503351,FPRD-00309,FCUST-456710,5.0,Value for money,2026-01-27 18:00:00,Flipkart
FREV-503352,FPRD-00841,FCUST-305817,5.0,Value for money,2026-01-12 02:00:00,Flipkart
FREV-503353,FPRD-00272,FCUST-468292,4.0,Value for money,2026-07-13 00:00:00,Flipkart
FREV-503354,FPRD-00109,FCUST-456846,3.0,Value for money,2025-05-02 22:00:00,Flipkart
FREV-503355,FPRD-01977,FCUST-325481,5.0,Highly recommended,2025-03-16 20:00:00,Flipkart
FREV-503356,FPRD-01909,FCUST-303920,4.0,Awesome!,2026-06-13 18:00:00,Flipkart
FREV-503357,FPRD-02280,FCUST-532273,3.0,Poor packaging,2024-09-13 17:00:00,Flipkart
FREV-503358,FPRD-01891,FCUST-503547,2.0,Poor packaging,2025-10-23 07:00:00,Flipkart
FREV-503359,FPRD-02100,FCUST-335163,2.0,Poor packaging,2025-02-27 19:00:00,Flipkart
FREV-503360,FPRD-02052,FCUST-503629,,Poor packaging,2025-04-15 07:00:00,Flipkart
FREV-503361,FPRD-02038,FCUST-517094,3.0,Awesome!,2026-07-03 12:00:00,Flipkart
FREV-503362,FPRD-01238,FCUST-553258,3.0,Awesome!,2025-04-01 18:00:00,Flipkart
FREV-503363,FPRD-01640,FCUST-474707,3.0,Highly recommended,2025-04-15 06:00:00,Flipkart
FREV-503364,FPRD-00913,FCUST-451592,3.0,Value for money,2025-10-07 11:00:00,Flipkart
FREV-503365,FPRD-00446,FCUST-206731,2.0,Decent buy,2024-12-18 22:00:00,Flipkart
FREV-503366,FPRD-01353,FCUST-290834,1.0,Highly recommended,2025-08-07 17:00:00,Flipkart
FREV-503367,FPRD-00982,FCUST-356324,2.0,Decent buy,2025-11-23 19:00:00,Flipkart
FREV-503368,FPRD-01758,FCUST-288755,1.0,Poor packaging,2025-06-26 00:00:00,Flipkart
FREV-503369,FPRD-00659,FCUST-397701,1.0,Highly recommended,2026-03-10 09:00:00,Flipkart
FREV-503370,FPRD-01724,FCUST-524448,2.0,Awesome!,2026-08-06 17:00:00,Flipkart
FREV-503371,FPRD-00226,FCUST-421158,2.0,Decent buy,2026-06-26 12:00:00,Flipkart
FREV-503372,FPRD-00681,FCUST-379561,4.0,Highly recommended,2025-02-22 14:00:00,Flipkart
FREV-503373,FPRD-01307,FCUST-407814,5.0,Highly recommended,2026-04-09 11:00:00,Flipkart
FREV-503374,FPRD-01572,FCUST-495511,1.0,Awesome!,2026-07-06 22:00:00,Flipkart
FREV-503375,FPRD-01402,FCUST-569584,3.0,Decent buy,2026-08-03 10:00:00,Flipkart
FREV-503376,FPRD-01080,FCUST-522292,3.0,Value for money,2026-07-31 11:00:00,Flipkart
FREV-503377,FPRD-01504,FCUST-342500,2.0,Value for money,2024-09-15 14:00:00,Flipkart
FREV-503378,FPRD-01470,FCUST-427474,1.0,Decent buy,2025-04-15 07:00:00,Flipkart
FREV-503379,FPRD-00395,FCUST-474146,3.0,Value for money,2025-12-30 22:00:00,Flipkart
FREV-503380,FPRD-00366,FCUST-455650,3.0,Highly recommended,2025-04-16 14:00:00,Flipkart
FREV-503381,FPRD-02468,FCUST-473385,4.0,Highly recommended,2026-06-15 16:00:00,Flipkart
FREV-503382,FPRD-00611,FCUST-496085,2.0,Value for money,2026-04-15 16:00:00,Flipkart
FREV-503383,FPRD-01917,FCUST-597678,3.0,Decent buy,2025-12-21 11:00:00,Flipkart
FREV-503384,FPRD-01727,FCUST-284154,5.0,Decent buy,2024-08-18 23:00:00,Flipkart
FREV-503385,FPRD-02383,FCUST-421355,3.0,Highly recommended,2026-01-09 00:00:00,Flipkart
FREV-503386,FPRD-00533,FCUST-424138,4.0,Highly recommended,2025-06-04 09:00:00,Flipkart
FREV-503387,FPRD-02193,FCUST-494683,1.0,Decent buy,2025-01-17 15:00:00,Flipkart
FREV-503388,FPRD-01746,FCUST-367525,5.0,Poor packaging,2024-08-29 10:00:00,Flipkart
FREV-503389,FPRD-00336,FCUST-431792,3.0,Poor packaging,2026-02-25 12:00:00,Flipkart
FREV-503390,FPRD-02150,FCUST-289111,5.0,Awesome!,2024-12-25 07:00:00,Flipkart
FREV-503391,FPRD-00771,FCUST-592094,4.0,Poor packaging,2026-01-09 05:00:00,Flipkart
FREV-503392,FPRD-00078,FCUST-210953,4.0,Awesome!,2025-08-18 23:00:00,Flipkart
FREV-503393,FPRD-00326,FCUST-225703,2.0,Decent buy,2025-07-30 21:00:00,Flipkart
FREV-503394,FPRD-00353,FCUST-393515,1.0,Value for money,2025-12-10 14:00:00,Flipkart
FREV-503395,FPRD-01582,FCUST-451214,2.0,Poor packaging,2025-08-08 13:00:00,Flipkart
FREV-503396,FPRD-00488,FCUST-583138,4.0,Poor packaging,2026-07-05 07:00:00,Flipkart
FREV-503397,FPRD-00824,FCUST-466350,4.0,Poor packaging,2025-04-03 18:00:00,Flipkart
FREV-503398,FPRD-00833,FCUST-544824,4.0,Poor packaging,2025-07-30 22:00:00,Flipkart
FREV-503399,FPRD-00467,FCUST-449336,5.0,Decent buy,2025-08-17 12:00:00,Flipkart
FREV-503400,FPRD-01575,FCUST-463630,4.0,Value for money,2025-03-21 16:00:00,Flipkart
FREV-503401,FPRD-01650,FCUST-425451,1.0,Awesome!,2026-06-14 09:00:00,Flipkart
FREV-503402,FPRD-00938,FCUST-587725,4.0,Decent buy,2025-03-20 03:00:00,Flipkart
FREV-503403,FPRD-00504,FCUST-272530,1.0,Value for money,2025-12-04 02:00:00,Flipkart
FREV-503404,FPRD-00468,FCUST-437026,2.0,Awesome!,2026-06-04 02:00:00,Flipkart
FREV-503405,FPRD-02182,FCUST-268627,5.0,Value for money,2025-06-20 16:00:00,Flipkart
FREV-503406,FPRD-00405,FCUST-387906,2.0,Decent buy,2025-06-27 13:00:00,Flipkart
FREV-503407,FPRD-01559,FCUST-403987,1.0,Poor packaging,2026-03-12 15:00:00,Flipkart
FREV-503408,FPRD-01059,FCUST-527496,4.0,Highly recommended,2026-07-30 18:00:00,Flipkart
FREV-503409,FPRD-00640,FCUST-437292,2.0,Awesome!,2025-07-19 22:00:00,Flipkart
FREV-503410,FPRD-00420,FCUST-313566,5.0,Poor packaging,2025-06-20 12:00:00,Flipkart
FREV-503411,FPRD-00291,FCUST-479065,4.0,Highly recommended,2025-02-27 08:00:00,Flipkart
FREV-503412,FPRD-01841,FCUST-563322,1.0,Awesome!,2024-08-16 03:00:00,Flipkart
FREV-503413,FPRD-01425,FCUST-498399,,Poor packaging,2024-11-19 23:00:00,Flipkart
FREV-503414,FPRD-01534,FCUST-467684,,Awesome!,2025-04-23 16:00:00,Flipkart
FREV-503415,FPRD-00720,FCUST-469775,,Awesome!,2025-07-12 00:00:00,Flipkart
FREV-503416,FPRD-01616,FCUST-481852,4.0,Decent buy,2025-03-20 09:00:00,Flipkart
FREV-503417,FPRD-01051,FCUST-524475,5.0,Decent buy,2025-08-28 19:00:00,Flipkart
FREV-503418,FPRD-01190,FCUST-496205,1.0,Value for money,2026-03-07 03:00:00,Flipkart
FREV-503419,FPRD-00605,FCUST-392250,1.0,Decent buy,2025-12-02 03:00:00,Flipkart
FREV-503420,FPRD-00234,FCUST-443800,5.0,Poor packaging,2026-04-30 06:00:00,Flipkart
FREV-503421,FPRD-01786,FCUST-315618,3.0,Poor packaging,2025-10-17 10:00:00,Flipkart
FREV-503422,FPRD-01213,FCUST-401230,4.0,Awesome!,2025-06-19 00:00:00,Flipkart
FREV-503423,FPRD-00647,FCUST-538259,3.0,Value for money,2024-10-15 08:00:00,Flipkart
FREV-503424,FPRD-00171,FCUST-353051,,Decent buy,2025-11-03 04:00:00,Flipkart
FREV-503425,FPRD-02141,FCUST-394385,1.0,Poor packaging,2025-05-28 04:00:00,Flipkart
FREV-503426,FPRD-00726,FCUST-258993,1.0,Decent buy,2024-08-23 06:00:00,Flipkart
FREV-503427,FPRD-01271,FCUST-368619,2.0,Value for money,2026-07-09 19:00:00,Flipkart
FREV-503428,FPRD-01949,FCUST-383965,1.0,Highly recommended,2025-03-21 10:00:00,Flipkart
FREV-503429,FPRD-02379,FCUST-260662,2.0,Awesome!,2025-06-01 06:00:00,Flipkart
FREV-503430,FPRD-02118,FCUST-490468,3.0,Awesome!,2025-01-21 18:00:00,Flipkart
FREV-503431,FPRD-01015,FCUST-546017,,Highly recommended,2026-03-07 20:00:00,Flipkart
FREV-503432,FPRD-01537,FCUST-442148,3.0,Decent buy,2026-08-12 15:00:00,Flipkart
FREV-503433,FPRD-01037,FCUST-538996,1.0,Highly recommended,2026-03-25 12:00:00,Flipkart
FREV-503434,FPRD-01205,FCUST-553923,3.0,Decent buy,2026-07-22 02:00:00,Flipkart
FREV-503435,FPRD-00366,FCUST-520085,2.0,Highly recommended,2025-05-21 17:00:00,Flipkart
FREV-503436,FPRD-00808,FCUST-580752,5.0,Awesome!,2025-10-24 20:00:00,Flipkart
FREV-503437,FPRD-02486,FCUST-524201,3.0,Awesome!,2026-07-10 06:00:00,Flipkart
FREV-503438,FPRD-00530,FCUST-399767,3.0,Highly recommended,2025-03-29 08:00:00,Flipkart
FREV-503439,FPRD-00619,FCUST-486446,5.0,Awesome!,2024-12-23 05:00:00,Flipkart
FREV-503440,FPRD-00417,FCUST-275589,5.0,Value for money,2026-03-12 21:00:00,Flipkart
FREV-503441,FPRD-02001,FCUST-507999,5.0,Poor packaging,2024-12-04 03:00:00,Flipkart
FREV-503442,FPRD-01904,FCUST-488800,5.0,Decent buy,2024-11-06 18:00:00,Flipkart
FREV-503443,FPRD-01979,FCUST-210953,1.0,Value for money,2025-03-12 18:00:00,Flipkart
FREV-503444,FPRD-02298,FCUST-242624,5.0,Value for money,2025-07-25 02:00:00,Flipkart
FREV-503445,FPRD-00879,FCUST-485594,3.0,Value for money,2026-01-18 11:00:00,Flipkart
FREV-503446,FPRD-01693,FCUST-487256,3.0,Highly recommended,2025-12-01 00:00:00,Flipkart
FREV-503447,FPRD-00565,FCUST-519472,1.0,Highly recommended,2024-10-18 05:00:00,Flipkart
FREV-503448,FPRD-02407,FCUST-506821,4.0,Decent buy,2026-07-30 19:00:00,Flipkart
FREV-503449,FPRD-00134,FCUST-467774,2.0,Value for money,2026-02-12 11:00:00,Flipkart
FREV-503450,FPRD-02215,FCUST-483742,5.0,Highly recommended,2024-08-29 19:00:00,Flipkart
FREV-503451,FPRD-00746,FCUST-303664,,Value for money,2024-08-23 13:00:00,Flipkart
FREV-503452,FPRD-00089,FCUST-333566,4.0,Highly recommended,2026-06-12 08:00:00,Flipkart
FREV-503453,FPRD-01685,FCUST-284758,1.0,Value for money,2026-02-14 01:00:00,Flipkart
FREV-503454,FPRD-00524,FCUST-475231,2.0,Value for money,2026-04-17 21:00:00,Flipkart
FREV-503455,FPRD-02386,FCUST-322361,3.0,Decent buy,2025-05-30 01:00:00,Flipkart
FREV-503456,FPRD-01136,FCUST-268943,1.0,Poor packaging,2025-03-07 14:00:00,Flipkart
FREV-503457,FPRD-01697,FCUST-447758,5.0,Value for money,2025-08-04 23:00:00,Flipkart
FREV-503458,FPRD-00539,FCUST-536987,1.0,Value for money,2025-06-07 23:00:00,Flipkart
FREV-503459,FPRD-00877,FCUST-200821,1.0,Highly recommended,2026-03-25 04:00:00,Flipkart
FREV-503460,FPRD-00135,FCUST-319471,2.0,Decent buy,2025-08-30 23:00:00,Flipkart
FREV-503461,FPRD-01304,FCUST-508079,5.0,Decent buy,2025-08-10 07:00:00,Flipkart
FREV-503462,FPRD-00907,FCUST-372872,3.0,Poor packaging,2025-11-19 16:00:00,Flipkart
FREV-503463,FPRD-00901,FCUST-525142,2.0,Highly recommended,2025-04-24 19:00:00,Flipkart
FREV-503464,FPRD-01096,FCUST-506146,4.0,Decent buy,2025-11-22 11:00:00,Flipkart
FREV-503465,FPRD-01766,FCUST-554573,3.0,Highly recommended,2025-03-21 14:00:00,Flipkart
FREV-503466,FPRD-00781,FCUST-427773,5.0,Value for money,2026-04-09 22:00:00,Flipkart
FREV-503467,FPRD-00251,FCUST-451483,5.0,Poor packaging,2025-11-25 10:00:00,Flipkart
FREV-503468,FPRD-00472,FCUST-213837,4.0,Value for money,2024-08-16 14:00:00,Flipkart
FREV-503469,FPRD-00768,FCUST-419769,4.0,Poor packaging,2025-10-10 04:00:00,Flipkart
FREV-503470,FPRD-02189,FCUST-210671,4.0,Value for money,2026-05-19 05:00:00,Flipkart
FREV-503471,FPRD-01240,FCUST-538160,3.0,Awesome!,2026-08-16 22:00:00,Flipkart
FREV-503472,FPRD-00482,FCUST-433611,3.0,Highly recommended,2025-02-03 22:00:00,Flipkart
FREV-503473,FPRD-00502,FCUST-363459,,Poor packaging,2026-04-16 18:00:00,Flipkart
FREV-503474,FPRD-02403,FCUST-538998,3.0,Poor packaging,2025-12-20 06:00:00,Flipkart
FREV-503475,FPRD-00210,FCUST-478232,3.0,Decent buy,2026-04-19 04:00:00,Flipkart
FREV-503476,FPRD-01745,FCUST-407810,3.0,Awesome!,2025-05-24 01:00:00,Flipkart
FREV-503477,FPRD-00129,FCUST-334446,2.0,Decent buy,2025-12-08 23:00:00,Flipkart
FREV-503478,FPRD-01125,FCUST-223042,1.0,Highly recommended,2026-01-28 21:00:00,Flipkart
FREV-503479,FPRD-00577,FCUST-411677,,Value for money,2025-10-13 05:00:00,Flipkart
FREV-503480,FPRD-01664,FCUST-357741,3.0,Highly recommended,2025-08-11 04:00:00,Flipkart
FREV-503481,FPRD-01626,FCUST-536639,4.0,Poor packaging,2025-03-06 02:00:00,Flipkart
FREV-503482,FPRD-00701,FCUST-233686,2.0,Awesome!,2026-07-08 04:00:00,Flipkart
FREV-503483,FPRD-00356,FCUST-437026,5.0,Decent buy,2026-01-05 23:00:00,Flipkart
FREV-503484,FPRD-02315,FCUST-555852,5.0,Highly recommended,2026-05-03 09:00:00,Flipkart
FREV-503485,FPRD-00432,FCUST-377126,,Highly recommended,2024-09-18 19:00:00,Flipkart
FREV-503486,FPRD-00424,FCUST-218703,5.0,Awesome!,2026-02-18 08:00:00,Flipkart
FREV-503487,FPRD-02170,FCUST-431468,1.0,Decent buy,2025-10-07 16:00:00,Flipkart
FREV-503488,FPRD-00380,FCUST-587629,5.0,Poor packaging,2025-10-20 09:00:00,Flipkart
FREV-503489,FPRD-00459,FCUST-588479,4.0,Value for money,2026-04-02 07:00:00,Flipkart
FREV-503490,FPRD-00870,FCUST-414965,2.0,Awesome!,2025-06-30 02:00:00,Flipkart
FREV-503491,FPRD-00785,FCUST-521848,5.0,Value for money,2024-08-18 20:00:00,Flipkart
FREV-503492,FPRD-01786,FCUST-220517,5.0,Poor packaging,2026-04-06 05:00:00,Flipkart
FREV-503493,FPRD-00330,FCUST-444796,5.0,Value for money,2025-06-10 19:00:00,Flipkart
FREV-503494,FPRD-01583,FCUST-228192,,Decent buy,2024-11-29 22:00:00,Flipkart
FREV-503495,FPRD-02138,FCUST-243028,5.0,Awesome!,2025-12-19 17:00:00,Flipkart
FREV-503496,FPRD-01349,FCUST-479351,1.0,Awesome!,2025-01-27 03:00:00,Flipkart
FREV-503497,FPRD-01135,FCUST-595797,5.0,Decent buy,2024-11-08 12:00:00,Flipkart
FREV-503498,FPRD-01351,FCUST-234272,2.0,Value for money,2024-11-25 14:00:00,Flipkart
FREV-503499,FPRD-00066,FCUST-259656,2.0,Value for money,2025-03-14 18:00:00,Flipkart
FREV-503500,FPRD-01696,FCUST-516225,2.0,Awesome!,2025-09-05 18:00:00,Flipkart
FREV-503501,FPRD-00931,FCUST-589058,3.0,Poor packaging,2024-11-09 04:00:00,Flipkart
FREV-503502,FPRD-02201,FCUST-593578,4.0,Value for money,2026-07-13 04:00:00,Flipkart
FREV-503503,FPRD-00829,FCUST-571448,2.0,Decent buy,2026-01-13 04:00:00,Flipkart
FREV-503504,FPRD-00064,FCUST-467556,3.0,Decent buy,2026-04-24 01:00:00,Flipkart
FREV-503505,FPRD-01699,FCUST-482272,1.0,Awesome!,2025-07-13 07:00:00,Flipkart
FREV-503506,FPRD-01632,FCUST-203342,1.0,Value for money,2025-02-25 02:00:00,Flipkart
FREV-503507,FPRD-00084,FCUST-344647,2.0,Value for money,2025-11-06 06:00:00,Flipkart
FREV-503508,FPRD-01242,FCUST-317068,4.0,Poor packaging,2024-10-02 23:00:00,Flipkart
FREV-503509,FPRD-00604,FCUST-354345,2.0,Value for money,2024-08-28 04:00:00,Flipkart
FREV-503510,FPRD-02085,FCUST-466099,3.0,Highly recommended,2026-05-24 20:00:00,Flipkart
FREV-503511,FPRD-00243,FCUST-557914,5.0,Poor packaging,2024-09-08 14:00:00,Flipkart
FREV-503512,FPRD-02259,FCUST-574708,4.0,Value for money,2026-07-26 05:00:00,Flipkart
FREV-503513,FPRD-00993,FCUST-364424,5.0,Decent buy,2026-08-09 03:00:00,Flipkart
FREV-503514,FPRD-02074,FCUST-229413,1.0,Poor packaging,2025-07-29 11:00:00,Flipkart
FREV-503515,FPRD-00907,FCUST-551536,,Value for money,2024-12-09 03:00:00,Flipkart
FREV-503516,FPRD-01422,FCUST-527264,1.0,Decent buy,2026-06-10 00:00:00,Flipkart
FREV-503517,FPRD-01631,FCUST-247733,,Poor packaging,2025-01-27 07:00:00,Flipkart
FREV-503518,FPRD-01910,FCUST-328099,4.0,Value for money,2024-12-15 13:00:00,Flipkart
FREV-503519,FPRD-02049,FCUST-595752,5.0,Awesome!,2026-03-07 22:00:00,Flipkart
FREV-503520,FPRD-00469,FCUST-312721,5.0,Value for money,2026-05-06 11:00:00,Flipkart
FREV-503521,FPRD-00007,FCUST-335382,2.0,Decent buy,2026-02-19 03:00:00,Flipkart
FREV-503522,FPRD-01413,FCUST-288712,1.0,Awesome!,2026-06-30 08:00:00,Flipkart
FREV-503523,FPRD-02217,FCUST-559469,2.0,Highly recommended,2026-02-10 19:00:00,Flipkart
FREV-503524,FPRD-01628,FCUST-367829,5.0,Decent buy,2026-04-19 17:00:00,Flipkart
FREV-503525,FPRD-00489,FCUST-414044,,Highly recommended,2026-06-26 21:00:00,Flipkart
FREV-503526,FPRD-02318,FCUST-235170,1.0,Highly recommended,2025-09-03 00:00:00,Flipkart
FREV-503527,FPRD-01347,FCUST-250073,4.0,Poor packaging,2025-04-30 06:00:00,Flipkart
FREV-503528,FPRD-01723,FCUST-281848,3.0,Decent buy,2025-01-08 21:00:00,Flipkart
FREV-503529,FPRD-01803,FCUST-494336,1.0,Value for money,2025-10-20 05:00:00,Flipkart
FREV-503530,FPRD-02082,FCUST-265624,3.0,Decent buy,2024-08-17 19:00:00,Flipkart
FREV-503531,FPRD-00173,FCUST-367831,5.0,Poor packaging,2025-03-04 13:00:00,Flipkart
FREV-503532,FPRD-00302,FCUST-343642,4.0,Decent buy,2025-11-09 14:00:00,Flipkart
FREV-503533,FPRD-01329,FCUST-306639,2.0,Poor packaging,2025-12-11 16:00:00,Flipkart
FREV-503534,FPRD-01741,FCUST-384790,3.0,Poor packaging,2026-05-29 16:00:00,Flipkart
FREV-503535,FPRD-02065,FCUST-471617,2.0,Poor packaging,2024-09-28 14:00:00,Flipkart
FREV-503536,FPRD-01695,FCUST-495248,2.0,Highly recommended,2025-08-09 04:00:00,Flipkart
FREV-503537,FPRD-01819,FCUST-532260,4.0,Value for money,2024-09-15 01:00:00,Flipkart
FREV-503538,FPRD-00589,FCUST-421012,1.0,Poor packaging,2024-12-23 06:00:00,Flipkart
FREV-503539,FPRD-00880,FCUST-242198,5.0,Decent buy,2026-02-22 05:00:00,Flipkart
FREV-503540,FPRD-02364,FCUST-423109,3.0,Decent buy,2026-05-30 23:00:00,Flipkart
FREV-503541,FPRD-01558,FCUST-315438,4.0,Value for money,2025-02-14 03:00:00,Flipkart
FREV-503542,FPRD-01435,FCUST-496991,3.0,Poor packaging,2025-08-08 23:00:00,Flipkart
FREV-503543,FPRD-02144,FCUST-549621,3.0,Decent buy,2025-08-03 04:00:00,Flipkart
FREV-503544,FPRD-01792,FCUST-283089,3.0,Awesome!,2025-02-25 14:00:00,Flipkart
FREV-503545,FPRD-00419,FCUST-529924,4.0,Poor packaging,2025-05-25 02:00:00,Flipkart
FREV-503546,FPRD-02339,FCUST-552276,5.0,Decent buy,2026-03-10 23:00:00,Flipkart
FREV-503547,FPRD-00002,FCUST-389088,3.0,Value for money,2025-05-03 07:00:00,Flipkart
FREV-503548,FPRD-01794,FCUST-324923,4.0,Highly recommended,2025-05-20 18:00:00,Flipkart
FREV-503549,FPRD-00137,FCUST-355005,,Poor packaging,2025-07-21 23:00:00,Flipkart
FREV-503550,FPRD-00445,FCUST-314165,3.0,Decent buy,2026-02-25 11:00:00,Flipkart
FREV-503551,FPRD-00524,FCUST-506922,1.0,Highly recommended,2025-11-24 13:00:00,Flipkart
FREV-503552,FPRD-00790,FCUST-526255,,Poor packaging,2026-01-27 00:00:00,Flipkart
FREV-503553,FPRD-00251,FCUST-292711,5.0,Decent buy,2024-10-19 06:00:00,Flipkart
FREV-503554,FPRD-01026,FCUST-485130,5.0,Highly recommended,2026-04-07 09:00:00,Flipkart
FREV-503555,FPRD-01898,FCUST-291821,3.0,Highly recommended,2025-01-01 04:00:00,Flipkart
FREV-503556,FPRD-00833,FCUST-478561,,Awesome!,2025-05-30 15:00:00,Flipkart
FREV-503557,FPRD-02131,FCUST-570963,2.0,Poor packaging,2025-02-09 14:00:00,Flipkart
FREV-503558,FPRD-01640,FCUST-432419,2.0,Decent buy,2026-06-20 05:00:00,Flipkart
FREV-503559,FPRD-02052,FCUST-569468,5.0,Highly recommended,2026-03-24 05:00:00,Flipkart
FREV-503560,FPRD-02213,FCUST-331264,3.0,Awesome!,2026-07-21 20:00:00,Flipkart
FREV-503561,FPRD-00636,FCUST-565015,1.0,Poor packaging,2026-08-06 11:00:00,Flipkart
FREV-503562,FPRD-00281,FCUST-436853,1.0,Highly recommended,2024-08-16 01:00:00,Flipkart
FREV-503563,FPRD-01595,FCUST-597489,3.0,Highly recommended,2025-04-23 16:00:00,Flipkart
FREV-503564,FPRD-01106,FCUST-481389,4.0,Awesome!,2026-07-18 18:00:00,Flipkart
FREV-503565,FPRD-00097,FCUST-365700,2.0,Poor packaging,2025-07-28 00:00:00,Flipkart
FREV-503566,FPRD-01827,FCUST-297393,1.0,Awesome!,2025-04-14 01:00:00,Flipkart
FREV-503567,FPRD-01079,FCUST-537640,5.0,Value for money,2026-01-27 16:00:00,Flipkart
FREV-503568,FPRD-02245,FCUST-356770,2.0,Poor packaging,2026-04-11 09:00:00,Flipkart
FREV-503569,FPRD-01444,FCUST-284677,5.0,Highly recommended,2025-02-20 14:00:00,Flipkart
FREV-503570,FPRD-01979,FCUST-555852,,Decent buy,2026-05-03 09:00:00,Flipkart
FREV-503571,FPRD-00336,FCUST-304633,2.0,Poor packaging,2024-12-02 00:00:00,Flipkart
FREV-503572,FPRD-01879,FCUST-388096,2.0,Highly recommended,2024-11-23 10:00:00,Flipkart
FREV-503573,FPRD-01905,FCUST-562447,2.0,Awesome!,2025-06-15 00:00:00,Flipkart
FREV-503574,FPRD-00935,FCUST-420962,,Highly recommended,2024-08-30 18:00:00,Flipkart
FREV-503575,FPRD-01726,FCUST-317087,4.0,Highly recommended,2026-07-01 19:00:00,Flipkart
FREV-503576,FPRD-01871,FCUST-544946,1.0,Poor packaging,2026-07-26 11:00:00,Flipkart
FREV-503577,FPRD-02189,FCUST-376980,5.0,Value for money,2026-08-11 20:00:00,Flipkart
FREV-503578,FPRD-00158,FCUST-216030,,Awesome!,2024-12-21 08:00:00,Flipkart
FREV-503579,FPRD-02225,FCUST-520547,,Poor packaging,2024-09-06 00:00:00,Flipkart
FREV-503580,FPRD-00341,FCUST-264870,2.0,Poor packaging,2024-10-06 01:00:00,Flipkart
FREV-503581,FPRD-00421,FCUST-596754,1.0,Poor packaging,2026-08-02 02:00:00,Flipkart
FREV-503582,FPRD-01588,FCUST-515377,5.0,Value for money,2025-02-04 00:00:00,Flipkart
FREV-503583,FPRD-00695,FCUST-308925,1.0,Decent buy,2024-09-22 00:00:00,Flipkart
FREV-503584,FPRD-01946,FCUST-390244,2.0,Value for money,2024-09-08 08:00:00,Flipkart
FREV-503585,FPRD-01635,FCUST-419624,3.0,Value for money,2026-01-01 06:00:00,Flipkart
FREV-503586,FPRD-00539,FCUST-400309,2.0,Value for money,2025-09-20 16:00:00,Flipkart
FREV-503587,FPRD-01899,FCUST-492192,4.0,Awesome!,2025-10-13 19:00:00,Flipkart
FREV-503588,FPRD-00993,FCUST-489342,5.0,Decent buy,2026-03-31 04:00:00,Flipkart
FREV-503589,FPRD-00880,FCUST-537163,1.0,Highly recommended,2026-08-01 08:00:00,Flipkart
FREV-503590,FPRD-01182,FCUST-532173,2.0,Poor packaging,2026-04-26 16:00:00,Flipkart
FREV-503591,FPRD-00443,FCUST-314654,3.0,Decent buy,2024-12-31 14:00:00,Flipkart
FREV-503592,FPRD-00710,FCUST-230809,1.0,Decent buy,2025-10-01 07:00:00,Flipkart
FREV-503593,FPRD-00939,FCUST-544065,4.0,Highly recommended,2026-01-06 19:00:00,Flipkart
FREV-503594,FPRD-02091,FCUST-477599,4.0,Value for money,2026-07-27 19:00:00,Flipkart
FREV-503595,FPRD-00733,FCUST-585269,4.0,Awesome!,2025-05-04 09:00:00,Flipkart
FREV-503596,FPRD-02214,FCUST-201966,3.0,Poor packaging,2026-07-19 20:00:00,Flipkart
FREV-503597,FPRD-01481,FCUST-451592,3.0,Decent buy,2025-10-07 11:00:00,Flipkart
FREV-503598,FPRD-01563,FCUST-383425,1.0,Poor packaging,2025-04-14 06:00:00,Flipkart
FREV-503599,FPRD-00161,FCUST-219376,4.0,Value for money,2025-11-15 04:00:00,Flipkart
FREV-503600,FPRD-01355,FCUST-423657,5.0,Awesome!,2026-07-06 22:00:00,Flipkart
FREV-503601,FPRD-01116,FCUST-565980,1.0,Poor packaging,2025-01-02 05:00:00,Flipkart
FREV-503602,FPRD-00986,FCUST-267199,1.0,Awesome!,2025-01-10 22:00:00,Flipkart
FREV-503603,FPRD-00717,FCUST-374323,5.0,Decent buy,2025-02-07 18:00:00,Flipkart
FREV-503604,FPRD-00549,FCUST-307457,1.0,Value for money,2026-05-09 17:00:00,Flipkart
FREV-503605,FPRD-00726,FCUST-240651,1.0,Awesome!,2026-07-03 05:00:00,Flipkart
FREV-503606,FPRD-01866,FCUST-391384,1.0,Decent buy,2026-01-07 07:00:00,Flipkart
FREV-503607,FPRD-00157,FCUST-592837,4.0,Poor packaging,2025-09-15 21:00:00,Flipkart
FREV-503608,FPRD-01568,FCUST-330633,,Value for money,2026-05-07 20:00:00,Flipkart
FREV-503609,FPRD-01966,FCUST-343642,3.0,Awesome!,2026-01-20 11:00:00,Flipkart
FREV-503610,FPRD-02363,FCUST-346495,3.0,Value for money,2025-05-14 13:00:00,Flipkart
FREV-503611,FPRD-01447,FCUST-584088,5.0,Decent buy,2025-03-13 05:00:00,Flipkart
FREV-503612,FPRD-01164,FCUST-563287,4.0,Highly recommended,2026-01-03 11:00:00,Flipkart
FREV-503613,FPRD-01286,FCUST-244642,,Poor packaging,2026-03-01 16:00:00,Flipkart
FREV-503614,FPRD-01776,FCUST-537835,3.0,Highly recommended,2025-07-04 15:00:00,Flipkart
FREV-503615,FPRD-01429,FCUST-200962,1.0,Highly recommended,2026-07-14 12:00:00,Flipkart
FREV-503616,FPRD-00330,FCUST-438414,3.0,Awesome!,2025-04-07 00:00:00,Flipkart
FREV-503617,FPRD-00747,FCUST-447738,4.0,Value for money,2025-10-18 14:00:00,Flipkart
FREV-503618,FPRD-01400,FCUST-572031,3.0,Poor packaging,2026-07-22 07:00:00,Flipkart
FREV-503619,FPRD-00384,FCUST-207983,5.0,Poor packaging,2024-10-19 17:00:00,Flipkart
FREV-503620,FPRD-02166,FCUST-504773,5.0,Poor packaging,2025-06-08 07:00:00,Flipkart
FREV-503621,FPRD-00757,FCUST-224288,3.0,Value for money,2025-05-05 21:00:00,Flipkart
FREV-503622,FPRD-00312,FCUST-575026,3.0,Highly recommended,2026-02-12 22:00:00,Flipkart
FREV-503623,FPRD-01928,FCUST-325393,4.0,Awesome!,2025-09-09 08:00:00,Flipkart
FREV-503624,FPRD-01682,FCUST-375543,2.0,Poor packaging,2024-08-28 11:00:00,Flipkart
FREV-503625,FPRD-02194,FCUST-513982,1.0,Awesome!,2026-07-15 06:00:00,Flipkart
FREV-503626,FPRD-01966,FCUST-408892,4.0,Awesome!,2025-11-02 11:00:00,Flipkart
FREV-503627,FPRD-02027,FCUST-336696,2.0,Decent buy,2025-10-21 08:00:00,Flipkart
FREV-503628,FPRD-00348,FCUST-280484,3.0,Decent buy,2026-06-18 21:00:00,Flipkart
FREV-503629,FPRD-00424,FCUST-218193,5.0,Awesome!,2025-12-25 17:00:00,Flipkart
FREV-503630,FPRD-01921,FCUST-319794,1.0,Highly recommended,2025-05-07 22:00:00,Flipkart
FREV-503631,FPRD-01023,FCUST-380771,2.0,Value for money,2024-08-12 18:00:00,Flipkart
FREV-503632,FPRD-01723,FCUST-589312,5.0,Awesome!,2025-10-08 21:00:00,Flipkart
FREV-503633,FPRD-01447,FCUST-292089,2.0,Decent buy,2025-04-16 01:00:00,Flipkart
FREV-503634,FPRD-00825,FCUST-374280,5.0,Highly recommended,2024-12-27 03:00:00,Flipkart
FREV-503635,FPRD-01087,FCUST-461520,,Highly recommended,2026-07-23 19:00:00,Flipkart
FREV-503636,FPRD-01135,FCUST-449325,5.0,Poor packaging,2025-03-27 11:00:00,Flipkart
FREV-503637,FPRD-00712,FCUST-474920,5.0,Highly recommended,2025-08-30 19:00:00,Flipkart
FREV-503638,FPRD-01027,FCUST-419624,2.0,Decent buy,2026-01-01 06:00:00,Flipkart
FREV-503639,FPRD-00099,FCUST-477105,3.0,Value for money,2024-12-10 02:00:00,Flipkart
FREV-503640,FPRD-00362,FCUST-283252,3.0,Awesome!,2025-02-22 08:00:00,Flipkart
FREV-503641,FPRD-01903,FCUST-599002,1.0,Value for money,2026-01-15 04:00:00,Flipkart
FREV-503642,FPRD-01400,FCUST-357377,3.0,Value for money,2025-03-26 17:00:00,Flipkart
FREV-503643,FPRD-02260,FCUST-367564,4.0,Decent buy,2025-05-17 10:00:00,Flipkart
FREV-503644,FPRD-00238,FCUST-358271,5.0,Decent buy,2025-09-17 04:00:00,Flipkart
FREV-503645,FPRD-02483,FCUST-343046,3.0,Value for money,2025-10-25 06:00:00,Flipkart
FREV-503646,FPRD-00299,FCUST-402365,2.0,Highly recommended,2026-02-15 07:00:00,Flipkart
FREV-503647,FPRD-02187,FCUST-265628,1.0,Awesome!,2026-05-07 22:00:00,Flipkart
FREV-503648,FPRD-00623,FCUST-280930,5.0,Decent buy,2025-09-16 23:00:00,Flipkart
FREV-503649,FPRD-00979,FCUST-376319,2.0,Decent buy,2026-06-10 16:00:00,Flipkart
FREV-503650,FPRD-01749,FCUST-493169,5.0,Highly recommended,2025-03-16 15:00:00,Flipkart
FREV-503651,FPRD-00221,FCUST-240153,2.0,Decent buy,2025-06-05 19:00:00,Flipkart
FREV-503652,FPRD-00271,FCUST-446565,1.0,Awesome!,2025-01-15 21:00:00,Flipkart
FREV-503653,FPRD-00853,FCUST-546569,5.0,Value for money,2025-08-11 00:00:00,Flipkart
FREV-503654,FPRD-01056,FCUST-496662,2.0,Awesome!,2024-09-17 20:00:00,Flipkart
FREV-503655,FPRD-00532,FCUST-310316,,Awesome!,2026-02-02 13:00:00,Flipkart
FREV-503656,FPRD-00755,FCUST-333340,2.0,Highly recommended,2026-05-22 21:00:00,Flipkart
FREV-503657,FPRD-00966,FCUST-336214,3.0,Value for money,2025-05-07 12:00:00,Flipkart
FREV-503658,FPRD-00414,FCUST-549016,2.0,Value for money,2025-11-12 04:00:00,Flipkart
FREV-503659,FPRD-00481,FCUST-271598,5.0,Awesome!,2024-12-09 15:00:00,Flipkart
FREV-503660,FPRD-02133,FCUST-205900,5.0,Highly recommended,2024-12-14 13:00:00,Flipkart
FREV-503661,FPRD-00245,FCUST-367680,5.0,Value for money,2024-10-25 19:00:00,Flipkart
FREV-503662,FPRD-01226,FCUST-231958,1.0,Decent buy,2026-06-09 02:00:00,Flipkart
FREV-503663,FPRD-02481,FCUST-405310,2.0,Poor packaging,2024-10-08 05:00:00,Flipkart
FREV-503664,FPRD-01106,FCUST-251875,4.0,Decent buy,2024-09-06 08:00:00,Flipkart
FREV-503665,FPRD-02247,FCUST-330584,1.0,Decent buy,2024-10-17 18:00:00,Flipkart
FREV-503666,FPRD-02162,FCUST-480453,4.0,Awesome!,2025-06-22 09:00:00,Flipkart
FREV-503667,FPRD-01439,FCUST-578655,2.0,Highly recommended,2025-01-03 12:00:00,Flipkart
FREV-503668,FPRD-00705,FCUST-399474,2.0,Poor packaging,2024-09-20 11:00:00,Flipkart
FREV-503669,FPRD-01996,FCUST-318376,1.0,Awesome!,2025-09-13 11:00:00,Flipkart
FREV-503670,FPRD-01809,FCUST-568978,4.0,Awesome!,2025-08-16 08:00:00,Flipkart
FREV-503671,FPRD-00501,FCUST-301776,5.0,Decent buy,2025-10-23 02:00:00,Flipkart
FREV-503672,FPRD-00104,FCUST-512124,2.0,Poor packaging,2026-05-12 22:00:00,Flipkart
FREV-503673,FPRD-01716,FCUST-282893,3.0,Poor packaging,2025-03-01 18:00:00,Flipkart
FREV-503674,FPRD-02162,FCUST-300367,3.0,Value for money,2026-07-31 13:00:00,Flipkart
FREV-503675,FPRD-01875,FCUST-334749,,Awesome!,2025-06-13 09:00:00,Flipkart
FREV-503676,FPRD-01203,FCUST-393513,2.0,Value for money,2026-01-15 20:00:00,Flipkart
FREV-503677,FPRD-01270,FCUST-281596,1.0,Decent buy,2025-02-19 00:00:00,Flipkart
FREV-503678,FPRD-01093,FCUST-237487,,Decent buy,2026-06-10 07:00:00,Flipkart
FREV-503679,FPRD-01362,FCUST-345046,1.0,Value for money,2025-01-01 14:00:00,Flipkart
FREV-503680,FPRD-01761,FCUST-327563,1.0,Value for money,2026-03-29 05:00:00,Flipkart
FREV-503681,FPRD-00260,FCUST-214547,1.0,Awesome!,2025-04-27 03:00:00,Flipkart
FREV-503682,FPRD-00391,FCUST-289571,2.0,Value for money,2026-07-30 04:00:00,Flipkart
FREV-503683,FPRD-00866,FCUST-332210,3.0,Decent buy,2024-10-17 11:00:00,Flipkart
FREV-503684,FPRD-02235,FCUST-424879,1.0,Highly recommended,2026-06-10 13:00:00,Flipkart
FREV-503685,FPRD-02001,FCUST-362686,3.0,Poor packaging,2024-10-04 05:00:00,Flipkart
FREV-503686,FPRD-01074,FCUST-537791,1.0,Awesome!,2025-05-28 08:00:00,Flipkart
FREV-503687,FPRD-02367,FCUST-446265,3.0,Value for money,2025-04-10 16:00:00,Flipkart
FREV-503688,FPRD-00458,FCUST-531018,2.0,Value for money,2025-09-11 00:00:00,Flipkart
FREV-503689,FPRD-00752,FCUST-460913,1.0,Awesome!,2025-02-05 07:00:00,Flipkart
FREV-503690,FPRD-01653,FCUST-364562,3.0,Highly recommended,2025-01-04 22:00:00,Flipkart
FREV-503691,FPRD-00367,FCUST-498017,3.0,Decent buy,2026-04-06 19:00:00,Flipkart
FREV-503692,FPRD-00383,FCUST-231591,1.0,Poor packaging,2026-01-19 22:00:00,Flipkart
FREV-503693,FPRD-00789,FCUST-251580,1.0,Decent buy,2026-03-27 18:00:00,Flipkart
FREV-503694,FPRD-02216,FCUST-229198,1.0,Poor packaging,2025-03-25 17:00:00,Flipkart
FREV-503695,FPRD-01082,FCUST-292937,,Value for money,2024-12-21 17:00:00,Flipkart
FREV-503696,FPRD-00986,FCUST-517420,3.0,Poor packaging,2026-07-12 14:00:00,Flipkart
FREV-503697,FPRD-01201,FCUST-268697,5.0,Poor packaging,2026-02-27 23:00:00,Flipkart
FREV-503698,FPRD-01953,FCUST-407689,1.0,Poor packaging,2026-06-16 05:00:00,Flipkart
FREV-503699,FPRD-00257,FCUST-380656,2.0,Poor packaging,2025-02-02 08:00:00,Flipkart
FREV-503700,FPRD-01390,FCUST-432803,4.0,Awesome!,2025-01-22 17:00:00,Flipkart
FREV-503701,FPRD-00686,FCUST-440843,1.0,Decent buy,2025-01-07 10:00:00,Flipkart
FREV-503702,FPRD-00420,FCUST-268943,5.0,Value for money,2025-03-07 14:00:00,Flipkart
FREV-503703,FPRD-00584,FCUST-571499,5.0,Awesome!,2026-04-10 02:00:00,Flipkart
FREV-503704,FPRD-01316,FCUST-314165,5.0,Decent buy,2025-01-05 07:00:00,Flipkart
FREV-503705,FPRD-01027,FCUST-597963,2.0,Decent buy,2025-03-12 21:00:00,Flipkart
FREV-503706,FPRD-01736,FCUST-297516,2.0,Highly recommended,2024-11-24 21:00:00,Flipkart
FREV-503707,FPRD-02074,FCUST-336421,1.0,Awesome!,2025-12-22 22:00:00,Flipkart
FREV-503708,FPRD-01351,FCUST-281508,5.0,Decent buy,2025-02-10 14:00:00,Flipkart
FREV-503709,FPRD-00242,FCUST-551202,2.0,Highly recommended,2024-11-06 22:00:00,Flipkart
FREV-503710,FPRD-01428,FCUST-288837,3.0,Poor packaging,2026-04-12 14:00:00,Flipkart
FREV-503711,FPRD-02307,FCUST-538162,1.0,Value for money,2025-07-26 02:00:00,Flipkart
FREV-503712,FPRD-02059,FCUST-259568,3.0,Value for money,2026-07-14 11:00:00,Flipkart
FREV-503713,FPRD-01769,FCUST-321959,3.0,Awesome!,2026-04-26 18:00:00,Flipkart
FREV-503714,FPRD-00749,FCUST-498150,4.0,Poor packaging,2025-09-11 17:00:00,Flipkart
FREV-503715,FPRD-01710,FCUST-242092,2.0,Decent buy,2025-06-29 11:00:00,Flipkart
FREV-503716,FPRD-02264,FCUST-307878,5.0,Value for money,2025-09-17 19:00:00,Flipkart
FREV-503717,FPRD-02195,FCUST-570203,2.0,Value for money,2025-04-30 16:00:00,Flipkart
FREV-503718,FPRD-00968,FCUST-242968,2.0,Highly recommended,2025-06-29 06:00:00,Flipkart
FREV-503719,FPRD-01059,FCUST-468171,4.0,Awesome!,2025-07-28 01:00:00,Flipkart
FREV-503720,FPRD-01677,FCUST-216422,1.0,Value for money,2025-03-01 13:00:00,Flipkart
FREV-503721,FPRD-01704,FCUST-513310,1.0,Highly recommended,2026-05-21 06:00:00,Flipkart
FREV-503722,FPRD-00548,FCUST-506206,3.0,Decent buy,2026-07-24 03:00:00,Flipkart
FREV-503723,FPRD-02137,FCUST-514473,1.0,Value for money,2026-06-13 03:00:00,Flipkart
FREV-503724,FPRD-02359,FCUST-331562,2.0,Awesome!,2024-12-29 03:00:00,Flipkart
FREV-503725,FPRD-01907,FCUST-462443,4.0,Awesome!,2025-10-23 00:00:00,Flipkart
FREV-503726,FPRD-00686,FCUST-255242,2.0,Poor packaging,2025-11-14 06:00:00,Flipkart
FREV-503727,FPRD-02082,FCUST-485892,5.0,Awesome!,2025-02-12 17:00:00,Flipkart
FREV-503728,FPRD-01419,FCUST-380656,5.0,Highly recommended,2026-03-14 00:00:00,Flipkart
FREV-503729,FPRD-01485,FCUST-507967,1.0,Poor packaging,2025-10-05 13:00:00,Flipkart
FREV-503730,FPRD-02386,FCUST-274102,1.0,Value for money,2024-10-10 18:00:00,Flipkart
FREV-503731,FPRD-01338,FCUST-576979,4.0,Highly recommended,2025-06-14 11:00:00,Flipkart
FREV-503732,FPRD-00309,FCUST-307457,,Value for money,2025-03-16 17:00:00,Flipkart
FREV-503733,FPRD-00501,FCUST-348455,5.0,Highly recommended,2025-04-07 22:00:00,Flipkart
FREV-503734,FPRD-00532,FCUST-482394,3.0,Decent buy,2025-05-04 07:00:00,Flipkart
FREV-503735,FPRD-02492,FCUST-376870,,Highly recommended,2025-12-03 19:00:00,Flipkart
FREV-503736,FPRD-00056,FCUST-576431,4.0,Poor packaging,2026-02-23 22:00:00,Flipkart
FREV-503737,FPRD-01008,FCUST-483425,3.0,Awesome!,2025-09-04 22:00:00,Flipkart
FREV-503738,FPRD-01187,FCUST-398234,5.0,Value for money,2025-04-30 16:00:00,Flipkart
FREV-503739,FPRD-00743,FCUST-565464,1.0,Awesome!,2026-04-12 01:00:00,Flipkart
FREV-503740,FPRD-00565,FCUST-563609,5.0,Highly recommended,2025-06-02 23:00:00,Flipkart
FREV-503741,FPRD-00705,FCUST-333210,4.0,Value for money,2025-08-13 21:00:00,Flipkart
FREV-503742,FPRD-00814,FCUST-477129,5.0,Awesome!,2024-08-19 10:00:00,Flipkart
FREV-503743,FPRD-01313,FCUST-316612,5.0,Poor packaging,2025-06-25 23:00:00,Flipkart
FREV-503744,FPRD-01954,FCUST-405628,3.0,Decent buy,2026-07-17 06:00:00,Flipkart
FREV-503745,FPRD-01230,FCUST-255178,1.0,Decent buy,2025-10-10 15:00:00,Flipkart
FREV-503746,FPRD-00198,FCUST-466889,,Decent buy,2025-04-30 19:00:00,Flipkart
FREV-503747,FPRD-02016,FCUST-226288,2.0,Poor packaging,2024-10-22 13:00:00,Flipkart
FREV-503748,FPRD-01412,FCUST-392210,,Decent buy,2026-08-02 21:00:00,Flipkart
FREV-503749,FPRD-00501,FCUST-347436,5.0,Decent buy,2026-01-15 10:00:00,Flipkart
FREV-503750,FPRD-00863,FCUST-587120,2.0,Awesome!,2024-08-22 06:00:00,Flipkart
FREV-503751,FPRD-01292,FCUST-408674,,Decent buy,2025-11-11 20:00:00,Flipkart
FREV-503752,FPRD-00724,FCUST-260988,2.0,Awesome!,2025-07-01 19:00:00,Flipkart
FREV-503753,FPRD-00957,FCUST-293529,1.0,Highly recommended,2026-03-27 12:00:00,Flipkart
FREV-503754,FPRD-01990,FCUST-445381,1.0,Value for money,2026-01-27 03:00:00,Flipkart
FREV-503755,FPRD-00064,FCUST-224958,2.0,Poor packaging,2025-03-26 19:00:00,Flipkart
FREV-503756,FPRD-01284,FCUST-282577,2.0,Highly recommended,2025-02-09 11:00:00,Flipkart
FREV-503757,FPRD-02279,FCUST-377046,5.0,Poor packaging,2025-01-31 17:00:00,Flipkart
FREV-503758,FPRD-02083,FCUST-586387,2.0,Highly recommended,2025-12-01 05:00:00,Flipkart
FREV-503759,FPRD-01085,FCUST-249382,,Poor packaging,2025-01-12 05:00:00,Flipkart
FREV-503760,FPRD-02493,FCUST-441760,3.0,Poor packaging,2026-04-30 12:00:00,Flipkart
FREV-503761,FPRD-02064,FCUST-398709,3.0,Highly recommended,2025-03-05 11:00:00,Flipkart
FREV-503762,FPRD-00673,FCUST-474548,2.0,Highly recommended,2025-05-20 01:00:00,Flipkart
FREV-503763,FPRD-01650,FCUST-525843,1.0,Poor packaging,2025-04-07 11:00:00,Flipkart
FREV-503764,FPRD-01409,FCUST-383978,1.0,Awesome!,2026-05-05 17:00:00,Flipkart
FREV-503765,FPRD-00731,FCUST-394584,1.0,Value for money,2026-07-17 02:00:00,Flipkart
FREV-503766,FPRD-02064,FCUST-276967,2.0,Value for money,2025-01-04 09:00:00,Flipkart
FREV-503767,FPRD-00940,FCUST-222964,1.0,Poor packaging,2024-10-26 23:00:00,Flipkart
FREV-503768,FPRD-02259,FCUST-581637,5.0,Decent buy,2025-10-26 07:00:00,Flipkart
FREV-503769,FPRD-00869,FCUST-526957,2.0,Decent buy,2025-02-15 07:00:00,Flipkart
FREV-503770,FPRD-00613,FCUST-367107,2.0,Decent buy,2024-11-15 10:00:00,Flipkart
FREV-503771,FPRD-01287,FCUST-466350,3.0,Poor packaging,2025-04-03 18:00:00,Flipkart
FREV-503772,FPRD-01600,FCUST-429242,5.0,Decent buy,2026-04-29 01:00:00,Flipkart
FREV-503773,FPRD-01827,FCUST-491530,4.0,Awesome!,2025-12-19 06:00:00,Flipkart
FREV-503774,FPRD-02325,FCUST-528500,2.0,Value for money,2025-12-19 10:00:00,Flipkart
FREV-503775,FPRD-02302,FCUST-322707,4.0,Value for money,2025-08-12 11:00:00,Flipkart
FREV-503776,FPRD-00208,FCUST-287746,2.0,Poor packaging,2025-10-14 08:00:00,Flipkart
FREV-503777,FPRD-01877,FCUST-353070,2.0,Highly recommended,2025-04-04 13:00:00,Flipkart
FREV-503778,FPRD-02233,FCUST-475056,5.0,Decent buy,2025-12-14 01:00:00,Flipkart
FREV-503779,FPRD-02091,FCUST-301872,1.0,Value for money,2026-02-12 21:00:00,Flipkart
FREV-503780,FPRD-00971,FCUST-375193,1.0,Awesome!,2026-06-16 22:00:00,Flipkart
FREV-503781,FPRD-01429,FCUST-200982,4.0,Value for money,2024-10-15 15:00:00,Flipkart
FREV-503782,FPRD-01232,FCUST-207181,3.0,Awesome!,2026-03-25 13:00:00,Flipkart
FREV-503783,FPRD-01916,FCUST-399267,2.0,Awesome!,2026-08-06 13:00:00,Flipkart
FREV-503784,FPRD-01057,FCUST-439062,,Awesome!,2025-09-04 17:00:00,Flipkart
FREV-503785,FPRD-00367,FCUST-317087,5.0,Awesome!,2025-12-02 14:00:00,Flipkart
FREV-503786,FPRD-02413,FCUST-350462,1.0,Poor packaging,2025-12-09 00:00:00,Flipkart
FREV-503787,FPRD-02073,FCUST-383794,4.0,Poor packaging,2025-09-23 14:00:00,Flipkart
FREV-503788,FPRD-02455,FCUST-225852,2.0,Value for money,2024-12-26 13:00:00,Flipkart
FREV-503789,FPRD-02408,FCUST-482272,1.0,Poor packaging,2025-07-13 07:00:00,Flipkart
FREV-503790,FPRD-01558,FCUST-524448,1.0,Decent buy,2026-08-06 17:00:00,Flipkart
FREV-503791,FPRD-01645,FCUST-515583,4.0,Value for money,2025-11-10 05:00:00,Flipkart
FREV-503792,FPRD-02385,FCUST-321292,3.0,Decent buy,2024-09-18 15:00:00,Flipkart
FREV-503793,FPRD-02482,FCUST-580668,5.0,Poor packaging,2025-09-12 20:00:00,Flipkart
FREV-503794,FPRD-01316,FCUST-423109,3.0,Poor packaging,2026-05-30 23:00:00,Flipkart
FREV-503795,FPRD-00371,FCUST-518405,3.0,Value for money,2026-05-20 12:00:00,Flipkart
FREV-503796,FPRD-02083,FCUST-257775,3.0,Highly recommended,2025-10-08 15:00:00,Flipkart
FREV-503797,FPRD-01861,FCUST-250002,5.0,Awesome!,2024-08-31 17:00:00,Flipkart
FREV-503798,FPRD-01711,FCUST-550268,4.0,Value for money,2026-07-11 04:00:00,Flipkart
FREV-503799,FPRD-00799,FCUST-326446,4.0,Poor packaging,2026-06-29 21:00:00,Flipkart
FREV-503800,FPRD-00563,FCUST-443856,3.0,Highly recommended,2024-10-11 08:00:00,Flipkart
FREV-503801,FPRD-02272,FCUST-437634,4.0,Poor packaging,2025-10-25 21:00:00,Flipkart
FREV-503802,FPRD-01205,FCUST-229685,3.0,Poor packaging,2025-03-24 04:00:00,Flipkart
FREV-503803,FPRD-02389,FCUST-276196,,Poor packaging,2026-04-27 05:00:00,Flipkart
FREV-503804,FPRD-01675,FCUST-244199,1.0,Highly recommended,2026-01-15 18:00:00,Flipkart
FREV-503805,FPRD-02288,FCUST-511426,1.0,Decent buy,2026-01-27 14:00:00,Flipkart
FREV-503806,FPRD-00945,FCUST-260404,3.0,Decent buy,2025-10-10 22:00:00,Flipkart
FREV-503807,FPRD-02435,FCUST-561376,4.0,Decent buy,2024-09-23 10:00:00,Flipkart
FREV-503808,FPRD-01360,FCUST-241770,3.0,Awesome!,2026-04-26 21:00:00,Flipkart
FREV-503809,FPRD-01040,FCUST-243977,,Poor packaging,2026-04-01 02:00:00,Flipkart
FREV-503810,FPRD-00245,FCUST-266379,2.0,Poor packaging,2025-07-11 08:00:00,Flipkart
FREV-503811,FPRD-01720,FCUST-359885,4.0,Poor packaging,2025-05-04 21:00:00,Flipkart
FREV-503812,FPRD-00332,FCUST-383358,2.0,Decent buy,2024-10-16 17:00:00,Flipkart
FREV-503813,FPRD-02330,FCUST-242191,2.0,Value for money,2026-06-22 12:00:00,Flipkart
FREV-503814,FPRD-00637,FCUST-595160,5.0,Poor packaging,2026-06-27 05:00:00,Flipkart
FREV-503815,FPRD-00249,FCUST-478232,1.0,Value for money,2026-04-19 04:00:00,Flipkart
FREV-503816,FPRD-00254,FCUST-362320,2.0,Decent buy,2024-10-20 15:00:00,Flipkart
FREV-503817,FPRD-00247,FCUST-499432,5.0,Poor packaging,2025-11-17 18:00:00,Flipkart
FREV-503818,FPRD-00822,FCUST-537258,4.0,Value for money,2026-04-05 08:00:00,Flipkart
FREV-503819,FPRD-02381,FCUST-218887,5.0,Poor packaging,2025-05-07 18:00:00,Flipkart
FREV-503820,FPRD-00381,FCUST-283503,1.0,Poor packaging,2025-03-21 03:00:00,Flipkart
FREV-503821,FPRD-00783,FCUST-446185,1.0,Awesome!,2026-06-07 19:00:00,Flipkart
FREV-503822,FPRD-01661,FCUST-284322,2.0,Highly recommended,2026-06-20 17:00:00,Flipkart
FREV-503823,FPRD-02228,FCUST-226380,2.0,Decent buy,2024-12-25 09:00:00,Flipkart
FREV-503824,FPRD-02248,FCUST-321937,5.0,Poor packaging,2024-11-12 11:00:00,Flipkart
FREV-503825,FPRD-02146,FCUST-598833,5.0,Poor packaging,2026-06-19 17:00:00,Flipkart
FREV-503826,FPRD-01073,FCUST-263751,1.0,Awesome!,2025-12-05 13:00:00,Flipkart
FREV-503827,FPRD-00263,FCUST-584560,5.0,Decent buy,2025-01-19 15:00:00,Flipkart
FREV-503828,FPRD-01874,FCUST-466982,2.0,Awesome!,2024-09-01 19:00:00,Flipkart
FREV-503829,FPRD-01509,FCUST-495337,5.0,Decent buy,2025-10-02 17:00:00,Flipkart
FREV-503830,FPRD-01820,FCUST-305277,1.0,Poor packaging,2025-04-18 03:00:00,Flipkart
FREV-503831,FPRD-00071,FCUST-491870,1.0,Awesome!,2024-11-03 11:00:00,Flipkart
FREV-503832,FPRD-01937,FCUST-426545,5.0,Poor packaging,2024-12-10 02:00:00,Flipkart
FREV-503833,FPRD-00800,FCUST-380344,1.0,Decent buy,2026-05-29 12:00:00,Flipkart
FREV-503834,FPRD-01599,FCUST-256046,3.0,Highly recommended,2024-08-12 17:00:00,Flipkart
FREV-503835,FPRD-01370,FCUST-436108,5.0,Decent buy,2026-07-20 13:00:00,Flipkart
FREV-503836,FPRD-00665,FCUST-526957,1.0,Poor packaging,2026-06-23 01:00:00,Flipkart
FREV-503837,FPRD-00084,FCUST-553040,,Value for money,2025-03-29 11:00:00,Flipkart
FREV-503838,FPRD-02092,FCUST-385263,2.0,Decent buy,2025-04-07 23:00:00,Flipkart
FREV-503839,FPRD-00764,FCUST-326925,1.0,Highly recommended,2025-06-07 23:00:00,Flipkart
FREV-503840,FPRD-00139,FCUST-501261,5.0,Value for money,2025-11-29 15:00:00,Flipkart
FREV-503841,FPRD-01278,FCUST-256417,4.0,Highly recommended,2026-04-13 16:00:00,Flipkart
FREV-503842,FPRD-02454,FCUST-573042,4.0,Poor packaging,2024-08-30 15:00:00,Flipkart
FREV-503843,FPRD-01657,FCUST-472633,1.0,Value for money,2025-04-06 09:00:00,Flipkart
FREV-503844,FPRD-01109,FCUST-509794,4.0,Value for money,2025-11-16 15:00:00,Flipkart
FREV-503845,FPRD-00825,FCUST-255262,2.0,Poor packaging,2025-12-20 06:00:00,Flipkart
FREV-503846,FPRD-02218,FCUST-494892,3.0,Poor packaging,2026-04-03 17:00:00,Flipkart
FREV-503847,FPRD-01210,FCUST-225834,2.0,Decent buy,2025-05-25 22:00:00,Flipkart
FREV-503848,FPRD-00243,FCUST-424153,3.0,Highly recommended,2026-05-12 11:00:00,Flipkart
FREV-503849,FPRD-02440,FCUST-559714,5.0,Highly recommended,2024-12-21 12:00:00,Flipkart
FREV-503850,FPRD-00659,FCUST-413599,,Highly recommended,2024-12-21 02:00:00,Flipkart
FREV-503851,FPRD-02305,FCUST-583964,3.0,Poor packaging,2025-08-02 11:00:00,Flipkart
FREV-503852,FPRD-01344,FCUST-428447,1.0,Awesome!,2026-05-25 04:00:00,Flipkart
FREV-503853,FPRD-00953,FCUST-470761,3.0,Decent buy,2026-01-25 12:00:00,Flipkart
FREV-503854,FPRD-02052,FCUST-419769,4.0,Value for money,2025-03-26 18:00:00,Flipkart
FREV-503855,FPRD-00108,FCUST-227082,4.0,Decent buy,2025-12-26 17:00:00,Flipkart
FREV-503856,FPRD-00145,FCUST-275594,4.0,Highly recommended,2026-06-23 21:00:00,Flipkart
FREV-503857,FPRD-02350,FCUST-481125,,Highly recommended,2025-07-11 17:00:00,Flipkart
FREV-503858,FPRD-00899,FCUST-534836,4.0,Poor packaging,2024-09-13 04:00:00,Flipkart
FREV-503859,FPRD-02167,FCUST-527789,4.0,Highly recommended,2024-10-21 17:00:00,Flipkart
FREV-503860,FPRD-00751,FCUST-510195,4.0,Decent buy,2025-05-31 23:00:00,Flipkart
FREV-503861,FPRD-02396,FCUST-455785,1.0,Value for money,2026-07-16 09:00:00,Flipkart
FREV-503862,FPRD-00029,FCUST-454769,4.0,Value for money,2025-03-22 06:00:00,Flipkart
FREV-503863,FPRD-01650,FCUST-358088,4.0,Value for money,2025-09-22 20:00:00,Flipkart
FREV-503864,FPRD-01901,FCUST-474973,2.0,Decent buy,2024-09-18 11:00:00,Flipkart
FREV-503865,FPRD-00948,FCUST-283308,3.0,Decent buy,2026-04-18 13:00:00,Flipkart
FREV-503866,FPRD-00389,FCUST-297044,2.0,Value for money,2025-04-20 04:00:00,Flipkart
FREV-503867,FPRD-01517,FCUST-561376,2.0,Highly recommended,2025-12-16 11:00:00,Flipkart
FREV-503868,FPRD-02270,FCUST-214547,2.0,Value for money,2025-04-27 03:00:00,Flipkart
FREV-503869,FPRD-00542,FCUST-321981,1.0,Poor packaging,2025-02-20 00:00:00,Flipkart
FREV-503870,FPRD-01880,FCUST-377300,4.0,Value for money,2026-03-26 21:00:00,Flipkart
FREV-503871,FPRD-00299,FCUST-260268,1.0,Awesome!,2025-01-07 14:00:00,Flipkart
FREV-503872,FPRD-01409,FCUST-215527,1.0,Decent buy,2026-05-15 19:00:00,Flipkart
FREV-503873,FPRD-00448,FCUST-595256,5.0,Value for money,2025-12-19 06:00:00,Flipkart
FREV-503874,FPRD-00144,FCUST-392784,4.0,Value for money,2025-10-09 13:00:00,Flipkart
FREV-503875,FPRD-01067,FCUST-312792,5.0,Highly recommended,2025-11-21 19:00:00,Flipkart
FREV-503876,FPRD-02057,FCUST-215819,2.0,Awesome!,2025-07-21 10:00:00,Flipkart
FREV-503877,FPRD-00617,FCUST-510833,1.0,Decent buy,2026-03-06 04:00:00,Flipkart
FREV-503878,FPRD-01765,FCUST-593578,1.0,Poor packaging,2026-07-07 12:00:00,Flipkart
FREV-503879,FPRD-00848,FCUST-491667,3.0,Decent buy,2026-01-05 10:00:00,Flipkart
FREV-503880,FPRD-00452,FCUST-353708,3.0,Decent buy,2025-09-30 21:00:00,Flipkart
FREV-503881,FPRD-00311,FCUST-471255,3.0,Awesome!,2024-12-28 11:00:00,Flipkart
FREV-503882,FPRD-01084,FCUST-510833,4.0,Value for money,2026-03-06 04:00:00,Flipkart
FREV-503883,FPRD-02403,FCUST-332210,4.0,Poor packaging,2026-02-14 11:00:00,Flipkart
FREV-503884,FPRD-00803,FCUST-426167,5.0,Poor packaging,2026-08-03 03:00:00,Flipkart
FREV-503885,FPRD-01411,FCUST-335189,3.0,Highly recommended,2025-10-15 04:00:00,Flipkart
FREV-503886,FPRD-01020,FCUST-250098,3.0,Decent buy,2024-08-10 07:00:00,Flipkart
FREV-503887,FPRD-02103,FCUST-395776,,Awesome!,2024-08-08 05:00:00,Flipkart
FREV-503888,FPRD-01067,FCUST-423438,1.0,Awesome!,2025-03-24 06:00:00,Flipkart
FREV-503889,FPRD-00882,FCUST-333201,5.0,Value for money,2025-02-27 21:00:00,Flipkart
FREV-503890,FPRD-01533,FCUST-319794,5.0,Poor packaging,2025-05-07 22:00:00,Flipkart
FREV-503891,FPRD-00781,FCUST-510482,3.0,Value for money,2024-10-09 16:00:00,Flipkart
FREV-503892,FPRD-00680,FCUST-269836,3.0,Awesome!,2025-11-12 22:00:00,Flipkart
FREV-503893,FPRD-01901,FCUST-574204,,Value for money,2025-06-23 03:00:00,Flipkart
FREV-503894,FPRD-01476,FCUST-435160,3.0,Value for money,2025-06-24 08:00:00,Flipkart
FREV-503895,FPRD-00235,FCUST-367083,2.0,Value for money,2025-02-03 12:00:00,Flipkart
FREV-503896,FPRD-01409,FCUST-255442,1.0,Highly recommended,2026-05-24 09:00:00,Flipkart
FREV-503897,FPRD-01694,FCUST-519652,1.0,Highly recommended,2024-12-25 20:00:00,Flipkart
FREV-503898,FPRD-00820,FCUST-234299,5.0,Awesome!,2024-10-12 21:00:00,Flipkart
FREV-503899,FPRD-02396,FCUST-503771,2.0,Highly recommended,2024-08-15 01:00:00,Flipkart
FREV-503900,FPRD-01946,FCUST-264023,3.0,Value for money,2025-12-07 01:00:00,Flipkart
FREV-503901,FPRD-00630,FCUST-595931,2.0,Decent buy,2025-02-03 23:00:00,Flipkart
FREV-503902,FPRD-00486,FCUST-341253,4.0,Value for money,2025-11-12 14:00:00,Flipkart
FREV-503903,FPRD-01565,FCUST-311549,2.0,Poor packaging,2025-11-29 13:00:00,Flipkart
FREV-503904,FPRD-02490,FCUST-274843,2.0,Value for money,2025-08-24 02:00:00,Flipkart
FREV-503905,FPRD-01338,FCUST-511042,,Decent buy,2025-01-27 13:00:00,Flipkart
FREV-503906,FPRD-01279,FCUST-535686,3.0,Value for money,2026-04-21 12:00:00,Flipkart
FREV-503907,FPRD-01935,FCUST-381102,5.0,Awesome!,2025-05-26 10:00:00,Flipkart
FREV-503908,FPRD-00954,FCUST-321023,5.0,Decent buy,2026-04-22 05:00:00,Flipkart
FREV-503909,FPRD-00105,FCUST-484083,5.0,Poor packaging,2025-08-05 21:00:00,Flipkart
FREV-503910,FPRD-00309,FCUST-279221,2.0,Poor packaging,2026-07-19 13:00:00,Flipkart
FREV-503911,FPRD-01703,FCUST-217935,3.0,Decent buy,2026-07-12 10:00:00,Flipkart
FREV-503912,FPRD-00301,FCUST-355397,,Poor packaging,2025-08-12 12:00:00,Flipkart
FREV-503913,FPRD-01106,FCUST-227643,1.0,Awesome!,2026-02-17 10:00:00,Flipkart
FREV-503914,FPRD-02346,FCUST-565754,3.0,Decent buy,2026-01-02 01:00:00,Flipkart
FREV-503915,FPRD-00061,FCUST-209187,,Poor packaging,2026-05-30 23:00:00,Flipkart
FREV-503916,FPRD-01006,FCUST-350451,5.0,Poor packaging,2026-07-02 02:00:00,Flipkart
FREV-503917,FPRD-01825,FCUST-318902,2.0,Decent buy,2025-01-25 08:00:00,Flipkart
FREV-503918,FPRD-02017,FCUST-466216,4.0,Decent buy,2025-09-15 08:00:00,Flipkart
FREV-503919,FPRD-01578,FCUST-266066,1.0,Awesome!,2025-10-17 09:00:00,Flipkart
FREV-503920,FPRD-00163,FCUST-248740,2.0,Highly recommended,2025-05-29 10:00:00,Flipkart
FREV-503921,FPRD-02233,FCUST-436853,2.0,Decent buy,2024-08-16 01:00:00,Flipkart
FREV-503922,FPRD-01850,FCUST-239868,,Awesome!,2026-05-30 01:00:00,Flipkart
FREV-503923,FPRD-00874,FCUST-340236,,Awesome!,2025-01-11 21:00:00,Flipkart
FREV-503924,FPRD-01425,FCUST-347344,3.0,Poor packaging,2025-05-30 08:00:00,Flipkart
FREV-503925,FPRD-00567,FCUST-278236,4.0,Value for money,2025-05-20 14:00:00,Flipkart
FREV-503926,FPRD-01035,FCUST-251733,4.0,Decent buy,2025-04-16 22:00:00,Flipkart
FREV-503927,FPRD-01440,FCUST-528147,2.0,Awesome!,2025-09-18 05:00:00,Flipkart
FREV-503928,FPRD-00573,FCUST-523752,2.0,Highly recommended,2025-12-16 09:00:00,Flipkart
FREV-503929,FPRD-00610,FCUST-525608,2.0,Decent buy,2025-08-16 16:00:00,Flipkart
FREV-503930,FPRD-00306,FCUST-229198,2.0,Value for money,2025-03-25 17:00:00,Flipkart
FREV-503931,FPRD-00260,FCUST-250546,2.0,Awesome!,2025-03-10 13:00:00,Flipkart
FREV-503932,FPRD-02093,FCUST-576416,1.0,Decent buy,2026-05-29 17:00:00,Flipkart
FREV-503933,FPRD-01636,FCUST-306566,4.0,Poor packaging,2025-07-27 00:00:00,Flipkart
FREV-503934,FPRD-02053,FCUST-310491,5.0,Poor packaging,2024-12-26 15:00:00,Flipkart
FREV-503935,FPRD-01458,FCUST-566410,1.0,Decent buy,2024-12-25 20:00:00,Flipkart
FREV-503936,FPRD-02042,FCUST-452532,1.0,Decent buy,2024-10-25 10:00:00,Flipkart
FREV-503937,FPRD-01079,FCUST-460373,2.0,Decent buy,2025-01-01 08:00:00,Flipkart
FREV-503938,FPRD-01029,FCUST-377763,4.0,Decent buy,2025-05-11 13:00:00,Flipkart
FREV-503939,FPRD-02037,FCUST-401766,4.0,Poor packaging,2025-01-28 11:00:00,Flipkart
FREV-503940,FPRD-00125,FCUST-467994,2.0,Value for money,2026-04-14 01:00:00,Flipkart
FREV-503941,FPRD-02187,FCUST-409841,3.0,Value for money,2026-03-26 04:00:00,Flipkart
FREV-503942,FPRD-01735,FCUST-397362,2.0,Decent buy,2024-11-19 22:00:00,Flipkart
FREV-503943,FPRD-02432,FCUST-481932,,Value for money,2024-11-07 18:00:00,Flipkart
FREV-503944,FPRD-01505,FCUST-580153,,Decent buy,2026-02-02 05:00:00,Flipkart
FREV-503945,FPRD-00755,FCUST-480167,3.0,Highly recommended,2025-04-27 15:00:00,Flipkart
FREV-503946,FPRD-02036,FCUST-579799,5.0,Poor packaging,2025-05-31 07:00:00,Flipkart
FREV-503947,FPRD-01995,FCUST-480812,4.0,Awesome!,2024-11-04 03:00:00,Flipkart
FREV-503948,FPRD-01519,FCUST-211103,4.0,Awesome!,2026-05-14 16:00:00,Flipkart
FREV-503949,FPRD-01705,FCUST-308371,4.0,Poor packaging,2026-06-28 15:00:00,Flipkart
FREV-503950,FPRD-02220,FCUST-421646,2.0,Awesome!,2026-05-09 05:00:00,Flipkart
FREV-503951,FPRD-00194,FCUST-320869,2.0,Highly recommended,2024-08-22 02:00:00,Flipkart
FREV-503952,FPRD-02478,FCUST-398355,,Poor packaging,2026-05-18 06:00:00,Flipkart
FREV-503953,FPRD-01890,FCUST-253765,,Decent buy,2025-07-26 17:00:00,Flipkart
FREV-503954,FPRD-01023,FCUST-222035,,Awesome!,2026-05-04 20:00:00,Flipkart
FREV-503955,FPRD-01861,FCUST-555429,2.0,Poor packaging,2026-07-30 09:00:00,Flipkart
FREV-503956,FPRD-00010,FCUST-288837,1.0,Highly recommended,2025-12-24 17:00:00,Flipkart
FREV-503957,FPRD-01411,FCUST-249341,2.0,Awesome!,2025-01-29 22:00:00,Flipkart
FREV-503958,FPRD-01308,FCUST-591606,,Awesome!,2025-08-14 10:00:00,Flipkart
FREV-503959,FPRD-00823,FCUST-477978,2.0,Poor packaging,2025-11-03 12:00:00,Flipkart
FREV-503960,FPRD-00518,FCUST-231193,,Poor packaging,2025-10-09 20:00:00,Flipkart
FREV-503961,FPRD-02163,FCUST-351482,,Awesome!,2025-05-19 14:00:00,Flipkart
FREV-503962,FPRD-01893,FCUST-260741,3.0,Highly recommended,2026-04-09 04:00:00,Flipkart
FREV-503963,FPRD-01129,FCUST-460116,4.0,Value for money,2026-05-09 06:00:00,Flipkart
FREV-503964,FPRD-00326,FCUST-550076,5.0,Awesome!,2024-10-19 04:00:00,Flipkart
FREV-503965,FPRD-00524,FCUST-592223,5.0,Awesome!,2025-01-15 00:00:00,Flipkart
FREV-503966,FPRD-01005,FCUST-270180,5.0,Poor packaging,2025-12-29 08:00:00,Flipkart
FREV-503967,FPRD-00349,FCUST-254538,5.0,Awesome!,2025-09-13 21:00:00,Flipkart
FREV-503968,FPRD-01300,FCUST-490424,4.0,Value for money,2024-08-14 09:00:00,Flipkart
FREV-503969,FPRD-02177,FCUST-221997,2.0,Value for money,2026-05-12 11:00:00,Flipkart
FREV-503970,FPRD-00711,FCUST-456658,5.0,Poor packaging,2026-06-04 11:00:00,Flipkart
FREV-503971,FPRD-00677,FCUST-397478,4.0,Awesome!,2024-11-25 08:00:00,Flipkart
FREV-503972,FPRD-00506,FCUST-442026,3.0,Decent buy,2026-08-08 17:00:00,Flipkart
FREV-503973,FPRD-01910,FCUST-520707,5.0,Poor packaging,2026-05-12 03:00:00,Flipkart
FREV-503974,FPRD-02031,FCUST-361297,1.0,Highly recommended,2025-09-11 16:00:00,Flipkart
FREV-503975,FPRD-01658,FCUST-384687,2.0,Value for money,2024-09-13 17:00:00,Flipkart
FREV-503976,FPRD-00179,FCUST-304857,,Highly recommended,2024-09-13 11:00:00,Flipkart
FREV-503977,FPRD-01802,FCUST-473385,2.0,Decent buy,2026-06-15 16:00:00,Flipkart
FREV-503978,FPRD-00180,FCUST-532627,,Awesome!,2024-10-30 06:00:00,Flipkart
FREV-503979,FPRD-00838,FCUST-388096,2.0,Poor packaging,2026-07-19 21:00:00,Flipkart
FREV-503980,FPRD-02450,FCUST-565481,4.0,Poor packaging,2024-11-09 00:00:00,Flipkart
FREV-503981,FPRD-00061,FCUST-404338,2.0,Poor packaging,2024-12-31 08:00:00,Flipkart
FREV-503982,FPRD-00417,FCUST-467556,2.0,Poor packaging,2026-04-24 01:00:00,Flipkart
FREV-503983,FPRD-01762,FCUST-426594,3.0,Decent buy,2025-11-28 21:00:00,Flipkart
FREV-503984,FPRD-00576,FCUST-478580,5.0,Awesome!,2026-03-27 06:00:00,Flipkart
FREV-503985,FPRD-01696,FCUST-518405,3.0,Decent buy,2025-03-10 02:00:00,Flipkart
FREV-503986,FPRD-01687,FCUST-207738,4.0,Poor packaging,2026-03-19 08:00:00,Flipkart
FREV-503987,FPRD-00468,FCUST-571190,4.0,Awesome!,2025-12-30 23:00:00,Flipkart
FREV-503988,FPRD-02392,FCUST-500188,3.0,Highly recommended,2025-01-31 07:00:00,Flipkart
FREV-503989,FPRD-01911,FCUST-213110,5.0,Value for money,2025-06-24 17:00:00,Flipkart
FREV-503990,FPRD-02228,FCUST-367118,1.0,Highly recommended,2026-01-04 03:00:00,Flipkart
FREV-503991,FPRD-00105,FCUST-367111,1.0,Decent buy,2025-06-30 07:00:00,Flipkart
FREV-503992,FPRD-01516,FCUST-343046,5.0,Value for money,2025-10-25 06:00:00,Flipkart
FREV-503993,FPRD-01007,FCUST-365918,,Awesome!,2026-06-07 01:00:00,Flipkart
FREV-503994,FPRD-00441,FCUST-328052,4.0,Decent buy,2025-12-03 07:00:00,Flipkart
FREV-503995,FPRD-00291,FCUST-221806,5.0,Value for money,2025-05-24 07:00:00,Flipkart
FREV-503996,FPRD-00631,FCUST-239017,4.0,Value for money,2025-04-04 00:00:00,Flipkart
FREV-503997,FPRD-01400,FCUST-325831,,Value for money,2025-08-05 19:00:00,Flipkart
FREV-503998,FPRD-02364,FCUST-269698,5.0,Decent buy,2026-02-28 17:00:00,Flipkart
FREV-503999,FPRD-01650,FCUST-211660,2.0,Highly recommended,2026-04-14 00:00:00,Flipkart
FREV-504000,FPRD-00971,FCUST-483353,1.0,Decent buy,2025-03-11 04:00:00,Flipkart
FREV-504001,FPRD-01641,FCUST-526957,2.0,Value for money,2026-06-23 01:00:00,Flipkart
FREV-504002,FPRD-01795,FCUST-236260,5.0,Poor packaging,2026-04-23 04:00:00,Flipkart
FREV-504003,FPRD-02418,FCUST-229213,1.0,Highly recommended,2024-10-25 00:00:00,Flipkart
FREV-504004,FPRD-00611,FCUST-599299,1.0,Highly recommended,2025-11-27 09:00:00,Flipkart
FREV-504005,FPRD-01883,FCUST-346499,1.0,Decent buy,2025-04-14 09:00:00,Flipkart
FREV-504006,FPRD-01492,FCUST-473385,2.0,Value for money,2026-06-15 16:00:00,Flipkart
FREV-504007,FPRD-01878,FCUST-517964,2.0,Awesome!,2025-01-28 19:00:00,Flipkart
FREV-504008,FPRD-01496,FCUST-250324,1.0,Poor packaging,2024-08-30 00:00:00,Flipkart
FREV-504009,FPRD-01613,FCUST-217570,2.0,Poor packaging,2025-02-26 02:00:00,Flipkart
FREV-504010,FPRD-00617,FCUST-255270,1.0,Highly recommended,2025-11-05 00:00:00,Flipkart
FREV-504011,FPRD-01508,FCUST-462857,4.0,Highly recommended,2025-02-20 11:00:00,Flipkart
FREV-504012,FPRD-00263,FCUST-343817,,Highly recommended,2025-07-12 09:00:00,Flipkart
FREV-504013,FPRD-01166,FCUST-321292,3.0,Awesome!,2026-01-08 13:00:00,Flipkart
FREV-504014,FPRD-01542,FCUST-312890,4.0,Poor packaging,2025-01-07 07:00:00,Flipkart
FREV-504015,FPRD-02371,FCUST-401230,4.0,Awesome!,2026-02-12 03:00:00,Flipkart
FREV-504016,FPRD-02252,FCUST-595492,4.0,Value for money,2025-02-20 03:00:00,Flipkart
FREV-504017,FPRD-00103,FCUST-598770,2.0,Decent buy,2024-10-30 18:00:00,Flipkart
FREV-504018,FPRD-01695,FCUST-553306,4.0,Value for money,2025-05-17 03:00:00,Flipkart
FREV-504019,FPRD-02430,FCUST-251968,2.0,Poor packaging,2025-02-09 07:00:00,Flipkart
FREV-504020,FPRD-00405,FCUST-268594,2.0,Value for money,2025-05-01 19:00:00,Flipkart
FREV-504021,FPRD-01307,FCUST-417476,2.0,Awesome!,2025-06-04 08:00:00,Flipkart
FREV-504022,FPRD-00645,FCUST-306938,3.0,Poor packaging,2025-02-02 21:00:00,Flipkart
FREV-504023,FPRD-00657,FCUST-497987,3.0,Poor packaging,2025-01-29 04:00:00,Flipkart
FREV-504024,FPRD-02036,FCUST-554868,3.0,Decent buy,2025-01-18 04:00:00,Flipkart
FREV-504025,FPRD-02368,FCUST-585922,,Decent buy,2025-03-25 14:00:00,Flipkart
FREV-504026,FPRD-01618,FCUST-286897,5.0,Poor packaging,2025-01-24 10:00:00,Flipkart
FREV-504027,FPRD-02125,FCUST-246072,4.0,Decent buy,2025-03-21 21:00:00,Flipkart
FREV-504028,FPRD-01362,FCUST-474949,5.0,Decent buy,2026-06-20 08:00:00,Flipkart
FREV-504029,FPRD-00633,FCUST-366669,5.0,Poor packaging,2026-02-25 19:00:00,Flipkart
FREV-504030,FPRD-00470,FCUST-278081,1.0,Highly recommended,2025-01-31 18:00:00,Flipkart
FREV-504031,FPRD-00472,FCUST-208786,2.0,Decent buy,2025-11-13 08:00:00,Flipkart
FREV-504032,FPRD-02283,FCUST-215523,1.0,Poor packaging,2026-01-04 16:00:00,Flipkart
FREV-504033,FPRD-01959,FCUST-353718,5.0,Decent buy,2024-11-29 10:00:00,Flipkart
FREV-504034,FPRD-01524,FCUST-532939,2.0,Poor packaging,2026-05-30 19:00:00,Flipkart
FREV-504035,FPRD-00347,FCUST-597588,2.0,Value for money,2025-11-05 20:00:00,Flipkart
FREV-504036,FPRD-02387,FCUST-482135,3.0,Awesome!,2026-08-01 21:00:00,Flipkart
FREV-504037,FPRD-00723,FCUST-476553,3.0,Decent buy,2025-01-27 01:00:00,Flipkart
FREV-504038,FPRD-01409,FCUST-380969,,Poor packaging,2025-08-28 15:00:00,Flipkart
FREV-504039,FPRD-00102,FCUST-538259,5.0,Highly recommended,2025-09-05 19:00:00,Flipkart
FREV-504040,FPRD-01956,FCUST-432449,1.0,Awesome!,2025-02-13 06:00:00,Flipkart
FREV-504041,FPRD-01037,FCUST-268580,3.0,Highly recommended,2025-04-24 02:00:00,Flipkart
FREV-504042,FPRD-00063,FCUST-263390,4.0,Awesome!,2024-11-23 02:00:00,Flipkart
FREV-504043,FPRD-01834,FCUST-258993,2.0,Decent buy,2026-02-20 01:00:00,Flipkart
FREV-504044,FPRD-00930,FCUST-284684,3.0,Poor packaging,2024-10-25 22:00:00,Flipkart
FREV-504045,FPRD-01591,FCUST-373373,3.0,Decent buy,2026-02-09 08:00:00,Flipkart
FREV-504046,FPRD-01621,FCUST-312138,3.0,Value for money,2025-05-19 07:00:00,Flipkart
FREV-504047,FPRD-00190,FCUST-281273,2.0,Decent buy,2025-05-26 08:00:00,Flipkart
FREV-504048,FPRD-01655,FCUST-321369,4.0,Decent buy,2025-06-08 04:00:00,Flipkart
FREV-504049,FPRD-01115,FCUST-210605,4.0,Decent buy,2025-02-20 22:00:00,Flipkart
FREV-504050,FPRD-01214,FCUST-575785,1.0,Value for money,2025-07-11 19:00:00,Flipkart
FREV-504051,FPRD-00775,FCUST-439604,4.0,Highly recommended,2025-03-06 12:00:00,Flipkart
FREV-504052,FPRD-02170,FCUST-481559,5.0,Awesome!,2024-12-21 14:00:00,Flipkart
FREV-504053,FPRD-01912,FCUST-524161,5.0,Poor packaging,2025-06-03 05:00:00,Flipkart
FREV-504054,FPRD-00214,FCUST-546788,2.0,Poor packaging,2025-01-21 07:00:00,Flipkart
FREV-504055,FPRD-00847,FCUST-454493,3.0,Decent buy,2025-07-04 00:00:00,Flipkart
FREV-504056,FPRD-01349,FCUST-511656,,Value for money,2024-11-10 03:00:00,Flipkart
FREV-504057,FPRD-00251,FCUST-253753,4.0,Highly recommended,2025-06-19 08:00:00,Flipkart
FREV-504058,FPRD-02019,FCUST-407901,4.0,Poor packaging,2024-12-28 07:00:00,Flipkart
FREV-504059,FPRD-00545,FCUST-489744,3.0,Poor packaging,2026-05-09 18:00:00,Flipkart
FREV-504060,FPRD-01459,FCUST-353940,1.0,Poor packaging,2026-04-10 02:00:00,Flipkart
FREV-504061,FPRD-00371,FCUST-265873,4.0,Value for money,2026-07-21 17:00:00,Flipkart
FREV-504062,FPRD-02170,FCUST-497415,3.0,Poor packaging,2026-05-05 17:00:00,Flipkart
FREV-504063,FPRD-00734,FCUST-593511,2.0,Awesome!,2025-06-30 12:00:00,Flipkart
FREV-504064,FPRD-01302,FCUST-530572,5.0,Highly recommended,2024-12-28 02:00:00,Flipkart
FREV-504065,FPRD-01662,FCUST-232173,2.0,Poor packaging,2025-04-13 11:00:00,Flipkart
FREV-504066,FPRD-00193,FCUST-460338,,Decent buy,2025-02-21 21:00:00,Flipkart
FREV-504067,FPRD-01345,FCUST-329159,,Awesome!,2025-12-17 09:00:00,Flipkart
FREV-504068,FPRD-00204,FCUST-479115,4.0,Highly recommended,2024-10-18 09:00:00,Flipkart
FREV-504069,FPRD-02447,FCUST-431097,1.0,Decent buy,2024-10-28 09:00:00,Flipkart
FREV-504070,FPRD-01237,FCUST-200821,2.0,Poor packaging,2026-03-25 04:00:00,Flipkart
FREV-504071,FPRD-00862,FCUST-238261,1.0,Highly recommended,2024-09-23 04:00:00,Flipkart
FREV-504072,FPRD-02250,FCUST-567547,5.0,Highly recommended,2024-10-03 22:00:00,Flipkart
FREV-504073,FPRD-01780,FCUST-517420,2.0,Highly recommended,2026-07-12 14:00:00,Flipkart
FREV-504074,FPRD-02007,FCUST-240677,2.0,Poor packaging,2025-10-10 14:00:00,Flipkart
FREV-504075,FPRD-01920,FCUST-200167,5.0,Poor packaging,2025-11-10 21:00:00,Flipkart
FREV-504076,FPRD-01782,FCUST-202623,5.0,Poor packaging,2025-12-03 11:00:00,Flipkart
FREV-504077,FPRD-00361,FCUST-504380,1.0,Poor packaging,2024-11-25 08:00:00,Flipkart
FREV-504078,FPRD-02115,FCUST-369389,2.0,Highly recommended,2024-11-19 07:00:00,Flipkart
FREV-504079,FPRD-01838,FCUST-437026,5.0,Decent buy,2026-06-04 02:00:00,Flipkart
FREV-504080,FPRD-01724,FCUST-315355,5.0,Awesome!,2026-05-04 06:00:00,Flipkart
FREV-504081,FPRD-01286,FCUST-321937,4.0,Decent buy,2025-01-31 04:00:00,Flipkart
FREV-504082,FPRD-01887,FCUST-252735,5.0,Decent buy,2024-09-27 21:00:00,Flipkart
FREV-504083,FPRD-00124,FCUST-361742,1.0,Poor packaging,2026-03-10 01:00:00,Flipkart
FREV-504084,FPRD-01357,FCUST-217377,4.0,Poor packaging,2026-08-04 01:00:00,Flipkart
FREV-504085,FPRD-01252,FCUST-458476,1.0,Highly recommended,2026-05-15 12:00:00,Flipkart
FREV-504086,FPRD-02417,FCUST-520666,4.0,Awesome!,2025-03-11 05:00:00,Flipkart
FREV-504087,FPRD-00302,FCUST-305959,,Decent buy,2025-05-31 06:00:00,Flipkart
FREV-504088,FPRD-00435,FCUST-281273,,Value for money,2025-05-26 08:00:00,Flipkart
FREV-504089,FPRD-02166,FCUST-409718,5.0,Highly recommended,2026-02-01 21:00:00,Flipkart
FREV-504090,FPRD-00061,FCUST-253139,1.0,Awesome!,2024-09-28 21:00:00,Flipkart
FREV-504091,FPRD-01643,FCUST-575861,1.0,Highly recommended,2024-10-23 14:00:00,Flipkart
FREV-504092,FPRD-02478,FCUST-594232,2.0,Decent buy,2025-12-01 03:00:00,Flipkart
FREV-504093,FPRD-02384,FCUST-487226,3.0,Poor packaging,2024-11-04 08:00:00,Flipkart
FREV-504094,FPRD-00119,FCUST-466595,4.0,Decent buy,2025-11-06 07:00:00,Flipkart
FREV-504095,FPRD-01116,FCUST-344276,2.0,Value for money,2025-05-18 14:00:00,Flipkart
FREV-504096,FPRD-02203,FCUST-300622,,Poor packaging,2024-09-22 23:00:00,Flipkart
FREV-504097,FPRD-01307,FCUST-249382,5.0,Value for money,2024-10-19 09:00:00,Flipkart
FREV-504098,FPRD-01115,FCUST-540434,1.0,Value for money,2026-01-29 23:00:00,Flipkart
FREV-504099,FPRD-00022,FCUST-576882,4.0,Highly recommended,2026-04-21 10:00:00,Flipkart
FREV-504100,FPRD-01515,FCUST-515606,,Highly recommended,2025-07-19 07:00:00,Flipkart
FREV-504101,FPRD-01361,FCUST-583745,2.0,Awesome!,2025-09-20 07:00:00,Flipkart
FREV-504102,FPRD-02291,FCUST-546897,4.0,Poor packaging,2026-08-05 01:00:00,Flipkart
FREV-504103,FPRD-01169,FCUST-598711,4.0,Value for money,2024-08-28 17:00:00,Flipkart
FREV-504104,FPRD-00979,FCUST-560560,4.0,Poor packaging,2025-01-05 19:00:00,Flipkart
FREV-504105,FPRD-02086,FCUST-520892,5.0,Highly recommended,2025-07-20 16:00:00,Flipkart
FREV-504106,FPRD-01998,FCUST-352306,1.0,Awesome!,2025-11-15 20:00:00,Flipkart
FREV-504107,FPRD-02134,FCUST-268559,2.0,Poor packaging,2025-12-14 11:00:00,Flipkart
FREV-504108,FPRD-01053,FCUST-432384,,Value for money,2025-07-01 18:00:00,Flipkart
FREV-504109,FPRD-01537,FCUST-436302,1.0,Poor packaging,2025-12-26 04:00:00,Flipkart
FREV-504110,FPRD-00153,FCUST-263814,1.0,Highly recommended,2025-07-21 09:00:00,Flipkart
FREV-504111,FPRD-01578,FCUST-514590,2.0,Poor packaging,2026-07-16 09:00:00,Flipkart
FREV-504112,FPRD-01872,FCUST-594491,2.0,Decent buy,2025-08-03 11:00:00,Flipkart
FREV-504113,FPRD-00109,FCUST-266795,2.0,Value for money,2025-02-02 18:00:00,Flipkart
FREV-504114,FPRD-02178,FCUST-208685,2.0,Awesome!,2025-09-04 08:00:00,Flipkart
FREV-504115,FPRD-01617,FCUST-384143,1.0,Decent buy,2025-08-16 23:00:00,Flipkart
FREV-504116,FPRD-00620,FCUST-256417,3.0,Highly recommended,2025-06-28 00:00:00,Flipkart
FREV-504117,FPRD-02109,FCUST-257044,,Decent buy,2024-10-21 03:00:00,Flipkart
FREV-504118,FPRD-02164,FCUST-467684,5.0,Awesome!,2024-12-24 14:00:00,Flipkart
FREV-504119,FPRD-02483,FCUST-234763,5.0,Awesome!,2024-09-02 04:00:00,Flipkart
FREV-504120,FPRD-00309,FCUST-393171,3.0,Highly recommended,2026-01-26 21:00:00,Flipkart
FREV-504121,FPRD-01801,FCUST-407817,,Awesome!,2025-02-07 21:00:00,Flipkart
FREV-504122,FPRD-00430,FCUST-228199,1.0,Poor packaging,2025-01-15 19:00:00,Flipkart
FREV-504123,FPRD-00997,FCUST-509691,,Poor packaging,2026-07-25 01:00:00,Flipkart
FREV-504124,FPRD-01901,FCUST-347484,2.0,Highly recommended,2024-09-09 02:00:00,Flipkart
FREV-504125,FPRD-01889,FCUST-372879,1.0,Poor packaging,2024-11-17 06:00:00,Flipkart
FREV-504126,FPRD-02407,FCUST-598579,3.0,Value for money,2025-02-27 05:00:00,Flipkart
FREV-504127,FPRD-01132,FCUST-587417,2.0,Value for money,2026-03-19 04:00:00,Flipkart
FREV-504128,FPRD-01441,FCUST-222805,4.0,Value for money,2024-08-11 07:00:00,Flipkart
FREV-504129,FPRD-01022,FCUST-268594,2.0,Poor packaging,2025-03-15 19:00:00,Flipkart
FREV-504130,FPRD-01829,FCUST-556066,3.0,Poor packaging,2025-04-09 15:00:00,Flipkart
FREV-504131,FPRD-01870,FCUST-272496,5.0,Value for money,2025-02-04 22:00:00,Flipkart
FREV-504132,FPRD-02145,FCUST-283585,3.0,Decent buy,2025-12-29 03:00:00,Flipkart
FREV-504133,FPRD-01662,FCUST-234874,4.0,Value for money,2024-10-02 03:00:00,Flipkart
FREV-504134,FPRD-02046,FCUST-368692,4.0,Decent buy,2024-11-27 08:00:00,Flipkart
FREV-504135,FPRD-00703,FCUST-253095,1.0,Awesome!,2024-09-17 01:00:00,Flipkart
FREV-504136,FPRD-01884,FCUST-214854,3.0,Poor packaging,2025-06-27 02:00:00,Flipkart
FREV-504137,FPRD-00989,FCUST-219853,3.0,Poor packaging,2024-09-08 21:00:00,Flipkart
FREV-504138,FPRD-00587,FCUST-513013,4.0,Awesome!,2025-08-30 05:00:00,Flipkart
FREV-504139,FPRD-01012,FCUST-531055,3.0,Value for money,2024-10-29 06:00:00,Flipkart
FREV-504140,FPRD-01114,FCUST-420513,4.0,Awesome!,2026-07-21 06:00:00,Flipkart
FREV-504141,FPRD-02405,FCUST-346082,,Poor packaging,2025-06-23 19:00:00,Flipkart
FREV-504142,FPRD-01271,FCUST-409187,3.0,Poor packaging,2026-01-08 23:00:00,Flipkart
FREV-504143,FPRD-00186,FCUST-251744,4.0,Highly recommended,2024-11-06 05:00:00,Flipkart
FREV-504144,FPRD-01107,FCUST-366910,3.0,Decent buy,2025-11-02 14:00:00,Flipkart
FREV-504145,FPRD-00464,FCUST-383837,4.0,Decent buy,2025-05-29 01:00:00,Flipkart
FREV-504146,FPRD-00072,FCUST-367118,4.0,Poor packaging,2026-05-04 01:00:00,Flipkart
FREV-504147,FPRD-02498,FCUST-371620,5.0,Poor packaging,2025-08-13 07:00:00,Flipkart
FREV-504148,FPRD-00390,FCUST-572532,2.0,Poor packaging,2024-09-22 04:00:00,Flipkart
FREV-504149,FPRD-02031,FCUST-207306,1.0,Decent buy,2026-01-26 01:00:00,Flipkart
FREV-504150,FPRD-01986,FCUST-538162,5.0,Decent buy,2026-02-16 02:00:00,Flipkart
FREV-504151,FPRD-01915,FCUST-467683,5.0,Poor packaging,2025-08-31 00:00:00,Flipkart
FREV-504152,FPRD-00202,FCUST-392250,2.0,Decent buy,2025-01-06 08:00:00,Flipkart
FREV-504153,FPRD-00016,FCUST-544962,2.0,Awesome!,2025-09-06 11:00:00,Flipkart
FREV-504154,FPRD-02419,FCUST-433694,5.0,Value for money,2025-05-06 20:00:00,Flipkart
FREV-504155,FPRD-00767,FCUST-381341,5.0,Awesome!,2026-01-10 03:00:00,Flipkart
FREV-504156,FPRD-02185,FCUST-320489,2.0,Value for money,2025-07-25 10:00:00,Flipkart
FREV-504157,FPRD-02196,FCUST-465438,2.0,Poor packaging,2025-07-15 19:00:00,Flipkart
FREV-504158,FPRD-01366,FCUST-462443,2.0,Value for money,2025-10-23 00:00:00,Flipkart
FREV-504159,FPRD-00051,FCUST-442271,5.0,Poor packaging,2025-04-01 17:00:00,Flipkart
FREV-504160,FPRD-01452,FCUST-322385,5.0,Decent buy,2024-10-10 00:00:00,Flipkart
FREV-504161,FPRD-02474,FCUST-245400,1.0,Highly recommended,2025-06-29 14:00:00,Flipkart
FREV-504162,FPRD-02054,FCUST-272089,3.0,Decent buy,2025-06-16 21:00:00,Flipkart
FREV-504163,FPRD-01856,FCUST-589677,,Value for money,2025-04-06 06:00:00,Flipkart
FREV-504164,FPRD-02123,FCUST-509369,1.0,Value for money,2024-09-18 20:00:00,Flipkart
FREV-504165,FPRD-02129,FCUST-580273,4.0,Value for money,2025-03-27 01:00:00,Flipkart
FREV-504166,FPRD-01699,FCUST-519849,2.0,Decent buy,2026-01-03 18:00:00,Flipkart
FREV-504167,FPRD-02330,FCUST-292711,1.0,Value for money,2024-10-19 06:00:00,Flipkart
FREV-504168,FPRD-00412,FCUST-369747,2.0,Decent buy,2025-11-25 10:00:00,Flipkart
FREV-504169,FPRD-01686,FCUST-361769,5.0,Value for money,2026-06-27 13:00:00,Flipkart
FREV-504170,FPRD-01471,FCUST-295046,3.0,Value for money,2025-09-26 14:00:00,Flipkart
FREV-504171,FPRD-00919,FCUST-310032,,Decent buy,2024-10-08 12:00:00,Flipkart
FREV-504172,FPRD-01761,FCUST-474920,3.0,Poor packaging,2025-07-16 03:00:00,Flipkart
FREV-504173,FPRD-01244,FCUST-544946,2.0,Decent buy,2026-04-20 21:00:00,Flipkart
FREV-504174,FPRD-01621,FCUST-360121,5.0,Decent buy,2024-12-29 20:00:00,Flipkart
FREV-504175,FPRD-00347,FCUST-570419,5.0,Decent buy,2026-01-05 16:00:00,Flipkart
FREV-504176,FPRD-01658,FCUST-280727,3.0,Value for money,2024-10-03 08:00:00,Flipkart
FREV-504177,FPRD-01948,FCUST-273532,5.0,Highly recommended,2025-09-01 02:00:00,Flipkart
FREV-504178,FPRD-00481,FCUST-464967,3.0,Highly recommended,2025-10-22 05:00:00,Flipkart
FREV-504179,FPRD-02490,FCUST-223746,1.0,Decent buy,2025-10-27 16:00:00,Flipkart
FREV-504180,FPRD-02199,FCUST-433014,1.0,Highly recommended,2024-12-21 10:00:00,Flipkart
FREV-504181,FPRD-02187,FCUST-467346,4.0,Awesome!,2025-12-10 05:00:00,Flipkart
FREV-504182,FPRD-02442,FCUST-221397,4.0,Value for money,2025-01-21 06:00:00,Flipkart
FREV-504183,FPRD-01513,FCUST-367083,,Awesome!,2025-02-03 12:00:00,Flipkart
FREV-504184,FPRD-01285,FCUST-594946,2.0,Highly recommended,2024-12-10 21:00:00,Flipkart
FREV-504185,FPRD-00572,FCUST-586403,1.0,Highly recommended,2026-01-25 15:00:00,Flipkart
FREV-504186,FPRD-02179,FCUST-574405,,Decent buy,2026-01-27 09:00:00,Flipkart
FREV-504187,FPRD-00437,FCUST-351772,1.0,Highly recommended,2025-12-06 07:00:00,Flipkart
FREV-504188,FPRD-01600,FCUST-280757,1.0,Poor packaging,2025-03-17 10:00:00,Flipkart
FREV-504189,FPRD-01350,FCUST-578248,2.0,Value for money,2026-05-16 19:00:00,Flipkart
FREV-504190,FPRD-01623,FCUST-537512,,Poor packaging,2025-08-14 20:00:00,Flipkart
FREV-504191,FPRD-01788,FCUST-225471,5.0,Poor packaging,2025-04-03 03:00:00,Flipkart
FREV-504192,FPRD-02082,FCUST-515158,2.0,Highly recommended,2025-01-09 22:00:00,Flipkart
FREV-504193,FPRD-00769,FCUST-568603,1.0,Highly recommended,2026-03-28 00:00:00,Flipkart
FREV-504194,FPRD-00163,FCUST-438650,,Highly recommended,2025-11-23 12:00:00,Flipkart
FREV-504195,FPRD-00901,FCUST-390860,5.0,Decent buy,2025-10-11 03:00:00,Flipkart
FREV-504196,FPRD-01573,FCUST-337011,,Decent buy,2025-06-05 02:00:00,Flipkart
FREV-504197,FPRD-02093,FCUST-368048,4.0,Highly recommended,2025-05-09 22:00:00,Flipkart
FREV-504198,FPRD-00484,FCUST-241665,3.0,Awesome!,2026-05-01 13:00:00,Flipkart
FREV-504199,FPRD-01616,FCUST-458484,5.0,Highly recommended,2026-05-20 02:00:00,Flipkart
FREV-504200,FPRD-00134,FCUST-588783,5.0,Poor packaging,2025-03-03 14:00:00,Flipkart
FREV-504201,FPRD-02477,FCUST-317792,3.0,Poor packaging,2024-11-09 03:00:00,Flipkart
FREV-504202,FPRD-00979,FCUST-329945,1.0,Awesome!,2025-10-21 09:00:00,Flipkart
FREV-504203,FPRD-02215,FCUST-376319,,Highly recommended,2026-06-10 16:00:00,Flipkart
FREV-504204,FPRD-02412,FCUST-361769,1.0,Highly recommended,2026-06-27 13:00:00,Flipkart
FREV-504205,FPRD-00990,FCUST-400239,1.0,Value for money,2025-02-16 12:00:00,Flipkart
FREV-504206,FPRD-01348,FCUST-465277,1.0,Value for money,2026-06-21 00:00:00,Flipkart
FREV-504207,FPRD-00925,FCUST-592016,4.0,Awesome!,2025-02-22 10:00:00,Flipkart
FREV-504208,FPRD-01751,FCUST-249188,,Decent buy,2025-01-12 01:00:00,Flipkart
FREV-504209,FPRD-00370,FCUST-327458,4.0,Value for money,2026-01-19 12:00:00,Flipkart
FREV-504210,FPRD-00462,FCUST-557914,1.0,Highly recommended,2024-09-08 14:00:00,Flipkart
FREV-504211,FPRD-00189,FCUST-553190,5.0,Poor packaging,2024-11-18 18:00:00,Flipkart
FREV-504212,FPRD-01243,FCUST-498942,2.0,Highly recommended,2025-01-13 19:00:00,Flipkart
FREV-504213,FPRD-02492,FCUST-351930,1.0,Highly recommended,2026-03-05 15:00:00,Flipkart
FREV-504214,FPRD-01999,FCUST-403924,2.0,Awesome!,2025-11-21 15:00:00,Flipkart
FREV-504215,FPRD-01596,FCUST-507461,3.0,Decent buy,2026-01-27 16:00:00,Flipkart
FREV-504216,FPRD-02040,FCUST-353100,2.0,Awesome!,2025-06-23 19:00:00,Flipkart
FREV-504217,FPRD-02222,FCUST-219009,,Poor packaging,2026-04-19 15:00:00,Flipkart
FREV-504218,FPRD-01636,FCUST-593978,3.0,Poor packaging,2026-01-10 10:00:00,Flipkart
FREV-504219,FPRD-00495,FCUST-374486,4.0,Value for money,2025-07-14 10:00:00,Flipkart
FREV-504220,FPRD-02488,FCUST-398474,5.0,Decent buy,2025-05-28 01:00:00,Flipkart
FREV-504221,FPRD-02457,FCUST-535570,1.0,Highly recommended,2025-07-08 07:00:00,Flipkart
FREV-504222,FPRD-01690,FCUST-546185,,Value for money,2025-04-10 01:00:00,Flipkart
FREV-504223,FPRD-00185,FCUST-364059,3.0,Awesome!,2025-05-17 06:00:00,Flipkart
FREV-504224,FPRD-01401,FCUST-436109,2.0,Highly recommended,2025-04-10 14:00:00,Flipkart
FREV-504225,FPRD-00912,FCUST-425038,4.0,Highly recommended,2024-12-30 17:00:00,Flipkart
FREV-504226,FPRD-00695,FCUST-434529,2.0,Highly recommended,2026-08-08 23:00:00,Flipkart
FREV-504227,FPRD-00358,FCUST-218575,4.0,Value for money,2025-02-19 05:00:00,Flipkart
FREV-504228,FPRD-02450,FCUST-491951,2.0,Poor packaging,2025-05-04 05:00:00,Flipkart
FREV-504229,FPRD-01254,FCUST-410480,2.0,Decent buy,2025-06-13 05:00:00,Flipkart
FREV-504230,FPRD-01243,FCUST-454040,1.0,Value for money,2026-02-12 01:00:00,Flipkart
FREV-504231,FPRD-00318,FCUST-236047,5.0,Value for money,2026-04-06 14:00:00,Flipkart
FREV-504232,FPRD-00257,FCUST-389821,2.0,Poor packaging,2025-12-17 09:00:00,Flipkart
FREV-504233,FPRD-02494,FCUST-338860,4.0,Poor packaging,2026-06-27 01:00:00,Flipkart
FREV-504234,FPRD-01265,FCUST-484510,,Value for money,2026-02-14 16:00:00,Flipkart
FREV-504235,FPRD-01789,FCUST-310431,5.0,Value for money,2026-07-26 06:00:00,Flipkart
FREV-504236,FPRD-00390,FCUST-431675,4.0,Highly recommended,2024-10-04 15:00:00,Flipkart
FREV-504237,FPRD-00225,FCUST-560481,5.0,Highly recommended,2026-04-25 12:00:00,Flipkart
FREV-504238,FPRD-00466,FCUST-240015,4.0,Decent buy,2026-02-18 05:00:00,Flipkart
FREV-504239,FPRD-01076,FCUST-257208,2.0,Poor packaging,2025-05-19 19:00:00,Flipkart
FREV-504240,FPRD-00810,FCUST-242643,4.0,Decent buy,2026-04-10 21:00:00,Flipkart
FREV-504241,FPRD-01893,FCUST-471280,3.0,Highly recommended,2024-09-13 05:00:00,Flipkart
FREV-504242,FPRD-02285,FCUST-537740,2.0,Value for money,2024-10-04 08:00:00,Flipkart
FREV-504243,FPRD-02333,FCUST-476472,5.0,Awesome!,2026-04-12 01:00:00,Flipkart
FREV-504244,FPRD-02107,FCUST-395679,3.0,Awesome!,2025-04-07 08:00:00,Flipkart
FREV-504245,FPRD-01033,FCUST-431397,1.0,Highly recommended,2026-02-24 20:00:00,Flipkart
FREV-504246,FPRD-01346,FCUST-399658,4.0,Decent buy,2026-01-13 01:00:00,Flipkart
FREV-504247,FPRD-00942,FCUST-284154,1.0,Decent buy,2024-08-18 23:00:00,Flipkart
FREV-504248,FPRD-01073,FCUST-594431,1.0,Value for money,2025-12-18 10:00:00,Flipkart
FREV-504249,FPRD-00213,FCUST-309089,1.0,Highly recommended,2025-02-06 05:00:00,Flipkart
FREV-504250,FPRD-00590,FCUST-223428,4.0,Value for money,2025-04-09 02:00:00,Flipkart
FREV-504251,FPRD-00224,FCUST-254065,1.0,Decent buy,2026-02-07 09:00:00,Flipkart
FREV-504252,FPRD-02169,FCUST-584471,4.0,Highly recommended,2025-12-20 18:00:00,Flipkart
FREV-504253,FPRD-00646,FCUST-335506,1.0,Highly recommended,2026-06-10 22:00:00,Flipkart
FREV-504254,FPRD-00932,FCUST-436853,1.0,Value for money,2024-08-16 01:00:00,Flipkart
FREV-504255,FPRD-02008,FCUST-270138,1.0,Highly recommended,2025-05-29 04:00:00,Flipkart
FREV-504256,FPRD-00431,FCUST-413599,4.0,Highly recommended,2025-08-09 16:00:00,Flipkart
FREV-504257,FPRD-00594,FCUST-316155,1.0,Value for money,2025-11-07 22:00:00,Flipkart
FREV-504258,FPRD-01973,FCUST-362416,4.0,Poor packaging,2024-11-14 20:00:00,Flipkart
FREV-504259,FPRD-00374,FCUST-532978,4.0,Poor packaging,2026-07-04 07:00:00,Flipkart
FREV-504260,FPRD-00438,FCUST-435904,4.0,Awesome!,2025-04-18 08:00:00,Flipkart
FREV-504261,FPRD-01308,FCUST-452504,2.0,Value for money,2025-03-12 11:00:00,Flipkart
FREV-504262,FPRD-00835,FCUST-354654,5.0,Decent buy,2024-12-26 16:00:00,Flipkart
FREV-504263,FPRD-00647,FCUST-492383,,Decent buy,2025-11-19 05:00:00,Flipkart
FREV-504264,FPRD-01983,FCUST-562447,2.0,Decent buy,2026-07-07 07:00:00,Flipkart
FREV-504265,FPRD-00291,FCUST-311855,4.0,Value for money,2025-06-02 16:00:00,Flipkart
FREV-504266,FPRD-01553,FCUST-568603,5.0,Value for money,2025-04-30 01:00:00,Flipkart
FREV-504267,FPRD-02117,FCUST-443372,3.0,Value for money,2026-06-28 01:00:00,Flipkart
FREV-504268,FPRD-00096,FCUST-578248,5.0,Value for money,2025-05-02 08:00:00,Flipkart
FREV-504269,FPRD-00135,FCUST-539704,4.0,Value for money,2025-02-15 22:00:00,Flipkart
FREV-504270,FPRD-00198,FCUST-316987,1.0,Poor packaging,2024-11-19 17:00:00,Flipkart
FREV-504271,FPRD-01998,FCUST-217116,1.0,Decent buy,2025-01-04 00:00:00,Flipkart
FREV-504272,FPRD-00786,FCUST-206313,5.0,Highly recommended,2025-07-16 13:00:00,Flipkart
FREV-504273,FPRD-02466,FCUST-273406,1.0,Poor packaging,2026-01-29 06:00:00,Flipkart
FREV-504274,FPRD-01887,FCUST-348810,2.0,Poor packaging,2025-09-05 18:00:00,Flipkart
FREV-504275,FPRD-00551,FCUST-290154,2.0,Awesome!,2026-01-18 16:00:00,Flipkart
FREV-504276,FPRD-01000,FCUST-224014,1.0,Poor packaging,2026-07-03 20:00:00,Flipkart
FREV-504277,FPRD-02298,FCUST-529405,1.0,Highly recommended,2025-06-03 14:00:00,Flipkart
FREV-504278,FPRD-01313,FCUST-267656,4.0,Awesome!,2024-12-12 15:00:00,Flipkart
FREV-504279,FPRD-00984,FCUST-568198,,Highly recommended,2024-10-23 15:00:00,Flipkart
FREV-504280,FPRD-00149,FCUST-576648,3.0,Poor packaging,2026-04-20 09:00:00,Flipkart
FREV-504281,FPRD-02037,FCUST-321479,3.0,Decent buy,2025-03-13 12:00:00,Flipkart
FREV-504282,FPRD-02439,FCUST-221873,,Poor packaging,2026-02-18 13:00:00,Flipkart
FREV-504283,FPRD-01703,FCUST-466864,1.0,Decent buy,2026-02-09 23:00:00,Flipkart
FREV-504284,FPRD-01429,FCUST-474171,3.0,Awesome!,2026-01-22 11:00:00,Flipkart
FREV-504285,FPRD-02225,FCUST-280727,4.0,Highly recommended,2024-12-01 10:00:00,Flipkart
FREV-504286,FPRD-00927,FCUST-532260,1.0,Awesome!,2024-09-15 01:00:00,Flipkart
FREV-504287,FPRD-01000,FCUST-208252,2.0,Decent buy,2025-07-21 04:00:00,Flipkart
FREV-504288,FPRD-00554,FCUST-464744,1.0,Poor packaging,2026-07-25 06:00:00,Flipkart
FREV-504289,FPRD-01095,FCUST-487531,1.0,Highly recommended,2025-11-19 21:00:00,Flipkart
FREV-504290,FPRD-00421,FCUST-597223,,Value for money,2025-09-27 00:00:00,Flipkart
FREV-504291,FPRD-01078,FCUST-249516,1.0,Highly recommended,2026-02-08 10:00:00,Flipkart
FREV-504292,FPRD-01347,FCUST-562289,1.0,Awesome!,2025-12-23 03:00:00,Flipkart
FREV-504293,FPRD-00875,FCUST-464189,5.0,Value for money,2025-01-23 05:00:00,Flipkart
FREV-504294,FPRD-02127,FCUST-290812,4.0,Poor packaging,2024-11-04 14:00:00,Flipkart
FREV-504295,FPRD-00858,FCUST-513481,5.0,Awesome!,2025-03-07 08:00:00,Flipkart
FREV-504296,FPRD-00638,FCUST-542490,2.0,Decent buy,2025-10-05 02:00:00,Flipkart
FREV-504297,FPRD-00764,FCUST-332198,3.0,Awesome!,2025-02-02 02:00:00,Flipkart
FREV-504298,FPRD-00030,FCUST-254630,5.0,Poor packaging,2026-08-08 05:00:00,Flipkart
FREV-504299,FPRD-02423,FCUST-382031,1.0,Decent buy,2025-01-29 14:00:00,Flipkart
FREV-504300,FPRD-01841,FCUST-274167,2.0,Value for money,2026-03-20 04:00:00,Flipkart
FREV-504301,FPRD-01334,FCUST-553040,,Value for money,2025-03-29 11:00:00,Flipkart
FREV-504302,FPRD-01647,FCUST-395904,3.0,Value for money,2025-07-03 12:00:00,Flipkart
FREV-504303,FPRD-02085,FCUST-228087,5.0,Value for money,2025-02-24 14:00:00,Flipkart
FREV-504304,FPRD-02277,FCUST-300578,4.0,Highly recommended,2025-05-27 14:00:00,Flipkart
FREV-504305,FPRD-01614,FCUST-356770,3.0,Highly recommended,2026-04-11 14:00:00,Flipkart
FREV-504306,FPRD-00121,FCUST-215708,1.0,Value for money,2025-10-04 22:00:00,Flipkart
FREV-504307,FPRD-00621,FCUST-218225,3.0,Highly recommended,2026-01-24 14:00:00,Flipkart
FREV-504308,FPRD-02499,FCUST-375965,4.0,Highly recommended,2026-05-22 12:00:00,Flipkart
FREV-504309,FPRD-01100,FCUST-574996,1.0,Highly recommended,2025-04-15 01:00:00,Flipkart
FREV-504310,FPRD-00449,FCUST-371167,1.0,Poor packaging,2025-03-21 09:00:00,Flipkart
FREV-504311,FPRD-01708,FCUST-414063,2.0,Decent buy,2024-10-26 18:00:00,Flipkart
FREV-504312,FPRD-00419,FCUST-281429,3.0,Decent buy,2024-09-15 03:00:00,Flipkart
FREV-504313,FPRD-00468,FCUST-575889,1.0,Poor packaging,2026-03-01 09:00:00,Flipkart
FREV-504314,FPRD-00932,FCUST-431806,4.0,Highly recommended,2025-03-08 18:00:00,Flipkart
FREV-504315,FPRD-00952,FCUST-430296,5.0,Awesome!,2025-07-10 02:00:00,Flipkart
FREV-504316,FPRD-02308,FCUST-279044,4.0,Decent buy,2026-05-27 08:00:00,Flipkart
FREV-504317,FPRD-01656,FCUST-237122,2.0,Highly recommended,2025-02-27 20:00:00,Flipkart
FREV-504318,FPRD-01717,FCUST-508079,5.0,Highly recommended,2025-08-03 02:00:00,Flipkart
FREV-504319,FPRD-02379,FCUST-543966,3.0,Poor packaging,2025-03-05 10:00:00,Flipkart
FREV-504320,FPRD-01164,FCUST-317929,5.0,Poor packaging,2025-05-22 08:00:00,Flipkart
FREV-504321,FPRD-01667,FCUST-338710,3.0,Awesome!,2025-12-12 20:00:00,Flipkart
FREV-504322,FPRD-01586,FCUST-326702,2.0,Poor packaging,2026-05-09 05:00:00,Flipkart
FREV-504323,FPRD-01667,FCUST-574204,1.0,Decent buy,2026-04-21 07:00:00,Flipkart
FREV-504324,FPRD-01052,FCUST-261428,1.0,Decent buy,2026-07-11 06:00:00,Flipkart
FREV-504325,FPRD-00091,FCUST-329359,4.0,Decent buy,2025-05-19 14:00:00,Flipkart
FREV-504326,FPRD-01629,FCUST-229580,3.0,Awesome!,2025-02-24 13:00:00,Flipkart
FREV-504327,FPRD-00863,FCUST-454493,1.0,Value for money,2025-07-04 00:00:00,Flipkart
FREV-504328,FPRD-00141,FCUST-486567,4.0,Value for money,2024-11-16 14:00:00,Flipkart
FREV-504329,FPRD-01123,FCUST-575358,3.0,Highly recommended,2026-01-19 14:00:00,Flipkart
FREV-504330,FPRD-02099,FCUST-592186,3.0,Awesome!,2025-06-01 07:00:00,Flipkart
FREV-504331,FPRD-01369,FCUST-576241,3.0,Highly recommended,2025-10-09 00:00:00,Flipkart
FREV-504332,FPRD-02480,FCUST-360246,1.0,Decent buy,2024-12-27 21:00:00,Flipkart
FREV-504333,FPRD-02289,FCUST-432348,4.0,Decent buy,2025-11-25 17:00:00,Flipkart
FREV-504334,FPRD-00545,FCUST-540998,3.0,Decent buy,2025-12-17 02:00:00,Flipkart
FREV-504335,FPRD-01654,FCUST-281429,4.0,Awesome!,2024-08-26 09:00:00,Flipkart
FREV-504336,FPRD-01211,FCUST-560546,,Decent buy,2024-12-24 09:00:00,Flipkart
FREV-504337,FPRD-01961,FCUST-540180,3.0,Decent buy,2025-09-18 19:00:00,Flipkart
FREV-504338,FPRD-00421,FCUST-418839,4.0,Awesome!,2025-06-11 02:00:00,Flipkart
FREV-504339,FPRD-00581,FCUST-233760,5.0,Value for money,2025-10-24 06:00:00,Flipkart
FREV-504340,FPRD-02417,FCUST-371848,1.0,Highly recommended,2025-05-29 02:00:00,Flipkart
FREV-504341,FPRD-00873,FCUST-270066,2.0,Poor packaging,2025-05-22 03:00:00,Flipkart
FREV-504342,FPRD-01604,FCUST-464952,1.0,Value for money,2026-01-04 17:00:00,Flipkart
FREV-504343,FPRD-00952,FCUST-204256,1.0,Poor packaging,2024-11-04 15:00:00,Flipkart
FREV-504344,FPRD-00479,FCUST-592837,2.0,Decent buy,2026-05-30 04:00:00,Flipkart
FREV-504345,FPRD-01903,FCUST-414063,4.0,Poor packaging,2024-10-26 18:00:00,Flipkart
FREV-504346,FPRD-01048,FCUST-475902,1.0,Poor packaging,2026-05-04 19:00:00,Flipkart
FREV-504347,FPRD-01010,FCUST-330180,,Highly recommended,2024-08-27 01:00:00,Flipkart
FREV-504348,FPRD-02069,FCUST-235818,1.0,Poor packaging,2025-06-29 11:00:00,Flipkart
FREV-504349,FPRD-02475,FCUST-366887,1.0,Highly recommended,2025-05-22 20:00:00,Flipkart
FREV-504350,FPRD-00872,FCUST-434752,5.0,Highly recommended,2024-10-18 22:00:00,Flipkart
FREV-504351,FPRD-01233,FCUST-222811,2.0,Value for money,2026-04-25 14:00:00,Flipkart
FREV-504352,FPRD-02415,FCUST-462054,4.0,Value for money,2026-03-03 03:00:00,Flipkart
FREV-504353,FPRD-00522,FCUST-227338,5.0,Value for money,2025-08-21 09:00:00,Flipkart
FREV-504354,FPRD-00485,FCUST-417587,5.0,Decent buy,2025-10-23 11:00:00,Flipkart
FREV-504355,FPRD-00306,FCUST-277090,5.0,Decent buy,2025-10-24 17:00:00,Flipkart
FREV-504356,FPRD-01068,FCUST-280727,3.0,Decent buy,2024-10-03 08:00:00,Flipkart
FREV-504357,FPRD-02427,FCUST-309089,5.0,Decent buy,2024-11-05 05:00:00,Flipkart
FREV-504358,FPRD-02494,FCUST-327766,3.0,Awesome!,2025-08-23 18:00:00,Flipkart
FREV-504359,FPRD-02008,FCUST-576979,1.0,Poor packaging,2024-11-14 11:00:00,Flipkart
FREV-504360,FPRD-01785,FCUST-595256,,Poor packaging,2025-12-19 06:00:00,Flipkart
FREV-504361,FPRD-01662,FCUST-584374,4.0,Awesome!,2026-05-31 13:00:00,Flipkart
FREV-504362,FPRD-00112,FCUST-309651,3.0,Highly recommended,2026-03-24 10:00:00,Flipkart
FREV-504363,FPRD-02088,FCUST-359491,1.0,Awesome!,2026-05-25 17:00:00,Flipkart
FREV-504364,FPRD-00893,FCUST-594027,4.0,Value for money,2026-01-16 09:00:00,Flipkart
FREV-504365,FPRD-00557,FCUST-211901,,Highly recommended,2025-12-04 13:00:00,Flipkart
FREV-504366,FPRD-01111,FCUST-201205,3.0,Awesome!,2026-05-10 01:00:00,Flipkart
FREV-504367,FPRD-00222,FCUST-270588,4.0,Highly recommended,2024-08-29 03:00:00,Flipkart
FREV-504368,FPRD-01959,FCUST-521693,4.0,Highly recommended,2026-03-12 04:00:00,Flipkart
FREV-504369,FPRD-02461,FCUST-493999,5.0,Awesome!,2025-07-03 12:00:00,Flipkart
FREV-504370,FPRD-00409,FCUST-266974,4.0,Value for money,2025-08-19 07:00:00,Flipkart
FREV-504371,FPRD-01271,FCUST-346499,2.0,Value for money,2025-09-16 19:00:00,Flipkart
FREV-504372,FPRD-01804,FCUST-567651,4.0,Poor packaging,2025-05-22 19:00:00,Flipkart
FREV-504373,FPRD-01301,FCUST-243028,3.0,Highly recommended,2025-03-24 02:00:00,Flipkart
FREV-504374,FPRD-01877,FCUST-277740,3.0,Awesome!,2025-05-17 16:00:00,Flipkart
FREV-504375,FPRD-00751,FCUST-306008,2.0,Decent buy,2024-10-21 08:00:00,Flipkart
FREV-504376,FPRD-01238,FCUST-295870,2.0,Highly recommended,2025-04-03 07:00:00,Flipkart
FREV-504377,FPRD-01488,FCUST-565227,2.0,Value for money,2024-12-10 04:00:00,Flipkart
FREV-504378,FPRD-01823,FCUST-365017,5.0,Awesome!,2024-10-16 17:00:00,Flipkart
FREV-504379,FPRD-00978,FCUST-585793,,Decent buy,2025-08-17 05:00:00,Flipkart
FREV-504380,FPRD-01601,FCUST-596112,3.0,Value for money,2025-07-06 19:00:00,Flipkart
FREV-504381,FPRD-01603,FCUST-254538,,Decent buy,2024-12-02 15:00:00,Flipkart
FREV-504382,FPRD-01576,FCUST-468693,2.0,Value for money,2025-11-03 02:00:00,Flipkart
FREV-504383,FPRD-01884,FCUST-294235,1.0,Decent buy,2025-02-15 00:00:00,Flipkart
FREV-504384,FPRD-01043,FCUST-341925,3.0,Awesome!,2024-09-05 12:00:00,Flipkart
FREV-504385,FPRD-02377,FCUST-249382,5.0,Value for money,2025-01-12 05:00:00,Flipkart
FREV-504386,FPRD-00247,FCUST-509545,2.0,Awesome!,2024-12-23 09:00:00,Flipkart
FREV-504387,FPRD-00120,FCUST-486849,4.0,Highly recommended,2025-04-22 21:00:00,Flipkart
FREV-504388,FPRD-01862,FCUST-342753,3.0,Value for money,2024-12-19 04:00:00,Flipkart
FREV-504389,FPRD-00475,FCUST-212722,3.0,Decent buy,2025-04-24 14:00:00,Flipkart
FREV-504390,FPRD-00461,FCUST-371031,4.0,Highly recommended,2025-09-08 14:00:00,Flipkart
FREV-504391,FPRD-00307,FCUST-519712,4.0,Poor packaging,2026-04-23 05:00:00,Flipkart
FREV-504392,FPRD-01056,FCUST-278428,3.0,Poor packaging,2025-10-26 22:00:00,Flipkart
FREV-504393,FPRD-01072,FCUST-236724,1.0,Poor packaging,2025-09-23 13:00:00,Flipkart
FREV-504394,FPRD-01573,FCUST-555397,3.0,Value for money,2025-05-17 16:00:00,Flipkart
FREV-504395,FPRD-00872,FCUST-556303,3.0,Decent buy,2025-08-14 09:00:00,Flipkart
FREV-504396,FPRD-00427,FCUST-283889,1.0,Highly recommended,2026-07-05 18:00:00,Flipkart
FREV-504397,FPRD-02142,FCUST-291874,3.0,Highly recommended,2024-12-16 01:00:00,Flipkart
FREV-504398,FPRD-01836,FCUST-212392,4.0,Decent buy,2026-06-30 14:00:00,Flipkart
FREV-504399,FPRD-01084,FCUST-485130,5.0,Value for money,2026-04-07 09:00:00,Flipkart
FREV-504400,FPRD-01487,FCUST-214854,5.0,Decent buy,2025-06-27 02:00:00,Flipkart
FREV-504401,FPRD-00481,FCUST-495716,3.0,Value for money,2026-08-06 10:00:00,Flipkart
FREV-504402,FPRD-01044,FCUST-487709,1.0,Highly recommended,2025-05-04 14:00:00,Flipkart
FREV-504403,FPRD-02396,FCUST-579073,1.0,Decent buy,2025-02-11 05:00:00,Flipkart
FREV-504404,FPRD-02239,FCUST-580668,,Awesome!,2025-01-04 02:00:00,Flipkart
FREV-504405,FPRD-01242,FCUST-367564,5.0,Decent buy,2025-02-20 15:00:00,Flipkart
FREV-504406,FPRD-01957,FCUST-345220,1.0,Awesome!,2025-01-08 22:00:00,Flipkart
FREV-504407,FPRD-02365,FCUST-243454,3.0,Highly recommended,2025-10-18 22:00:00,Flipkart
FREV-504408,FPRD-01755,FCUST-343046,3.0,Poor packaging,2025-10-25 06:00:00,Flipkart
FREV-504409,FPRD-01796,FCUST-242773,3.0,Decent buy,2026-01-06 00:00:00,Flipkart
FREV-504410,FPRD-00173,FCUST-514249,4.0,Value for money,2025-01-30 00:00:00,Flipkart
FREV-504411,FPRD-01763,FCUST-554573,5.0,Highly recommended,2025-05-19 04:00:00,Flipkart
FREV-504412,FPRD-01418,FCUST-554447,1.0,Awesome!,2026-06-29 22:00:00,Flipkart
FREV-504413,FPRD-00190,FCUST-273842,,Highly recommended,2025-09-30 15:00:00,Flipkart
FREV-504414,FPRD-00149,FCUST-289612,4.0,Awesome!,2024-12-14 09:00:00,Flipkart
FREV-504415,FPRD-02049,FCUST-253765,3.0,Highly recommended,2026-06-20 16:00:00,Flipkart
FREV-504416,FPRD-01190,FCUST-564162,2.0,Awesome!,2024-09-16 05:00:00,Flipkart
FREV-504417,FPRD-01325,FCUST-529851,2.0,Poor packaging,2025-05-08 14:00:00,Flipkart
FREV-504418,FPRD-00946,FCUST-375362,3.0,Awesome!,2024-08-31 12:00:00,Flipkart
FREV-504419,FPRD-00299,FCUST-556273,3.0,Value for money,2024-10-27 00:00:00,Flipkart
FREV-504420,FPRD-01897,FCUST-376433,3.0,Awesome!,2026-06-12 00:00:00,Flipkart
FREV-504421,FPRD-00815,FCUST-271153,4.0,Awesome!,2025-09-15 02:00:00,Flipkart
FREV-504422,FPRD-02238,FCUST-524782,3.0,Poor packaging,2024-12-29 06:00:00,Flipkart
FREV-504423,FPRD-00387,FCUST-485617,4.0,Poor packaging,2025-01-14 20:00:00,Flipkart
FREV-504424,FPRD-01065,FCUST-565319,3.0,Decent buy,2024-09-27 04:00:00,Flipkart
FREV-504425,FPRD-02134,FCUST-564618,3.0,Highly recommended,2024-08-19 21:00:00,Flipkart
FREV-504426,FPRD-01508,FCUST-275140,3.0,Highly recommended,2025-06-09 23:00:00,Flipkart
FREV-504427,FPRD-01082,FCUST-309137,5.0,Value for money,2024-09-16 11:00:00,Flipkart
FREV-504428,FPRD-01424,FCUST-538862,3.0,Highly recommended,2026-07-31 08:00:00,Flipkart
FREV-504429,FPRD-02185,FCUST-212204,2.0,Decent buy,2024-09-23 09:00:00,Flipkart
FREV-504430,FPRD-00859,FCUST-452898,3.0,Awesome!,2025-08-22 05:00:00,Flipkart
FREV-504431,FPRD-01498,FCUST-248403,4.0,Value for money,2024-12-31 17:00:00,Flipkart
FREV-504432,FPRD-00552,FCUST-502834,2.0,Value for money,2024-10-18 23:00:00,Flipkart
FREV-504433,FPRD-01405,FCUST-347612,4.0,Value for money,2025-12-17 08:00:00,Flipkart
FREV-504434,FPRD-00342,FCUST-211879,3.0,Poor packaging,2025-03-25 05:00:00,Flipkart
FREV-504435,FPRD-01483,FCUST-548585,5.0,Value for money,2025-12-07 06:00:00,Flipkart
FREV-504436,FPRD-02465,FCUST-351642,3.0,Highly recommended,2024-10-23 03:00:00,Flipkart
FREV-504437,FPRD-01395,FCUST-473139,4.0,Highly recommended,2024-11-11 21:00:00,Flipkart
FREV-504438,FPRD-00031,FCUST-290619,1.0,Poor packaging,2026-06-01 16:00:00,Flipkart
FREV-504439,FPRD-01308,FCUST-217926,5.0,Decent buy,2025-01-29 14:00:00,Flipkart
FREV-504440,FPRD-00423,FCUST-522894,1.0,Highly recommended,2025-03-14 21:00:00,Flipkart
FREV-504441,FPRD-00898,FCUST-564622,1.0,Value for money,2024-10-01 01:00:00,Flipkart
FREV-504442,FPRD-02313,FCUST-373272,2.0,Decent buy,2024-10-08 14:00:00,Flipkart
FREV-504443,FPRD-00506,FCUST-349074,5.0,Poor packaging,2024-12-09 11:00:00,Flipkart
FREV-504444,FPRD-00613,FCUST-324562,3.0,Highly recommended,2025-03-11 13:00:00,Flipkart
FREV-504445,FPRD-00163,FCUST-325355,1.0,Highly recommended,2025-11-16 10:00:00,Flipkart
FREV-504446,FPRD-01243,FCUST-451214,5.0,Poor packaging,2025-06-12 13:00:00,Flipkart
FREV-504447,FPRD-01616,FCUST-545091,1.0,Awesome!,2025-03-12 23:00:00,Flipkart
FREV-504448,FPRD-01807,FCUST-498381,5.0,Value for money,2026-03-17 16:00:00,Flipkart
FREV-504449,FPRD-01669,FCUST-212226,,Value for money,2024-08-12 06:00:00,Flipkart
FREV-504450,FPRD-01066,FCUST-209187,3.0,Value for money,2026-05-30 23:00:00,Flipkart
FREV-504451,FPRD-01222,FCUST-449794,2.0,Value for money,2025-12-22 01:00:00,Flipkart
FREV-504452,FPRD-01528,FCUST-274332,4.0,Poor packaging,2025-08-06 03:00:00,Flipkart
FREV-504453,FPRD-00414,FCUST-320116,5.0,Poor packaging,2025-04-11 21:00:00,Flipkart
FREV-504454,FPRD-02413,FCUST-242198,4.0,Decent buy,2026-02-22 05:00:00,Flipkart
FREV-504455,FPRD-00876,FCUST-378085,3.0,Value for money,2025-01-07 00:00:00,Flipkart
FREV-504456,FPRD-00513,FCUST-440506,2.0,Awesome!,2025-09-11 07:00:00,Flipkart
FREV-504457,FPRD-00796,FCUST-469775,3.0,Decent buy,2024-12-22 19:00:00,Flipkart
FREV-504458,FPRD-01799,FCUST-313432,3.0,Awesome!,2024-08-29 16:00:00,Flipkart
FREV-504459,FPRD-00603,FCUST-212381,5.0,Highly recommended,2024-08-22 20:00:00,Flipkart
FREV-504460,FPRD-01200,FCUST-311194,2.0,Highly recommended,2024-08-12 20:00:00,Flipkart
FREV-504461,FPRD-01253,FCUST-453843,2.0,Decent buy,2024-12-23 02:00:00,Flipkart
FREV-504462,FPRD-01603,FCUST-468171,1.0,Poor packaging,2025-01-18 14:00:00,Flipkart
FREV-504463,FPRD-01771,FCUST-512201,5.0,Poor packaging,2025-09-24 21:00:00,Flipkart
FREV-504464,FPRD-01039,FCUST-403987,4.0,Value for money,2026-03-12 15:00:00,Flipkart
FREV-504465,FPRD-02169,FCUST-342753,4.0,Highly recommended,2024-12-19 04:00:00,Flipkart
FREV-504466,FPRD-02294,FCUST-550430,4.0,Awesome!,2025-11-22 16:00:00,Flipkart
FREV-504467,FPRD-01319,FCUST-204908,,Decent buy,2025-09-02 22:00:00,Flipkart
FREV-504468,FPRD-00346,FCUST-531001,3.0,Value for money,2025-04-28 06:00:00,Flipkart
FREV-504469,FPRD-00101,FCUST-394261,4.0,Value for money,2025-01-04 06:00:00,Flipkart
FREV-504470,FPRD-02412,FCUST-380062,1.0,Awesome!,2026-05-27 03:00:00,Flipkart
FREV-504471,FPRD-01936,FCUST-254256,3.0,Value for money,2024-12-03 21:00:00,Flipkart
FREV-504472,FPRD-00935,FCUST-524225,4.0,Value for money,2024-09-13 22:00:00,Flipkart
FREV-504473,FPRD-00354,FCUST-419542,,Highly recommended,2025-05-27 22:00:00,Flipkart
FREV-504474,FPRD-00499,FCUST-484459,3.0,Awesome!,2026-03-05 07:00:00,Flipkart
FREV-504475,FPRD-02258,FCUST-405407,1.0,Highly recommended,2025-10-14 03:00:00,Flipkart
FREV-504476,FPRD-01523,FCUST-577875,1.0,Highly recommended,2025-06-21 18:00:00,Flipkart
FREV-504477,FPRD-00621,FCUST-555731,5.0,Value for money,2026-01-10 02:00:00,Flipkart
FREV-504478,FPRD-00669,FCUST-254537,,Awesome!,2025-08-11 17:00:00,Flipkart
FREV-504479,FPRD-00507,FCUST-483421,3.0,Value for money,2025-11-30 03:00:00,Flipkart
FREV-504480,FPRD-01798,FCUST-277990,1.0,Decent buy,2026-06-06 00:00:00,Flipkart
FREV-504481,FPRD-00583,FCUST-497808,1.0,Poor packaging,2026-08-01 03:00:00,Flipkart
FREV-504482,FPRD-01182,FCUST-510726,5.0,Value for money,2025-09-22 15:00:00,Flipkart
FREV-504483,FPRD-02333,FCUST-458791,3.0,Awesome!,2024-09-30 12:00:00,Flipkart
FREV-504484,FPRD-01080,FCUST-399474,4.0,Poor packaging,2025-03-06 05:00:00,Flipkart
FREV-504485,FPRD-02091,FCUST-393767,1.0,Awesome!,2024-08-16 06:00:00,Flipkart
FREV-504486,FPRD-02371,FCUST-472923,5.0,Poor packaging,2025-12-03 08:00:00,Flipkart
FREV-504487,FPRD-00042,FCUST-399085,3.0,Value for money,2025-06-03 10:00:00,Flipkart
FREV-504488,FPRD-01568,FCUST-223286,,Highly recommended,2024-12-01 03:00:00,Flipkart
FREV-504489,FPRD-01734,FCUST-303611,1.0,Awesome!,2025-04-18 03:00:00,Flipkart
FREV-504490,FPRD-02461,FCUST-547451,3.0,Awesome!,2025-04-06 05:00:00,Flipkart
FREV-504491,FPRD-00995,FCUST-553535,4.0,Poor packaging,2026-07-28 04:00:00,Flipkart
FREV-504492,FPRD-00242,FCUST-366044,2.0,Highly recommended,2025-12-25 01:00:00,Flipkart
FREV-504493,FPRD-02139,FCUST-239077,5.0,Poor packaging,2024-11-27 23:00:00,Flipkart
FREV-504494,FPRD-00018,FCUST-363617,4.0,Value for money,2026-05-23 07:00:00,Flipkart
FREV-504495,FPRD-01811,FCUST-267656,1.0,Highly recommended,2024-12-12 15:00:00,Flipkart
FREV-504496,FPRD-00345,FCUST-421871,4.0,Decent buy,2026-06-13 02:00:00,Flipkart
FREV-504497,FPRD-00411,FCUST-579349,4.0,Decent buy,2026-03-16 07:00:00,Flipkart
FREV-504498,FPRD-00277,FCUST-538846,2.0,Decent buy,2026-07-31 12:00:00,Flipkart
FREV-504499,FPRD-00237,FCUST-566893,2.0,Awesome!,2024-12-30 05:00:00,Flipkart
FREV-504500,FPRD-01848,FCUST-343290,3.0,Awesome!,2024-10-11 06:00:00,Flipkart
FREV-504501,FPRD-02073,FCUST-310611,1.0,Poor packaging,2026-01-20 00:00:00,Flipkart
FREV-504502,FPRD-01782,FCUST-486849,4.0,Awesome!,2025-04-22 21:00:00,Flipkart
FREV-504503,FPRD-00417,FCUST-476134,1.0,Awesome!,2025-07-03 15:00:00,Flipkart
FREV-504504,FPRD-01653,FCUST-261442,5.0,Decent buy,2025-03-04 07:00:00,Flipkart
FREV-504505,FPRD-01734,FCUST-428055,5.0,Poor packaging,2025-04-14 10:00:00,Flipkart
FREV-504506,FPRD-01832,FCUST-352317,4.0,Highly recommended,2024-10-09 00:00:00,Flipkart
FREV-504507,FPRD-01849,FCUST-366234,4.0,Highly recommended,2025-12-15 18:00:00,Flipkart
FREV-504508,FPRD-01936,FCUST-506821,2.0,Poor packaging,2026-07-30 19:00:00,Flipkart
FREV-504509,FPRD-00490,FCUST-451487,,Value for money,2025-11-22 01:00:00,Flipkart
FREV-504510,FPRD-02029,FCUST-527691,3.0,Value for money,2024-10-18 00:00:00,Flipkart
FREV-504511,FPRD-01661,FCUST-478632,5.0,Awesome!,2025-06-07 15:00:00,Flipkart
FREV-504512,FPRD-02064,FCUST-560959,4.0,Value for money,2026-06-02 05:00:00,Flipkart
FREV-504513,FPRD-01971,FCUST-289669,1.0,Value for money,2025-05-03 18:00:00,Flipkart
FREV-504514,FPRD-01861,FCUST-369441,4.0,Awesome!,2024-09-06 12:00:00,Flipkart
FREV-504515,FPRD-01627,FCUST-509622,1.0,Awesome!,2025-10-26 17:00:00,Flipkart
FREV-504516,FPRD-01760,FCUST-328869,3.0,Awesome!,2025-01-24 09:00:00,Flipkart
FREV-504517,FPRD-01707,FCUST-280818,2.0,Highly recommended,2025-12-31 10:00:00,Flipkart
FREV-504518,FPRD-00076,FCUST-547513,3.0,Awesome!,2026-02-03 17:00:00,Flipkart
FREV-504519,FPRD-00904,FCUST-496573,,Value for money,2026-01-23 14:00:00,Flipkart
FREV-504520,FPRD-00671,FCUST-229685,,Awesome!,2024-11-01 11:00:00,Flipkart
FREV-504521,FPRD-00372,FCUST-257208,5.0,Highly recommended,2025-05-19 19:00:00,Flipkart
FREV-504522,FPRD-01687,FCUST-329134,4.0,Poor packaging,2026-04-19 20:00:00,Flipkart
FREV-504523,FPRD-01962,FCUST-399086,,Value for money,2026-01-18 05:00:00,Flipkart
FREV-504524,FPRD-01992,FCUST-225805,4.0,Poor packaging,2026-04-29 09:00:00,Flipkart
FREV-504525,FPRD-02030,FCUST-228283,2.0,Highly recommended,2025-01-29 07:00:00,Flipkart
FREV-504526,FPRD-02423,FCUST-314335,5.0,Decent buy,2024-09-14 16:00:00,Flipkart
FREV-504527,FPRD-01504,FCUST-374286,4.0,Poor packaging,2025-11-08 03:00:00,Flipkart
FREV-504528,FPRD-02191,FCUST-576882,4.0,Awesome!,2024-11-21 01:00:00,Flipkart
FREV-504529,FPRD-00049,FCUST-207649,5.0,Value for money,2024-12-13 12:00:00,Flipkart
FREV-504530,FPRD-00477,FCUST-296333,2.0,Awesome!,2024-10-08 17:00:00,Flipkart
FREV-504531,FPRD-01325,FCUST-532260,5.0,Value for money,2024-09-15 01:00:00,Flipkart
FREV-504532,FPRD-01469,FCUST-443856,4.0,Value for money,2024-10-11 08:00:00,Flipkart
FREV-504533,FPRD-01706,FCUST-217889,2.0,Highly recommended,2025-06-13 01:00:00,Flipkart
FREV-504534,FPRD-01684,FCUST-484461,1.0,Decent buy,2026-04-11 03:00:00,Flipkart
FREV-504535,FPRD-01979,FCUST-564847,3.0,Highly recommended,2025-04-12 04:00:00,Flipkart
FREV-504536,FPRD-00692,FCUST-560947,3.0,Poor packaging,2026-08-01 08:00:00,Flipkart
FREV-504537,FPRD-00047,FCUST-392920,1.0,Value for money,2025-09-29 01:00:00,Flipkart
FREV-504538,FPRD-01880,FCUST-412691,5.0,Poor packaging,2025-03-09 17:00:00,Flipkart
FREV-504539,FPRD-01009,FCUST-312812,4.0,Decent buy,2026-05-07 00:00:00,Flipkart
FREV-504540,FPRD-02303,FCUST-222035,1.0,Awesome!,2026-05-04 20:00:00,Flipkart
FREV-504541,FPRD-00472,FCUST-228618,5.0,Awesome!,2025-05-13 03:00:00,Flipkart
FREV-504542,FPRD-01985,FCUST-266386,5.0,Decent buy,2026-06-21 21:00:00,Flipkart
FREV-504543,FPRD-01189,FCUST-217835,4.0,Awesome!,2025-10-11 23:00:00,Flipkart
FREV-504544,FPRD-00105,FCUST-217880,3.0,Value for money,2025-12-28 05:00:00,Flipkart
FREV-504545,FPRD-00895,FCUST-379597,5.0,Decent buy,2025-07-25 09:00:00,Flipkart
FREV-504546,FPRD-00452,FCUST-358056,1.0,Poor packaging,2026-03-02 00:00:00,Flipkart
FREV-504547,FPRD-01840,FCUST-350392,3.0,Highly recommended,2025-02-01 07:00:00,Flipkart
FREV-504548,FPRD-01701,FCUST-540494,2.0,Awesome!,2026-05-26 10:00:00,Flipkart
FREV-504549,FPRD-00169,FCUST-464201,2.0,Highly recommended,2024-12-10 23:00:00,Flipkart
FREV-504550,FPRD-00533,FCUST-410104,1.0,Awesome!,2026-03-30 22:00:00,Flipkart
FREV-504551,FPRD-00180,FCUST-500188,5.0,Awesome!,2025-01-31 07:00:00,Flipkart
FREV-504552,FPRD-01112,FCUST-410480,1.0,Highly recommended,2025-06-13 05:00:00,Flipkart
FREV-504553,FPRD-00933,FCUST-512999,2.0,Awesome!,2026-02-21 09:00:00,Flipkart
FREV-504554,FPRD-02304,FCUST-564148,5.0,Value for money,2025-10-08 07:00:00,Flipkart
FREV-504555,FPRD-01927,FCUST-504913,1.0,Value for money,2024-11-12 22:00:00,Flipkart
FREV-504556,FPRD-01582,FCUST-371828,2.0,Decent buy,2026-07-17 21:00:00,Flipkart
FREV-504557,FPRD-00007,FCUST-516755,1.0,Value for money,2024-12-14 00:00:00,Flipkart
FREV-504558,FPRD-00073,FCUST-269836,4.0,Poor packaging,2025-11-12 22:00:00,Flipkart
FREV-504559,FPRD-01663,FCUST-437634,2.0,Decent buy,2025-10-25 21:00:00,Flipkart
FREV-504560,FPRD-00120,FCUST-501542,1.0,Value for money,2025-05-07 12:00:00,Flipkart
FREV-504561,FPRD-02302,FCUST-597963,5.0,Poor packaging,2025-03-12 21:00:00,Flipkart
FREV-504562,FPRD-00646,FCUST-490378,3.0,Highly recommended,2026-01-03 08:00:00,Flipkart
FREV-504563,FPRD-00329,FCUST-588562,1.0,Decent buy,2026-02-26 06:00:00,Flipkart
FREV-504564,FPRD-00886,FCUST-212217,2.0,Value for money,2025-09-18 21:00:00,Flipkart
FREV-504565,FPRD-02115,FCUST-307044,5.0,Awesome!,2024-09-08 17:00:00,Flipkart
FREV-504566,FPRD-01157,FCUST-289534,2.0,Poor packaging,2025-11-09 14:00:00,Flipkart
FREV-504567,FPRD-00390,FCUST-214349,2.0,Value for money,2026-01-25 10:00:00,Flipkart
FREV-504568,FPRD-00311,FCUST-542183,3.0,Poor packaging,2026-07-03 13:00:00,Flipkart
FREV-504569,FPRD-01164,FCUST-542898,5.0,Decent buy,2024-11-03 05:00:00,Flipkart
FREV-504570,FPRD-02422,FCUST-471347,5.0,Poor packaging,2026-06-26 15:00:00,Flipkart
FREV-504571,FPRD-01786,FCUST-384687,1.0,Awesome!,2025-02-18 16:00:00,Flipkart
FREV-504572,FPRD-00534,FCUST-385284,3.0,Value for money,2025-04-25 06:00:00,Flipkart
FREV-504573,FPRD-01865,FCUST-549964,2.0,Value for money,2024-11-03 20:00:00,Flipkart
FREV-504574,FPRD-02229,FCUST-556996,4.0,Poor packaging,2025-02-17 14:00:00,Flipkart
FREV-504575,FPRD-02005,FCUST-529664,,Poor packaging,2024-12-04 20:00:00,Flipkart
FREV-504576,FPRD-01799,FCUST-246370,2.0,Awesome!,2025-07-11 05:00:00,Flipkart
FREV-504577,FPRD-00832,FCUST-279221,5.0,Highly recommended,2026-07-19 13:00:00,Flipkart
FREV-504578,FPRD-00524,FCUST-462443,1.0,Highly recommended,2026-06-09 01:00:00,Flipkart
FREV-504579,FPRD-01380,FCUST-211049,4.0,Poor packaging,2026-01-17 20:00:00,Flipkart
FREV-504580,FPRD-00006,FCUST-284609,4.0,Value for money,2025-03-12 17:00:00,Flipkart
FREV-504581,FPRD-01177,FCUST-594074,5.0,Value for money,2026-06-29 03:00:00,Flipkart
FREV-504582,FPRD-02380,FCUST-342251,5.0,Decent buy,2025-12-16 06:00:00,Flipkart
FREV-504583,FPRD-00805,FCUST-454485,,Decent buy,2025-09-08 23:00:00,Flipkart
FREV-504584,FPRD-02193,FCUST-385284,4.0,Poor packaging,2025-02-06 02:00:00,Flipkart
FREV-504585,FPRD-00697,FCUST-569697,3.0,Decent buy,2026-03-09 19:00:00,Flipkart
FREV-504586,FPRD-02422,FCUST-224679,1.0,Awesome!,2026-07-18 02:00:00,Flipkart
FREV-504587,FPRD-00832,FCUST-313792,3.0,Poor packaging,2024-11-14 19:00:00,Flipkart
FREV-504588,FPRD-01043,FCUST-455796,5.0,Decent buy,2026-07-18 03:00:00,Flipkart
FREV-504589,FPRD-01917,FCUST-537791,4.0,Poor packaging,2025-05-28 08:00:00,Flipkart
FREV-504590,FPRD-02461,FCUST-242301,3.0,Awesome!,2026-04-10 09:00:00,Flipkart
FREV-504591,FPRD-01987,FCUST-578362,1.0,Value for money,2025-05-24 13:00:00,Flipkart
FREV-504592,FPRD-00872,FCUST-298567,3.0,Value for money,2025-06-15 23:00:00,Flipkart
FREV-504593,FPRD-02357,FCUST-223042,2.0,Poor packaging,2026-01-28 21:00:00,Flipkart
FREV-504594,FPRD-00237,FCUST-279331,4.0,Value for money,2025-05-29 03:00:00,Flipkart
FREV-504595,FPRD-02223,FCUST-550430,1.0,Highly recommended,2025-11-22 16:00:00,Flipkart
FREV-504596,FPRD-02492,FCUST-369182,4.0,Decent buy,2026-01-13 10:00:00,Flipkart
FREV-504597,FPRD-00424,FCUST-207983,1.0,Value for money,2025-09-03 12:00:00,Flipkart
FREV-504598,FPRD-00747,FCUST-566410,1.0,Awesome!,2025-10-06 07:00:00,Flipkart
FREV-504599,FPRD-00160,FCUST-361819,,Awesome!,2026-07-10 18:00:00,Flipkart
FREV-504600,FPRD-00943,FCUST-270978,3.0,Awesome!,2025-10-02 21:00:00,Flipkart
FREV-504601,FPRD-01296,FCUST-440402,1.0,Poor packaging,2026-05-11 16:00:00,Flipkart
FREV-504602,FPRD-01597,FCUST-530572,4.0,Highly recommended,2024-12-23 09:00:00,Flipkart
FREV-504603,FPRD-00860,FCUST-569695,3.0,Decent buy,2025-06-11 09:00:00,Flipkart
FREV-504604,FPRD-01431,FCUST-531096,2.0,Value for money,2025-12-11 06:00:00,Flipkart
FREV-504605,FPRD-01063,FCUST-329134,3.0,Highly recommended,2024-10-05 02:00:00,Flipkart
FREV-504606,FPRD-00822,FCUST-542183,5.0,Poor packaging,2025-10-03 02:00:00,Flipkart
FREV-504607,FPRD-01705,FCUST-241587,1.0,Awesome!,2026-06-03 02:00:00,Flipkart
FREV-504608,FPRD-01191,FCUST-514473,,Value for money,2025-07-30 06:00:00,Flipkart
FREV-504609,FPRD-02447,FCUST-202100,3.0,Highly recommended,2026-07-11 23:00:00,Flipkart
FREV-504610,FPRD-00252,FCUST-544334,2.0,Decent buy,2025-01-06 07:00:00,Flipkart
FREV-504611,FPRD-02164,FCUST-338175,4.0,Poor packaging,2024-08-31 17:00:00,Flipkart
FREV-504612,FPRD-00471,FCUST-464392,,Highly recommended,2026-02-10 17:00:00,Flipkart
FREV-504613,FPRD-00992,FCUST-587832,2.0,Poor packaging,2025-09-08 17:00:00,Flipkart
FREV-504614,FPRD-01998,FCUST-385649,3.0,Decent buy,2025-07-28 05:00:00,Flipkart
FREV-504615,FPRD-02380,FCUST-254974,,Awesome!,2026-03-15 17:00:00,Flipkart
FREV-504616,FPRD-01620,FCUST-547663,3.0,Decent buy,2025-12-26 10:00:00,Flipkart
FREV-504617,FPRD-02311,FCUST-441564,1.0,Poor packaging,2025-08-03 04:00:00,Flipkart
FREV-504618,FPRD-01347,FCUST-565583,1.0,Decent buy,2025-03-11 05:00:00,Flipkart
FREV-504619,FPRD-00482,FCUST-284184,5.0,Decent buy,2025-06-14 18:00:00,Flipkart
FREV-504620,FPRD-02267,FCUST-322705,3.0,Highly recommended,2026-01-22 19:00:00,Flipkart
FREV-504621,FPRD-02243,FCUST-206673,4.0,Decent buy,2026-06-28 02:00:00,Flipkart
FREV-504622,FPRD-00271,FCUST-334034,5.0,Decent buy,2025-07-11 00:00:00,Flipkart
FREV-504623,FPRD-00830,FCUST-419666,1.0,Value for money,2026-03-03 00:00:00,Flipkart
FREV-504624,FPRD-01888,FCUST-560005,5.0,Awesome!,2025-02-07 23:00:00,Flipkart
FREV-504625,FPRD-01671,FCUST-290144,4.0,Highly recommended,2025-12-16 16:00:00,Flipkart
FREV-504626,FPRD-02003,FCUST-571994,5.0,Poor packaging,2025-11-10 14:00:00,Flipkart
FREV-504627,FPRD-00007,FCUST-498052,5.0,Value for money,2026-07-17 17:00:00,Flipkart
FREV-504628,FPRD-00188,FCUST-284154,4.0,Value for money,2025-08-03 03:00:00,Flipkart
FREV-504629,FPRD-01902,FCUST-488145,3.0,Value for money,2025-11-13 04:00:00,Flipkart
FREV-504630,FPRD-00353,FCUST-376847,3.0,Decent buy,2025-07-28 06:00:00,Flipkart
FREV-504631,FPRD-00723,FCUST-446101,2.0,Highly recommended,2026-08-08 13:00:00,Flipkart
FREV-504632,FPRD-01761,FCUST-390933,1.0,Poor packaging,2025-05-11 09:00:00,Flipkart
FREV-504633,FPRD-00556,FCUST-389821,1.0,Value for money,2025-12-17 09:00:00,Flipkart
FREV-504634,FPRD-01774,FCUST-544035,2.0,Value for money,2025-11-16 12:00:00,Flipkart
FREV-504635,FPRD-01566,FCUST-428783,4.0,Poor packaging,2025-09-03 06:00:00,Flipkart
FREV-504636,FPRD-01157,FCUST-357377,3.0,Value for money,2025-03-26 17:00:00,Flipkart
FREV-504637,FPRD-00117,FCUST-461577,4.0,Decent buy,2026-08-08 12:00:00,Flipkart
FREV-504638,FPRD-00384,FCUST-531290,4.0,Decent buy,2025-07-09 16:00:00,Flipkart
FREV-504639,FPRD-02354,FCUST-533187,3.0,Highly recommended,2024-10-30 14:00:00,Flipkart
FREV-504640,FPRD-01589,FCUST-517052,2.0,Awesome!,2025-02-15 05:00:00,Flipkart
FREV-504641,FPRD-01636,FCUST-584154,3.0,Poor packaging,2025-05-29 10:00:00,Flipkart
FREV-504642,FPRD-00600,FCUST-332200,2.0,Awesome!,2024-12-18 18:00:00,Flipkart
FREV-504643,FPRD-00294,FCUST-378297,1.0,Awesome!,2025-10-29 19:00:00,Flipkart
FREV-504644,FPRD-00114,FCUST-326216,2.0,Highly recommended,2025-06-24 20:00:00,Flipkart
FREV-504645,FPRD-00528,FCUST-554238,4.0,Awesome!,2026-05-14 01:00:00,Flipkart
FREV-504646,FPRD-01383,FCUST-540998,4.0,Highly recommended,2024-12-25 00:00:00,Flipkart
FREV-504647,FPRD-00778,FCUST-560959,4.0,Decent buy,2025-08-15 00:00:00,Flipkart
FREV-504648,FPRD-00533,FCUST-569874,5.0,Poor packaging,2025-03-04 16:00:00,Flipkart
FREV-504649,FPRD-00668,FCUST-278428,1.0,Highly recommended,2025-10-26 22:00:00,Flipkart
FREV-504650,FPRD-01432,FCUST-438414,4.0,Awesome!,2024-08-24 19:00:00,Flipkart
FREV-504651,FPRD-02459,FCUST-237516,4.0,Highly recommended,2024-11-14 10:00:00,Flipkart
FREV-504652,FPRD-00901,FCUST-444734,1.0,Awesome!,2025-01-26 10:00:00,Flipkart
FREV-504653,FPRD-01668,FCUST-375543,,Highly recommended,2024-08-28 11:00:00,Flipkart
FREV-504654,FPRD-00365,FCUST-329083,1.0,Value for money,2026-02-18 01:00:00,Flipkart
FREV-504655,FPRD-01912,FCUST-382143,1.0,Poor packaging,2024-09-07 09:00:00,Flipkart
FREV-504656,FPRD-00879,FCUST-210349,2.0,Highly recommended,2025-11-11 13:00:00,Flipkart
FREV-504657,FPRD-00178,FCUST-457351,,Decent buy,2025-12-21 03:00:00,Flipkart
FREV-504658,FPRD-00249,FCUST-280818,5.0,Awesome!,2025-12-31 10:00:00,Flipkart
FREV-504659,FPRD-02121,FCUST-242753,5.0,Value for money,2025-09-11 17:00:00,Flipkart
FREV-504660,FPRD-01603,FCUST-338597,5.0,Poor packaging,2025-06-08 02:00:00,Flipkart
FREV-504661,FPRD-01116,FCUST-307506,5.0,Decent buy,2025-09-12 18:00:00,Flipkart
FREV-504662,FPRD-00403,FCUST-446205,3.0,Highly recommended,2026-07-29 19:00:00,Flipkart
FREV-504663,FPRD-00237,FCUST-383495,2.0,Highly recommended,2025-04-20 09:00:00,Flipkart
FREV-504664,FPRD-00749,FCUST-200468,1.0,Value for money,2026-06-28 23:00:00,Flipkart
FREV-504665,FPRD-02157,FCUST-502196,,Poor packaging,2026-04-26 14:00:00,Flipkart
FREV-504666,FPRD-01700,FCUST-240015,1.0,Highly recommended,2024-11-29 07:00:00,Flipkart
FREV-504667,FPRD-01574,FCUST-412964,,Awesome!,2025-11-14 18:00:00,Flipkart
FREV-504668,FPRD-00343,FCUST-563322,1.0,Highly recommended,2024-10-21 02:00:00,Flipkart
FREV-504669,FPRD-01025,FCUST-533756,1.0,Awesome!,2025-12-10 20:00:00,Flipkart
FREV-504670,FPRD-02451,FCUST-230922,2.0,Value for money,2025-07-21 19:00:00,Flipkart
FREV-504671,FPRD-01723,FCUST-560463,,Poor packaging,2025-02-27 09:00:00,Flipkart
FREV-504672,FPRD-00074,FCUST-580752,1.0,Highly recommended,2026-07-02 04:00:00,Flipkart
FREV-504673,FPRD-00169,FCUST-513835,1.0,Value for money,2026-07-05 23:00:00,Flipkart
FREV-504674,FPRD-01601,FCUST-205900,3.0,Value for money,2024-12-14 13:00:00,Flipkart
FREV-504675,FPRD-00032,FCUST-498678,4.0,Decent buy,2025-09-05 13:00:00,Flipkart
FREV-504676,FPRD-01170,FCUST-283585,4.0,Decent buy,2025-04-13 06:00:00,Flipkart
FREV-504677,FPRD-02252,FCUST-217379,3.0,Decent buy,2024-12-15 21:00:00,Flipkart
FREV-504678,FPRD-00487,FCUST-555041,3.0,Awesome!,2026-07-21 01:00:00,Flipkart
FREV-504679,FPRD-01142,FCUST-538846,4.0,Value for money,2026-07-31 12:00:00,Flipkart
FREV-504680,FPRD-00629,FCUST-322362,1.0,Highly recommended,2025-09-17 20:00:00,Flipkart
FREV-504681,FPRD-01750,FCUST-507999,2.0,Value for money,2026-01-30 15:00:00,Flipkart
FREV-504682,FPRD-02252,FCUST-278057,5.0,Poor packaging,2026-01-08 07:00:00,Flipkart
FREV-504683,FPRD-00554,FCUST-204250,1.0,Awesome!,2026-07-11 18:00:00,Flipkart
FREV-504684,FPRD-01257,FCUST-305378,1.0,Awesome!,2025-11-13 21:00:00,Flipkart
FREV-504685,FPRD-01312,FCUST-265401,4.0,Value for money,2025-07-28 17:00:00,Flipkart
FREV-504686,FPRD-02270,FCUST-369182,2.0,Poor packaging,2026-01-13 10:00:00,Flipkart
FREV-504687,FPRD-00049,FCUST-407665,5.0,Poor packaging,2025-12-15 15:00:00,Flipkart
FREV-504688,FPRD-01995,FCUST-530516,4.0,Poor packaging,2025-06-28 21:00:00,Flipkart
FREV-504689,FPRD-01072,FCUST-496538,2.0,Value for money,2025-01-21 17:00:00,Flipkart
FREV-504690,FPRD-01001,FCUST-422882,4.0,Highly recommended,2026-02-28 00:00:00,Flipkart
FREV-504691,FPRD-00982,FCUST-510986,3.0,Poor packaging,2024-10-25 11:00:00,Flipkart
FREV-504692,FPRD-00427,FCUST-419542,2.0,Awesome!,2025-05-08 09:00:00,Flipkart
FREV-504693,FPRD-02409,FCUST-459875,3.0,Poor packaging,2024-08-27 18:00:00,Flipkart
FREV-504694,FPRD-02243,FCUST-589312,5.0,Awesome!,2025-10-08 21:00:00,Flipkart
FREV-504695,FPRD-01733,FCUST-261610,,Awesome!,2024-09-15 15:00:00,Flipkart
FREV-504696,FPRD-01878,FCUST-236209,2.0,Poor packaging,2025-07-20 12:00:00,Flipkart
FREV-504697,FPRD-01662,FCUST-589811,4.0,Highly recommended,2025-11-03 15:00:00,Flipkart
FREV-504698,FPRD-02029,FCUST-240516,5.0,Value for money,2026-08-06 01:00:00,Flipkart
FREV-504699,FPRD-00234,FCUST-505740,2.0,Awesome!,2026-03-10 20:00:00,Flipkart
FREV-504700,FPRD-02357,FCUST-256417,3.0,Value for money,2026-04-13 16:00:00,Flipkart
FREV-504701,FPRD-00665,FCUST-220567,1.0,Highly recommended,2025-12-20 06:00:00,Flipkart
FREV-504702,FPRD-02165,FCUST-267220,5.0,Decent buy,2024-12-16 09:00:00,Flipkart
FREV-504703,FPRD-01006,FCUST-321964,4.0,Awesome!,2026-02-24 20:00:00,Flipkart
FREV-504704,FPRD-01247,FCUST-517109,2.0,Poor packaging,2025-09-08 00:00:00,Flipkart
FREV-504705,FPRD-01403,FCUST-353147,4.0,Awesome!,2026-03-24 14:00:00,Flipkart
FREV-504706,FPRD-01642,FCUST-401835,1.0,Highly recommended,2024-09-12 00:00:00,Flipkart
FREV-504707,FPRD-01263,FCUST-489169,2.0,Decent buy,2025-12-25 07:00:00,Flipkart
FREV-504708,FPRD-00471,FCUST-344718,5.0,Poor packaging,2026-05-25 15:00:00,Flipkart
FREV-504709,FPRD-00192,FCUST-420855,4.0,Poor packaging,2024-09-26 11:00:00,Flipkart
FREV-504710,FPRD-02370,FCUST-286724,4.0,Decent buy,2025-11-03 19:00:00,Flipkart
FREV-504711,FPRD-02335,FCUST-540504,2.0,Highly recommended,2024-09-18 11:00:00,Flipkart
FREV-504712,FPRD-01418,FCUST-542898,2.0,Poor packaging,2025-10-18 05:00:00,Flipkart
FREV-504713,FPRD-01595,FCUST-323830,1.0,Highly recommended,2025-08-04 04:00:00,Flipkart
FREV-504714,FPRD-01914,FCUST-478415,1.0,Value for money,2026-04-10 19:00:00,Flipkart
FREV-504715,FPRD-01687,FCUST-230418,4.0,Awesome!,2026-01-02 14:00:00,Flipkart
FREV-504716,FPRD-00910,FCUST-582856,,Awesome!,2025-02-15 03:00:00,Flipkart
FREV-504717,FPRD-01800,FCUST-298018,5.0,Awesome!,2025-11-02 10:00:00,Flipkart
FREV-504718,FPRD-01695,FCUST-349074,1.0,Poor packaging,2024-12-09 11:00:00,Flipkart
FREV-504719,FPRD-00243,FCUST-266445,,Poor packaging,2025-06-06 02:00:00,Flipkart
FREV-504720,FPRD-00529,FCUST-266987,1.0,Decent buy,2026-05-24 09:00:00,Flipkart
FREV-504721,FPRD-00337,FCUST-260737,3.0,Value for money,2025-12-24 13:00:00,Flipkart
FREV-504722,FPRD-01519,FCUST-554943,1.0,Awesome!,2025-01-31 01:00:00,Flipkart
FREV-504723,FPRD-02268,FCUST-303971,3.0,Value for money,2025-03-21 17:00:00,Flipkart
FREV-504724,FPRD-01543,FCUST-392251,4.0,Awesome!,2025-08-10 03:00:00,Flipkart
FREV-504725,FPRD-00156,FCUST-539326,4.0,Awesome!,2026-02-17 09:00:00,Flipkart
FREV-504726,FPRD-00233,FCUST-530091,2.0,Value for money,2025-07-12 03:00:00,Flipkart
FREV-504727,FPRD-02458,FCUST-330180,4.0,Value for money,2024-08-27 01:00:00,Flipkart
FREV-504728,FPRD-00972,FCUST-240974,2.0,Poor packaging,2024-08-30 06:00:00,Flipkart
FREV-504729,FPRD-01594,FCUST-520497,4.0,Awesome!,2026-06-14 07:00:00,Flipkart
FREV-504730,FPRD-01217,FCUST-503916,,Decent buy,2025-08-22 06:00:00,Flipkart
FREV-504731,FPRD-02350,FCUST-434908,4.0,Value for money,2025-05-12 10:00:00,Flipkart
FREV-504732,FPRD-01398,FCUST-527430,2.0,Value for money,2026-02-23 19:00:00,Flipkart
FREV-504733,FPRD-02254,FCUST-301872,5.0,Highly recommended,2026-01-27 04:00:00,Flipkart
FREV-504734,FPRD-02248,FCUST-556473,1.0,Highly recommended,2024-12-12 15:00:00,Flipkart
FREV-504735,FPRD-02238,FCUST-431675,3.0,Value for money,2024-10-04 15:00:00,Flipkart
FREV-504736,FPRD-01253,FCUST-386594,3.0,Awesome!,2025-09-04 07:00:00,Flipkart
FREV-504737,FPRD-01757,FCUST-412661,1.0,Poor packaging,2025-03-07 22:00:00,Flipkart
FREV-504738,FPRD-01152,FCUST-573145,5.0,Awesome!,2024-12-11 17:00:00,Flipkart
FREV-504739,FPRD-00359,FCUST-226985,4.0,Decent buy,2026-03-07 04:00:00,Flipkart
FREV-504740,FPRD-02080,FCUST-204532,5.0,Awesome!,2026-05-27 13:00:00,Flipkart
FREV-504741,FPRD-01192,FCUST-246012,,Highly recommended,2025-05-02 20:00:00,Flipkart
FREV-504742,FPRD-01583,FCUST-285902,4.0,Poor packaging,2026-02-25 09:00:00,Flipkart
FREV-504743,FPRD-01667,FCUST-410908,1.0,Decent buy,2025-07-27 00:00:00,Flipkart
FREV-504744,FPRD-01865,FCUST-286160,3.0,Poor packaging,2024-12-29 23:00:00,Flipkart
FREV-504745,FPRD-02302,FCUST-411252,4.0,Awesome!,2025-08-26 16:00:00,Flipkart
FREV-504746,FPRD-01699,FCUST-476037,1.0,Value for money,2025-06-19 05:00:00,Flipkart
FREV-504747,FPRD-02468,FCUST-311410,1.0,Poor packaging,2024-08-30 17:00:00,Flipkart
FREV-504748,FPRD-00015,FCUST-253907,2.0,Highly recommended,2024-09-30 18:00:00,Flipkart
FREV-504749,FPRD-00105,FCUST-541086,,Decent buy,2025-10-08 22:00:00,Flipkart
FREV-504750,FPRD-00442,FCUST-201205,4.0,Awesome!,2025-03-28 22:00:00,Flipkart
FREV-504751,FPRD-01120,FCUST-572215,,Highly recommended,2024-12-04 00:00:00,Flipkart
FREV-504752,FPRD-00827,FCUST-376182,5.0,Awesome!,2026-08-06 04:00:00,Flipkart
FREV-504753,FPRD-01997,FCUST-273532,4.0,Poor packaging,2025-11-07 01:00:00,Flipkart
FREV-504754,FPRD-01860,FCUST-300367,5.0,Awesome!,2025-04-14 02:00:00,Flipkart
FREV-504755,FPRD-00941,FCUST-501164,1.0,Decent buy,2024-10-01 20:00:00,Flipkart
FREV-504756,FPRD-02044,FCUST-443795,2.0,Poor packaging,2024-09-07 04:00:00,Flipkart
FREV-504757,FPRD-01609,FCUST-355884,,Poor packaging,2026-05-18 17:00:00,Flipkart
FREV-504758,FPRD-00218,FCUST-376316,2.0,Poor packaging,2026-07-20 13:00:00,Flipkart
FREV-504759,FPRD-00080,FCUST-330456,3.0,Decent buy,2026-02-18 05:00:00,Flipkart
FREV-504760,FPRD-01303,FCUST-359499,2.0,Decent buy,2025-02-04 02:00:00,Flipkart
FREV-504761,FPRD-01877,FCUST-292590,4.0,Decent buy,2025-08-26 01:00:00,Flipkart
FREV-504762,FPRD-02223,FCUST-409118,3.0,Poor packaging,2026-03-07 02:00:00,Flipkart
FREV-504763,FPRD-00760,FCUST-556903,4.0,Poor packaging,2024-11-25 15:00:00,Flipkart
FREV-504764,FPRD-02240,FCUST-234608,2.0,Decent buy,2025-10-27 04:00:00,Flipkart
FREV-504765,FPRD-01738,FCUST-252735,1.0,Poor packaging,2024-09-27 21:00:00,Flipkart
FREV-504766,FPRD-01759,FCUST-224265,3.0,Highly recommended,2024-11-13 06:00:00,Flipkart
FREV-504767,FPRD-02050,FCUST-296414,5.0,Decent buy,2025-12-01 16:00:00,Flipkart
FREV-504768,FPRD-00095,FCUST-345139,2.0,Value for money,2024-11-18 03:00:00,Flipkart
FREV-504769,FPRD-00809,FCUST-226380,1.0,Awesome!,2024-12-25 09:00:00,Flipkart
FREV-504770,FPRD-01260,FCUST-259528,1.0,Highly recommended,2024-10-29 18:00:00,Flipkart
FREV-504771,FPRD-02250,FCUST-221342,5.0,Decent buy,2025-03-12 12:00:00,Flipkart
FREV-504772,FPRD-00240,FCUST-430986,1.0,Poor packaging,2025-12-20 05:00:00,Flipkart
FREV-504773,FPRD-01493,FCUST-442134,5.0,Value for money,2025-11-25 13:00:00,Flipkart
FREV-504774,FPRD-02486,FCUST-583568,5.0,Awesome!,2026-07-28 09:00:00,Flipkart
FREV-504775,FPRD-01309,FCUST-289612,5.0,Awesome!,2024-12-14 09:00:00,Flipkart
FREV-504776,FPRD-01599,FCUST-544528,,Value for money,2025-02-28 12:00:00,Flipkart
FREV-504777,FPRD-00140,FCUST-411203,2.0,Decent buy,2025-11-15 02:00:00,Flipkart
FREV-504778,FPRD-00701,FCUST-529664,2.0,Value for money,2025-04-18 13:00:00,Flipkart
FREV-504779,FPRD-01051,FCUST-462333,2.0,Awesome!,2025-09-13 12:00:00,Flipkart
FREV-504780,FPRD-02054,FCUST-320262,4.0,Value for money,2025-08-29 01:00:00,Flipkart
FREV-504781,FPRD-02166,FCUST-201715,2.0,Decent buy,2024-10-09 08:00:00,Flipkart
FREV-504782,FPRD-01102,FCUST-229413,4.0,Highly recommended,2025-08-02 23:00:00,Flipkart
FREV-504783,FPRD-02055,FCUST-260077,5.0,Value for money,2025-06-07 07:00:00,Flipkart
FREV-504784,FPRD-01616,FCUST-220844,4.0,Awesome!,2025-04-11 19:00:00,Flipkart
FREV-504785,FPRD-02068,FCUST-395776,5.0,Value for money,2024-08-08 05:00:00,Flipkart
FREV-504786,FPRD-00835,FCUST-414846,,Decent buy,2025-01-25 23:00:00,Flipkart
FREV-504787,FPRD-01296,FCUST-588562,3.0,Highly recommended,2026-02-26 06:00:00,Flipkart
FREV-504788,FPRD-00710,FCUST-478116,4.0,Value for money,2026-05-08 11:00:00,Flipkart
FREV-504789,FPRD-02233,FCUST-348489,1.0,Awesome!,2025-08-13 18:00:00,Flipkart
FREV-504790,FPRD-00401,FCUST-211035,1.0,Awesome!,2026-01-15 13:00:00,Flipkart
FREV-504791,FPRD-01757,FCUST-337065,2.0,Decent buy,2026-02-02 06:00:00,Flipkart
FREV-504792,FPRD-00737,FCUST-220802,3.0,Value for money,2024-12-22 11:00:00,Flipkart
FREV-504793,FPRD-02280,FCUST-294341,,Awesome!,2025-12-10 03:00:00,Flipkart
FREV-504794,FPRD-01982,FCUST-393367,4.0,Value for money,2025-01-07 10:00:00,Flipkart
FREV-504795,FPRD-00141,FCUST-581894,1.0,Awesome!,2025-08-22 23:00:00,Flipkart
FREV-504796,FPRD-01104,FCUST-431661,3.0,Highly recommended,2025-03-15 04:00:00,Flipkart
FREV-504797,FPRD-00638,FCUST-591955,4.0,Decent buy,2026-01-21 11:00:00,Flipkart
FREV-504798,FPRD-00875,FCUST-262155,2.0,Value for money,2025-07-09 04:00:00,Flipkart
FREV-504799,FPRD-00091,FCUST-318629,3.0,Highly recommended,2026-02-15 10:00:00,Flipkart
FREV-504800,FPRD-01881,FCUST-366668,5.0,Awesome!,2025-08-21 20:00:00,Flipkart
FREV-504801,FPRD-00584,FCUST-506848,5.0,Awesome!,2026-06-08 17:00:00,Flipkart
FREV-504802,FPRD-01296,FCUST-475271,5.0,Poor packaging,2026-03-23 14:00:00,Flipkart
FREV-504803,FPRD-01200,FCUST-581035,4.0,Awesome!,2025-11-18 11:00:00,Flipkart
FREV-504804,FPRD-00422,FCUST-243028,1.0,Awesome!,2026-06-15 08:00:00,Flipkart
FREV-504805,FPRD-01310,FCUST-218323,3.0,Highly recommended,2026-05-30 15:00:00,Flipkart
FREV-504806,FPRD-01164,FCUST-388096,4.0,Poor packaging,2024-11-23 10:00:00,Flipkart
FREV-504807,FPRD-01929,FCUST-405407,5.0,Poor packaging,2025-10-14 03:00:00,Flipkart
FREV-504808,FPRD-00887,FCUST-344839,2.0,Awesome!,2026-01-09 00:00:00,Flipkart
FREV-504809,FPRD-00034,FCUST-411406,2.0,Awesome!,2025-03-04 20:00:00,Flipkart
FREV-504810,FPRD-00196,FCUST-415230,2.0,Poor packaging,2025-04-27 17:00:00,Flipkart
FREV-504811,FPRD-01179,FCUST-382840,,Highly recommended,2026-02-19 16:00:00,Flipkart
FREV-504812,FPRD-01817,FCUST-242077,,Poor packaging,2026-03-27 12:00:00,Flipkart
FREV-504813,FPRD-02259,FCUST-356761,5.0,Highly recommended,2025-01-13 14:00:00,Flipkart
FREV-504814,FPRD-01157,FCUST-554374,3.0,Value for money,2026-02-20 08:00:00,Flipkart
FREV-504815,FPRD-01575,FCUST-574664,1.0,Awesome!,2025-09-09 21:00:00,Flipkart
FREV-504816,FPRD-02058,FCUST-590761,4.0,Awesome!,2025-11-19 17:00:00,Flipkart
FREV-504817,FPRD-00897,FCUST-214330,,Highly recommended,2025-05-03 03:00:00,Flipkart
FREV-504818,FPRD-01554,FCUST-341453,2.0,Poor packaging,2025-10-07 07:00:00,Flipkart
FREV-504819,FPRD-01604,FCUST-297883,5.0,Highly recommended,2025-01-09 00:00:00,Flipkart
FREV-504820,FPRD-00652,FCUST-435228,2.0,Awesome!,2026-05-22 01:00:00,Flipkart
FREV-504821,FPRD-02044,FCUST-525913,4.0,Poor packaging,2026-07-09 02:00:00,Flipkart
FREV-504822,FPRD-00694,FCUST-499163,4.0,Decent buy,2026-05-06 16:00:00,Flipkart
FREV-504823,FPRD-01426,FCUST-518024,,Decent buy,2026-02-13 00:00:00,Flipkart
FREV-504824,FPRD-00544,FCUST-538862,,Awesome!,2026-07-31 08:00:00,Flipkart
FREV-504825,FPRD-02469,FCUST-465191,,Decent buy,2024-12-18 07:00:00,Flipkart
FREV-504826,FPRD-00024,FCUST-324455,4.0,Decent buy,2026-03-16 08:00:00,Flipkart
FREV-504827,FPRD-02087,FCUST-407756,2.0,Decent buy,2025-10-23 02:00:00,Flipkart
FREV-504828,FPRD-02458,FCUST-379503,5.0,Highly recommended,2024-11-06 17:00:00,Flipkart
FREV-504829,FPRD-02237,FCUST-296350,2.0,Decent buy,2024-12-17 14:00:00,Flipkart
FREV-504830,FPRD-02113,FCUST-520892,5.0,Poor packaging,2025-07-20 16:00:00,Flipkart
FREV-504831,FPRD-01062,FCUST-263822,,Value for money,2024-10-06 14:00:00,Flipkart
FREV-504832,FPRD-02344,FCUST-531621,1.0,Highly recommended,2024-10-28 19:00:00,Flipkart
FREV-504833,FPRD-00534,FCUST-259286,1.0,Poor packaging,2025-06-27 22:00:00,Flipkart
FREV-504834,FPRD-02329,FCUST-493249,1.0,Value for money,2026-06-05 17:00:00,Flipkart
FREV-504835,FPRD-00457,FCUST-238738,2.0,Highly recommended,2025-11-16 21:00:00,Flipkart
FREV-504836,FPRD-00914,FCUST-598415,5.0,Awesome!,2026-03-22 00:00:00,Flipkart
FREV-504837,FPRD-01693,FCUST-299017,5.0,Awesome!,2025-03-17 04:00:00,Flipkart
FREV-504838,FPRD-00357,FCUST-580153,4.0,Poor packaging,2026-02-02 05:00:00,Flipkart
FREV-504839,FPRD-00040,FCUST-210515,4.0,Awesome!,2026-02-25 00:00:00,Flipkart
FREV-504840,FPRD-00816,FCUST-477055,4.0,Awesome!,2026-01-11 08:00:00,Flipkart
FREV-504841,FPRD-00686,FCUST-378903,5.0,Poor packaging,2024-11-19 12:00:00,Flipkart
FREV-504842,FPRD-01554,FCUST-201309,4.0,Awesome!,2025-01-10 00:00:00,Flipkart
FREV-504843,FPRD-01898,FCUST-320869,2.0,Poor packaging,2025-05-05 22:00:00,Flipkart
FREV-504844,FPRD-00437,FCUST-465438,4.0,Awesome!,2026-01-03 10:00:00,Flipkart
FREV-504845,FPRD-00578,FCUST-344761,,Poor packaging,2024-11-19 15:00:00,Flipkart
FREV-504846,FPRD-02291,FCUST-395181,5.0,Poor packaging,2024-11-30 00:00:00,Flipkart
FREV-504847,FPRD-00464,FCUST-491951,1.0,Decent buy,2025-05-04 05:00:00,Flipkart
FREV-504848,FPRD-01370,FCUST-355630,5.0,Value for money,2025-02-15 01:00:00,Flipkart
FREV-504849,FPRD-01816,FCUST-578492,3.0,Highly recommended,2025-04-22 05:00:00,Flipkart
FREV-504850,FPRD-02393,FCUST-311549,4.0,Decent buy,2025-11-29 13:00:00,Flipkart
FREV-504851,FPRD-00420,FCUST-586020,1.0,Decent buy,2026-04-14 08:00:00,Flipkart
FREV-504852,FPRD-01699,FCUST-444879,5.0,Poor packaging,2025-04-10 21:00:00,Flipkart
FREV-504853,FPRD-01199,FCUST-385063,1.0,Awesome!,2025-05-27 09:00:00,Flipkart
FREV-504854,FPRD-01002,FCUST-494112,3.0,Poor packaging,2025-03-07 20:00:00,Flipkart
FREV-504855,FPRD-02481,FCUST-245748,,Highly recommended,2025-01-10 11:00:00,Flipkart
FREV-504856,FPRD-01975,FCUST-580273,,Awesome!,2025-09-30 04:00:00,Flipkart
FREV-504857,FPRD-01975,FCUST-531102,,Awesome!,2024-11-04 07:00:00,Flipkart
FREV-504858,FPRD-01961,FCUST-350757,2.0,Poor packaging,2025-01-29 09:00:00,Flipkart
FREV-504859,FPRD-02391,FCUST-359143,,Value for money,2025-07-05 19:00:00,Flipkart
FREV-504860,FPRD-00404,FCUST-338478,4.0,Poor packaging,2026-06-24 04:00:00,Flipkart
FREV-504861,FPRD-02015,FCUST-513769,1.0,Awesome!,2024-11-29 19:00:00,Flipkart
FREV-504862,FPRD-01604,FCUST-531550,5.0,Decent buy,2024-09-04 19:00:00,Flipkart
FREV-504863,FPRD-00973,FCUST-227080,,Value for money,2025-09-07 03:00:00,Flipkart
FREV-504864,FPRD-00737,FCUST-522334,2.0,Value for money,2025-11-23 15:00:00,Flipkart
FREV-504865,FPRD-02054,FCUST-421194,5.0,Awesome!,2025-01-16 19:00:00,Flipkart
FREV-504866,FPRD-01460,FCUST-442369,5.0,Awesome!,2025-06-08 07:00:00,Flipkart
FREV-504867,FPRD-02426,FCUST-297881,2.0,Awesome!,2026-07-20 06:00:00,Flipkart
FREV-504868,FPRD-01909,FCUST-345512,2.0,Highly recommended,2025-04-13 10:00:00,Flipkart
FREV-504869,FPRD-02385,FCUST-259591,4.0,Highly recommended,2026-01-03 06:00:00,Flipkart
FREV-504870,FPRD-01709,FCUST-586953,5.0,Poor packaging,2024-10-31 00:00:00,Flipkart
FREV-504871,FPRD-00561,FCUST-244523,4.0,Poor packaging,2024-12-15 17:00:00,Flipkart
FREV-504872,FPRD-00982,FCUST-210252,5.0,Decent buy,2026-02-27 17:00:00,Flipkart
FREV-504873,FPRD-02028,FCUST-341272,1.0,Poor packaging,2026-04-22 21:00:00,Flipkart
FREV-504874,FPRD-01519,FCUST-495859,2.0,Awesome!,2025-12-09 23:00:00,Flipkart
FREV-504875,FPRD-00461,FCUST-567578,5.0,Value for money,2025-02-28 12:00:00,Flipkart
FREV-504876,FPRD-02239,FCUST-404313,1.0,Highly recommended,2026-02-27 02:00:00,Flipkart
FREV-504877,FPRD-00984,FCUST-515883,1.0,Awesome!,2025-07-10 19:00:00,Flipkart
FREV-504878,FPRD-00604,FCUST-395164,2.0,Value for money,2025-05-16 17:00:00,Flipkart
FREV-504879,FPRD-00003,FCUST-408220,2.0,Decent buy,2026-07-04 12:00:00,Flipkart
FREV-504880,FPRD-02382,FCUST-209802,3.0,Decent buy,2026-06-19 11:00:00,Flipkart
FREV-504881,FPRD-02424,FCUST-237122,1.0,Poor packaging,2024-10-31 23:00:00,Flipkart
FREV-504882,FPRD-01165,FCUST-386079,2.0,Highly recommended,2025-09-09 17:00:00,Flipkart
FREV-504883,FPRD-02256,FCUST-331663,5.0,Decent buy,2026-01-31 07:00:00,Flipkart
FREV-504884,FPRD-01500,FCUST-549775,3.0,Highly recommended,2025-08-07 15:00:00,Flipkart
FREV-504885,FPRD-02356,FCUST-446902,5.0,Highly recommended,2025-09-14 04:00:00,Flipkart
FREV-504886,FPRD-01628,FCUST-317792,3.0,Decent buy,2024-11-09 03:00:00,Flipkart
FREV-504887,FPRD-00095,FCUST-277808,2.0,Poor packaging,2026-02-14 11:00:00,Flipkart
FREV-504888,FPRD-00530,FCUST-426947,,Highly recommended,2025-03-20 16:00:00,Flipkart
FREV-504889,FPRD-01455,FCUST-279061,3.0,Value for money,2024-12-06 11:00:00,Flipkart
FREV-504890,FPRD-00496,FCUST-286373,1.0,Awesome!,2025-06-25 19:00:00,Flipkart
FREV-504891,FPRD-00773,FCUST-248275,3.0,Highly recommended,2026-08-04 10:00:00,Flipkart
FREV-504892,FPRD-01918,FCUST-438414,5.0,Highly recommended,2024-08-24 19:00:00,Flipkart
FREV-504893,FPRD-01578,FCUST-337105,1.0,Awesome!,2026-07-14 20:00:00,Flipkart
FREV-504894,FPRD-01823,FCUST-537601,5.0,Poor packaging,2026-06-29 12:00:00,Flipkart
FREV-504895,FPRD-01311,FCUST-376666,3.0,Awesome!,2024-08-17 08:00:00,Flipkart
FREV-504896,FPRD-01846,FCUST-303568,1.0,Poor packaging,2025-02-03 04:00:00,Flipkart
FREV-504897,FPRD-01988,FCUST-594632,5.0,Awesome!,2025-05-23 04:00:00,Flipkart
FREV-504898,FPRD-01436,FCUST-214140,5.0,Highly recommended,2026-07-11 05:00:00,Flipkart
FREV-504899,FPRD-01241,FCUST-469981,3.0,Highly recommended,2024-09-15 17:00:00,Flipkart
FREV-504900,FPRD-01746,FCUST-577223,3.0,Poor packaging,2025-08-13 02:00:00,Flipkart
FREV-504901,FPRD-00195,FCUST-371828,3.0,Value for money,2026-07-17 21:00:00,Flipkart
FREV-504902,FPRD-02465,FCUST-364142,1.0,Highly recommended,2026-06-20 20:00:00,Flipkart
FREV-504903,FPRD-01757,FCUST-560402,2.0,Value for money,2025-02-11 10:00:00,Flipkart
FREV-504904,FPRD-01196,FCUST-503916,,Poor packaging,2025-08-22 06:00:00,Flipkart
FREV-504905,FPRD-01294,FCUST-266445,1.0,Awesome!,2026-02-06 21:00:00,Flipkart
FREV-504906,FPRD-01976,FCUST-564443,4.0,Value for money,2024-09-21 08:00:00,Flipkart
FREV-504907,FPRD-01911,FCUST-531437,5.0,Decent buy,2024-08-17 15:00:00,Flipkart
FREV-504908,FPRD-00567,FCUST-241101,3.0,Poor packaging,2026-07-21 16:00:00,Flipkart
FREV-504909,FPRD-02177,FCUST-534287,1.0,Poor packaging,2025-05-24 08:00:00,Flipkart
FREV-504910,FPRD-00501,FCUST-278055,1.0,Value for money,2026-01-27 09:00:00,Flipkart
FREV-504911,FPRD-00123,FCUST-490675,1.0,Value for money,2025-10-31 03:00:00,Flipkart
FREV-504912,FPRD-00875,FCUST-579614,,Decent buy,2025-12-22 05:00:00,Flipkart
FREV-504913,FPRD-00276,FCUST-203461,2.0,Decent buy,2025-02-02 22:00:00,Flipkart
FREV-504914,FPRD-01699,FCUST-253907,4.0,Decent buy,2025-06-07 03:00:00,Flipkart
FREV-504915,FPRD-01502,FCUST-447539,1.0,Decent buy,2024-09-29 23:00:00,Flipkart
FREV-504916,FPRD-00336,FCUST-483566,,Awesome!,2026-03-14 21:00:00,Flipkart
FREV-504917,FPRD-01069,FCUST-498431,4.0,Value for money,2025-02-13 00:00:00,Flipkart
FREV-504918,FPRD-01989,FCUST-441760,5.0,Decent buy,2026-04-30 12:00:00,Flipkart
FREV-504919,FPRD-02447,FCUST-547270,1.0,Decent buy,2026-05-05 08:00:00,Flipkart
FREV-504920,FPRD-00642,FCUST-422849,4.0,Decent buy,2025-02-14 14:00:00,Flipkart
FREV-504921,FPRD-02442,FCUST-547899,5.0,Poor packaging,2026-05-27 04:00:00,Flipkart
FREV-504922,FPRD-00008,FCUST-539593,5.0,Value for money,2026-06-06 03:00:00,Flipkart
FREV-504923,FPRD-01213,FCUST-255792,5.0,Poor packaging,2025-08-30 04:00:00,Flipkart
FREV-504924,FPRD-01114,FCUST-239105,,Highly recommended,2026-05-06 10:00:00,Flipkart
FREV-504925,FPRD-02272,FCUST-559469,5.0,Decent buy,2026-03-11 23:00:00,Flipkart
FREV-504926,FPRD-01706,FCUST-367529,5.0,Value for money,2026-03-30 11:00:00,Flipkart
FREV-504927,FPRD-02046,FCUST-346092,5.0,Decent buy,2026-03-21 19:00:00,Flipkart
FREV-504928,FPRD-00721,FCUST-476275,1.0,Awesome!,2025-06-13 07:00:00,Flipkart
FREV-504929,FPRD-00722,FCUST-227338,3.0,Awesome!,2026-03-08 07:00:00,Flipkart
FREV-504930,FPRD-00407,FCUST-312184,4.0,Awesome!,2026-07-29 23:00:00,Flipkart
FREV-504931,FPRD-01620,FCUST-566334,5.0,Value for money,2026-02-08 08:00:00,Flipkart
FREV-504932,FPRD-00583,FCUST-352317,3.0,Poor packaging,2024-10-09 00:00:00,Flipkart
FREV-504933,FPRD-01862,FCUST-382143,3.0,Decent buy,2024-09-26 10:00:00,Flipkart
FREV-504934,FPRD-01978,FCUST-565043,1.0,Value for money,2026-07-22 16:00:00,Flipkart
FREV-504935,FPRD-02386,FCUST-351989,4.0,Highly recommended,2026-07-31 07:00:00,Flipkart
FREV-504936,FPRD-00287,FCUST-521693,2.0,Decent buy,2026-03-12 04:00:00,Flipkart
FREV-504937,FPRD-00734,FCUST-483425,4.0,Awesome!,2025-09-04 22:00:00,Flipkart
FREV-504938,FPRD-00838,FCUST-574041,3.0,Poor packaging,2024-11-16 18:00:00,Flipkart
FREV-504939,FPRD-00867,FCUST-580280,2.0,Decent buy,2026-02-12 05:00:00,Flipkart
FREV-504940,FPRD-01843,FCUST-263327,,Poor packaging,2026-06-09 05:00:00,Flipkart
FREV-504941,FPRD-02104,FCUST-521570,4.0,Poor packaging,2026-01-25 22:00:00,Flipkart
FREV-504942,FPRD-01957,FCUST-295148,5.0,Highly recommended,2025-01-27 21:00:00,Flipkart
FREV-504943,FPRD-01000,FCUST-452541,4.0,Poor packaging,2025-08-25 01:00:00,Flipkart
FREV-504944,FPRD-01106,FCUST-514500,1.0,Awesome!,2025-09-28 00:00:00,Flipkart
FREV-504945,FPRD-01241,FCUST-218887,,Poor packaging,2025-05-07 18:00:00,Flipkart
FREV-504946,FPRD-00165,FCUST-513643,4.0,Value for money,2025-06-20 07:00:00,Flipkart
FREV-504947,FPRD-01421,FCUST-444233,3.0,Poor packaging,2025-03-31 13:00:00,Flipkart
FREV-504948,FPRD-02500,FCUST-485617,3.0,Poor packaging,2025-12-03 18:00:00,Flipkart
FREV-504949,FPRD-01179,FCUST-351028,4.0,Highly recommended,2024-12-27 22:00:00,Flipkart
FREV-504950,FPRD-00849,FCUST-462443,1.0,Poor packaging,2026-02-19 08:00:00,Flipkart
FREV-504951,FPRD-00203,FCUST-427469,3.0,Awesome!,2025-09-17 21:00:00,Flipkart
FREV-504952,FPRD-01032,FCUST-242185,5.0,Highly recommended,2025-09-18 09:00:00,Flipkart
FREV-504953,FPRD-00813,FCUST-396224,3.0,Poor packaging,2025-12-06 11:00:00,Flipkart
FREV-504954,FPRD-01897,FCUST-242077,3.0,Poor packaging,2026-03-27 12:00:00,Flipkart
FREV-504955,FPRD-02089,FCUST-545500,,Awesome!,2025-03-26 20:00:00,Flipkart
FREV-504956,FPRD-00485,FCUST-446565,3.0,Poor packaging,2025-01-15 21:00:00,Flipkart
FREV-504957,FPRD-00154,FCUST-286752,3.0,Poor packaging,2025-08-27 18:00:00,Flipkart
FREV-504958,FPRD-01690,FCUST-499391,5.0,Highly recommended,2024-10-07 15:00:00,Flipkart
FREV-504959,FPRD-01892,FCUST-521163,3.0,Decent buy,2026-02-23 05:00:00,Flipkart
FREV-504960,FPRD-01691,FCUST-213376,,Value for money,2026-04-26 07:00:00,Flipkart
FREV-504961,FPRD-01262,FCUST-596112,1.0,Highly recommended,2025-07-06 19:00:00,Flipkart
FREV-504962,FPRD-01066,FCUST-259485,5.0,Poor packaging,2026-01-21 10:00:00,Flipkart
FREV-504963,FPRD-02260,FCUST-568229,4.0,Poor packaging,2026-04-04 16:00:00,Flipkart
FREV-504964,FPRD-00455,FCUST-435160,5.0,Awesome!,2025-06-24 08:00:00,Flipkart
FREV-504965,FPRD-01151,FCUST-204163,4.0,Highly recommended,2026-02-21 02:00:00,Flipkart
FREV-504966,FPRD-00348,FCUST-218887,2.0,Awesome!,2026-06-11 09:00:00,Flipkart
FREV-504967,FPRD-01856,FCUST-569974,5.0,Awesome!,2025-07-29 17:00:00,Flipkart
FREV-504968,FPRD-02440,FCUST-275203,5.0,Decent buy,2024-08-18 15:00:00,Flipkart
FREV-504969,FPRD-01924,FCUST-462443,4.0,Poor packaging,2025-11-10 05:00:00,Flipkart
FREV-504970,FPRD-01685,FCUST-385340,5.0,Value for money,2026-02-26 16:00:00,Flipkart
FREV-504971,FPRD-02457,FCUST-221997,1.0,Decent buy,2026-08-03 01:00:00,Flipkart
FREV-504972,FPRD-00873,FCUST-330584,2.0,Poor packaging,2025-01-20 12:00:00,Flipkart
FREV-504973,FPRD-00408,FCUST-242777,1.0,Value for money,2024-11-04 13:00:00,Flipkart
FREV-504974,FPRD-00414,FCUST-342500,,Decent buy,2024-09-15 14:00:00,Flipkart
FREV-504975,FPRD-01536,FCUST-245865,2.0,Value for money,2025-02-21 04:00:00,Flipkart
FREV-504976,FPRD-01604,FCUST-445338,3.0,Decent buy,2026-03-01 19:00:00,Flipkart
FREV-504977,FPRD-02448,FCUST-408075,1.0,Highly recommended,2024-10-24 15:00:00,Flipkart
FREV-504978,FPRD-00168,FCUST-201966,5.0,Highly recommended,2026-07-19 20:00:00,Flipkart
FREV-504979,FPRD-02343,FCUST-245420,3.0,Awesome!,2024-10-22 04:00:00,Flipkart
FREV-504980,FPRD-00992,FCUST-278694,,Poor packaging,2025-04-27 11:00:00,Flipkart
FREV-504981,FPRD-02438,FCUST-437279,4.0,Poor packaging,2025-07-30 11:00:00,Flipkart
FREV-504982,FPRD-01514,FCUST-213621,5.0,Poor packaging,2024-12-03 22:00:00,Flipkart
FREV-504983,FPRD-00131,FCUST-527789,3.0,Poor packaging,2026-06-02 14:00:00,Flipkart
FREV-504984,FPRD-00531,FCUST-306008,2.0,Value for money,2024-10-21 08:00:00,Flipkart
FREV-504985,FPRD-02084,FCUST-497808,4.0,Highly recommended,2026-08-01 03:00:00,Flipkart
FREV-504986,FPRD-00974,FCUST-411409,2.0,Awesome!,2025-08-26 17:00:00,Flipkart
FREV-504987,FPRD-01690,FCUST-404291,,Value for money,2026-02-04 16:00:00,Flipkart
FREV-504988,FPRD-02259,FCUST-421507,3.0,Highly recommended,2026-01-28 21:00:00,Flipkart
FREV-504989,FPRD-00024,FCUST-221873,3.0,Decent buy,2025-04-14 19:00:00,Flipkart
FREV-504990,FPRD-01986,FCUST-469526,2.0,Highly recommended,2026-04-25 21:00:00,Flipkart
FREV-504991,FPRD-00655,FCUST-559769,3.0,Highly recommended,2025-07-15 01:00:00,Flipkart
FREV-504992,FPRD-01749,FCUST-217377,5.0,Poor packaging,2026-08-04 01:00:00,Flipkart
FREV-504993,FPRD-01591,FCUST-216366,2.0,Poor packaging,2025-11-06 16:00:00,Flipkart
FREV-504994,FPRD-01402,FCUST-316033,4.0,Value for money,2024-11-15 20:00:00,Flipkart
FREV-504995,FPRD-00381,FCUST-339400,,Poor packaging,2025-05-12 15:00:00,Flipkart
FREV-504996,FPRD-02022,FCUST-516217,3.0,Awesome!,2025-01-29 23:00:00,Flipkart
FREV-504997,FPRD-01022,FCUST-531055,1.0,Highly recommended,2024-10-29 06:00:00,Flipkart
FREV-504998,FPRD-02472,FCUST-377176,4.0,Poor packaging,2025-09-19 00:00:00,Flipkart
FREV-504999,FPRD-01945,FCUST-359065,5.0,Highly recommended,2026-04-21 18:00:00,Flipkart
FREV-505000,FPRD-00551,FCUST-514473,4.0,Decent buy,2024-09-03 03:00:00,Flipkart
FREV-505001,FPRD-00039,FCUST-567104,4.0,Awesome!,2025-10-07 02:00:00,Flipkart
FREV-505002,FPRD-00033,FCUST-306405,3.0,Decent buy,2026-08-08 06:00:00,Flipkart
FREV-505003,FPRD-00811,FCUST-578248,,Highly recommended,2025-05-02 08:00:00,Flipkart
FREV-505004,FPRD-00973,FCUST-379597,1.0,Highly recommended,2024-08-14 02:00:00,Flipkart
FREV-505005,FPRD-02093,FCUST-284466,4.0,Decent buy,2024-10-04 06:00:00,Flipkart
FREV-505006,FPRD-00047,FCUST-385284,1.0,Value for money,2025-04-25 06:00:00,Flipkart
FREV-505007,FPRD-02374,FCUST-541874,4.0,Poor packaging,2025-01-15 22:00:00,Flipkart
FREV-505008,FPRD-00264,FCUST-592094,3.0,Decent buy,2026-01-11 01:00:00,Flipkart
FREV-505009,FPRD-01213,FCUST-256213,3.0,Awesome!,2025-12-26 02:00:00,Flipkart
FREV-505010,FPRD-01286,FCUST-488145,2.0,Poor packaging,2025-11-06 21:00:00,Flipkart
FREV-505011,FPRD-01810,FCUST-316987,5.0,Decent buy,2024-11-19 17:00:00,Flipkart
FREV-505012,FPRD-02283,FCUST-287399,3.0,Poor packaging,2025-01-03 02:00:00,Flipkart
FREV-505013,FPRD-00554,FCUST-577491,1.0,Highly recommended,2025-10-17 14:00:00,Flipkart
FREV-505014,FPRD-01632,FCUST-574487,,Poor packaging,2025-09-13 08:00:00,Flipkart
FREV-505015,FPRD-01654,FCUST-484611,,Awesome!,2026-01-24 06:00:00,Flipkart
FREV-505016,FPRD-02487,FCUST-330180,1.0,Highly recommended,2024-08-27 01:00:00,Flipkart
FREV-505017,FPRD-01236,FCUST-553258,1.0,Poor packaging,2025-04-01 18:00:00,Flipkart
FREV-505018,FPRD-00411,FCUST-223024,2.0,Poor packaging,2025-10-02 07:00:00,Flipkart
FREV-505019,FPRD-00740,FCUST-419902,5.0,Awesome!,2026-04-12 23:00:00,Flipkart
FREV-505020,FPRD-00243,FCUST-446565,3.0,Highly recommended,2025-01-15 21:00:00,Flipkart
FREV-505021,FPRD-01110,FCUST-260654,1.0,Awesome!,2025-09-09 18:00:00,Flipkart
FREV-505022,FPRD-02059,FCUST-389930,2.0,Awesome!,2026-04-08 17:00:00,Flipkart
FREV-505023,FPRD-01913,FCUST-445846,2.0,Value for money,2024-10-28 07:00:00,Flipkart
FREV-505024,FPRD-02194,FCUST-574947,4.0,Highly recommended,2025-03-16 19:00:00,Flipkart
FREV-505025,FPRD-01566,FCUST-348593,5.0,Awesome!,2026-04-27 04:00:00,Flipkart
FREV-505026,FPRD-02026,FCUST-532978,3.0,Highly recommended,2025-07-16 06:00:00,Flipkart
FREV-505027,FPRD-01854,FCUST-400420,4.0,Decent buy,2025-03-13 07:00:00,Flipkart
FREV-505028,FPRD-00637,FCUST-309186,5.0,Highly recommended,2024-08-11 17:00:00,Flipkart
FREV-505029,FPRD-02139,FCUST-589178,3.0,Value for money,2026-06-02 12:00:00,Flipkart
FREV-505030,FPRD-00841,FCUST-310973,2.0,Highly recommended,2026-03-30 13:00:00,Flipkart
FREV-505031,FPRD-02423,FCUST-379597,2.0,Awesome!,2026-07-05 18:00:00,Flipkart
FREV-505032,FPRD-01801,FCUST-203548,5.0,Highly recommended,2025-02-21 06:00:00,Flipkart
FREV-505033,FPRD-01499,FCUST-267813,,Decent buy,2025-07-11 16:00:00,Flipkart
FREV-505034,FPRD-01697,FCUST-510906,3.0,Awesome!,2026-08-09 11:00:00,Flipkart
FREV-505035,FPRD-01493,FCUST-486095,1.0,Decent buy,2026-06-09 23:00:00,Flipkart
FREV-505036,FPRD-01824,FCUST-207193,4.0,Poor packaging,2024-09-14 13:00:00,Flipkart
FREV-505037,FPRD-02359,FCUST-284862,5.0,Awesome!,2026-01-06 14:00:00,Flipkart
FREV-505038,FPRD-00393,FCUST-534168,3.0,Awesome!,2026-05-05 03:00:00,Flipkart
FREV-505039,FPRD-01037,FCUST-540998,3.0,Value for money,2025-11-24 08:00:00,Flipkart
FREV-505040,FPRD-02463,FCUST-366344,2.0,Awesome!,2024-11-29 09:00:00,Flipkart
FREV-505041,FPRD-01920,FCUST-588586,5.0,Decent buy,2026-04-16 09:00:00,Flipkart
FREV-505042,FPRD-00379,FCUST-395188,5.0,Value for money,2024-09-01 18:00:00,Flipkart
FREV-505043,FPRD-00321,FCUST-227187,2.0,Highly recommended,2025-06-10 04:00:00,Flipkart
FREV-505044,FPRD-00525,FCUST-459432,1.0,Awesome!,2026-01-13 02:00:00,Flipkart
FREV-505045,FPRD-01874,FCUST-432892,3.0,Value for money,2025-11-27 09:00:00,Flipkart
FREV-505046,FPRD-01280,FCUST-324175,2.0,Value for money,2026-02-19 15:00:00,Flipkart
FREV-505047,FPRD-02411,FCUST-255380,1.0,Poor packaging,2025-05-05 14:00:00,Flipkart
FREV-505048,FPRD-01348,FCUST-289476,3.0,Poor packaging,2025-07-04 23:00:00,Flipkart
FREV-505049,FPRD-02295,FCUST-223293,,Decent buy,2025-04-05 07:00:00,Flipkart
FREV-505050,FPRD-02452,FCUST-376393,2.0,Awesome!,2025-11-27 06:00:00,Flipkart
FREV-505051,FPRD-01756,FCUST-599310,1.0,Awesome!,2026-03-15 03:00:00,Flipkart
FREV-505052,FPRD-00811,FCUST-255262,,Value for money,2026-06-12 17:00:00,Flipkart
FREV-505053,FPRD-01171,FCUST-314514,2.0,Value for money,2026-02-27 12:00:00,Flipkart
FREV-505054,FPRD-01516,FCUST-351482,3.0,Highly recommended,2025-05-19 14:00:00,Flipkart
FREV-505055,FPRD-01686,FCUST-475489,4.0,Value for money,2025-02-06 05:00:00,Flipkart
FREV-505056,FPRD-01724,FCUST-523616,4.0,Decent buy,2026-01-12 15:00:00,Flipkart
FREV-505057,FPRD-01408,FCUST-452976,,Highly recommended,2025-12-17 09:00:00,Flipkart
FREV-505058,FPRD-01230,FCUST-317727,,Poor packaging,2025-08-03 14:00:00,Flipkart
FREV-505059,FPRD-01066,FCUST-598638,2.0,Awesome!,2025-07-06 03:00:00,Flipkart
FREV-505060,FPRD-01514,FCUST-225098,3.0,Poor packaging,2025-04-23 23:00:00,Flipkart
FREV-505061,FPRD-01787,FCUST-433694,1.0,Poor packaging,2025-05-06 20:00:00,Flipkart
FREV-505062,FPRD-00063,FCUST-310253,3.0,Poor packaging,2025-08-20 13:00:00,Flipkart
FREV-505063,FPRD-01680,FCUST-489633,4.0,Awesome!,2026-04-10 17:00:00,Flipkart
FREV-505064,FPRD-01696,FCUST-218225,,Awesome!,2024-08-17 23:00:00,Flipkart
FREV-505065,FPRD-00351,FCUST-509622,1.0,Value for money,2024-09-15 01:00:00,Flipkart
FREV-505066,FPRD-00112,FCUST-292194,2.0,Value for money,2025-09-23 04:00:00,Flipkart
FREV-505067,FPRD-00689,FCUST-294068,3.0,Poor packaging,2025-05-19 19:00:00,Flipkart
FREV-505068,FPRD-00905,FCUST-233075,1.0,Decent buy,2025-11-13 20:00:00,Flipkart
FREV-505069,FPRD-01912,FCUST-574487,2.0,Awesome!,2026-02-28 07:00:00,Flipkart
FREV-505070,FPRD-01524,FCUST-431806,4.0,Highly recommended,2024-11-15 05:00:00,Flipkart
FREV-505071,FPRD-01136,FCUST-269945,,Awesome!,2025-01-30 03:00:00,Flipkart
FREV-505072,FPRD-00607,FCUST-301429,2.0,Value for money,2024-11-06 23:00:00,Flipkart
FREV-505073,FPRD-02345,FCUST-375756,1.0,Value for money,2024-12-08 07:00:00,Flipkart
FREV-505074,FPRD-01100,FCUST-363218,1.0,Awesome!,2026-01-05 08:00:00,Flipkart
FREV-505075,FPRD-02390,FCUST-293873,1.0,Value for money,2024-11-19 06:00:00,Flipkart
FREV-505076,FPRD-00790,FCUST-479263,3.0,Decent buy,2025-01-14 08:00:00,Flipkart
FREV-505077,FPRD-02330,FCUST-507974,2.0,Awesome!,2024-08-11 19:00:00,Flipkart
FREV-505078,FPRD-00839,FCUST-244199,5.0,Poor packaging,2026-01-15 18:00:00,Flipkart
FREV-505079,FPRD-00978,FCUST-597217,3.0,Awesome!,2026-07-20 17:00:00,Flipkart
FREV-505080,FPRD-02464,FCUST-367083,4.0,Poor packaging,2025-02-03 12:00:00,Flipkart
FREV-505081,FPRD-01186,FCUST-397804,2.0,Decent buy,2025-03-24 08:00:00,Flipkart
FREV-505082,FPRD-01301,FCUST-520720,3.0,Poor packaging,2025-09-29 16:00:00,Flipkart
FREV-505083,FPRD-01966,FCUST-387894,4.0,Awesome!,2024-08-25 20:00:00,Flipkart
FREV-505084,FPRD-00892,FCUST-428997,3.0,Awesome!,2025-10-21 09:00:00,Flipkart
FREV-505085,FPRD-01075,FCUST-540949,,Value for money,2025-08-05 03:00:00,Flipkart
FREV-505086,FPRD-00352,FCUST-359649,5.0,Poor packaging,2026-02-05 14:00:00,Flipkart
FREV-505087,FPRD-02469,FCUST-413678,5.0,Poor packaging,2025-03-03 10:00:00,Flipkart
FREV-505088,FPRD-00167,FCUST-504835,3.0,Poor packaging,2025-03-21 07:00:00,Flipkart
FREV-505089,FPRD-00329,FCUST-246588,5.0,Value for money,2026-01-29 14:00:00,Flipkart
FREV-505090,FPRD-02107,FCUST-367529,4.0,Decent buy,2026-03-30 11:00:00,Flipkart
FREV-505091,FPRD-01262,FCUST-215849,3.0,Value for money,2025-04-30 14:00:00,Flipkart
FREV-505092,FPRD-02211,FCUST-479733,1.0,Decent buy,2026-05-02 10:00:00,Flipkart
FREV-505093,FPRD-01978,FCUST-580316,,Decent buy,2024-09-17 10:00:00,Flipkart
FREV-505094,FPRD-00224,FCUST-554142,2.0,Value for money,2024-11-06 01:00:00,Flipkart
FREV-505095,FPRD-02084,FCUST-414965,2.0,Awesome!,2025-06-30 02:00:00,Flipkart
FREV-505096,FPRD-02294,FCUST-511030,3.0,Awesome!,2026-02-18 08:00:00,Flipkart
FREV-505097,FPRD-00817,FCUST-236352,1.0,Highly recommended,2025-03-12 18:00:00,Flipkart
FREV-505098,FPRD-00180,FCUST-264870,3.0,Poor packaging,2024-10-06 01:00:00,Flipkart
FREV-505099,FPRD-00860,FCUST-549050,1.0,Highly recommended,2025-01-10 01:00:00,Flipkart
FREV-505100,FPRD-00925,FCUST-567728,5.0,Highly recommended,2026-08-04 17:00:00,Flipkart
FREV-505101,FPRD-01249,FCUST-229677,3.0,Poor packaging,2025-12-05 16:00:00,Flipkart
FREV-505102,FPRD-01004,FCUST-264297,5.0,Value for money,2025-12-14 23:00:00,Flipkart
FREV-505103,FPRD-01594,FCUST-409718,,Value for money,2026-05-14 12:00:00,Flipkart
FREV-505104,FPRD-00452,FCUST-458398,1.0,Awesome!,2025-01-20 01:00:00,Flipkart
FREV-505105,FPRD-00270,FCUST-344682,2.0,Awesome!,2025-07-12 23:00:00,Flipkart
FREV-505106,FPRD-01189,FCUST-330934,5.0,Awesome!,2025-08-24 12:00:00,Flipkart
FREV-505107,FPRD-00496,FCUST-476143,4.0,Highly recommended,2025-12-16 03:00:00,Flipkart
FREV-505108,FPRD-00697,FCUST-529850,5.0,Decent buy,2024-08-31 10:00:00,Flipkart
FREV-505109,FPRD-01784,FCUST-521899,5.0,Decent buy,2024-08-17 12:00:00,Flipkart
FREV-505110,FPRD-00501,FCUST-211329,3.0,Value for money,2026-04-20 16:00:00,Flipkart
FREV-505111,FPRD-02374,FCUST-202767,2.0,Decent buy,2024-10-19 12:00:00,Flipkart
FREV-505112,FPRD-01053,FCUST-439659,1.0,Decent buy,2026-07-19 03:00:00,Flipkart
FREV-505113,FPRD-00081,FCUST-594232,4.0,Value for money,2026-03-24 21:00:00,Flipkart
FREV-505114,FPRD-01252,FCUST-339156,3.0,Value for money,2025-06-07 04:00:00,Flipkart
FREV-505115,FPRD-00879,FCUST-564252,3.0,Poor packaging,2025-06-11 20:00:00,Flipkart
FREV-505116,FPRD-02283,FCUST-220795,2.0,Poor packaging,2025-09-03 17:00:00,Flipkart
FREV-505117,FPRD-00717,FCUST-569468,1.0,Value for money,2026-03-24 05:00:00,Flipkart
FREV-505118,FPRD-00284,FCUST-367404,2.0,Decent buy,2026-05-29 18:00:00,Flipkart
FREV-505119,FPRD-01371,FCUST-558850,5.0,Poor packaging,2025-02-13 06:00:00,Flipkart
FREV-505120,FPRD-01356,FCUST-366887,2.0,Awesome!,2024-12-24 07:00:00,Flipkart
FREV-505121,FPRD-00287,FCUST-466826,,Value for money,2026-04-29 09:00:00,Flipkart
FREV-505122,FPRD-00569,FCUST-511042,,Value for money,2025-01-27 13:00:00,Flipkart
FREV-505123,FPRD-00938,FCUST-393628,5.0,Poor packaging,2026-07-14 09:00:00,Flipkart
FREV-505124,FPRD-01882,FCUST-238261,1.0,Poor packaging,2024-10-15 14:00:00,Flipkart
FREV-505125,FPRD-00217,FCUST-397736,2.0,Poor packaging,2026-04-23 15:00:00,Flipkart
FREV-505126,FPRD-02264,FCUST-258109,4.0,Decent buy,2024-11-15 18:00:00,Flipkart
FREV-505127,FPRD-02436,FCUST-433987,5.0,Poor packaging,2026-08-11 14:00:00,Flipkart
FREV-505128,FPRD-01288,FCUST-554187,5.0,Highly recommended,2026-03-19 21:00:00,Flipkart
FREV-505129,FPRD-00675,FCUST-579614,2.0,Value for money,2025-12-22 05:00:00,Flipkart
FREV-505130,FPRD-02242,FCUST-330778,3.0,Poor packaging,2025-02-05 14:00:00,Flipkart
FREV-505131,FPRD-01138,FCUST-307189,2.0,Decent buy,2026-07-04 02:00:00,Flipkart
FREV-505132,FPRD-01979,FCUST-245306,2.0,Decent buy,2025-11-08 14:00:00,Flipkart
FREV-505133,FPRD-00358,FCUST-282601,3.0,Value for money,2025-08-08 09:00:00,Flipkart
FREV-505134,FPRD-00255,FCUST-205563,3.0,Poor packaging,2026-03-09 18:00:00,Flipkart
FREV-505135,FPRD-02329,FCUST-217209,5.0,Poor packaging,2025-05-30 20:00:00,Flipkart
FREV-505136,FPRD-02387,FCUST-495511,4.0,Awesome!,2025-02-25 02:00:00,Flipkart
FREV-505137,FPRD-02162,FCUST-279007,4.0,Highly recommended,2026-05-19 08:00:00,Flipkart
FREV-505138,FPRD-00157,FCUST-471297,2.0,Decent buy,2025-03-28 22:00:00,Flipkart
FREV-505139,FPRD-01563,FCUST-528600,4.0,Awesome!,2025-07-12 15:00:00,Flipkart
FREV-505140,FPRD-02284,FCUST-358271,1.0,Highly recommended,2025-09-17 04:00:00,Flipkart
FREV-505141,FPRD-01561,FCUST-441597,,Decent buy,2025-12-23 18:00:00,Flipkart
FREV-505142,FPRD-00617,FCUST-351555,5.0,Decent buy,2024-12-16 13:00:00,Flipkart
FREV-505143,FPRD-00970,FCUST-539546,4.0,Highly recommended,2026-03-07 00:00:00,Flipkart
FREV-505144,FPRD-02323,FCUST-390860,1.0,Poor packaging,2024-09-29 01:00:00,Flipkart
FREV-505145,FPRD-01850,FCUST-401766,1.0,Value for money,2025-01-28 11:00:00,Flipkart
FREV-505146,FPRD-00240,FCUST-524295,4.0,Value for money,2026-07-14 20:00:00,Flipkart
FREV-505147,FPRD-01715,FCUST-355669,2.0,Awesome!,2025-08-16 13:00:00,Flipkart
FREV-505148,FPRD-02445,FCUST-351664,1.0,Poor packaging,2026-02-12 23:00:00,Flipkart
FREV-505149,FPRD-01456,FCUST-412613,1.0,Highly recommended,2026-07-22 22:00:00,Flipkart
FREV-505150,FPRD-01069,FCUST-421194,2.0,Poor packaging,2025-01-16 19:00:00,Flipkart
FREV-505151,FPRD-01311,FCUST-351642,3.0,Awesome!,2024-10-23 03:00:00,Flipkart
FREV-505152,FPRD-01870,FCUST-384467,1.0,Awesome!,2025-01-13 08:00:00,Flipkart
FREV-505153,FPRD-00604,FCUST-394392,4.0,Poor packaging,2026-06-30 08:00:00,Flipkart
FREV-505154,FPRD-01886,FCUST-306466,5.0,Poor packaging,2026-07-09 02:00:00,Flipkart
FREV-505155,FPRD-02324,FCUST-504517,2.0,Highly recommended,2026-01-29 21:00:00,Flipkart
FREV-505156,FPRD-02005,FCUST-361088,5.0,Awesome!,2026-06-12 09:00:00,Flipkart
FREV-505157,FPRD-01855,FCUST-330934,4.0,Awesome!,2025-10-29 16:00:00,Flipkart
FREV-505158,FPRD-00991,FCUST-269630,1.0,Highly recommended,2025-03-25 12:00:00,Flipkart
FREV-505159,FPRD-02482,FCUST-265636,1.0,Decent buy,2025-04-27 07:00:00,Flipkart
FREV-505160,FPRD-00686,FCUST-516041,1.0,Poor packaging,2024-12-05 13:00:00,Flipkart
FREV-505161,FPRD-02252,FCUST-330351,3.0,Decent buy,2025-03-27 01:00:00,Flipkart
FREV-505162,FPRD-00277,FCUST-390205,1.0,Decent buy,2025-08-11 09:00:00,Flipkart
FREV-505163,FPRD-00560,FCUST-256214,1.0,Awesome!,2026-06-22 04:00:00,Flipkart
FREV-505164,FPRD-00396,FCUST-439244,3.0,Awesome!,2026-01-31 20:00:00,Flipkart
FREV-505165,FPRD-01397,FCUST-538044,4.0,Poor packaging,2025-09-22 05:00:00,Flipkart
FREV-505166,FPRD-02237,FCUST-246313,2.0,Decent buy,2025-10-30 07:00:00,Flipkart
FREV-505167,FPRD-01081,FCUST-206361,1.0,Poor packaging,2026-02-27 14:00:00,Flipkart
FREV-505168,FPRD-00563,FCUST-320864,3.0,Poor packaging,2024-08-27 00:00:00,Flipkart
FREV-505169,FPRD-00667,FCUST-244015,2.0,Poor packaging,2025-04-23 05:00:00,Flipkart
FREV-505170,FPRD-01844,FCUST-229156,2.0,Awesome!,2025-06-09 18:00:00,Flipkart
FREV-505171,FPRD-01919,FCUST-591961,,Value for money,2025-12-14 07:00:00,Flipkart
FREV-505172,FPRD-01558,FCUST-246012,2.0,Highly recommended,2026-04-10 21:00:00,Flipkart
FREV-505173,FPRD-00322,FCUST-382646,5.0,Value for money,2025-01-07 10:00:00,Flipkart
FREV-505174,FPRD-00768,FCUST-383425,4.0,Highly recommended,2025-04-14 06:00:00,Flipkart
FREV-505175,FPRD-00848,FCUST-404328,5.0,Decent buy,2025-12-11 12:00:00,Flipkart
FREV-505176,FPRD-01385,FCUST-593955,1.0,Decent buy,2024-11-09 10:00:00,Flipkart
FREV-505177,FPRD-00255,FCUST-353072,5.0,Decent buy,2026-06-18 03:00:00,Flipkart
FREV-505178,FPRD-01163,FCUST-469824,4.0,Decent buy,2026-02-08 10:00:00,Flipkart
FREV-505179,FPRD-02087,FCUST-229571,3.0,Awesome!,2025-09-27 07:00:00,Flipkart
FREV-505180,FPRD-00483,FCUST-266421,3.0,Awesome!,2026-02-18 13:00:00,Flipkart
FREV-505181,FPRD-02490,FCUST-276817,3.0,Decent buy,2026-04-09 13:00:00,Flipkart
FREV-505182,FPRD-00004,FCUST-217055,1.0,Poor packaging,2025-11-15 13:00:00,Flipkart
FREV-505183,FPRD-01054,FCUST-499050,2.0,Poor packaging,2025-04-14 00:00:00,Flipkart
FREV-505184,FPRD-01889,FCUST-452261,3.0,Poor packaging,2024-12-24 15:00:00,Flipkart
FREV-505185,FPRD-00975,FCUST-427049,,Decent buy,2025-12-18 15:00:00,Flipkart
FREV-505186,FPRD-01854,FCUST-216030,3.0,Highly recommended,2025-08-12 21:00:00,Flipkart
FREV-505187,FPRD-01420,FCUST-455623,4.0,Decent buy,2025-09-13 02:00:00,Flipkart
FREV-505188,FPRD-00637,FCUST-369747,,Highly recommended,2025-11-25 10:00:00,Flipkart
FREV-505189,FPRD-01828,FCUST-335167,1.0,Poor packaging,2026-07-30 09:00:00,Flipkart
FREV-505190,FPRD-02008,FCUST-401766,2.0,Value for money,2025-01-28 11:00:00,Flipkart
FREV-505191,FPRD-00871,FCUST-452715,2.0,Value for money,2025-11-19 06:00:00,Flipkart
FREV-505192,FPRD-02026,FCUST-389543,2.0,Poor packaging,2025-11-13 04:00:00,Flipkart
FREV-505193,FPRD-01962,FCUST-252351,2.0,Awesome!,2025-10-26 15:00:00,Flipkart
FREV-505194,FPRD-02002,FCUST-390857,5.0,Value for money,2025-04-10 14:00:00,Flipkart
FREV-505195,FPRD-01331,FCUST-205932,5.0,Decent buy,2025-08-11 01:00:00,Flipkart
FREV-505196,FPRD-02373,FCUST-266084,,Awesome!,2026-05-06 23:00:00,Flipkart
FREV-505197,FPRD-01935,FCUST-230563,2.0,Decent buy,2025-07-22 19:00:00,Flipkart
FREV-505198,FPRD-02271,FCUST-333201,2.0,Value for money,2025-02-27 21:00:00,Flipkart
FREV-505199,FPRD-00215,FCUST-395340,4.0,Highly recommended,2024-09-15 23:00:00,Flipkart
FREV-505200,FPRD-01826,FCUST-567261,4.0,Value for money,2025-07-21 21:00:00,Flipkart
FREV-505201,FPRD-01666,FCUST-545489,3.0,Highly recommended,2025-07-27 00:00:00,Flipkart
FREV-505202,FPRD-02131,FCUST-228835,2.0,Awesome!,2026-01-27 07:00:00,Flipkart
FREV-505203,FPRD-00037,FCUST-220795,4.0,Awesome!,2025-09-03 17:00:00,Flipkart
FREV-505204,FPRD-02047,FCUST-242773,3.0,Awesome!,2026-01-06 00:00:00,Flipkart
FREV-505205,FPRD-00010,FCUST-363515,5.0,Value for money,2026-02-21 23:00:00,Flipkart
FREV-505206,FPRD-00639,FCUST-470658,5.0,Awesome!,2026-07-24 22:00:00,Flipkart
FREV-505207,FPRD-01329,FCUST-543997,4.0,Awesome!,2025-11-01 13:00:00,Flipkart
FREV-505208,FPRD-02300,FCUST-299391,1.0,Highly recommended,2025-11-04 21:00:00,Flipkart
FREV-505209,FPRD-02021,FCUST-223042,,Poor packaging,2025-06-04 10:00:00,Flipkart
FREV-505210,FPRD-00183,FCUST-441564,5.0,Value for money,2025-08-03 04:00:00,Flipkart
FREV-505211,FPRD-01504,FCUST-580752,3.0,Decent buy,2025-10-24 20:00:00,Flipkart
FREV-505212,FPRD-01561,FCUST-526255,5.0,Value for money,2026-01-27 00:00:00,Flipkart
FREV-505213,FPRD-01782,FCUST-464967,5.0,Poor packaging,2025-06-01 13:00:00,Flipkart
FREV-505214,FPRD-01748,FCUST-272983,1.0,Value for money,2024-12-28 05:00:00,Flipkart
FREV-505215,FPRD-00341,FCUST-583200,2.0,Highly recommended,2026-07-14 09:00:00,Flipkart
FREV-505216,FPRD-00981,FCUST-242198,1.0,Decent buy,2026-02-16 01:00:00,Flipkart
FREV-505217,FPRD-01230,FCUST-293560,3.0,Decent buy,2025-07-09 19:00:00,Flipkart
FREV-505218,FPRD-01295,FCUST-359700,4.0,Highly recommended,2026-06-11 07:00:00,Flipkart
FREV-505219,FPRD-01487,FCUST-571999,4.0,Poor packaging,2025-10-21 16:00:00,Flipkart
FREV-505220,FPRD-00617,FCUST-254947,1.0,Awesome!,2026-01-07 12:00:00,Flipkart
FREV-505221,FPRD-01985,FCUST-593943,5.0,Value for money,2025-05-11 06:00:00,Flipkart
FREV-505222,FPRD-00890,FCUST-391814,1.0,Value for money,2026-01-21 18:00:00,Flipkart
FREV-505223,FPRD-01861,FCUST-425574,,Highly recommended,2026-05-15 14:00:00,Flipkart
FREV-505224,FPRD-01520,FCUST-578886,5.0,Poor packaging,2026-08-08 07:00:00,Flipkart
FREV-505225,FPRD-02474,FCUST-538160,,Decent buy,2026-02-23 08:00:00,Flipkart
FREV-505226,FPRD-00797,FCUST-372175,1.0,Highly recommended,2026-02-23 10:00:00,Flipkart
FREV-505227,FPRD-00841,FCUST-274102,4.0,Value for money,2024-10-10 18:00:00,Flipkart
FREV-505228,FPRD-01313,FCUST-378725,2.0,Poor packaging,2026-02-22 18:00:00,Flipkart
FREV-505229,FPRD-01338,FCUST-373238,2.0,Poor packaging,2025-09-01 22:00:00,Flipkart
FREV-505230,FPRD-00972,FCUST-351930,5.0,Decent buy,2025-11-28 08:00:00,Flipkart
FREV-505231,FPRD-02206,FCUST-527470,4.0,Awesome!,2025-09-20 23:00:00,Flipkart
FREV-505232,FPRD-02242,FCUST-210938,4.0,Highly recommended,2026-07-08 11:00:00,Flipkart
FREV-505233,FPRD-00636,FCUST-267436,3.0,Poor packaging,2025-12-04 21:00:00,Flipkart
FREV-505234,FPRD-02343,FCUST-476275,1.0,Value for money,2025-06-13 07:00:00,Flipkart
FREV-505235,FPRD-00097,FCUST-400239,2.0,Awesome!,2025-02-16 12:00:00,Flipkart
FREV-505236,FPRD-01744,FCUST-230809,2.0,Poor packaging,2025-10-01 07:00:00,Flipkart
FREV-505237,FPRD-00265,FCUST-485377,3.0,Decent buy,2025-01-29 17:00:00,Flipkart
FREV-505238,FPRD-00059,FCUST-390860,2.0,Highly recommended,2025-10-11 03:00:00,Flipkart
FREV-505239,FPRD-01807,FCUST-280035,,Value for money,2026-07-15 03:00:00,Flipkart
FREV-505240,FPRD-01884,FCUST-481125,3.0,Value for money,2025-07-11 17:00:00,Flipkart
FREV-505241,FPRD-00498,FCUST-590689,1.0,Awesome!,2025-07-27 07:00:00,Flipkart
FREV-505242,FPRD-01450,FCUST-221451,4.0,Value for money,2025-12-14 03:00:00,Flipkart
FREV-505243,FPRD-00279,FCUST-228625,4.0,Awesome!,2026-01-31 08:00:00,Flipkart
FREV-505244,FPRD-01422,FCUST-267095,3.0,Awesome!,2025-12-11 21:00:00,Flipkart
FREV-505245,FPRD-02451,FCUST-478811,,Value for money,2025-01-17 17:00:00,Flipkart
FREV-505246,FPRD-00187,FCUST-338085,5.0,Poor packaging,2024-10-12 07:00:00,Flipkart
FREV-505247,FPRD-02072,FCUST-563865,3.0,Highly recommended,2024-12-14 11:00:00,Flipkart
FREV-505248,FPRD-00977,FCUST-563810,4.0,Awesome!,2026-01-12 01:00:00,Flipkart
FREV-505249,FPRD-00240,FCUST-518275,4.0,Decent buy,2025-11-12 13:00:00,Flipkart
FREV-505250,FPRD-01878,FCUST-419839,1.0,Decent buy,2026-02-07 12:00:00,Flipkart
FREV-505251,FPRD-02359,FCUST-203027,1.0,Highly recommended,2025-03-15 10:00:00,Flipkart
FREV-505252,FPRD-02331,FCUST-246103,3.0,Value for money,2025-03-25 06:00:00,Flipkart
FREV-505253,FPRD-02285,FCUST-558042,4.0,Awesome!,2026-04-20 02:00:00,Flipkart
FREV-505254,FPRD-02392,FCUST-457575,,Poor packaging,2026-03-28 14:00:00,Flipkart
FREV-505255,FPRD-00581,FCUST-401891,3.0,Decent buy,2026-06-26 12:00:00,Flipkart
FREV-505256,FPRD-02166,FCUST-363237,2.0,Poor packaging,2025-02-07 17:00:00,Flipkart
FREV-505257,FPRD-02096,FCUST-295597,4.0,Decent buy,2026-01-22 09:00:00,Flipkart
FREV-505258,FPRD-00448,FCUST-422374,1.0,Awesome!,2025-05-30 18:00:00,Flipkart
FREV-505259,FPRD-01707,FCUST-369220,3.0,Value for money,2026-07-09 19:00:00,Flipkart
FREV-505260,FPRD-00539,FCUST-383096,4.0,Awesome!,2024-10-09 16:00:00,Flipkart
FREV-505261,FPRD-00559,FCUST-462710,5.0,Decent buy,2024-11-24 18:00:00,Flipkart
FREV-505262,FPRD-00692,FCUST-273597,3.0,Poor packaging,2024-11-26 06:00:00,Flipkart
FREV-505263,FPRD-00110,FCUST-589726,,Decent buy,2026-04-07 00:00:00,Flipkart
FREV-505264,FPRD-01283,FCUST-420542,4.0,Awesome!,2024-10-26 22:00:00,Flipkart
FREV-505265,FPRD-00885,FCUST-551536,1.0,Decent buy,2025-02-03 17:00:00,Flipkart
FREV-505266,FPRD-01504,FCUST-507143,4.0,Awesome!,2026-02-22 17:00:00,Flipkart
FREV-505267,FPRD-02439,FCUST-295867,1.0,Awesome!,2025-05-05 01:00:00,Flipkart
FREV-505268,FPRD-02468,FCUST-219818,4.0,Poor packaging,2026-04-15 03:00:00,Flipkart
FREV-505269,FPRD-01585,FCUST-584154,2.0,Poor packaging,2025-05-29 10:00:00,Flipkart
FREV-505270,FPRD-00928,FCUST-429242,4.0,Poor packaging,2026-06-08 04:00:00,Flipkart
FREV-505271,FPRD-01173,FCUST-265751,1.0,Poor packaging,2024-12-16 14:00:00,Flipkart
FREV-505272,FPRD-01732,FCUST-204974,3.0,Decent buy,2026-03-08 03:00:00,Flipkart
FREV-505273,FPRD-02398,FCUST-398386,,Decent buy,2025-12-08 20:00:00,Flipkart
FREV-505274,FPRD-02492,FCUST-280584,1.0,Poor packaging,2025-01-26 21:00:00,Flipkart
FREV-505275,FPRD-00245,FCUST-559815,3.0,Decent buy,2026-05-31 20:00:00,Flipkart
FREV-505276,FPRD-00903,FCUST-324354,3.0,Value for money,2024-12-27 03:00:00,Flipkart
FREV-505277,FPRD-02150,FCUST-265268,5.0,Poor packaging,2025-03-26 05:00:00,Flipkart
FREV-505278,FPRD-01383,FCUST-383978,2.0,Decent buy,2026-01-24 21:00:00,Flipkart
FREV-505279,FPRD-00976,FCUST-286338,2.0,Awesome!,2025-07-07 19:00:00,Flipkart
FREV-505280,FPRD-00410,FCUST-548957,2.0,Poor packaging,2026-06-09 12:00:00,Flipkart
FREV-505281,FPRD-01020,FCUST-479283,2.0,Highly recommended,2025-02-02 19:00:00,Flipkart
FREV-505282,FPRD-01278,FCUST-411583,3.0,Awesome!,2025-09-11 14:00:00,Flipkart
FREV-505283,FPRD-02145,FCUST-467684,,Awesome!,2025-04-23 16:00:00,Flipkart
FREV-505284,FPRD-01277,FCUST-467037,5.0,Value for money,2026-01-26 05:00:00,Flipkart
FREV-505285,FPRD-00480,FCUST-355352,,Highly recommended,2026-06-03 16:00:00,Flipkart
FREV-505286,FPRD-00984,FCUST-584812,1.0,Value for money,2025-12-31 21:00:00,Flipkart
FREV-505287,FPRD-00678,FCUST-258109,2.0,Highly recommended,2026-01-31 04:00:00,Flipkart
FREV-505288,FPRD-01852,FCUST-501573,,Highly recommended,2025-07-22 23:00:00,Flipkart
FREV-505289,FPRD-02117,FCUST-400272,4.0,Awesome!,2025-12-10 22:00:00,Flipkart
FREV-505290,FPRD-01566,FCUST-453005,5.0,Value for money,2025-12-11 19:00:00,Flipkart
FREV-505291,FPRD-01756,FCUST-478505,1.0,Highly recommended,2026-01-17 08:00:00,Flipkart
FREV-505292,FPRD-01079,FCUST-468252,2.0,Value for money,2025-12-09 22:00:00,Flipkart
FREV-505293,FPRD-00175,FCUST-449806,1.0,Value for money,2026-06-13 13:00:00,Flipkart
FREV-505294,FPRD-00201,FCUST-334591,4.0,Poor packaging,2025-12-06 16:00:00,Flipkart
FREV-505295,FPRD-00500,FCUST-397070,3.0,Poor packaging,2026-08-03 19:00:00,Flipkart
FREV-505296,FPRD-01698,FCUST-570963,1.0,Awesome!,2025-02-09 14:00:00,Flipkart
FREV-505297,FPRD-01908,FCUST-282954,3.0,Poor packaging,2025-11-04 16:00:00,Flipkart
FREV-505298,FPRD-01289,FCUST-318740,5.0,Highly recommended,2025-01-04 08:00:00,Flipkart
FREV-505299,FPRD-01887,FCUST-446265,4.0,Highly recommended,2025-04-10 16:00:00,Flipkart
FREV-505300,FPRD-01106,FCUST-567695,2.0,Poor packaging,2025-07-05 17:00:00,Flipkart
FREV-505301,FPRD-02309,FCUST-261624,1.0,Highly recommended,2025-11-23 08:00:00,Flipkart
FREV-505302,FPRD-02433,FCUST-393513,4.0,Decent buy,2026-01-15 20:00:00,Flipkart
FREV-505303,FPRD-01943,FCUST-315000,2.0,Awesome!,2025-09-04 03:00:00,Flipkart
FREV-505304,FPRD-02187,FCUST-309610,5.0,Poor packaging,2024-10-23 00:00:00,Flipkart
FREV-505305,FPRD-01480,FCUST-554258,4.0,Awesome!,2024-11-08 10:00:00,Flipkart
FREV-505306,FPRD-01446,FCUST-271884,3.0,Decent buy,2025-03-05 15:00:00,Flipkart
FREV-505307,FPRD-01062,FCUST-426865,3.0,Poor packaging,2024-10-05 11:00:00,Flipkart
FREV-505308,FPRD-01292,FCUST-487824,1.0,Awesome!,2025-05-14 21:00:00,Flipkart
FREV-505309,FPRD-00310,FCUST-490676,2.0,Value for money,2026-05-05 08:00:00,Flipkart
FREV-505310,FPRD-00415,FCUST-436038,1.0,Poor packaging,2025-05-04 02:00:00,Flipkart
FREV-505311,FPRD-00133,FCUST-390424,4.0,Awesome!,2025-02-25 13:00:00,Flipkart
FREV-505312,FPRD-02258,FCUST-323968,2.0,Poor packaging,2025-07-25 05:00:00,Flipkart
FREV-505313,FPRD-00500,FCUST-211699,4.0,Highly recommended,2026-01-01 04:00:00,Flipkart
FREV-505314,FPRD-01830,FCUST-525445,4.0,Highly recommended,2026-05-01 12:00:00,Flipkart
FREV-505315,FPRD-00957,FCUST-530760,5.0,Decent buy,2025-03-17 14:00:00,Flipkart
FREV-505316,FPRD-00765,FCUST-520497,4.0,Poor packaging,2025-11-03 00:00:00,Flipkart
FREV-505317,FPRD-00168,FCUST-565043,1.0,Value for money,2026-07-22 16:00:00,Flipkart
FREV-505318,FPRD-00174,FCUST-383801,2.0,Decent buy,2025-05-05 05:00:00,Flipkart
FREV-505319,FPRD-00935,FCUST-254692,5.0,Value for money,2026-01-14 12:00:00,Flipkart
FREV-505320,FPRD-01084,FCUST-458288,,Decent buy,2026-01-20 01:00:00,Flipkart
FREV-505321,FPRD-02486,FCUST-348697,5.0,Highly recommended,2026-07-10 10:00:00,Flipkart
FREV-505322,FPRD-00082,FCUST-248054,5.0,Decent buy,2026-05-18 03:00:00,Flipkart
FREV-505323,FPRD-01736,FCUST-204163,,Awesome!,2025-04-06 19:00:00,Flipkart
FREV-505324,FPRD-00870,FCUST-556473,5.0,Decent buy,2025-08-11 14:00:00,Flipkart
FREV-505325,FPRD-00558,FCUST-436942,,Value for money,2025-09-03 08:00:00,Flipkart
FREV-505326,FPRD-02487,FCUST-324346,4.0,Highly recommended,2025-01-21 15:00:00,Flipkart
FREV-505327,FPRD-00987,FCUST-363978,1.0,Value for money,2026-02-09 14:00:00,Flipkart
FREV-505328,FPRD-01634,FCUST-538116,3.0,Highly recommended,2025-08-04 22:00:00,Flipkart
FREV-505329,FPRD-01560,FCUST-569310,2.0,Awesome!,2026-03-25 18:00:00,Flipkart
FREV-505330,FPRD-00551,FCUST-399394,5.0,Awesome!,2025-10-22 10:00:00,Flipkart
FREV-505331,FPRD-01131,FCUST-591445,4.0,Highly recommended,2026-03-25 15:00:00,Flipkart
FREV-505332,FPRD-01928,FCUST-568456,1.0,Highly recommended,2025-04-04 02:00:00,Flipkart
FREV-505333,FPRD-01325,FCUST-290806,5.0,Awesome!,2025-03-18 15:00:00,Flipkart
FREV-505334,FPRD-01436,FCUST-392210,5.0,Poor packaging,2026-08-02 21:00:00,Flipkart
FREV-505335,FPRD-02160,FCUST-441943,3.0,Poor packaging,2026-04-13 08:00:00,Flipkart
FREV-505336,FPRD-01534,FCUST-252739,4.0,Value for money,2025-09-11 02:00:00,Flipkart
FREV-505337,FPRD-00798,FCUST-390022,2.0,Highly recommended,2026-04-03 09:00:00,Flipkart
FREV-505338,FPRD-00262,FCUST-294009,5.0,Decent buy,2026-06-28 12:00:00,Flipkart
FREV-505339,FPRD-00789,FCUST-593683,4.0,Awesome!,2024-12-22 00:00:00,Flipkart
FREV-505340,FPRD-00444,FCUST-341403,3.0,Poor packaging,2026-01-07 19:00:00,Flipkart
FREV-505341,FPRD-00507,FCUST-284418,3.0,Poor packaging,2026-02-08 18:00:00,Flipkart
FREV-505342,FPRD-00492,FCUST-451530,1.0,Poor packaging,2025-07-26 10:00:00,Flipkart
FREV-505343,FPRD-01714,FCUST-326225,5.0,Decent buy,2026-02-09 00:00:00,Flipkart
FREV-505344,FPRD-00437,FCUST-213947,1.0,Highly recommended,2025-12-05 04:00:00,Flipkart
FREV-505345,FPRD-00032,FCUST-266379,1.0,Poor packaging,2025-06-01 11:00:00,Flipkart
FREV-505346,FPRD-00984,FCUST-278865,4.0,Decent buy,2025-02-28 14:00:00,Flipkart
FREV-505347,FPRD-02487,FCUST-379529,3.0,Awesome!,2025-07-26 12:00:00,Flipkart
FREV-505348,FPRD-00685,FCUST-328873,2.0,Poor packaging,2026-04-29 03:00:00,Flipkart
FREV-505349,FPRD-01540,FCUST-393522,,Awesome!,2026-08-05 19:00:00,Flipkart
FREV-505350,FPRD-01902,FCUST-581667,4.0,Poor packaging,2026-05-15 16:00:00,Flipkart
FREV-505351,FPRD-00301,FCUST-440565,2.0,Value for money,2024-10-27 02:00:00,Flipkart
FREV-505352,FPRD-00489,FCUST-531018,,Decent buy,2025-09-11 00:00:00,Flipkart
FREV-505353,FPRD-02182,FCUST-371769,1.0,Highly recommended,2025-02-05 08:00:00,Flipkart
FREV-505354,FPRD-01147,FCUST-401167,2.0,Awesome!,2025-07-23 19:00:00,Flipkart
FREV-505355,FPRD-01552,FCUST-391313,1.0,Awesome!,2025-02-22 18:00:00,Flipkart
FREV-505356,FPRD-01109,FCUST-492865,3.0,Poor packaging,2025-04-02 03:00:00,Flipkart
FREV-505357,FPRD-01791,FCUST-353246,3.0,Poor packaging,2025-09-06 13:00:00,Flipkart
FREV-505358,FPRD-00372,FCUST-434804,1.0,Poor packaging,2024-09-19 23:00:00,Flipkart
FREV-505359,FPRD-02180,FCUST-346807,3.0,Highly recommended,2026-05-25 17:00:00,Flipkart
FREV-505360,FPRD-01775,FCUST-224150,4.0,Decent buy,2025-08-16 03:00:00,Flipkart
FREV-505361,FPRD-02053,FCUST-560463,,Highly recommended,2025-02-27 09:00:00,Flipkart
FREV-505362,FPRD-01971,FCUST-390606,5.0,Decent buy,2025-08-20 23:00:00,Flipkart
FREV-505363,FPRD-00805,FCUST-243454,2.0,Decent buy,2025-10-18 22:00:00,Flipkart
FREV-505364,FPRD-00752,FCUST-399821,,Value for money,2026-03-17 00:00:00,Flipkart
FREV-505365,FPRD-02449,FCUST-471297,2.0,Decent buy,2025-06-16 23:00:00,Flipkart
FREV-505366,FPRD-01853,FCUST-348455,1.0,Poor packaging,2025-04-07 22:00:00,Flipkart
FREV-505367,FPRD-02050,FCUST-594589,2.0,Awesome!,2026-06-08 04:00:00,Flipkart
FREV-505368,FPRD-00358,FCUST-565319,1.0,Poor packaging,2025-05-06 17:00:00,Flipkart
FREV-505369,FPRD-01602,FCUST-534355,3.0,Highly recommended,2025-03-06 20:00:00,Flipkart
FREV-505370,FPRD-01566,FCUST-489633,1.0,Value for money,2025-09-24 02:00:00,Flipkart
FREV-505371,FPRD-01992,FCUST-249188,2.0,Poor packaging,2025-01-12 01:00:00,Flipkart
FREV-505372,FPRD-02180,FCUST-329083,4.0,Value for money,2026-02-18 01:00:00,Flipkart
FREV-505373,FPRD-02108,FCUST-550389,,Value for money,2026-07-04 20:00:00,Flipkart
FREV-505374,FPRD-01458,FCUST-502361,3.0,Highly recommended,2026-04-02 10:00:00,Flipkart
FREV-505375,FPRD-00275,FCUST-385393,3.0,Decent buy,2024-09-08 02:00:00,Flipkart
FREV-505376,FPRD-01305,FCUST-513974,2.0,Highly recommended,2026-04-01 21:00:00,Flipkart
FREV-505377,FPRD-02032,FCUST-565319,4.0,Awesome!,2025-05-06 17:00:00,Flipkart
FREV-505378,FPRD-02457,FCUST-546108,1.0,Decent buy,2025-12-08 17:00:00,Flipkart
FREV-505379,FPRD-01822,FCUST-477758,,Decent buy,2024-12-22 13:00:00,Flipkart
FREV-505380,FPRD-01983,FCUST-564443,5.0,Awesome!,2026-02-08 13:00:00,Flipkart
FREV-505381,FPRD-01977,FCUST-315945,3.0,Value for money,2025-05-03 13:00:00,Flipkart
FREV-505382,FPRD-00165,FCUST-220630,1.0,Value for money,2025-03-20 21:00:00,Flipkart
FREV-505383,FPRD-01370,FCUST-410934,1.0,Awesome!,2025-07-30 04:00:00,Flipkart
FREV-505384,FPRD-00096,FCUST-226272,4.0,Value for money,2025-03-25 02:00:00,Flipkart
FREV-505385,FPRD-00564,FCUST-574204,1.0,Poor packaging,2026-04-21 07:00:00,Flipkart
FREV-505386,FPRD-01405,FCUST-475143,3.0,Value for money,2025-03-22 06:00:00,Flipkart
FREV-505387,FPRD-01639,FCUST-467684,4.0,Poor packaging,2024-12-24 14:00:00,Flipkart
FREV-505388,FPRD-00324,FCUST-563888,3.0,Highly recommended,2024-12-19 10:00:00,Flipkart
FREV-505389,FPRD-01365,FCUST-447678,1.0,Poor packaging,2025-12-17 17:00:00,Flipkart
FREV-505390,FPRD-00725,FCUST-248825,1.0,Value for money,2025-04-12 20:00:00,Flipkart
FREV-505391,FPRD-01782,FCUST-502875,,Awesome!,2024-08-31 17:00:00,Flipkart
FREV-505392,FPRD-02490,FCUST-531836,3.0,Awesome!,2026-03-26 18:00:00,Flipkart
FREV-505393,FPRD-01016,FCUST-588133,3.0,Decent buy,2025-05-22 08:00:00,Flipkart
FREV-505394,FPRD-01668,FCUST-451275,5.0,Decent buy,2025-10-03 13:00:00,Flipkart
FREV-505395,FPRD-01826,FCUST-241796,5.0,Highly recommended,2026-01-16 05:00:00,Flipkart
FREV-505396,FPRD-00724,FCUST-271679,1.0,Awesome!,2025-10-14 10:00:00,Flipkart
FREV-505397,FPRD-01098,FCUST-356903,4.0,Value for money,2024-10-22 18:00:00,Flipkart
FREV-505398,FPRD-00159,FCUST-481808,4.0,Awesome!,2025-09-08 16:00:00,Flipkart
FREV-505399,FPRD-00448,FCUST-554744,3.0,Awesome!,2024-09-08 01:00:00,Flipkart
FREV-505400,FPRD-00146,FCUST-539723,4.0,Highly recommended,2024-11-19 12:00:00,Flipkart
FREV-505401,FPRD-02122,FCUST-205847,3.0,Highly recommended,2024-10-23 03:00:00,Flipkart
FREV-505402,FPRD-00222,FCUST-214910,3.0,Awesome!,2025-02-17 08:00:00,Flipkart
FREV-505403,FPRD-01963,FCUST-433987,5.0,Poor packaging,2025-02-28 02:00:00,Flipkart
FREV-505404,FPRD-00531,FCUST-306910,4.0,Awesome!,2024-12-16 07:00:00,Flipkart
FREV-505405,FPRD-00083,FCUST-381515,1.0,Highly recommended,2025-05-30 09:00:00,Flipkart
FREV-505406,FPRD-02016,FCUST-424138,4.0,Decent buy,2025-06-16 23:00:00,Flipkart
FREV-505407,FPRD-01506,FCUST-489787,5.0,Decent buy,2025-11-15 00:00:00,Flipkart
FREV-505408,FPRD-00672,FCUST-437602,1.0,Decent buy,2025-10-03 14:00:00,Flipkart
FREV-505409,FPRD-01443,FCUST-398474,3.0,Value for money,2025-05-28 01:00:00,Flipkart
FREV-505410,FPRD-00049,FCUST-569695,1.0,Awesome!,2025-02-03 07:00:00,Flipkart
FREV-505411,FPRD-01250,FCUST-372161,3.0,Awesome!,2025-04-05 07:00:00,Flipkart
FREV-505412,FPRD-00958,FCUST-267411,4.0,Value for money,2026-05-20 00:00:00,Flipkart
FREV-505413,FPRD-02263,FCUST-324064,2.0,Awesome!,2025-03-17 04:00:00,Flipkart
FREV-505414,FPRD-02060,FCUST-544334,5.0,Poor packaging,2025-01-06 07:00:00,Flipkart
FREV-505415,FPRD-00645,FCUST-480812,5.0,Value for money,2024-09-01 22:00:00,Flipkart
FREV-505416,FPRD-02379,FCUST-427473,3.0,Highly recommended,2025-11-30 07:00:00,Flipkart
FREV-505417,FPRD-01112,FCUST-560546,4.0,Poor packaging,2024-12-24 09:00:00,Flipkart
FREV-505418,FPRD-01693,FCUST-322227,2.0,Value for money,2025-03-09 23:00:00,Flipkart
FREV-505419,FPRD-01605,FCUST-219835,2.0,Value for money,2024-12-02 10:00:00,Flipkart
FREV-505420,FPRD-00646,FCUST-476134,5.0,Poor packaging,2025-07-03 15:00:00,Flipkart
FREV-505421,FPRD-00542,FCUST-254256,4.0,Poor packaging,2024-12-03 21:00:00,Flipkart
FREV-505422,FPRD-02405,FCUST-221336,4.0,Highly recommended,2025-04-26 17:00:00,Flipkart
FREV-505423,FPRD-00449,FCUST-545681,5.0,Highly recommended,2024-09-24 01:00:00,Flipkart
FREV-505424,FPRD-01680,FCUST-539658,1.0,Highly recommended,2025-05-19 18:00:00,Flipkart
FREV-505425,FPRD-02032,FCUST-441943,3.0,Highly recommended,2026-04-13 08:00:00,Flipkart
FREV-505426,FPRD-01805,FCUST-234122,2.0,Poor packaging,2026-07-27 03:00:00,Flipkart
FREV-505427,FPRD-01492,FCUST-412938,,Value for money,2026-07-06 08:00:00,Flipkart
FREV-505428,FPRD-02209,FCUST-240090,5.0,Poor packaging,2026-04-12 04:00:00,Flipkart
FREV-505429,FPRD-01536,FCUST-497193,2.0,Value for money,2025-07-12 22:00:00,Flipkart
FREV-505430,FPRD-02004,FCUST-521010,5.0,Decent buy,2025-02-11 03:00:00,Flipkart
FREV-505431,FPRD-00194,FCUST-248032,5.0,Awesome!,2026-01-04 06:00:00,Flipkart
FREV-505432,FPRD-00125,FCUST-439244,4.0,Value for money,2025-11-02 21:00:00,Flipkart
FREV-505433,FPRD-02327,FCUST-525913,1.0,Highly recommended,2026-07-09 02:00:00,Flipkart
FREV-505434,FPRD-00257,FCUST-562674,1.0,Poor packaging,2025-02-10 08:00:00,Flipkart
FREV-505435,FPRD-01225,FCUST-562447,5.0,Highly recommended,2026-07-07 07:00:00,Flipkart
FREV-505436,FPRD-00057,FCUST-537695,1.0,Value for money,2025-02-08 00:00:00,Flipkart
FREV-505437,FPRD-01741,FCUST-599284,2.0,Awesome!,2026-04-23 23:00:00,Flipkart
FREV-505438,FPRD-00046,FCUST-476668,,Value for money,2025-06-03 04:00:00,Flipkart
FREV-505439,FPRD-02066,FCUST-269931,4.0,Value for money,2025-02-01 21:00:00,Flipkart
FREV-505440,FPRD-00459,FCUST-470658,,Awesome!,2026-07-24 22:00:00,Flipkart
FREV-505441,FPRD-02081,FCUST-424571,5.0,Value for money,2026-04-15 10:00:00,Flipkart
FREV-505442,FPRD-02013,FCUST-580892,1.0,Poor packaging,2024-08-22 07:00:00,Flipkart
FREV-505443,FPRD-01861,FCUST-493839,5.0,Highly recommended,2025-08-23 00:00:00,Flipkart
FREV-505444,FPRD-00011,FCUST-409118,5.0,Value for money,2025-09-19 21:00:00,Flipkart
FREV-505445,FPRD-00377,FCUST-493100,2.0,Poor packaging,2026-07-07 05:00:00,Flipkart
FREV-505446,FPRD-00888,FCUST-305129,,Value for money,2025-04-28 15:00:00,Flipkart
FREV-505447,FPRD-00103,FCUST-253552,5.0,Poor packaging,2025-02-01 02:00:00,Flipkart
FREV-505448,FPRD-02237,FCUST-344988,5.0,Decent buy,2025-09-13 22:00:00,Flipkart
FREV-505449,FPRD-00921,FCUST-466501,2.0,Poor packaging,2024-11-24 13:00:00,Flipkart
FREV-505450,FPRD-00730,FCUST-396684,2.0,Value for money,2026-06-27 17:00:00,Flipkart
FREV-505451,FPRD-00994,FCUST-273406,,Awesome!,2026-03-22 16:00:00,Flipkart
FREV-505452,FPRD-00831,FCUST-215965,1.0,Highly recommended,2024-12-23 16:00:00,Flipkart
FREV-505453,FPRD-01465,FCUST-265401,2.0,Awesome!,2025-07-28 17:00:00,Flipkart
FREV-505454,FPRD-00501,FCUST-223553,3.0,Value for money,2025-07-05 23:00:00,Flipkart
FREV-505455,FPRD-00652,FCUST-379814,,Awesome!,2025-04-20 10:00:00,Flipkart
FREV-505456,FPRD-00300,FCUST-281068,4.0,Highly recommended,2025-09-08 13:00:00,Flipkart
FREV-505457,FPRD-00746,FCUST-309866,,Highly recommended,2026-05-08 06:00:00,Flipkart
FREV-505458,FPRD-01773,FCUST-306166,2.0,Poor packaging,2026-06-20 12:00:00,Flipkart
FREV-505459,FPRD-02043,FCUST-201715,5.0,Decent buy,2024-10-09 08:00:00,Flipkart
FREV-505460,FPRD-01726,FCUST-459277,5.0,Poor packaging,2025-08-17 14:00:00,Flipkart
FREV-505461,FPRD-01936,FCUST-226005,3.0,Highly recommended,2026-03-27 12:00:00,Flipkart
FREV-505462,FPRD-00500,FCUST-425574,2.0,Poor packaging,2026-05-15 14:00:00,Flipkart
FREV-505463,FPRD-00978,FCUST-205900,3.0,Highly recommended,2025-01-17 15:00:00,Flipkart
FREV-505464,FPRD-00905,FCUST-218620,5.0,Highly recommended,2025-05-04 04:00:00,Flipkart
FREV-505465,FPRD-02342,FCUST-279007,5.0,Awesome!,2026-05-19 08:00:00,Flipkart
FREV-505466,FPRD-02316,FCUST-324591,1.0,Decent buy,2026-04-17 08:00:00,Flipkart
FREV-505467,FPRD-02486,FCUST-339537,1.0,Poor packaging,2026-08-08 15:00:00,Flipkart
FREV-505468,FPRD-01854,FCUST-292590,1.0,Highly recommended,2025-08-26 01:00:00,Flipkart
FREV-505469,FPRD-01836,FCUST-582718,4.0,Highly recommended,2025-04-07 03:00:00,Flipkart
FREV-505470,FPRD-00829,FCUST-379965,3.0,Value for money,2024-10-10 18:00:00,Flipkart
FREV-505471,FPRD-00124,FCUST-576971,5.0,Awesome!,2025-01-22 06:00:00,Flipkart
FREV-505472,FPRD-01034,FCUST-564148,2.0,Poor packaging,2025-10-08 07:00:00,Flipkart
FREV-505473,FPRD-00441,FCUST-338333,1.0,Awesome!,2025-12-08 17:00:00,Flipkart
FREV-505474,FPRD-01790,FCUST-531096,3.0,Awesome!,2025-08-29 12:00:00,Flipkart
FREV-505475,FPRD-00127,FCUST-514024,2.0,Value for money,2026-04-26 14:00:00,Flipkart
FREV-505476,FPRD-01480,FCUST-457467,5.0,Poor packaging,2025-07-14 19:00:00,Flipkart
FREV-505477,FPRD-01110,FCUST-497940,3.0,Decent buy,2025-10-07 15:00:00,Flipkart
FREV-505478,FPRD-00329,FCUST-598105,,Value for money,2026-05-06 06:00:00,Flipkart
FREV-505479,FPRD-00630,FCUST-465277,3.0,Highly recommended,2024-12-21 06:00:00,Flipkart
FREV-505480,FPRD-01251,FCUST-243382,3.0,Awesome!,2026-05-18 16:00:00,Flipkart
FREV-505481,FPRD-01541,FCUST-254692,,Awesome!,2025-02-20 09:00:00,Flipkart
FREV-505482,FPRD-01759,FCUST-451863,1.0,Decent buy,2025-08-12 22:00:00,Flipkart
FREV-505483,FPRD-00062,FCUST-417106,4.0,Decent buy,2025-06-28 14:00:00,Flipkart
FREV-505484,FPRD-00825,FCUST-428672,5.0,Awesome!,2024-09-15 04:00:00,Flipkart
FREV-505485,FPRD-01823,FCUST-380291,3.0,Awesome!,2025-01-16 20:00:00,Flipkart
FREV-505486,FPRD-00392,FCUST-567463,2.0,Value for money,2025-02-19 01:00:00,Flipkart
FREV-505487,FPRD-00309,FCUST-539750,4.0,Awesome!,2026-01-05 12:00:00,Flipkart
FREV-505488,FPRD-00797,FCUST-375250,2.0,Value for money,2024-11-10 23:00:00,Flipkart
FREV-505489,FPRD-01527,FCUST-362481,3.0,Decent buy,2026-04-09 12:00:00,Flipkart
FREV-505490,FPRD-01250,FCUST-369717,5.0,Awesome!,2025-08-28 07:00:00,Flipkart
FREV-505491,FPRD-00819,FCUST-275092,1.0,Decent buy,2026-02-11 15:00:00,Flipkart
FREV-505492,FPRD-01854,FCUST-430886,1.0,Value for money,2026-06-03 16:00:00,Flipkart
FREV-505493,FPRD-01265,FCUST-478823,4.0,Decent buy,2024-09-21 04:00:00,Flipkart
FREV-505494,FPRD-00524,FCUST-494367,3.0,Highly recommended,2025-03-02 14:00:00,Flipkart
FREV-505495,FPRD-02210,FCUST-252896,5.0,Awesome!,2024-10-06 01:00:00,Flipkart
FREV-505496,FPRD-02225,FCUST-489604,,Decent buy,2026-05-27 12:00:00,Flipkart
FREV-505497,FPRD-00871,FCUST-557041,1.0,Poor packaging,2025-10-23 13:00:00,Flipkart
FREV-505498,FPRD-00227,FCUST-598588,4.0,Decent buy,2024-11-25 04:00:00,Flipkart
FREV-505499,FPRD-00772,FCUST-384143,3.0,Value for money,2025-08-16 23:00:00,Flipkart
FREV-505500,FPRD-01002,FCUST-578407,1.0,Decent buy,2025-08-25 04:00:00,Flipkart
FREV-505501,FPRD-00823,FCUST-201789,5.0,Value for money,2025-12-24 22:00:00,Flipkart
FREV-505502,FPRD-00184,FCUST-284281,3.0,Value for money,2025-10-24 00:00:00,Flipkart
FREV-505503,FPRD-01534,FCUST-410217,4.0,Awesome!,2024-12-27 08:00:00,Flipkart
FREV-505504,FPRD-00308,FCUST-545082,5.0,Decent buy,2026-06-10 14:00:00,Flipkart
FREV-505505,FPRD-01077,FCUST-574041,4.0,Value for money,2024-11-16 18:00:00,Flipkart
FREV-505506,FPRD-01798,FCUST-422853,4.0,Value for money,2025-03-25 02:00:00,Flipkart
FREV-505507,FPRD-01116,FCUST-567651,5.0,Poor packaging,2025-08-25 00:00:00,Flipkart
FREV-505508,FPRD-01350,FCUST-319766,3.0,Highly recommended,2026-04-01 02:00:00,Flipkart
FREV-505509,FPRD-00835,FCUST-551536,5.0,Highly recommended,2025-02-03 17:00:00,Flipkart
FREV-505510,FPRD-00722,FCUST-489604,2.0,Value for money,2026-05-27 12:00:00,Flipkart
FREV-505511,FPRD-00267,FCUST-322798,4.0,Decent buy,2025-06-26 00:00:00,Flipkart
FREV-505512,FPRD-00796,FCUST-264848,5.0,Decent buy,2026-06-20 06:00:00,Flipkart
FREV-505513,FPRD-01254,FCUST-527592,2.0,Highly recommended,2026-08-08 07:00:00,Flipkart
FREV-505514,FPRD-00741,FCUST-268193,5.0,Decent buy,2025-04-16 20:00:00,Flipkart
FREV-505515,FPRD-01515,FCUST-446101,4.0,Poor packaging,2026-08-08 13:00:00,Flipkart
FREV-505516,FPRD-01688,FCUST-581824,3.0,Highly recommended,2026-06-02 23:00:00,Flipkart
FREV-505517,FPRD-01887,FCUST-524161,4.0,Decent buy,2025-06-03 05:00:00,Flipkart
FREV-505518,FPRD-01591,FCUST-526438,3.0,Highly recommended,2025-04-14 03:00:00,Flipkart
FREV-505519,FPRD-01416,FCUST-334425,3.0,Poor packaging,2026-06-27 09:00:00,Flipkart
FREV-505520,FPRD-01883,FCUST-236212,5.0,Value for money,2025-08-16 18:00:00,Flipkart
FREV-505521,FPRD-00827,FCUST-319471,2.0,Value for money,2025-08-30 23:00:00,Flipkart
FREV-505522,FPRD-02335,FCUST-349250,3.0,Value for money,2024-12-23 14:00:00,Flipkart
FREV-505523,FPRD-01065,FCUST-282067,3.0,Poor packaging,2026-04-16 22:00:00,Flipkart
FREV-505524,FPRD-01482,FCUST-513974,3.0,Highly recommended,2026-04-01 21:00:00,Flipkart
FREV-505525,FPRD-00968,FCUST-343427,5.0,Poor packaging,2025-09-10 06:00:00,Flipkart
FREV-505526,FPRD-00210,FCUST-243028,,Poor packaging,2025-05-25 01:00:00,Flipkart
FREV-505527,FPRD-01457,FCUST-338413,3.0,Highly recommended,2026-02-13 03:00:00,Flipkart
FREV-505528,FPRD-00811,FCUST-367664,1.0,Poor packaging,2025-07-22 04:00:00,Flipkart
FREV-505529,FPRD-00864,FCUST-426992,,Poor packaging,2024-10-25 20:00:00,Flipkart
FREV-505530,FPRD-00485,FCUST-277760,1.0,Value for money,2026-02-24 06:00:00,Flipkart
FREV-505531,FPRD-01812,FCUST-385031,3.0,Value for money,2026-07-22 03:00:00,Flipkart
FREV-505532,FPRD-02275,FCUST-264023,4.0,Decent buy,2025-08-17 04:00:00,Flipkart
FREV-505533,FPRD-01239,FCUST-508684,1.0,Highly recommended,2026-06-06 06:00:00,Flipkart
FREV-505534,FPRD-00746,FCUST-409475,4.0,Decent buy,2026-03-30 05:00:00,Flipkart
FREV-505535,FPRD-00505,FCUST-509571,4.0,Highly recommended,2025-03-25 14:00:00,Flipkart
FREV-505536,FPRD-02037,FCUST-509654,2.0,Highly recommended,2025-09-17 15:00:00,Flipkart
FREV-505537,FPRD-00758,FCUST-400455,2.0,Value for money,2025-05-21 21:00:00,Flipkart
FREV-505538,FPRD-00271,FCUST-324562,1.0,Highly recommended,2025-05-05 10:00:00,Flipkart
FREV-505539,FPRD-01694,FCUST-533458,5.0,Poor packaging,2025-10-19 05:00:00,Flipkart
FREV-505540,FPRD-02460,FCUST-282892,2.0,Decent buy,2026-06-01 11:00:00,Flipkart
FREV-505541,FPRD-02249,FCUST-500165,,Highly recommended,2025-02-03 14:00:00,Flipkart
FREV-505542,FPRD-02107,FCUST-282067,,Awesome!,2024-10-08 23:00:00,Flipkart
FREV-505543,FPRD-02442,FCUST-336625,2.0,Poor packaging,2025-02-23 23:00:00,Flipkart
FREV-505544,FPRD-00538,FCUST-431806,2.0,Awesome!,2025-03-08 18:00:00,Flipkart
FREV-505545,FPRD-02476,FCUST-290812,4.0,Highly recommended,2024-11-04 14:00:00,Flipkart
FREV-505546,FPRD-00401,FCUST-388096,3.0,Awesome!,2026-07-19 21:00:00,Flipkart
FREV-505547,FPRD-00949,FCUST-233790,4.0,Awesome!,2026-04-22 04:00:00,Flipkart
FREV-505548,FPRD-00540,FCUST-324126,4.0,Value for money,2024-08-23 07:00:00,Flipkart
FREV-505549,FPRD-00009,FCUST-556506,,Poor packaging,2026-04-19 12:00:00,Flipkart
FREV-505550,FPRD-00965,FCUST-348098,,Awesome!,2025-03-27 12:00:00,Flipkart
FREV-505551,FPRD-02267,FCUST-264848,4.0,Value for money,2026-07-05 07:00:00,Flipkart
FREV-505552,FPRD-01741,FCUST-310805,3.0,Poor packaging,2026-01-19 22:00:00,Flipkart
FREV-505553,FPRD-01401,FCUST-340162,3.0,Value for money,2024-12-09 18:00:00,Flipkart
FREV-505554,FPRD-00725,FCUST-460113,5.0,Decent buy,2025-12-14 09:00:00,Flipkart
FREV-505555,FPRD-01447,FCUST-572177,2.0,Value for money,2025-11-25 10:00:00,Flipkart
FREV-505556,FPRD-00194,FCUST-440088,1.0,Decent buy,2025-07-24 16:00:00,Flipkart
FREV-505557,FPRD-02351,FCUST-202652,1.0,Awesome!,2025-08-05 07:00:00,Flipkart
FREV-505558,FPRD-01767,FCUST-276523,5.0,Poor packaging,2025-10-21 00:00:00,Flipkart
FREV-505559,FPRD-02180,FCUST-552558,3.0,Awesome!,2025-08-14 20:00:00,Flipkart
FREV-505560,FPRD-00530,FCUST-561921,2.0,Highly recommended,2026-01-01 01:00:00,Flipkart
FREV-505561,FPRD-00024,FCUST-317808,3.0,Highly recommended,2026-08-10 05:00:00,Flipkart
FREV-505562,FPRD-01808,FCUST-282325,3.0,Highly recommended,2026-02-05 16:00:00,Flipkart
FREV-505563,FPRD-01628,FCUST-580892,2.0,Decent buy,2024-08-22 07:00:00,Flipkart
FREV-505564,FPRD-00341,FCUST-400339,2.0,Value for money,2025-09-29 07:00:00,Flipkart
FREV-505565,FPRD-00487,FCUST-429242,,Awesome!,2026-06-08 04:00:00,Flipkart
FREV-505566,FPRD-01182,FCUST-486849,5.0,Decent buy,2025-04-22 21:00:00,Flipkart
FREV-505567,FPRD-01023,FCUST-590544,2.0,Awesome!,2025-04-26 20:00:00,Flipkart
FREV-505568,FPRD-01149,FCUST-406074,5.0,Highly recommended,2026-07-11 03:00:00,Flipkart
FREV-505569,FPRD-00962,FCUST-303568,2.0,Value for money,2025-02-03 04:00:00,Flipkart
FREV-505570,FPRD-02221,FCUST-563065,5.0,Awesome!,2026-05-05 05:00:00,Flipkart
FREV-505571,FPRD-01849,FCUST-396404,3.0,Value for money,2025-04-19 12:00:00,Flipkart
FREV-505572,FPRD-01876,FCUST-442271,1.0,Highly recommended,2026-06-16 01:00:00,Flipkart
FREV-505573,FPRD-01635,FCUST-569974,3.0,Awesome!,2025-12-13 03:00:00,Flipkart
FREV-505574,FPRD-00952,FCUST-278057,5.0,Value for money,2026-01-08 07:00:00,Flipkart
FREV-505575,FPRD-00605,FCUST-300068,1.0,Value for money,2024-09-07 02:00:00,Flipkart
FREV-505576,FPRD-00604,FCUST-248811,5.0,Poor packaging,2025-02-25 04:00:00,Flipkart
FREV-505577,FPRD-01539,FCUST-346850,1.0,Decent buy,2025-11-22 15:00:00,Flipkart
FREV-505578,FPRD-02322,FCUST-580523,4.0,Highly recommended,2025-03-16 03:00:00,Flipkart
FREV-505579,FPRD-01815,FCUST-489633,2.0,Decent buy,2026-04-10 17:00:00,Flipkart
FREV-505580,FPRD-01622,FCUST-521004,3.0,Awesome!,2026-02-10 12:00:00,Flipkart
FREV-505581,FPRD-00571,FCUST-474146,2.0,Value for money,2025-12-30 22:00:00,Flipkart
FREV-505582,FPRD-00649,FCUST-272608,,Highly recommended,2025-02-21 23:00:00,Flipkart
FREV-505583,FPRD-02189,FCUST-544946,4.0,Awesome!,2025-04-14 08:00:00,Flipkart
FREV-505584,FPRD-02173,FCUST-329538,2.0,Value for money,2026-08-05 00:00:00,Flipkart
FREV-505585,FPRD-02229,FCUST-527743,3.0,Decent buy,2024-10-26 03:00:00,Flipkart
FREV-505586,FPRD-00245,FCUST-243474,5.0,Decent buy,2026-05-22 03:00:00,Flipkart
FREV-505587,FPRD-01732,FCUST-229854,5.0,Poor packaging,2026-03-19 17:00:00,Flipkart
FREV-505588,FPRD-01829,FCUST-392877,3.0,Value for money,2026-06-04 10:00:00,Flipkart
FREV-505589,FPRD-00676,FCUST-513144,3.0,Awesome!,2025-04-29 17:00:00,Flipkart
FREV-505590,FPRD-02450,FCUST-223024,3.0,Value for money,2026-07-31 21:00:00,Flipkart
FREV-505591,FPRD-01912,FCUST-477978,3.0,Poor packaging,2025-11-03 12:00:00,Flipkart
FREV-505592,FPRD-01671,FCUST-320503,1.0,Decent buy,2025-08-03 08:00:00,Flipkart
FREV-505593,FPRD-01647,FCUST-564323,1.0,Awesome!,2025-05-31 03:00:00,Flipkart
FREV-505594,FPRD-01250,FCUST-399821,5.0,Decent buy,2025-12-17 20:00:00,Flipkart
FREV-505595,FPRD-00332,FCUST-520618,5.0,Awesome!,2026-05-23 13:00:00,Flipkart
FREV-505596,FPRD-02459,FCUST-544421,2.0,Decent buy,2024-10-04 12:00:00,Flipkart
FREV-505597,FPRD-02283,FCUST-514698,5.0,Awesome!,2025-03-24 10:00:00,Flipkart
FREV-505598,FPRD-00100,FCUST-495009,5.0,Highly recommended,2025-03-24 06:00:00,Flipkart
FREV-505599,FPRD-02030,FCUST-543966,3.0,Value for money,2025-03-05 10:00:00,Flipkart
FREV-505600,FPRD-01956,FCUST-466216,4.0,Highly recommended,2025-09-15 08:00:00,Flipkart
FREV-505601,FPRD-01451,FCUST-318866,3.0,Value for money,2026-08-09 22:00:00,Flipkart
FREV-505602,FPRD-00544,FCUST-576979,5.0,Poor packaging,2025-09-09 03:00:00,Flipkart
FREV-505603,FPRD-01455,FCUST-388650,2.0,Decent buy,2025-03-23 23:00:00,Flipkart
FREV-505604,FPRD-00676,FCUST-243474,1.0,Awesome!,2026-05-22 03:00:00,Flipkart
FREV-505605,FPRD-00640,FCUST-546897,3.0,Poor packaging,2026-08-05 01:00:00,Flipkart
FREV-505606,FPRD-01443,FCUST-592094,1.0,Awesome!,2026-01-11 01:00:00,Flipkart
FREV-505607,FPRD-01268,FCUST-367564,1.0,Awesome!,2025-02-20 15:00:00,Flipkart
FREV-505608,FPRD-01688,FCUST-332200,1.0,Poor packaging,2024-10-18 11:00:00,Flipkart
FREV-505609,FPRD-01544,FCUST-263249,3.0,Decent buy,2026-05-31 17:00:00,Flipkart
FREV-505610,FPRD-01027,FCUST-290834,,Highly recommended,2025-08-29 01:00:00,Flipkart
FREV-505611,FPRD-01149,FCUST-216802,5.0,Awesome!,2025-02-11 07:00:00,Flipkart
FREV-505612,FPRD-02119,FCUST-280035,,Value for money,2026-07-15 03:00:00,Flipkart
FREV-505613,FPRD-01536,FCUST-469526,4.0,Value for money,2024-10-16 13:00:00,Flipkart
FREV-505614,FPRD-02096,FCUST-552310,3.0,Poor packaging,2026-08-12 21:00:00,Flipkart
FREV-505615,FPRD-01122,FCUST-564622,3.0,Poor packaging,2024-10-01 01:00:00,Flipkart
FREV-505616,FPRD-02123,FCUST-519337,1.0,Decent buy,2025-12-16 12:00:00,Flipkart
FREV-505617,FPRD-01662,FCUST-436505,5.0,Highly recommended,2025-03-29 17:00:00,Flipkart
FREV-505618,FPRD-00740,FCUST-413369,5.0,Highly recommended,2025-09-02 02:00:00,Flipkart
FREV-505619,FPRD-02004,FCUST-310447,2.0,Awesome!,2026-03-04 14:00:00,Flipkart
FREV-505620,FPRD-01179,FCUST-339156,1.0,Awesome!,2025-06-07 04:00:00,Flipkart
FREV-505621,FPRD-01719,FCUST-426594,5.0,Value for money,2025-11-28 21:00:00,Flipkart
FREV-505622,FPRD-00968,FCUST-530729,5.0,Highly recommended,2024-09-27 09:00:00,Flipkart
FREV-505623,FPRD-00426,FCUST-274546,4.0,Awesome!,2026-04-06 22:00:00,Flipkart
FREV-505624,FPRD-02080,FCUST-294186,2.0,Awesome!,2024-11-14 22:00:00,Flipkart
FREV-505625,FPRD-02059,FCUST-420962,4.0,Decent buy,2024-08-30 18:00:00,Flipkart
FREV-505626,FPRD-02267,FCUST-565400,3.0,Highly recommended,2026-04-02 12:00:00,Flipkart
FREV-505627,FPRD-01082,FCUST-535979,1.0,Value for money,2026-04-05 07:00:00,Flipkart
FREV-505628,FPRD-02057,FCUST-542200,3.0,Awesome!,2026-07-27 21:00:00,Flipkart
FREV-505629,FPRD-02181,FCUST-394032,,Highly recommended,2025-11-15 12:00:00,Flipkart
FREV-505630,FPRD-01238,FCUST-501293,5.0,Highly recommended,2025-10-10 13:00:00,Flipkart
FREV-505631,FPRD-00017,FCUST-592133,5.0,Decent buy,2026-03-09 10:00:00,Flipkart
FREV-505632,FPRD-02193,FCUST-337662,4.0,Value for money,2025-03-31 17:00:00,Flipkart
FREV-505633,FPRD-00358,FCUST-289111,4.0,Highly recommended,2026-05-11 16:00:00,Flipkart
FREV-505634,FPRD-01389,FCUST-214330,1.0,Value for money,2024-10-15 21:00:00,Flipkart
FREV-505635,FPRD-01203,FCUST-567962,2.0,Highly recommended,2025-06-28 02:00:00,Flipkart
FREV-505636,FPRD-01901,FCUST-388096,2.0,Decent buy,2025-03-24 03:00:00,Flipkart
FREV-505637,FPRD-00354,FCUST-377449,4.0,Highly recommended,2025-04-21 08:00:00,Flipkart
FREV-505638,FPRD-02447,FCUST-402663,5.0,Value for money,2025-09-20 15:00:00,Flipkart
FREV-505639,FPRD-01320,FCUST-493979,5.0,Decent buy,2025-09-08 10:00:00,Flipkart
FREV-505640,FPRD-01362,FCUST-249721,1.0,Highly recommended,2024-10-12 00:00:00,Flipkart
FREV-505641,FPRD-00594,FCUST-536824,5.0,Value for money,2025-01-31 02:00:00,Flipkart
FREV-505642,FPRD-01846,FCUST-219672,3.0,Decent buy,2026-06-23 17:00:00,Flipkart
FREV-505643,FPRD-00511,FCUST-383965,4.0,Highly recommended,2025-08-13 22:00:00,Flipkart
FREV-505644,FPRD-00285,FCUST-305362,3.0,Awesome!,2024-11-17 03:00:00,Flipkart
FREV-505645,FPRD-01354,FCUST-241587,3.0,Poor packaging,2026-06-03 02:00:00,Flipkart
FREV-505646,FPRD-00423,FCUST-360262,1.0,Decent buy,2025-10-31 01:00:00,Flipkart
FREV-505647,FPRD-01719,FCUST-235397,2.0,Decent buy,2024-10-18 13:00:00,Flipkart
FREV-505648,FPRD-00437,FCUST-372958,3.0,Value for money,2025-06-12 19:00:00,Flipkart
FREV-505649,FPRD-02476,FCUST-509545,2.0,Awesome!,2024-12-23 09:00:00,Flipkart
FREV-505650,FPRD-00431,FCUST-584458,3.0,Awesome!,2026-02-02 15:00:00,Flipkart
FREV-505651,FPRD-01134,FCUST-205900,1.0,Decent buy,2024-12-14 13:00:00,Flipkart
FREV-505652,FPRD-01159,FCUST-585646,2.0,Value for money,2025-04-06 19:00:00,Flipkart
FREV-505653,FPRD-01556,FCUST-556473,5.0,Value for money,2025-08-11 14:00:00,Flipkart
FREV-505654,FPRD-00630,FCUST-265003,3.0,Highly recommended,2025-08-12 20:00:00,Flipkart
FREV-505655,FPRD-00848,FCUST-479283,3.0,Decent buy,2025-02-02 19:00:00,Flipkart
FREV-505656,FPRD-01115,FCUST-429484,5.0,Highly recommended,2024-12-02 22:00:00,Flipkart
FREV-505657,FPRD-00270,FCUST-575074,4.0,Highly recommended,2024-11-30 00:00:00,Flipkart
FREV-505658,FPRD-01712,FCUST-386711,3.0,Highly recommended,2025-07-24 04:00:00,Flipkart
FREV-505659,FPRD-02353,FCUST-210779,1.0,Awesome!,2025-02-04 10:00:00,Flipkart
FREV-505660,FPRD-00489,FCUST-301027,2.0,Highly recommended,2025-07-30 20:00:00,Flipkart
FREV-505661,FPRD-01912,FCUST-338136,3.0,Decent buy,2025-03-18 09:00:00,Flipkart
FREV-505662,FPRD-01591,FCUST-487769,4.0,Decent buy,2024-08-25 01:00:00,Flipkart
FREV-505663,FPRD-01181,FCUST-476037,3.0,Value for money,2025-06-19 05:00:00,Flipkart
FREV-505664,FPRD-01931,FCUST-499646,5.0,Highly recommended,2025-11-25 13:00:00,Flipkart
FREV-505665,FPRD-00533,FCUST-341562,2.0,Awesome!,2026-08-11 22:00:00,Flipkart
FREV-505666,FPRD-01889,FCUST-388958,,Awesome!,2025-07-28 06:00:00,Flipkart
FREV-505667,FPRD-02481,FCUST-344602,5.0,Decent buy,2025-03-14 12:00:00,Flipkart
FREV-505668,FPRD-00426,FCUST-353676,3.0,Poor packaging,2026-03-28 04:00:00,Flipkart
FREV-505669,FPRD-01964,FCUST-432870,5.0,Highly recommended,2026-05-23 12:00:00,Flipkart
FREV-505670,FPRD-02117,FCUST-232173,1.0,Awesome!,2026-03-11 12:00:00,Flipkart
FREV-505671,FPRD-00419,FCUST-317470,5.0,Decent buy,2026-02-03 20:00:00,Flipkart
FREV-505672,FPRD-01134,FCUST-275515,,Awesome!,2024-09-22 09:00:00,Flipkart
FREV-505673,FPRD-02444,FCUST-573857,,Value for money,2026-02-11 19:00:00,Flipkart
FREV-505674,FPRD-00916,FCUST-457341,3.0,Poor packaging,2025-03-16 16:00:00,Flipkart
FREV-505675,FPRD-00690,FCUST-405246,4.0,Awesome!,2024-10-11 20:00:00,Flipkart
FREV-505676,FPRD-00445,FCUST-402428,5.0,Value for money,2026-05-22 01:00:00,Flipkart
FREV-505677,FPRD-01068,FCUST-276817,2.0,Poor packaging,2026-04-09 02:00:00,Flipkart
FREV-505678,FPRD-00391,FCUST-368257,2.0,Awesome!,2025-03-27 01:00:00,Flipkart
FREV-505679,FPRD-00542,FCUST-390933,,Poor packaging,2025-05-11 09:00:00,Flipkart
FREV-505680,FPRD-00976,FCUST-507027,1.0,Poor packaging,2026-06-04 03:00:00,Flipkart
FREV-505681,FPRD-02302,FCUST-505133,1.0,Decent buy,2024-12-31 13:00:00,Flipkart
FREV-505682,FPRD-01215,FCUST-270266,3.0,Poor packaging,2025-05-09 14:00:00,Flipkart
FREV-505683,FPRD-00485,FCUST-274843,5.0,Highly recommended,2025-08-24 02:00:00,Flipkart
FREV-505684,FPRD-00072,FCUST-267222,5.0,Value for money,2025-05-27 12:00:00,Flipkart
FREV-505685,FPRD-01260,FCUST-217972,2.0,Highly recommended,2026-04-14 10:00:00,Flipkart
FREV-505686,FPRD-01422,FCUST-320588,5.0,Decent buy,2026-05-31 06:00:00,Flipkart
FREV-505687,FPRD-00996,FCUST-255178,1.0,Awesome!,2025-10-10 15:00:00,Flipkart
FREV-505688,FPRD-02422,FCUST-293600,2.0,Awesome!,2025-07-22 03:00:00,Flipkart
FREV-505689,FPRD-00749,FCUST-238971,5.0,Awesome!,2025-04-23 11:00:00,Flipkart
FREV-505690,FPRD-01470,FCUST-206757,4.0,Value for money,2025-08-08 06:00:00,Flipkart
FREV-505691,FPRD-01212,FCUST-344647,1.0,Highly recommended,2024-09-21 03:00:00,Flipkart
FREV-505692,FPRD-01218,FCUST-573190,5.0,Awesome!,2024-11-12 23:00:00,Flipkart
FREV-505693,FPRD-02447,FCUST-572105,3.0,Decent buy,2026-01-23 18:00:00,Flipkart
FREV-505694,FPRD-01855,FCUST-247933,4.0,Value for money,2025-07-12 00:00:00,Flipkart
FREV-505695,FPRD-01158,FCUST-427653,3.0,Awesome!,2026-03-07 06:00:00,Flipkart
FREV-505696,FPRD-00048,FCUST-281642,1.0,Decent buy,2026-03-12 16:00:00,Flipkart
FREV-505697,FPRD-00383,FCUST-212226,2.0,Highly recommended,2025-06-11 21:00:00,Flipkart
FREV-505698,FPRD-01447,FCUST-380450,2.0,Highly recommended,2025-10-19 03:00:00,Flipkart
FREV-505699,FPRD-02484,FCUST-562465,5.0,Value for money,2026-02-22 01:00:00,Flipkart
FREV-505700,FPRD-00775,FCUST-404328,3.0,Awesome!,2026-01-12 04:00:00,Flipkart
FREV-505701,FPRD-01189,FCUST-368692,3.0,Awesome!,2024-11-27 08:00:00,Flipkart
FREV-505702,FPRD-00701,FCUST-327967,1.0,Awesome!,2024-12-27 01:00:00,Flipkart
FREV-505703,FPRD-02039,FCUST-519747,2.0,Poor packaging,2025-09-29 12:00:00,Flipkart
FREV-505704,FPRD-00299,FCUST-521512,3.0,Decent buy,2025-08-27 03:00:00,Flipkart
FREV-505705,FPRD-02480,FCUST-288728,3.0,Value for money,2026-03-18 09:00:00,Flipkart
FREV-505706,FPRD-01234,FCUST-268898,4.0,Value for money,2026-04-03 03:00:00,Flipkart
FREV-505707,FPRD-01048,FCUST-537849,4.0,Poor packaging,2025-04-17 22:00:00,Flipkart
FREV-505708,FPRD-00863,FCUST-230647,5.0,Awesome!,2025-05-14 22:00:00,Flipkart
FREV-505709,FPRD-01459,FCUST-589048,,Decent buy,2025-09-22 03:00:00,Flipkart
FREV-505710,FPRD-00502,FCUST-209280,3.0,Decent buy,2025-11-28 12:00:00,Flipkart
FREV-505711,FPRD-00617,FCUST-458901,4.0,Highly recommended,2026-02-27 23:00:00,Flipkart
FREV-505712,FPRD-02421,FCUST-202767,5.0,Poor packaging,2024-10-28 23:00:00,Flipkart
FREV-505713,FPRD-00704,FCUST-384098,1.0,Highly recommended,2025-11-29 00:00:00,Flipkart
FREV-505714,FPRD-00205,FCUST-311615,1.0,Awesome!,2025-05-07 19:00:00,Flipkart
FREV-505715,FPRD-02041,FCUST-242049,1.0,Value for money,2024-12-20 08:00:00,Flipkart
FREV-505716,FPRD-00244,FCUST-316896,3.0,Highly recommended,2025-01-12 22:00:00,Flipkart
FREV-505717,FPRD-01165,FCUST-587050,,Poor packaging,2025-02-08 07:00:00,Flipkart
FREV-505718,FPRD-00155,FCUST-506578,3.0,Decent buy,2026-05-28 02:00:00,Flipkart
FREV-505719,FPRD-00603,FCUST-250546,,Value for money,2026-04-11 18:00:00,Flipkart
FREV-505720,FPRD-00577,FCUST-550035,3.0,Value for money,2025-05-30 11:00:00,Flipkart
FREV-505721,FPRD-02087,FCUST-345572,,Poor packaging,2025-03-11 17:00:00,Flipkart
FREV-505722,FPRD-00068,FCUST-576750,2.0,Awesome!,2024-10-01 15:00:00,Flipkart
FREV-505723,FPRD-00703,FCUST-258993,2.0,Value for money,2024-08-23 06:00:00,Flipkart
FREV-505724,FPRD-01162,FCUST-533756,3.0,Value for money,2026-07-03 19:00:00,Flipkart
FREV-505725,FPRD-00666,FCUST-457606,3.0,Awesome!,2026-02-03 02:00:00,Flipkart
FREV-505726,FPRD-02121,FCUST-352494,1.0,Awesome!,2025-08-03 12:00:00,Flipkart
FREV-505727,FPRD-02421,FCUST-541086,4.0,Poor packaging,2025-10-08 22:00:00,Flipkart
FREV-505728,FPRD-00186,FCUST-456428,2.0,Awesome!,2024-08-26 18:00:00,Flipkart
FREV-505729,FPRD-00544,FCUST-319802,5.0,Highly recommended,2025-07-01 08:00:00,Flipkart
FREV-505730,FPRD-02011,FCUST-492666,2.0,Value for money,2025-05-22 09:00:00,Flipkart
FREV-505731,FPRD-02140,FCUST-527442,3.0,Highly recommended,2025-03-20 03:00:00,Flipkart
FREV-505732,FPRD-01784,FCUST-472988,4.0,Highly recommended,2024-09-02 17:00:00,Flipkart
FREV-505733,FPRD-00209,FCUST-367831,2.0,Value for money,2026-03-13 00:00:00,Flipkart
FREV-505734,FPRD-01540,FCUST-536142,1.0,Poor packaging,2025-12-08 18:00:00,Flipkart
FREV-505735,FPRD-01807,FCUST-495248,2.0,Value for money,2026-04-14 19:00:00,Flipkart
FREV-505736,FPRD-02059,FCUST-576764,4.0,Poor packaging,2025-10-30 01:00:00,Flipkart
FREV-505737,FPRD-01488,FCUST-312920,1.0,Awesome!,2026-07-24 13:00:00,Flipkart
FREV-505738,FPRD-01711,FCUST-560264,4.0,Awesome!,2025-11-09 05:00:00,Flipkart
FREV-505739,FPRD-00276,FCUST-323968,2.0,Value for money,2025-07-25 05:00:00,Flipkart
FREV-505740,FPRD-00788,FCUST-580273,3.0,Poor packaging,2024-10-16 03:00:00,Flipkart
FREV-505741,FPRD-01994,FCUST-301750,1.0,Highly recommended,2025-01-26 14:00:00,Flipkart
FREV-505742,FPRD-01375,FCUST-234299,1.0,Poor packaging,2025-11-05 08:00:00,Flipkart
FREV-505743,FPRD-00274,FCUST-477887,1.0,Highly recommended,2025-08-07 08:00:00,Flipkart
FREV-505744,FPRD-01911,FCUST-375299,1.0,Highly recommended,2025-10-13 07:00:00,Flipkart
FREV-505745,FPRD-00994,FCUST-386562,3.0,Awesome!,2025-09-03 15:00:00,Flipkart
FREV-505746,FPRD-00936,FCUST-556473,2.0,Highly recommended,2025-10-24 19:00:00,Flipkart
FREV-505747,FPRD-01388,FCUST-404924,4.0,Poor packaging,2025-12-13 10:00:00,Flipkart
FREV-505748,FPRD-00599,FCUST-435473,3.0,Poor packaging,2026-02-26 01:00:00,Flipkart
FREV-505749,FPRD-01129,FCUST-474874,3.0,Highly recommended,2024-12-08 13:00:00,Flipkart
FREV-505750,FPRD-01673,FCUST-286273,5.0,Awesome!,2025-05-31 09:00:00,Flipkart
FREV-505751,FPRD-01625,FCUST-308825,1.0,Decent buy,2026-05-13 19:00:00,Flipkart
FREV-505752,FPRD-01146,FCUST-533420,4.0,Highly recommended,2024-12-07 13:00:00,Flipkart
FREV-505753,FPRD-00260,FCUST-586020,4.0,Value for money,2026-04-14 08:00:00,Flipkart
FREV-505754,FPRD-02457,FCUST-338922,1.0,Awesome!,2025-04-02 05:00:00,Flipkart
FREV-505755,FPRD-00400,FCUST-540545,5.0,Poor packaging,2025-01-30 01:00:00,Flipkart
FREV-505756,FPRD-00263,FCUST-270180,3.0,Awesome!,2024-12-08 09:00:00,Flipkart
FREV-505757,FPRD-01392,FCUST-578760,,Poor packaging,2026-01-26 10:00:00,Flipkart
FREV-505758,FPRD-01027,FCUST-336717,5.0,Value for money,2024-09-24 01:00:00,Flipkart
FREV-505759,FPRD-01045,FCUST-253139,1.0,Highly recommended,2024-12-12 18:00:00,Flipkart
FREV-505760,FPRD-01916,FCUST-386248,5.0,Poor packaging,2024-12-17 18:00:00,Flipkart
FREV-505761,FPRD-00422,FCUST-290988,1.0,Highly recommended,2025-01-17 16:00:00,Flipkart
FREV-505762,FPRD-02031,FCUST-405322,4.0,Decent buy,2025-12-13 08:00:00,Flipkart
FREV-505763,FPRD-02092,FCUST-470433,1.0,Poor packaging,2024-11-29 16:00:00,Flipkart
FREV-505764,FPRD-00213,FCUST-343772,1.0,Poor packaging,2025-05-31 07:00:00,Flipkart
FREV-505765,FPRD-00508,FCUST-550942,2.0,Poor packaging,2025-04-26 11:00:00,Flipkart
FREV-505766,FPRD-01842,FCUST-360603,2.0,Poor packaging,2024-12-26 02:00:00,Flipkart
FREV-505767,FPRD-02162,FCUST-539593,5.0,Highly recommended,2025-03-13 03:00:00,Flipkart
FREV-505768,FPRD-01159,FCUST-465462,1.0,Decent buy,2026-04-06 04:00:00,Flipkart
FREV-505769,FPRD-00152,FCUST-373943,3.0,Decent buy,2026-06-18 12:00:00,Flipkart
FREV-505770,FPRD-00524,FCUST-201205,3.0,Poor packaging,2025-07-24 01:00:00,Flipkart
FREV-505771,FPRD-00441,FCUST-353685,3.0,Highly recommended,2025-03-26 14:00:00,Flipkart
FREV-505772,FPRD-02193,FCUST-597778,3.0,Poor packaging,2025-11-30 21:00:00,Flipkart
FREV-505773,FPRD-02363,FCUST-209787,3.0,Value for money,2025-03-28 14:00:00,Flipkart
FREV-505774,FPRD-00055,FCUST-390244,5.0,Value for money,2026-03-02 09:00:00,Flipkart
FREV-505775,FPRD-00855,FCUST-225603,5.0,Highly recommended,2026-06-02 11:00:00,Flipkart
FREV-505776,FPRD-00225,FCUST-414965,1.0,Awesome!,2025-06-30 02:00:00,Flipkart
FREV-505777,FPRD-02176,FCUST-234122,3.0,Value for money,2026-07-27 03:00:00,Flipkart
FREV-505778,FPRD-02440,FCUST-355681,1.0,Poor packaging,2025-10-11 11:00:00,Flipkart
FREV-505779,FPRD-01599,FCUST-567578,2.0,Value for money,2026-04-27 13:00:00,Flipkart
FREV-505780,FPRD-00066,FCUST-506821,,Value for money,2026-07-30 19:00:00,Flipkart
FREV-505781,FPRD-02109,FCUST-524371,3.0,Decent buy,2024-08-26 15:00:00,Flipkart
FREV-505782,FPRD-00613,FCUST-509482,1.0,Decent buy,2025-08-05 01:00:00,Flipkart
FREV-505783,FPRD-00001,FCUST-324064,1.0,Decent buy,2025-03-17 04:00:00,Flipkart
FREV-505784,FPRD-01665,FCUST-514627,4.0,Poor packaging,2026-03-30 23:00:00,Flipkart
FREV-505785,FPRD-01855,FCUST-280220,2.0,Value for money,2025-04-28 00:00:00,Flipkart
FREV-505786,FPRD-00372,FCUST-501293,3.0,Awesome!,2024-10-21 21:00:00,Flipkart
FREV-505787,FPRD-02367,FCUST-428447,4.0,Awesome!,2026-05-25 04:00:00,Flipkart
FREV-505788,FPRD-01118,FCUST-251320,3.0,Decent buy,2024-11-15 17:00:00,Flipkart
FREV-505789,FPRD-02254,FCUST-420548,3.0,Poor packaging,2025-12-23 13:00:00,Flipkart
FREV-505790,FPRD-00527,FCUST-588357,4.0,Highly recommended,2025-04-14 14:00:00,Flipkart
FREV-505791,FPRD-00901,FCUST-338277,4.0,Poor packaging,2025-08-18 03:00:00,Flipkart
FREV-505792,FPRD-00710,FCUST-432194,3.0,Poor packaging,2024-08-20 23:00:00,Flipkart
FREV-505793,FPRD-00240,FCUST-427469,1.0,Value for money,2025-09-17 21:00:00,Flipkart
FREV-505794,FPRD-02143,FCUST-567530,3.0,Awesome!,2025-11-30 05:00:00,Flipkart
FREV-505795,FPRD-01449,FCUST-241657,2.0,Awesome!,2026-05-16 21:00:00,Flipkart
FREV-505796,FPRD-02234,FCUST-233191,1.0,Highly recommended,2025-02-27 22:00:00,Flipkart
FREV-505797,FPRD-00129,FCUST-350128,1.0,Decent buy,2025-04-10 04:00:00,Flipkart
FREV-505798,FPRD-01805,FCUST-394392,3.0,Poor packaging,2026-06-30 08:00:00,Flipkart
FREV-505799,FPRD-00900,FCUST-527130,5.0,Poor packaging,2024-08-31 18:00:00,Flipkart
FREV-505800,FPRD-02370,FCUST-476801,1.0,Decent buy,2024-10-15 20:00:00,Flipkart
FREV-505801,FPRD-02087,FCUST-225703,1.0,Poor packaging,2026-07-20 13:00:00,Flipkart
FREV-505802,FPRD-01383,FCUST-346850,1.0,Value for money,2026-02-27 21:00:00,Flipkart
FREV-505803,FPRD-00996,FCUST-473231,2.0,Poor packaging,2026-03-24 12:00:00,Flipkart
FREV-505804,FPRD-01112,FCUST-225006,,Highly recommended,2024-11-08 10:00:00,Flipkart
FREV-505805,FPRD-00758,FCUST-297328,5.0,Value for money,2026-07-05 05:00:00,Flipkart
FREV-505806,FPRD-01093,FCUST-350681,1.0,Poor packaging,2025-09-08 11:00:00,Flipkart
FREV-505807,FPRD-01956,FCUST-399570,3.0,Highly recommended,2026-06-12 02:00:00,Flipkart
FREV-505808,FPRD-01601,FCUST-479205,4.0,Awesome!,2026-07-09 08:00:00,Flipkart
FREV-505809,FPRD-02469,FCUST-279331,5.0,Awesome!,2025-05-29 03:00:00,Flipkart
FREV-505810,FPRD-00003,FCUST-245539,,Value for money,2025-11-21 05:00:00,Flipkart
FREV-505811,FPRD-02243,FCUST-319794,4.0,Poor packaging,2025-05-07 22:00:00,Flipkart
FREV-505812,FPRD-00269,FCUST-567387,1.0,Highly recommended,2026-07-11 16:00:00,Flipkart
FREV-505813,FPRD-00108,FCUST-434590,3.0,Value for money,2024-11-30 06:00:00,Flipkart
FREV-505814,FPRD-01091,FCUST-359700,3.0,Decent buy,2026-06-11 07:00:00,Flipkart
FREV-505815,FPRD-00625,FCUST-574059,1.0,Highly recommended,2026-04-22 17:00:00,Flipkart
FREV-505816,FPRD-01280,FCUST-271718,,Value for money,2026-03-14 08:00:00,Flipkart
FREV-505817,FPRD-01104,FCUST-214140,2.0,Decent buy,2026-07-11 05:00:00,Flipkart
FREV-505818,FPRD-01427,FCUST-276264,1.0,Value for money,2025-08-16 03:00:00,Flipkart
FREV-505819,FPRD-01562,FCUST-490942,1.0,Poor packaging,2024-09-08 04:00:00,Flipkart
FREV-505820,FPRD-02486,FCUST-580559,5.0,Decent buy,2026-05-06 21:00:00,Flipkart
FREV-505821,FPRD-00461,FCUST-341014,3.0,Value for money,2024-10-08 12:00:00,Flipkart
FREV-505822,FPRD-01572,FCUST-536987,2.0,Highly recommended,2025-06-07 23:00:00,Flipkart
FREV-505823,FPRD-02493,FCUST-462231,3.0,Decent buy,2026-03-07 13:00:00,Flipkart
FREV-505824,FPRD-02376,FCUST-320864,4.0,Awesome!,2024-08-27 00:00:00,Flipkart
FREV-505825,FPRD-00836,FCUST-594457,1.0,Highly recommended,2025-03-28 19:00:00,Flipkart
FREV-505826,FPRD-00589,FCUST-295216,3.0,Awesome!,2026-05-09 01:00:00,Flipkart
FREV-505827,FPRD-00819,FCUST-487689,2.0,Poor packaging,2024-11-30 02:00:00,Flipkart
FREV-505828,FPRD-00141,FCUST-542370,2.0,Value for money,2024-10-12 13:00:00,Flipkart
FREV-505829,FPRD-01901,FCUST-361157,2.0,Awesome!,2025-03-25 09:00:00,Flipkart
FREV-505830,FPRD-01550,FCUST-481852,5.0,Value for money,2025-03-20 09:00:00,Flipkart
FREV-505831,FPRD-01771,FCUST-311855,5.0,Decent buy,2024-09-05 17:00:00,Flipkart
FREV-505832,FPRD-01148,FCUST-490675,5.0,Highly recommended,2025-10-31 03:00:00,Flipkart
FREV-505833,FPRD-00752,FCUST-393628,3.0,Awesome!,2026-07-14 09:00:00,Flipkart
FREV-505834,FPRD-01218,FCUST-501546,1.0,Highly recommended,2026-06-19 02:00:00,Flipkart
FREV-505835,FPRD-01053,FCUST-593180,2.0,Value for money,2024-09-24 19:00:00,Flipkart
FREV-505836,FPRD-00382,FCUST-401059,5.0,Highly recommended,2025-11-01 07:00:00,Flipkart
FREV-505837,FPRD-00998,FCUST-265136,1.0,Value for money,2024-12-07 18:00:00,Flipkart
FREV-505838,FPRD-02444,FCUST-469086,,Decent buy,2025-06-02 21:00:00,Flipkart
FREV-505839,FPRD-01552,FCUST-273532,4.0,Value for money,2025-11-07 01:00:00,Flipkart
FREV-505840,FPRD-00349,FCUST-274332,2.0,Decent buy,2025-04-16 02:00:00,Flipkart
FREV-505841,FPRD-01961,FCUST-447610,3.0,Awesome!,2025-01-27 23:00:00,Flipkart
FREV-505842,FPRD-02188,FCUST-317242,2.0,Poor packaging,2025-07-20 15:00:00,Flipkart
FREV-505843,FPRD-00690,FCUST-494217,4.0,Highly recommended,2024-12-24 14:00:00,Flipkart
FREV-505844,FPRD-01466,FCUST-375529,2.0,Awesome!,2025-11-17 21:00:00,Flipkart
FREV-505845,FPRD-02157,FCUST-555142,1.0,Highly recommended,2026-06-13 03:00:00,Flipkart
FREV-505846,FPRD-02186,FCUST-275515,4.0,Poor packaging,2024-09-22 09:00:00,Flipkart
FREV-505847,FPRD-02033,FCUST-557089,1.0,Value for money,2025-09-06 01:00:00,Flipkart
FREV-505848,FPRD-01419,FCUST-433014,1.0,Poor packaging,2024-12-21 10:00:00,Flipkart
FREV-505849,FPRD-01786,FCUST-449034,3.0,Value for money,2026-04-04 02:00:00,Flipkart
FREV-505850,FPRD-02153,FCUST-410793,2.0,Highly recommended,2026-05-23 12:00:00,Flipkart
FREV-505851,FPRD-00174,FCUST-361347,3.0,Decent buy,2025-05-08 11:00:00,Flipkart
FREV-505852,FPRD-02385,FCUST-202134,1.0,Value for money,2025-09-07 13:00:00,Flipkart
FREV-505853,FPRD-00738,FCUST-530262,3.0,Poor packaging,2024-09-19 21:00:00,Flipkart
FREV-505854,FPRD-02246,FCUST-344682,3.0,Poor packaging,2026-06-08 12:00:00,Flipkart
FREV-505855,FPRD-01118,FCUST-390205,2.0,Awesome!,2026-06-27 10:00:00,Flipkart
FREV-505856,FPRD-00262,FCUST-430808,2.0,Decent buy,2025-02-01 07:00:00,Flipkart
FREV-505857,FPRD-00672,FCUST-282078,2.0,Value for money,2025-06-06 07:00:00,Flipkart
FREV-505858,FPRD-01649,FCUST-452036,4.0,Poor packaging,2025-08-14 07:00:00,Flipkart
FREV-505859,FPRD-02475,FCUST-405247,1.0,Poor packaging,2024-08-27 17:00:00,Flipkart
FREV-505860,FPRD-02137,FCUST-451261,3.0,Decent buy,2026-07-13 10:00:00,Flipkart
FREV-505861,FPRD-01963,FCUST-398234,2.0,Awesome!,2025-04-30 16:00:00,Flipkart
FREV-505862,FPRD-01501,FCUST-524782,5.0,Decent buy,2025-03-14 11:00:00,Flipkart
FREV-505863,FPRD-01180,FCUST-351989,,Decent buy,2025-03-29 21:00:00,Flipkart
FREV-505864,FPRD-00656,FCUST-399294,5.0,Decent buy,2025-01-15 11:00:00,Flipkart
FREV-505865,FPRD-01097,FCUST-475807,1.0,Value for money,2026-06-12 00:00:00,Flipkart
FREV-505866,FPRD-00548,FCUST-540913,3.0,Value for money,2024-09-21 17:00:00,Flipkart
FREV-505867,FPRD-00117,FCUST-352079,3.0,Poor packaging,2025-08-05 01:00:00,Flipkart
FREV-505868,FPRD-00236,FCUST-598851,3.0,Poor packaging,2026-02-04 16:00:00,Flipkart
FREV-505869,FPRD-01940,FCUST-504533,,Decent buy,2025-01-08 01:00:00,Flipkart
FREV-505870,FPRD-02436,FCUST-566659,1.0,Awesome!,2026-04-12 03:00:00,Flipkart
FREV-505871,FPRD-00489,FCUST-503503,2.0,Value for money,2025-05-27 23:00:00,Flipkart
FREV-505872,FPRD-00654,FCUST-294009,5.0,Awesome!,2026-06-28 12:00:00,Flipkart
FREV-505873,FPRD-02369,FCUST-392410,5.0,Decent buy,2024-08-19 14:00:00,Flipkart
FREV-505874,FPRD-00536,FCUST-597337,3.0,Highly recommended,2024-12-30 12:00:00,Flipkart
FREV-505875,FPRD-01045,FCUST-213856,,Value for money,2026-03-31 11:00:00,Flipkart
FREV-505876,FPRD-01172,FCUST-532403,,Decent buy,2026-06-10 21:00:00,Flipkart
FREV-505877,FPRD-01798,FCUST-462054,5.0,Decent buy,2026-03-03 03:00:00,Flipkart
FREV-505878,FPRD-00466,FCUST-437859,4.0,Highly recommended,2026-06-22 15:00:00,Flipkart
FREV-505879,FPRD-00347,FCUST-291785,3.0,Highly recommended,2024-11-16 18:00:00,Flipkart
FREV-505880,FPRD-00609,FCUST-256850,5.0,Poor packaging,2026-05-08 01:00:00,Flipkart
FREV-505881,FPRD-01417,FCUST-499145,4.0,Value for money,2024-12-31 20:00:00,Flipkart
FREV-505882,FPRD-01947,FCUST-254692,3.0,Awesome!,2026-01-14 12:00:00,Flipkart
FREV-505883,FPRD-00571,FCUST-347344,2.0,Awesome!,2025-05-30 08:00:00,Flipkart
FREV-505884,FPRD-00040,FCUST-387617,5.0,Value for money,2025-06-08 16:00:00,Flipkart
FREV-505885,FPRD-01930,FCUST-357547,1.0,Decent buy,2025-05-12 16:00:00,Flipkart
FREV-505886,FPRD-00029,FCUST-294869,4.0,Highly recommended,2026-02-17 16:00:00,Flipkart
FREV-505887,FPRD-00853,FCUST-437026,3.0,Awesome!,2026-06-04 02:00:00,Flipkart
FREV-505888,FPRD-01262,FCUST-484917,4.0,Poor packaging,2024-09-06 01:00:00,Flipkart
FREV-505889,FPRD-01249,FCUST-531836,2.0,Awesome!,2026-03-26 18:00:00,Flipkart
FREV-505890,FPRD-00927,FCUST-595256,5.0,Highly recommended,2026-05-15 15:00:00,Flipkart
FREV-505891,FPRD-00898,FCUST-463706,3.0,Highly recommended,2025-11-18 18:00:00,Flipkart
FREV-505892,FPRD-00660,FCUST-231868,5.0,Value for money,2025-12-24 19:00:00,Flipkart
FREV-505893,FPRD-00545,FCUST-250830,4.0,Highly recommended,2026-06-26 12:00:00,Flipkart
FREV-505894,FPRD-02131,FCUST-228956,5.0,Value for money,2024-10-28 06:00:00,Flipkart
FREV-505895,FPRD-00557,FCUST-282893,,Decent buy,2025-03-01 18:00:00,Flipkart
FREV-505896,FPRD-01396,FCUST-212258,5.0,Highly recommended,2025-06-05 03:00:00,Flipkart
FREV-505897,FPRD-00390,FCUST-220365,4.0,Value for money,2024-11-27 02:00:00,Flipkart
FREV-505898,FPRD-01223,FCUST-329945,4.0,Highly recommended,2025-10-21 09:00:00,Flipkart
FREV-505899,FPRD-01601,FCUST-567962,1.0,Decent buy,2024-10-10 22:00:00,Flipkart
FREV-505900,FPRD-00517,FCUST-408339,,Decent buy,2024-08-19 03:00:00,Flipkart
FREV-505901,FPRD-00561,FCUST-258561,3.0,Poor packaging,2024-11-05 18:00:00,Flipkart
FREV-505902,FPRD-01115,FCUST-560497,5.0,Value for money,2025-06-27 03:00:00,Flipkart
FREV-505903,FPRD-00363,FCUST-286897,5.0,Decent buy,2025-01-24 10:00:00,Flipkart
FREV-505904,FPRD-01133,FCUST-471971,3.0,Awesome!,2025-07-02 10:00:00,Flipkart
FREV-505905,FPRD-01173,FCUST-323802,2.0,Value for money,2026-05-27 01:00:00,Flipkart
FREV-505906,FPRD-00685,FCUST-578200,3.0,Decent buy,2026-05-06 03:00:00,Flipkart
FREV-505907,FPRD-01408,FCUST-302244,,Value for money,2025-04-13 08:00:00,Flipkart
FREV-505908,FPRD-00436,FCUST-378127,3.0,Decent buy,2024-11-28 09:00:00,Flipkart
FREV-505909,FPRD-00811,FCUST-332232,2.0,Highly recommended,2025-07-01 22:00:00,Flipkart
FREV-505910,FPRD-01528,FCUST-341925,2.0,Awesome!,2026-02-09 16:00:00,Flipkart
FREV-505911,FPRD-00115,FCUST-241665,2.0,Awesome!,2026-05-12 22:00:00,Flipkart
FREV-505912,FPRD-01035,FCUST-563888,,Value for money,2026-08-08 16:00:00,Flipkart
FREV-505913,FPRD-01532,FCUST-476252,2.0,Poor packaging,2025-11-14 23:00:00,Flipkart
FREV-505914,FPRD-02375,FCUST-430311,5.0,Decent buy,2025-05-06 09:00:00,Flipkart
FREV-505915,FPRD-01954,FCUST-487748,4.0,Value for money,2025-10-10 06:00:00,Flipkart
FREV-505916,FPRD-00941,FCUST-482394,5.0,Poor packaging,2025-05-04 07:00:00,Flipkart
FREV-505917,FPRD-01435,FCUST-258993,1.0,Poor packaging,2026-02-20 01:00:00,Flipkart
FREV-505918,FPRD-02247,FCUST-460890,1.0,Awesome!,2025-04-19 02:00:00,Flipkart
FREV-505919,FPRD-00473,FCUST-228192,5.0,Value for money,2024-11-29 22:00:00,Flipkart
FREV-505920,FPRD-00292,FCUST-200821,2.0,Highly recommended,2026-05-07 08:00:00,Flipkart
FREV-505921,FPRD-00263,FCUST-230922,4.0,Awesome!,2025-07-21 19:00:00,Flipkart
FREV-505922,FPRD-01361,FCUST-359700,3.0,Highly recommended,2026-06-27 18:00:00,Flipkart
FREV-505923,FPRD-02203,FCUST-517094,1.0,Awesome!,2026-07-03 12:00:00,Flipkart
FREV-505924,FPRD-00344,FCUST-412756,5.0,Awesome!,2025-10-25 01:00:00,Flipkart
FREV-505925,FPRD-01792,FCUST-474171,,Decent buy,2026-01-22 11:00:00,Flipkart
FREV-505926,FPRD-00724,FCUST-397478,4.0,Poor packaging,2024-11-25 08:00:00,Flipkart
FREV-505927,FPRD-00025,FCUST-513144,4.0,Decent buy,2024-09-19 22:00:00,Flipkart
FREV-505928,FPRD-02441,FCUST-420496,2.0,Value for money,2024-12-30 23:00:00,Flipkart
FREV-505929,FPRD-02147,FCUST-557852,2.0,Highly recommended,2026-04-03 14:00:00,Flipkart
FREV-505930,FPRD-01246,FCUST-474949,5.0,Value for money,2026-06-20 08:00:00,Flipkart
FREV-505931,FPRD-00388,FCUST-498381,5.0,Value for money,2026-03-17 16:00:00,Flipkart
FREV-505932,FPRD-01316,FCUST-350285,3.0,Highly recommended,2025-03-03 10:00:00,Flipkart
FREV-505933,FPRD-00994,FCUST-468529,2.0,Decent buy,2025-09-17 09:00:00,Flipkart
FREV-505934,FPRD-01994,FCUST-576002,2.0,Highly recommended,2025-04-14 06:00:00,Flipkart
FREV-505935,FPRD-01169,FCUST-343817,5.0,Decent buy,2025-07-12 09:00:00,Flipkart
FREV-505936,FPRD-00423,FCUST-510906,1.0,Highly recommended,2026-08-09 11:00:00,Flipkart
FREV-505937,FPRD-01484,FCUST-504380,,Poor packaging,2025-01-20 10:00:00,Flipkart
FREV-505938,FPRD-02169,FCUST-566266,2.0,Poor packaging,2025-06-29 15:00:00,Flipkart
FREV-505939,FPRD-00179,FCUST-331876,1.0,Highly recommended,2025-11-22 07:00:00,Flipkart
FREV-505940,FPRD-01460,FCUST-599782,1.0,Decent buy,2026-05-24 22:00:00,Flipkart
FREV-505941,FPRD-00044,FCUST-244642,1.0,Decent buy,2026-03-01 16:00:00,Flipkart
FREV-505942,FPRD-00874,FCUST-491503,2.0,Poor packaging,2025-04-18 18:00:00,Flipkart
FREV-505943,FPRD-01342,FCUST-241382,3.0,Highly recommended,2024-12-12 12:00:00,Flipkart
FREV-505944,FPRD-01109,FCUST-315000,1.0,Highly recommended,2024-10-01 18:00:00,Flipkart
FREV-505945,FPRD-00498,FCUST-472633,3.0,Poor packaging,2025-04-06 09:00:00,Flipkart
FREV-505946,FPRD-00662,FCUST-485128,5.0,Highly recommended,2026-01-01 06:00:00,Flipkart
FREV-505947,FPRD-00399,FCUST-404890,1.0,Poor packaging,2026-06-15 03:00:00,Flipkart
FREV-505948,FPRD-01015,FCUST-411210,2.0,Value for money,2025-10-31 21:00:00,Flipkart
FREV-505949,FPRD-00554,FCUST-273406,4.0,Decent buy,2026-03-22 16:00:00,Flipkart
FREV-505950,FPRD-02266,FCUST-524782,1.0,Value for money,2025-04-10 17:00:00,Flipkart
FREV-505951,FPRD-02028,FCUST-284418,2.0,Awesome!,2026-02-08 18:00:00,Flipkart
FREV-505952,FPRD-00995,FCUST-561938,1.0,Poor packaging,2024-11-20 08:00:00,Flipkart
FREV-505953,FPRD-00989,FCUST-368070,3.0,Highly recommended,2025-10-16 21:00:00,Flipkart
FREV-505954,FPRD-00852,FCUST-372879,2.0,Awesome!,2024-10-22 11:00:00,Flipkart
FREV-505955,FPRD-00471,FCUST-463877,4.0,Highly recommended,2025-03-03 11:00:00,Flipkart
FREV-505956,FPRD-00161,FCUST-258323,2.0,Decent buy,2025-05-23 12:00:00,Flipkart
FREV-505957,FPRD-01856,FCUST-239056,3.0,Awesome!,2025-03-10 19:00:00,Flipkart
FREV-505958,FPRD-00531,FCUST-210779,,Value for money,2025-02-04 10:00:00,Flipkart
FREV-505959,FPRD-01208,FCUST-533011,3.0,Value for money,2025-09-09 11:00:00,Flipkart
FREV-505960,FPRD-02268,FCUST-346257,2.0,Awesome!,2024-12-17 11:00:00,Flipkart
FREV-505961,FPRD-01356,FCUST-385107,3.0,Poor packaging,2026-05-13 10:00:00,Flipkart
FREV-505962,FPRD-01912,FCUST-532627,2.0,Poor packaging,2024-10-30 06:00:00,Flipkart
FREV-505963,FPRD-02215,FCUST-542714,3.0,Value for money,2024-10-29 14:00:00,Flipkart
FREV-505964,FPRD-00706,FCUST-469526,4.0,Poor packaging,2024-10-16 13:00:00,Flipkart
FREV-505965,FPRD-01336,FCUST-538259,1.0,Highly recommended,2024-10-15 08:00:00,Flipkart
FREV-505966,FPRD-01363,FCUST-240516,2.0,Poor packaging,2026-08-06 01:00:00,Flipkart
FREV-505967,FPRD-01917,FCUST-237122,1.0,Value for money,2024-10-31 23:00:00,Flipkart
FREV-505968,FPRD-01310,FCUST-246977,2.0,Decent buy,2026-07-28 14:00:00,Flipkart
FREV-505969,FPRD-01268,FCUST-504231,1.0,Value for money,2025-11-21 00:00:00,Flipkart
FREV-505970,FPRD-00488,FCUST-257027,5.0,Decent buy,2025-01-23 05:00:00,Flipkart
FREV-505971,FPRD-00777,FCUST-362416,3.0,Poor packaging,2024-11-14 20:00:00,Flipkart
FREV-505972,FPRD-02310,FCUST-453266,2.0,Awesome!,2026-07-16 23:00:00,Flipkart
FREV-505973,FPRD-00260,FCUST-527789,1.0,Value for money,2025-12-26 23:00:00,Flipkart
FREV-505974,FPRD-00377,FCUST-534532,,Poor packaging,2024-11-10 20:00:00,Flipkart
FREV-505975,FPRD-01385,FCUST-242092,2.0,Decent buy,2025-06-29 11:00:00,Flipkart
FREV-505976,FPRD-00800,FCUST-411431,5.0,Value for money,2024-10-12 11:00:00,Flipkart
FREV-505977,FPRD-00325,FCUST-599045,2.0,Decent buy,2025-06-20 08:00:00,Flipkart
FREV-505978,FPRD-00739,FCUST-398709,1.0,Highly recommended,2025-03-05 11:00:00,Flipkart
FREV-505979,FPRD-01671,FCUST-463518,1.0,Decent buy,2026-04-29 08:00:00,Flipkart
FREV-505980,FPRD-01277,FCUST-466935,,Poor packaging,2024-08-16 19:00:00,Flipkart
FREV-505981,FPRD-02487,FCUST-433014,2.0,Highly recommended,2024-12-21 10:00:00,Flipkart
FREV-505982,FPRD-01865,FCUST-488800,1.0,Highly recommended,2024-10-30 07:00:00,Flipkart
FREV-505983,FPRD-02034,FCUST-558875,4.0,Highly recommended,2025-06-13 04:00:00,Flipkart
FREV-505984,FPRD-01296,FCUST-498381,4.0,Highly recommended,2024-12-03 06:00:00,Flipkart
FREV-505985,FPRD-01224,FCUST-537620,3.0,Highly recommended,2025-12-18 06:00:00,Flipkart
